Command line invocation:
    /Applications/Xcode.app/Contents/Developer/usr/bin/xcodebuild test-without-building -xctestrun /Users/devin/runner-temp/meeterm-derived-data/Build/Products/meeterm-ac9-drive.xctestrun -destination "platform=iOS Simulator,id=7EE2EBC1-0640-4950-AAFF-B4CDF455F377" CODE_SIGNING_ALLOWED=NO CODE_SIGNING_REQUIRED=NO "-only-testing:meetermTests/MeetermSmokeUITests/testAc9SwitcherDiagnostics" -resultBundlePath /Users/devin/runner-temp/meeterm-ios-ac9-drive.xcresult

Build settings from command line:
    CODE_SIGNING_ALLOWED = NO
    CODE_SIGNING_REQUIRED = NO

2026-09-23 21:21:30.995 xcodebuild[59057:428181] [MT] IDERunDestination: Supported platforms for the buildables in the current scheme is empty.
Writing result bundle at path:
	/Users/devin/runner-temp/meeterm-ios-ac9-drive.xcresult

2026-09-23 21:21:30.999 xcodebuild[59057:428181] [MT] IDERunDestination: Supported platforms for the buildables in the current scheme is empty.
2026-09-23 21:21:31.158 xcodebuild[59057:428181] [MT] IDERunDestination: Supported platforms for the buildables in the current scheme is empty.
2026-09-23 21:21:32.436241-0700 meetermTests-Runner[59079:428356] [Default] Running tests...
    t =      nans Interface orientation changed to Portrait
Test Suite 'Selected tests' started at 2026-09-23 21:21:34.476.
Test Suite 'meetermTests.xctest' started at 2026-09-23 21:21:34.476.
Test Suite 'MeetermSmokeUITests' started at 2026-09-23 21:21:34.476.
Test Case '-[meetermTests.MeetermSmokeUITests testAc9SwitcherDiagnostics]' started.
    t =     0.01s Start Test at 2026-09-23 21:21:34.482
    t =     0.02s Set Up
    t =     0.03s     Open dev.meeterm.app
    t =     0.03s         Launch dev.meeterm.app
2026-09-23 21:21:34.531 xcodebuild[59057:428181] [MT] IDELaunchParametersSnapshot: The operation couldn’t be completed. (DebuggerLLDB.DebuggerVersionStore.StoreError error 0.)
2026-09-23 21:21:34.531 xcodebuild[59057:428181] [MT] IDELaunchParametersSnapshot: no debugger version
objc[59079]: Class UIAccessibilityLoaderWebShared is implemented in both /Library/Developer/CoreSimulator/Profiles/Runtimes/iOS 27.0.simruntime/Contents/Resources/RuntimeRoot/System/Library/AccessibilityBundles/WebKit.axbundle/WebKit (0x104be0398) and /Library/Developer/CoreSimulator/Profiles/Runtimes/iOS 27.0.simruntime/Contents/Resources/RuntimeRoot/System/Library/AccessibilityBundles/WebCore.axbundle/WebCore (0x107fa8310). This may cause spurious casting failures and mysterious crashes. One of the duplicates must be removed or renamed.
    t =     0.67s             Setting up automation session
    t =     2.93s             Wait for dev.meeterm.app to idle
    t =     4.25s     Wait for dev.meeterm.app to become Running Foreground
    t =     4.26s Open dev.meeterm.app
    t =     4.26s     Launch dev.meeterm.app
    t =     4.26s         Terminate dev.meeterm.app:59091
2026-09-23 21:21:39.808 xcodebuild[59057:428181] [MT] IDELaunchParametersSnapshot: The operation couldn’t be completed. (DebuggerLLDB.DebuggerVersionStore.StoreError error 0.)
2026-09-23 21:21:39.808 xcodebuild[59057:428181] [MT] IDELaunchParametersSnapshot: no debugger version
    t =     5.54s         Setting up automation session
    t =     7.51s         Wait for dev.meeterm.app to idle
    t =     8.72s Get number of matches for: Elements matching predicate 'identifier == "Connect" OR label == "Connect"'
    t =     8.81s Get number of matches for: Elements matching predicate 'identifier == "Connect" OR label == "Connect"'
    t =     8.82s Checking existence of `Button (Element at index 0)`
    t =     8.83s Find the Button (Element at index 0)
    t =     8.87s Waiting 20.0s for "Connect" Button to exist
    t =     9.95s     Checking `Expect predicate `existsNoRetry == 1` for object "Connect" Button`
    t =     9.95s         Checking existence of `"Connect" Button`
    t =     9.96s Get number of matches for: Elements matching predicate 'identifier == "Connect" OR label == "Connect"'
    t =     9.97s Get number of matches for: Elements matching predicate 'identifier == "Connect" OR label == "Connect"'
    t =     9.98s Checking existence of `Button (Element at index 0)`
    t =     9.99s Find the Button (Element at index 0)
    t =    10.02s Tap "Connect" Button
    t =    10.02s     Wait for dev.meeterm.app to idle
    t =    10.02s     Find the "Connect" Button
    t =    10.03s     Check for interrupting elements affecting "Connect" Button
    t =    10.05s     Synthesize event
    t =    10.35s     Wait for dev.meeterm.app to idle
    t =    10.74s Checking existence of `"Host" TextField`
    t =    10.79s Waiting 15.0s for "Host" TextField to exist
    t =    11.85s     Checking `Expect predicate `existsNoRetry == 1` for object "Host" TextField`
    t =    11.85s         Checking existence of `"Host" TextField`
    t =    11.88s Checking existence of `"Host" TextField`
    t =    11.91s Waiting 10.0s for "Host" TextField to exist
    t =    12.97s     Checking `Expect predicate `existsNoRetry == 1` for object "Host" TextField`
    t =    12.97s         Checking existence of `"Host" TextField`
    t =    13.00s Checking existence of `"Host" TextField`
    t =    13.02s Find the "Host" TextField
    t =    13.06s Tap "ssh-host" TextField[0.95, 0.50]
    t =    13.06s     Wait for dev.meeterm.app to idle
    t =    13.06s     Find the "ssh-host" TextField
    t =    13.09s     Check for interrupting elements affecting "ssh-host" TextField
    t =    13.12s     Synthesize event
    t =    13.12s         Find the "ssh-host" TextField
    t =    13.15s         Find the "ssh-host" TextField
    t =    13.19s         Find the "ssh-host" TextField
    t =    13.51s     Wait for dev.meeterm.app to idle
    t =    13.59s Find the "ssh-host" TextField
    t =    13.64s Find the "ssh-host" TextField
    t =    13.69s Type '127.0.0.1' into "ssh-host" TextField
    t =    13.69s     Wait for dev.meeterm.app to idle
    t =    13.95s     Find the "ssh-host" TextField
    t =    14.01s     Check for interrupting elements affecting "ssh-host" TextField
    t =    14.04s     Synthesize event
    t =    14.40s     Wait for dev.meeterm.app to idle
    t =    15.47s Checking `Expect predicate `BLOCKPREDICATE(0x1079763a0)` for object "ssh-host" TextField`
    t =    15.47s     Find the "ssh-host" TextField
    t =    15.50s     Find the "ssh-host" TextField
    t =    15.54s Checking existence of `"Port" TextField`
    t =    15.58s Waiting 10.0s for "Port" TextField to exist
    t =    16.63s     Checking `Expect predicate `existsNoRetry == 1` for object "Port" TextField`
    t =    16.63s         Checking existence of `"Port" TextField`
    t =    16.67s Checking existence of `"Port" TextField`
    t =    16.71s Find the "Port" TextField
    t =    16.76s Tap "ssh-port" TextField[0.95, 0.50]
    t =    16.76s     Wait for dev.meeterm.app to idle
    t =    16.76s     Find the "ssh-port" TextField
    t =    16.80s     Check for interrupting elements affecting "ssh-port" TextField
    t =    16.83s     Synthesize event
    t =    16.83s         Find the "ssh-port" TextField
    t =    16.88s         Find the "ssh-port" TextField
    t =    16.92s         Find the "ssh-port" TextField
    t =    17.25s     Wait for dev.meeterm.app to idle
    t =    17.67s Find the "ssh-port" TextField
    t =    17.70s Find the "ssh-port" TextField
    t =    17.74s Type '' into "ssh-port" TextField
    t =    17.74s     Wait for dev.meeterm.app to idle
    t =    17.74s     Find the "ssh-port" TextField
    t =    17.77s     Check for interrupting elements affecting "ssh-port" TextField
    t =    17.80s     Synthesize event
    t =    18.05s     Wait for dev.meeterm.app to idle
    t =    18.05s Find the "ssh-port" TextField
    t =    18.08s Type '49845' into "ssh-port" TextField
    t =    18.08s     Wait for dev.meeterm.app to idle
    t =    18.09s     Find the "ssh-port" TextField
    t =    18.12s     Check for interrupting elements affecting "ssh-port" TextField
    t =    18.15s     Synthesize event
    t =    18.45s     Wait for dev.meeterm.app to idle
    t =    19.52s Checking `Expect predicate `BLOCKPREDICATE(0x107977de0)` for object "ssh-port" TextField`
    t =    19.52s     Find the "ssh-port" TextField
    t =    19.55s     Find the "ssh-port" TextField
    t =    19.59s Checking existence of `"Username" TextField`
    t =    19.62s Waiting 10.0s for "Username" TextField to exist
    t =    20.67s     Checking `Expect predicate `existsNoRetry == 1` for object "Username" TextField`
    t =    20.67s         Checking existence of `"Username" TextField`
    t =    20.70s Checking existence of `"Username" TextField`
    t =    20.73s Find the "Username" TextField
    t =    20.78s Tap "ssh-username" TextField[0.95, 0.50]
    t =    20.78s     Wait for dev.meeterm.app to idle
    t =    20.78s     Find the "ssh-username" TextField
    t =    20.82s     Check for interrupting elements affecting "ssh-username" TextField
    t =    20.85s     Synthesize event
    t =    20.85s         Find the "ssh-username" TextField
    t =    20.89s         Find the "ssh-username" TextField
    t =    20.93s         Find the "ssh-username" TextField
    t =    21.26s     Wait for dev.meeterm.app to idle
    t =    21.64s Find the "ssh-username" TextField
    t =    21.67s Find the "ssh-username" TextField
    t =    21.71s Type 'd' into "ssh-username" TextField
    t =    21.71s     Wait for dev.meeterm.app to idle
    t =    21.72s     Find the "ssh-username" TextField
    t =    21.75s     Check for interrupting elements affecting "ssh-username" TextField
    t =    21.79s     Synthesize event
    t =    22.00s     Wait for dev.meeterm.app to idle
    t =    23.02s Checking `Expect predicate `BLOCKPREDICATE(0x107977e40)` for object "ssh-username" TextField`
    t =    23.02s     Find the "ssh-username" TextField
    t =    23.06s     Find the "ssh-username" TextField
    t =    23.09s Type 'e' into "ssh-username" TextField
    t =    23.09s     Wait for dev.meeterm.app to idle
    t =    23.10s     Find the "ssh-username" TextField
    t =    23.13s     Check for interrupting elements affecting "ssh-username" TextField
    t =    23.16s     Synthesize event
    t =    23.39s     Wait for dev.meeterm.app to idle
    t =    24.44s Checking `Expect predicate `BLOCKPREDICATE(0x107976af0)` for object "ssh-username" TextField`
    t =    24.44s     Find the "ssh-username" TextField
    t =    24.47s     Find the "ssh-username" TextField
    t =    24.51s Type 'v' into "ssh-username" TextField
    t =    24.51s     Wait for dev.meeterm.app to idle
    t =    24.52s     Find the "ssh-username" TextField
    t =    24.55s     Check for interrupting elements affecting "ssh-username" TextField
    t =    24.59s     Synthesize event
    t =    24.81s     Wait for dev.meeterm.app to idle
    t =    25.87s Checking `Expect predicate `BLOCKPREDICATE(0x107975e90)` for object "ssh-username" TextField`
    t =    25.87s     Find the "ssh-username" TextField
    t =    25.90s     Find the "ssh-username" TextField
    t =    25.94s Type 'i' into "ssh-username" TextField
    t =    25.94s     Wait for dev.meeterm.app to idle
    t =    25.95s     Find the "ssh-username" TextField
    t =    25.98s     Check for interrupting elements affecting "ssh-username" TextField
    t =    26.02s     Synthesize event
    t =    26.24s     Wait for dev.meeterm.app to idle
    t =    27.30s Checking `Expect predicate `BLOCKPREDICATE(0x1079770c0)` for object "ssh-username" TextField`
    t =    27.30s     Find the "ssh-username" TextField
    t =    27.34s     Find the "ssh-username" TextField
    t =    27.37s Type 'n' into "ssh-username" TextField
    t =    27.37s     Wait for dev.meeterm.app to idle
    t =    27.38s     Find the "ssh-username" TextField
    t =    27.41s     Check for interrupting elements affecting "ssh-username" TextField
    t =    27.45s     Synthesize event
    t =    27.67s     Wait for dev.meeterm.app to idle
    t =    28.71s Checking `Expect predicate `BLOCKPREDICATE(0x107975d40)` for object "ssh-username" TextField`
    t =    28.71s     Find the "ssh-username" TextField
    t =    28.75s     Find the "ssh-username" TextField
    t =    29.86s Checking `Expect predicate `BLOCKPREDICATE(0x107977210)` for object "ssh-username" TextField`
    t =    29.86s     Find the "ssh-username" TextField
    t =    29.90s     Find the "ssh-username" TextField
    t =    29.94s Checking existence of `"save-server-profile" Switch`
    t =    29.98s Find the "save-server-profile" Switch
    t =    30.02s Find the "save-server-profile" Switch
    t =    30.33s Checking existence of `"save-server-profile" Switch`
    t =    30.37s Find the "save-server-profile" Switch
    t =    30.42s Find the "save-server-profile" Switch
    t =    30.73s Checking existence of `"save-server-profile" Switch`
    t =    30.77s Find the "save-server-profile" Switch
    t =    30.81s Find the "save-server-profile" Switch
    t =    31.12s Checking existence of `"save-server-profile" Switch`
    t =    31.16s Find the "save-server-profile" Switch
    t =    31.20s Find the "save-server-profile" Switch
    t =    31.24s Find the "save-server-profile" Switch
    t =    31.30s Checking existence of `ScrollView (First Match)`
    t =    31.41s Find the ScrollView (First Match)
    t =    31.52s Checking existence of `Keyboard (First Match)`
    t =    31.54s Find the Keyboard (First Match)
    t =    31.57s Find the Target Application 'dev.meeterm.app'
    t =    31.59s Checking existence of `ScrollView at {{0.0, 122.0}, {440.0, 576.0}}`
    t =    31.70s Find the Target Application 'dev.meeterm.app'
    t =    31.72s Checking existence of `ScrollView at {{0.0, 122.0}, {440.0, 576.0}}`
    t =    31.82s Find the ScrollView at {{0.0, 122.0}, {440.0, 576.0}}
    t =    31.92s Find the Target Application 'dev.meeterm.app'
    t =    31.94s Checking existence of `Keyboard (First Match)`
    t =    31.96s Find the Keyboard (First Match)
    t =    31.99s Find the Keyboard at {{0.0, 653.0}, {440.0, 245.0}}
    t =    32.02s Checking existence of `"save-server-profile" Switch`
    t =    32.06s Find the "save-server-profile" Switch
    t =    32.10s Press Target Application 'dev.meeterm.app'[0.00, 0.00] -> (8.0, 520.2) for 0.1 seconds, then drag to Target Application 'dev.meeterm.app'[0.00, 0.00] -> (8.0, 254.8) with velocity of 250.00 pixels per second, and then hold for 0.2 seconds 
    t =    32.10s     Wait for dev.meeterm.app to idle
    t =    32.10s     Find the Target Application 'dev.meeterm.app'
    t =    32.13s     Check for interrupting elements affecting "meeterm" Application
    t =    32.16s     Synthesize event
    t =    32.17s         Find the Target Application 'dev.meeterm.app'
    t =    32.19s         Find the Target Application 'dev.meeterm.app'
    t =    32.21s         Find the Target Application 'dev.meeterm.app'
    t =    32.24s         Find the Target Application 'dev.meeterm.app'
    t =    32.26s         Find the Target Application 'dev.meeterm.app'
    t =    33.86s     Wait for dev.meeterm.app to idle
    t =    34.12s Checking existence of `"save-server-profile" Switch`
    t =    34.17s Find the "save-server-profile" Switch
    t =    34.20s Find the "save-server-profile" Switch
    t =    34.24s Find the "save-server-profile" Switch
    t =    34.29s Checking existence of `ScrollView at {{0.0, 122.0}, {440.0, 576.0}}`
    t =    34.38s Find the ScrollView at {{0.0, 122.0}, {440.0, 576.0}}
    t =    34.49s Checking existence of `Keyboard (First Match)`
    t =    34.51s Find the Keyboard (First Match)
    t =    34.53s Find the Target Application 'dev.meeterm.app'
    t =    34.55s Checking existence of `"save-server-profile" Switch`
    t =    34.59s Find the "save-server-profile" Switch
    t =    34.63s Find the "save-server-profile" Switch
    t =    34.92s Checking existence of `"save-server-profile" Switch`
    t =    34.96s Find the "save-server-profile" Switch
    t =    35.00s Find the "save-server-profile" Switch
    t =    35.30s Checking existence of `"save-server-profile" Switch`
    t =    35.34s Find the "save-server-profile" Switch
    t =    35.38s Find the "save-server-profile" Switch
    t =    35.68s Checking existence of `"save-server-profile" Switch`
    t =    35.71s Find the "save-server-profile" Switch
    t =    35.75s Find the "save-server-profile" Switch
    t =    35.78s Find the "save-server-profile" Switch
    t =    35.83s Checking existence of `ScrollView at {{0.0, 122.0}, {440.0, 576.0}}`
    t =    35.93s Find the ScrollView at {{0.0, 122.0}, {440.0, 576.0}}
    t =    36.03s Checking existence of `Keyboard (First Match)`
    t =    36.05s Find the Keyboard (First Match)
    t =    36.08s Find the Target Application 'dev.meeterm.app'
    t =    36.10s Checking existence of `ScrollView at {{0.0, 122.0}, {440.0, 576.0}}`
    t =    36.20s Find the Target Application 'dev.meeterm.app'
    t =    36.23s Checking existence of `ScrollView at {{0.0, 122.0}, {440.0, 576.0}}`
    t =    36.32s Find the ScrollView at {{0.0, 122.0}, {440.0, 576.0}}
    t =    36.43s Find the Target Application 'dev.meeterm.app'
    t =    36.45s Checking existence of `Keyboard (First Match)`
    t =    36.47s Find the Keyboard (First Match)
    t =    36.49s Find the Keyboard at {{0.0, 653.0}, {440.0, 245.0}}
    t =    36.52s Checking existence of `"save-server-profile" Switch`
    t =    36.55s Find the "save-server-profile" Switch
    t =    36.60s Press Target Application 'dev.meeterm.app'[0.00, 0.00] -> (8.0, 520.2) for 0.1 seconds, then drag to Target Application 'dev.meeterm.app'[0.00, 0.00] -> (8.0, 254.8) with velocity of 250.00 pixels per second, and then hold for 0.2 seconds 
    t =    36.60s     Wait for dev.meeterm.app to idle
    t =    36.60s     Find the Target Application 'dev.meeterm.app'
    t =    36.62s     Check for interrupting elements affecting "meeterm" Application
    t =    36.65s     Synthesize event
    t =    36.65s         Find the Target Application 'dev.meeterm.app'
    t =    36.67s         Find the Target Application 'dev.meeterm.app'
    t =    36.69s         Find the Target Application 'dev.meeterm.app'
    t =    36.71s         Find the Target Application 'dev.meeterm.app'
    t =    36.74s         Find the Target Application 'dev.meeterm.app'
    t =    38.33s     Wait for dev.meeterm.app to idle
    t =    38.59s Checking existence of `"save-server-profile" Switch`
    t =    38.63s Find the "save-server-profile" Switch
    t =    38.67s Find the "save-server-profile" Switch
    t =    38.70s Find the "save-server-profile" Switch
    t =    38.75s Checking existence of `ScrollView at {{0.0, 122.0}, {440.0, 576.0}}`
    t =    38.84s Find the ScrollView at {{0.0, 122.0}, {440.0, 576.0}}
    t =    38.94s Checking existence of `Keyboard (First Match)`
    t =    38.96s Find the Keyboard (First Match)
    t =    38.98s Find the Target Application 'dev.meeterm.app'
    t =    39.00s Checking existence of `"save-server-profile" Switch`
    t =    39.04s Find the "save-server-profile" Switch
    t =    39.08s Find the "save-server-profile" Switch
    t =    39.13s Checking existence of `"save-server-profile" Switch`
    t =    39.17s Checking existence of `ScrollView at {{0.0, 122.0}, {440.0, 576.0}}`
    t =    39.27s Find the ScrollView at {{0.0, 122.0}, {440.0, 576.0}}
    t =    39.37s Find the Target Application 'dev.meeterm.app'
    t =    39.40s Checking existence of `Keyboard (First Match)`
    t =    39.42s Find the Keyboard (First Match)
    t =    39.45s Find the Keyboard at {{0.0, 653.0}, {440.0, 245.0}}
    t =    39.47s Find the "save-server-profile" Switch
    t =    39.51s Find the "save-server-profile" Switch
    t =    39.55s Find the "save-server-profile" Switch
    t =    39.58s Checking existence of `"Server name" TextField`
    t =    39.61s Checking existence of `"Server name" TextField`
    t =    39.65s Find the "Server name" TextField
    t =    39.69s Find the "server-profile-name" TextField
    t =    39.73s Checking existence of `"server-profile-name" TextField`
    t =    39.76s Checking existence of `ScrollView (First Match)`
    t =    39.86s Find the ScrollView (First Match)
    t =    39.95s Find the Target Application 'dev.meeterm.app'
    t =    39.97s Checking existence of `Keyboard (First Match)`
    t =    39.99s Find the Keyboard (First Match)
    t =    40.02s Find the Keyboard at {{0.0, 653.0}, {440.0, 245.0}}
    t =    40.04s Find the "server-profile-name" TextField
    t =    40.08s Checking existence of `"Server name" TextField`
    t =    40.11s Waiting 10.0s for "Server name" TextField to exist
    t =    41.16s     Checking `Expect predicate `existsNoRetry == 1` for object "Server name" TextField`
    t =    41.16s         Checking existence of `"Server name" TextField`
    t =    41.20s Checking existence of `"Server name" TextField`
    t =    41.23s Find the "Server name" TextField
    t =    41.27s Tap "server-profile-name" TextField[0.95, 0.50]
    t =    41.27s     Wait for dev.meeterm.app to idle
    t =    41.28s     Find the "server-profile-name" TextField
    t =    41.31s     Check for interrupting elements affecting "server-profile-name" TextField
    t =    41.35s     Synthesize event
    t =    41.35s         Find the "server-profile-name" TextField
    t =    41.39s         Find the "server-profile-name" TextField
    t =    41.43s         Find the "server-profile-name" TextField
    t =    41.75s     Wait for dev.meeterm.app to idle
    t =    42.12s Find the "server-profile-name" TextField
    t =    42.16s Find the "server-profile-name" TextField
    t =    42.20s Type 'Fixture One' into "server-profile-name" TextField
    t =    42.20s     Wait for dev.meeterm.app to idle
    t =    42.21s     Find the "server-profile-name" TextField
    t =    42.25s     Check for interrupting elements affecting "server-profile-name" TextField
    t =    42.28s     Synthesize event
    t =    42.67s     Wait for dev.meeterm.app to idle
    t =    43.72s Checking `Expect predicate `BLOCKPREDICATE(0x11191ff60)` for object "server-profile-name" TextField`
    t =    43.72s     Find the "server-profile-name" TextField
    t =    43.76s     Find the "server-profile-name" TextField
    t =    43.80s Checking existence of `"Private OpenSSH key" TextField`
    t =    43.83s Checking existence of `"Private OpenSSH key" TextView`
    t =    43.87s Checking existence of `"Private OpenSSH key" TextView`
    t =    43.91s Find the "Private OpenSSH key" TextView
    t =    43.94s Find the "ssh-private-key" TextView
    t =    43.99s Checking existence of `"ssh-private-key" TextView`
    t =    44.03s Checking existence of `ScrollView (First Match)`
    t =    44.13s Find the ScrollView (First Match)
    t =    44.24s Find the Target Application 'dev.meeterm.app'
    t =    44.26s Checking existence of `Keyboard (First Match)`
    t =    44.28s Find the Keyboard (First Match)
    t =    44.31s Find the Keyboard at {{0.0, 653.0}, {440.0, 245.0}}
    t =    44.33s Find the "ssh-private-key" TextView
    t =    44.63s Checking existence of `"ssh-private-key" TextView`
    t =    44.67s Find the "ssh-private-key" TextView
    t =    44.71s Find the "ssh-private-key" TextView
    t =    44.77s Checking existence of `"ssh-private-key" TextView`
    t =    44.81s Checking existence of `ScrollView at {{0.0, 122.0}, {440.0, 549.0}}`
    t =    44.91s Find the ScrollView at {{0.0, 122.0}, {440.0, 549.0}}
    t =    45.01s Find the Target Application 'dev.meeterm.app'
    t =    45.03s Checking existence of `Keyboard (First Match)`
    t =    45.05s Find the Keyboard (First Match)
    t =    45.09s Find the Keyboard at {{0.0, 653.0}, {440.0, 245.0}}
    t =    45.11s Find the "ssh-private-key" TextView
    t =    45.41s Checking existence of `"ssh-private-key" TextView`
    t =    45.46s Find the "ssh-private-key" TextView
    t =    45.50s Find the "ssh-private-key" TextView
    t =    45.54s Find the "ssh-private-key" TextView
    t =    45.59s Checking existence of `ScrollView at {{0.0, 122.0}, {440.0, 549.0}}`
    t =    45.69s Find the ScrollView at {{0.0, 122.0}, {440.0, 549.0}}
    t =    45.79s Checking existence of `Keyboard (First Match)`
    t =    45.81s Find the Keyboard (First Match)
    t =    45.84s Find the Target Application 'dev.meeterm.app'
    t =    45.87s Checking existence of `ScrollView at {{0.0, 122.0}, {440.0, 549.0}}`
    t =    45.97s Find the Target Application 'dev.meeterm.app'
    t =    45.99s Checking existence of `ScrollView at {{0.0, 122.0}, {440.0, 549.0}}`
    t =    46.10s Find the ScrollView at {{0.0, 122.0}, {440.0, 549.0}}
    t =    46.21s Find the Target Application 'dev.meeterm.app'
    t =    46.23s Checking existence of `Keyboard (First Match)`
    t =    46.25s Find the Keyboard (First Match)
    t =    46.28s Find the Keyboard at {{0.0, 653.0}, {440.0, 245.0}}
    t =    46.30s Checking existence of `"ssh-private-key" TextView`
    t =    46.34s Find the "ssh-private-key" TextView
    t =    46.38s Press Target Application 'dev.meeterm.app'[0.00, 0.00] -> (8.0, 269.2) for 0.1 seconds, then drag to Target Application 'dev.meeterm.app'[0.00, 0.00] -> (8.0, 505.8) with velocity of 250.00 pixels per second, and then hold for 0.2 seconds 
    t =    46.38s     Wait for dev.meeterm.app to idle
    t =    46.38s     Find the Target Application 'dev.meeterm.app'
    t =    46.41s     Check for interrupting elements affecting "meeterm" Application
    t =    46.44s     Synthesize event
    t =    46.44s         Find the Target Application 'dev.meeterm.app'
    t =    46.46s         Find the Target Application 'dev.meeterm.app'
    t =    46.49s         Find the Target Application 'dev.meeterm.app'
    t =    46.52s         Find the Target Application 'dev.meeterm.app'
    t =    46.54s         Find the Target Application 'dev.meeterm.app'
    t =    48.03s     Wait for dev.meeterm.app to idle
    t =    48.28s Checking existence of `"ssh-private-key" TextView`
    t =    48.33s Find the "ssh-private-key" TextView
    t =    48.38s Find the "ssh-private-key" TextView
    t =    48.42s Find the "ssh-private-key" TextView
    t =    48.48s Checking existence of `ScrollView at {{0.0, 122.0}, {440.0, 549.0}}`
    t =    48.58s Find the ScrollView at {{0.0, 122.0}, {440.0, 549.0}}
    t =    48.68s Checking existence of `Keyboard (First Match)`
    t =    48.70s Find the Keyboard (First Match)
    t =    48.73s Find the Target Application 'dev.meeterm.app'
    t =    48.75s Checking existence of `"ssh-private-key" TextView`
    t =    48.78s Find the "ssh-private-key" TextView
    t =    48.82s Find the "ssh-private-key" TextView
    t =    48.87s Checking existence of `"ssh-private-key" TextView`
    t =    48.91s Checking existence of `ScrollView at {{0.0, 122.0}, {440.0, 549.0}}`
    t =    49.02s Find the ScrollView at {{0.0, 122.0}, {440.0, 549.0}}
    t =    49.13s Find the Target Application 'dev.meeterm.app'
    t =    49.15s Checking existence of `Keyboard (First Match)`
    t =    49.18s Find the Keyboard (First Match)
    t =    49.21s Find the Keyboard at {{0.0, 653.0}, {440.0, 245.0}}
    t =    49.23s Find the "ssh-private-key" TextView
    t =    49.28s Checking existence of `"Private OpenSSH key" TextField`
    t =    49.31s Checking existence of `"Private OpenSSH key" TextView`
    t =    49.35s Find the "Private OpenSSH key" TextView
    t =    49.40s Find the "ssh-private-key" TextView
    t =    49.45s Find the "ssh-private-key" TextView
    t =    49.49s Find the "ssh-private-key" TextView
    t =    49.54s Find the "ssh-private-key" TextView
    t =    49.58s Find the "ssh-private-key" TextView
    t =    49.63s Find the "ssh-private-key" TextView
    t =    49.68s Find the "ssh-private-key" TextView
    t =    49.73s Waiting 15.0s for "ssh-private-key" TextView to exist
    t =    50.78s     Checking `Expect predicate `existsNoRetry == 1` for object "ssh-private-key" TextView`
    t =    50.78s         Checking existence of `"ssh-private-key" TextView`
    t =    50.82s Tap "ssh-private-key" TextView
    t =    50.82s     Wait for dev.meeterm.app to idle
    t =    50.82s     Find the "ssh-private-key" TextView
    t =    50.86s     Check for interrupting elements affecting "ssh-private-key" TextView
    t =    50.89s     Synthesize event
    t =    51.19s     Wait for dev.meeterm.app to idle
    t =    51.63s Type '-----BEGIN OPENSSH...' into "ssh-private-key" TextView
    t =    51.63s     Wait for dev.meeterm.app to idle
    t =    51.63s     Find the "ssh-private-key" TextView
    t =    51.67s     Check for interrupting elements affecting "ssh-private-key" TextView
    t =    51.71s     Synthesize event
    t =    52.50s     Wait for dev.meeterm.app to idle
    t =    52.51s Checking existence of `"return" Key`
    t =    52.55s Type '
' into "ssh-private-key" TextView
    t =    52.55s     Wait for dev.meeterm.app to idle
    t =    52.56s     Find the "ssh-private-key" TextView
    t =    52.59s     Check for interrupting elements affecting "ssh-private-key" TextView
    t =    52.63s     Synthesize event
    t =    52.85s     Wait for dev.meeterm.app to idle
    t =    52.85s Type 'b3BlbnNzaC1rZXktdj...' into "ssh-private-key" TextView
    t =    52.85s     Wait for dev.meeterm.app to idle
    t =    52.86s     Find the "ssh-private-key" TextView
    t =    52.90s     Check for interrupting elements affecting "ssh-private-key" TextView
    t =    52.93s     Synthesize event
    t =    54.30s     Wait for dev.meeterm.app to idle
    t =    54.30s Checking existence of `"return" Key`
    t =    54.34s Type '
' into "ssh-private-key" TextView
    t =    54.34s     Wait for dev.meeterm.app to idle
    t =    54.35s     Find the "ssh-private-key" TextView
    t =    54.39s     Check for interrupting elements affecting "ssh-private-key" TextView
    t =    54.42s     Synthesize event
    t =    54.63s     Wait for dev.meeterm.app to idle
    t =    54.64s Type 'QyNTUxOQAAACCjrNxR...' into "ssh-private-key" TextView
    t =    54.64s     Wait for dev.meeterm.app to idle
    t =    54.64s     Find the "ssh-private-key" TextView
    t =    54.68s     Check for interrupting elements affecting "ssh-private-key" TextView
    t =    54.72s     Synthesize event
    t =    56.10s     Wait for dev.meeterm.app to idle
    t =    56.10s Checking existence of `"return" Key`
    t =    56.15s Type '
' into "ssh-private-key" TextView
    t =    56.15s     Wait for dev.meeterm.app to idle
    t =    56.15s     Find the "ssh-private-key" TextView
    t =    56.19s     Check for interrupting elements affecting "ssh-private-key" TextView
    t =    56.22s     Synthesize event
    t =    56.45s     Wait for dev.meeterm.app to idle
    t =    56.45s Type 'NwAAAAtzc2gtZWQyNT...' into "ssh-private-key" TextView
    t =    56.45s     Wait for dev.meeterm.app to idle
    t =    56.45s     Find the "ssh-private-key" TextView
    t =    56.50s     Check for interrupting elements affecting "ssh-private-key" TextView
    t =    56.53s     Synthesize event
    t =    57.90s     Wait for dev.meeterm.app to idle
    t =    57.90s Checking existence of `"return" Key`
    t =    57.94s Type '
' into "ssh-private-key" TextView
    t =    57.94s     Wait for dev.meeterm.app to idle
    t =    57.94s     Find the "ssh-private-key" TextView
    t =    57.98s     Check for interrupting elements affecting "ssh-private-key" TextView
    t =    58.01s     Synthesize event
    t =    58.23s     Wait for dev.meeterm.app to idle
    t =    58.24s Type 'AAAED5Hd+1wWCSEIjN...' into "ssh-private-key" TextView
    t =    58.24s     Wait for dev.meeterm.app to idle
    t =    58.24s     Find the "ssh-private-key" TextView
    t =    58.28s     Check for interrupting elements affecting "ssh-private-key" TextView
    t =    58.31s     Synthesize event
    t =    59.68s     Wait for dev.meeterm.app to idle
    t =    59.69s Checking existence of `"return" Key`
    t =    59.72s Type '
' into "ssh-private-key" TextView
    t =    59.72s     Wait for dev.meeterm.app to idle
    t =    59.72s     Find the "ssh-private-key" TextView
    t =    59.76s     Check for interrupting elements affecting "ssh-private-key" TextView
    t =    59.79s     Synthesize event
    t =    60.01s     Wait for dev.meeterm.app to idle
    t =    60.02s Type '6EV9Aj3Ckvx/+PREHC...' into "ssh-private-key" TextView
    t =    60.02s     Wait for dev.meeterm.app to idle
    t =    60.02s     Find the "ssh-private-key" TextView
    t =    60.06s     Check for interrupting elements affecting "ssh-private-key" TextView
    t =    60.10s     Synthesize event
    t =    61.25s     Wait for dev.meeterm.app to idle
    t =    61.26s Checking existence of `"return" Key`
    t =    61.33s Type '
' into "ssh-private-key" TextView
    t =    61.33s     Wait for dev.meeterm.app to idle
    t =    61.33s     Find the "ssh-private-key" TextView
    t =    61.37s     Check for interrupting elements affecting "ssh-private-key" TextView
    t =    61.40s     Synthesize event
    t =    61.61s     Wait for dev.meeterm.app to idle
    t =    61.62s Type '-----END OPENSSH P...' into "ssh-private-key" TextView
    t =    61.62s     Wait for dev.meeterm.app to idle
    t =    61.62s     Find the "ssh-private-key" TextView
    t =    61.66s     Check for interrupting elements affecting "ssh-private-key" TextView
    t =    61.69s     Synthesize event
    t =    62.46s     Wait for dev.meeterm.app to idle
    t =    62.46s Checking existence of `"return" Key`
    t =    62.50s Type '
' into "ssh-private-key" TextView
    t =    62.51s     Wait for dev.meeterm.app to idle
    t =    62.51s     Find the "ssh-private-key" TextView
    t =    62.55s     Check for interrupting elements affecting "ssh-private-key" TextView
    t =    62.58s     Synthesize event
    t =    62.80s     Wait for dev.meeterm.app to idle
    t =    62.80s Checking existence of `"save-credentials" Switch`
    t =    62.84s Find the "save-credentials" Switch
    t =    62.88s Find the "save-credentials" Switch
    t =    63.18s Checking existence of `"save-credentials" Switch`
    t =    63.23s Find the "save-credentials" Switch
    t =    63.27s Find the "save-credentials" Switch
    t =    63.57s Checking existence of `"save-credentials" Switch`
    t =    63.62s Find the "save-credentials" Switch
    t =    63.66s Find the "save-credentials" Switch
    t =    63.96s Checking existence of `"save-credentials" Switch`
    t =    64.01s Find the "save-credentials" Switch
    t =    64.05s Find the "save-credentials" Switch
    t =    64.09s Find the "save-credentials" Switch
    t =    64.13s Checking existence of `ScrollView (First Match)`
    t =    64.23s Find the ScrollView (First Match)
    t =    64.33s Checking existence of `Keyboard (First Match)`
    t =    64.36s Find the Keyboard (First Match)
    t =    64.38s Find the Target Application 'dev.meeterm.app'
    t =    64.41s Checking existence of `ScrollView at {{0.0, 122.0}, {440.0, 549.0}}`
    t =    64.50s Find the Target Application 'dev.meeterm.app'
    t =    64.53s Checking existence of `ScrollView at {{0.0, 122.0}, {440.0, 549.0}}`
    t =    64.63s Find the ScrollView at {{0.0, 122.0}, {440.0, 549.0}}
    t =    64.74s Find the Target Application 'dev.meeterm.app'
    t =    64.76s Checking existence of `Keyboard (First Match)`
    t =    64.78s Find the Keyboard (First Match)
    t =    64.81s Find the Keyboard at {{0.0, 653.0}, {440.0, 245.0}}
    t =    64.83s Checking existence of `"save-credentials" Switch`
    t =    64.87s Find the "save-credentials" Switch
    t =    64.91s Press Target Application 'dev.meeterm.app'[0.00, 0.00] -> (8.0, 520.2) for 0.1 seconds, then drag to Target Application 'dev.meeterm.app'[0.00, 0.00] -> (8.0, 254.8) with velocity of 250.00 pixels per second, and then hold for 0.2 seconds 
    t =    64.91s     Wait for dev.meeterm.app to idle
    t =    64.91s     Find the Target Application 'dev.meeterm.app'
    t =    64.94s     Check for interrupting elements affecting "meeterm" Application
    t =    64.96s     Synthesize event
    t =    64.97s         Find the Target Application 'dev.meeterm.app'
    t =    64.99s         Find the Target Application 'dev.meeterm.app'
    t =    65.01s         Find the Target Application 'dev.meeterm.app'
    t =    65.03s         Find the Target Application 'dev.meeterm.app'
    t =    65.06s         Find the Target Application 'dev.meeterm.app'
    t =    66.66s     Wait for dev.meeterm.app to idle
    t =    66.92s Checking existence of `"save-credentials" Switch`
    t =    66.96s Find the "save-credentials" Switch
    t =    67.01s Find the "save-credentials" Switch
    t =    67.04s Find the "save-credentials" Switch
    t =    67.09s Checking existence of `ScrollView at {{0.0, 122.0}, {440.0, 549.0}}`
    t =    67.19s Find the ScrollView at {{0.0, 122.0}, {440.0, 549.0}}
    t =    67.29s Checking existence of `Keyboard (First Match)`
    t =    67.31s Find the Keyboard (First Match)
    t =    67.34s Find the Target Application 'dev.meeterm.app'
    t =    67.36s Checking existence of `"save-credentials" Switch`
    t =    67.40s Find the "save-credentials" Switch
    t =    67.44s Find the "save-credentials" Switch
    t =    67.48s Checking existence of `"save-credentials" Switch`
    t =    67.53s Checking existence of `ScrollView at {{0.0, 122.0}, {440.0, 549.0}}`
    t =    67.64s Find the ScrollView at {{0.0, 122.0}, {440.0, 549.0}}
    t =    67.75s Find the Target Application 'dev.meeterm.app'
    t =    67.77s Checking existence of `Keyboard (First Match)`
    t =    67.79s Find the Keyboard (First Match)
    t =    67.83s Find the Keyboard at {{0.0, 653.0}, {440.0, 245.0}}
    t =    67.85s Find the "save-credentials" Switch
    t =    67.90s Find the "save-credentials" Switch
    t =    67.93s Tap "save-credentials" Switch
    t =    67.93s     Wait for dev.meeterm.app to idle
    t =    67.94s     Find the "save-credentials" Switch
    t =    67.98s     Check for interrupting elements affecting "save-credentials" Switch
    t =    68.01s     Synthesize event
    t =    68.31s     Wait for dev.meeterm.app to idle
    t =    69.55s Find the "save-credentials" Switch
    t =    69.60s Checking existence of `"ssh-submit" Button`
    t =    69.64s Find the "ssh-submit" Button
    t =    69.70s Tap "ssh-submit" Button
    t =    69.70s     Wait for dev.meeterm.app to idle
    t =    69.70s     Find the "ssh-submit" Button
    t =    69.74s     Check for interrupting elements affecting "ssh-submit" Button
    t =    69.78s     Synthesize event
    t =    70.07s     Wait for dev.meeterm.app to idle
    t =    70.44s Checking existence of `"ssh-submit" Button`
    t =    70.46s Waiting 60.0s for Alert (First Match) to exist
    t =    71.52s     Checking `Expect predicate `existsNoRetry == 1` for object Alert (First Match)`
    t =    71.52s         Checking existence of `Alert (First Match)`
    t =    71.54s Get all elements bound by index for: Descendants matching type StaticText
    t =    71.56s Find the StaticText (Element at index 0)
    t =    71.58s Find the StaticText (Element at index 1)
    t =    71.60s Checking existence of `"Trust and connect" Button`
    t =    71.63s Waiting 10.0s for "Trust and connect" Button to exist
    t =    72.67s     Checking `Expect predicate `existsNoRetry == 1` for object "Trust and connect" Button`
    t =    72.67s         Checking existence of `"Trust and connect" Button`
    t =    72.69s Checking existence of `"Trust and connect" Button`
    t =    72.71s Find the "Trust and connect" Button
    t =    72.74s Tap "Trust and connect" Button
    t =    72.74s     Wait for dev.meeterm.app to idle
    t =    72.74s     Find the "Trust and connect" Button
    t =    72.76s     Check for interrupting elements affecting "Trust and connect" Button
    t =    72.80s     Synthesize event
    t =    73.10s     Wait for dev.meeterm.app to idle
    t =    73.34s Checking existence of `Alert (First Match)`
    t =    73.40s Waiting 60.0s for "Choose a session" StaticText to exist
    t =    74.43s     Checking `Expect predicate `existsNoRetry == 1` for object "Choose a session" StaticText`
    t =    74.43s         Checking existence of `"Choose a session" StaticText`
    t =    74.46s Get number of matches for: Elements matching predicate 'identifier == "tmux runtime meeterm" OR label == "tmux runtime meeterm"'
    t =    74.49s Get number of matches for: Elements matching predicate 'identifier == "tmux runtime meeterm" OR label == "tmux runtime meeterm"'
    t =    74.52s Checking existence of `Button (Element at index 0)`
    t =    74.54s Find the Button (Element at index 0)
    t =    74.58s Waiting 30.0s for "runtime-row-tmux-runtime-1-1-tmux-1" Button to exist
    t =    75.62s     Checking `Expect predicate `existsNoRetry == 1` for object "runtime-row-tmux-runtime-1-1-tmux-1" Button`
    t =    75.62s         Checking existence of `"runtime-row-tmux-runtime-1-1-tmux-1" Button`
    t =    75.64s Checking existence of `"runtime-row-tmux-runtime-1-1-tmux-1" Button`
    t =    75.67s Find the "runtime-row-tmux-runtime-1-1-tmux-1" Button
    t =    76.72s Find the "runtime-row-tmux-runtime-1-1-tmux-1" Button
    t =    76.75s Tap "runtime-row-tmux-runtime-1-1-tmux-1" Button
    t =    76.75s     Wait for dev.meeterm.app to idle
    t =    76.75s     Find the "runtime-row-tmux-runtime-1-1-tmux-1" Button
    t =    76.77s     Check for interrupting elements affecting "runtime-row-tmux-runtime-1-1-tmux-1" Button
    t =    76.80s     Synthesize event
    t =    77.10s     Wait for dev.meeterm.app to idle
    t =    77.58s Get number of matches for: Elements matching predicate 'identifier BEGINSWITH "workspace-row-" AND label BEGINSWITH "Workspace "'
    t =    77.61s Find the Button (Element at index 0)
    t =    77.63s Get all elements bound by index for: Elements matching predicate 'identifier == "Terminal" OR label == "Terminal" OR label == "Terminal, cached output, read only"'
    t =    77.90s Get all elements bound by index for: Elements matching predicate 'identifier == "Terminal" OR label == "Terminal" OR label == "Terminal, cached output, read only"'
    t =    78.18s Get all elements bound by index for: Elements matching predicate 'identifier == "Terminal" OR label == "Terminal" OR label == "Terminal, cached output, read only"'
    t =    78.45s Get all elements bound by index for: Elements matching predicate 'identifier == "Terminal" OR label == "Terminal" OR label == "Terminal, cached output, read only"'
    t =    78.72s Get all elements bound by index for: Elements matching predicate 'identifier == "Terminal" OR label == "Terminal" OR label == "Terminal, cached output, read only"'
    t =    78.99s Get all elements bound by index for: Elements matching predicate 'identifier == "Terminal" OR label == "Terminal" OR label == "Terminal, cached output, read only"'
    t =    79.26s Get all elements bound by index for: Elements matching predicate 'identifier == "Terminal" OR label == "Terminal" OR label == "Terminal, cached output, read only"'
    t =    79.53s Get all elements bound by index for: Elements matching predicate 'identifier == "Terminal" OR label == "Terminal" OR label == "Terminal, cached output, read only"'
    t =    79.81s Get all elements bound by index for: Elements matching predicate 'identifier == "Terminal" OR label == "Terminal" OR label == "Terminal, cached output, read only"'
    t =    80.08s Get all elements bound by index for: Elements matching predicate 'identifier == "Terminal" OR label == "Terminal" OR label == "Terminal, cached output, read only"'
    t =    80.36s Get all elements bound by index for: Elements matching predicate 'identifier == "Terminal" OR label == "Terminal" OR label == "Terminal, cached output, read only"'
    t =    80.65s Get all elements bound by index for: Elements matching predicate 'identifier == "Terminal" OR label == "Terminal" OR label == "Terminal, cached output, read only"'
    t =    80.94s Get all elements bound by index for: Elements matching predicate 'identifier == "Terminal" OR label == "Terminal" OR label == "Terminal, cached output, read only"'
    t =    81.22s Get all elements bound by index for: Elements matching predicate 'identifier == "Terminal" OR label == "Terminal" OR label == "Terminal, cached output, read only"'
    t =    81.49s Get all elements bound by index for: Elements matching predicate 'identifier == "Terminal" OR label == "Terminal" OR label == "Terminal, cached output, read only"'
    t =    81.77s Get all elements bound by index for: Elements matching predicate 'identifier == "Terminal" OR label == "Terminal" OR label == "Terminal, cached output, read only"'
    t =    82.05s Get all elements bound by index for: Elements matching predicate 'identifier == "Terminal" OR label == "Terminal" OR label == "Terminal, cached output, read only"'
    t =    82.36s Get all elements bound by index for: Elements matching predicate 'identifier == "Terminal" OR label == "Terminal" OR label == "Terminal, cached output, read only"'
    t =    82.63s Get all elements bound by index for: Elements matching predicate 'identifier == "Terminal" OR label == "Terminal" OR label == "Terminal, cached output, read only"'
    t =    82.91s Get all elements bound by index for: Elements matching predicate 'identifier == "Terminal" OR label == "Terminal" OR label == "Terminal, cached output, read only"'
    t =    83.20s Get all elements bound by index for: Elements matching predicate 'identifier == "Terminal" OR label == "Terminal" OR label == "Terminal, cached output, read only"'
    t =    83.48s Get all elements bound by index for: Elements matching predicate 'identifier == "Terminal" OR label == "Terminal" OR label == "Terminal, cached output, read only"'
    t =    83.76s Get all elements bound by index for: Elements matching predicate 'identifier == "Terminal" OR label == "Terminal" OR label == "Terminal, cached output, read only"'
    t =    84.03s Get all elements bound by index for: Elements matching predicate 'identifier == "Terminal" OR label == "Terminal" OR label == "Terminal, cached output, read only"'
    t =    84.32s Get all elements bound by index for: Elements matching predicate 'identifier == "Terminal" OR label == "Terminal" OR label == "Terminal, cached output, read only"'
    t =    84.62s Get all elements bound by index for: Elements matching predicate 'identifier == "Terminal" OR label == "Terminal" OR label == "Terminal, cached output, read only"'
    t =    84.90s Get all elements bound by index for: Elements matching predicate 'identifier == "Terminal" OR label == "Terminal" OR label == "Terminal, cached output, read only"'
    t =    85.17s Get all elements bound by index for: Elements matching predicate 'identifier == "Terminal" OR label == "Terminal" OR label == "Terminal, cached output, read only"'
    t =    85.45s Get all elements bound by index for: Elements matching predicate 'identifier == "Terminal" OR label == "Terminal" OR label == "Terminal, cached output, read only"'
    t =    85.72s Get all elements bound by index for: Elements matching predicate 'identifier == "Terminal" OR label == "Terminal" OR label == "Terminal, cached output, read only"'
    t =    86.00s Get all elements bound by index for: Elements matching predicate 'identifier == "Terminal" OR label == "Terminal" OR label == "Terminal, cached output, read only"'
    t =    86.29s Get all elements bound by index for: Elements matching predicate 'identifier == "Terminal" OR label == "Terminal" OR label == "Terminal, cached output, read only"'
    t =    86.56s Get all elements bound by index for: Elements matching predicate 'identifier == "Terminal" OR label == "Terminal" OR label == "Terminal, cached output, read only"'
    t =    86.85s Get all elements bound by index for: Elements matching predicate 'identifier == "Terminal" OR label == "Terminal" OR label == "Terminal, cached output, read only"'
    t =    87.14s Get all elements bound by index for: Elements matching predicate 'identifier == "Terminal" OR label == "Terminal" OR label == "Terminal, cached output, read only"'
    t =    87.43s Get all elements bound by index for: Elements matching predicate 'identifier == "Terminal" OR label == "Terminal" OR label == "Terminal, cached output, read only"'
    t =    87.71s Get all elements bound by index for: Elements matching predicate 'identifier == "Terminal" OR label == "Terminal" OR label == "Terminal, cached output, read only"'
    t =    87.75s Get number of matches for: Elements matching predicate 'identifier BEGINSWITH "workspace-row-" AND label BEGINSWITH "Workspace "'
    t =    87.77s Find the Button (Element at index 0)
    t =    87.78s Get number of matches for: Elements matching predicate 'identifier == "Workspace main" OR label == "Workspace main"'
    t =    87.80s Get number of matches for: Elements matching predicate 'identifier == "Workspace main" OR label == "Workspace main"'
    t =    87.81s Checking existence of `Button (Element at index 0)`
    t =    87.83s Find the Button (Element at index 0)
    t =    87.86s Waiting 15.0s for "workspace-row-@0" Button to exist
    t =    88.88s     Checking `Expect predicate `existsNoRetry == 1` for object "workspace-row-@0" Button`
    t =    88.88s         Checking existence of `"workspace-row-@0" Button`
    t =    88.90s Checking existence of `"workspace-row-@0" Button`
    t =    88.92s Find the "workspace-row-@0" Button
    t =    88.95s Tap "workspace-row-@0" Button
    t =    88.95s     Wait for dev.meeterm.app to idle
    t =    88.95s     Find the "workspace-row-@0" Button
    t =    88.97s     Check for interrupting elements affecting "workspace-row-@0" Button
    t =    88.99s     Synthesize event
    t =    89.30s     Wait for dev.meeterm.app to idle
    t =    89.85s Get all elements bound by index for: Elements matching predicate 'identifier == "Terminal" OR label == "Terminal" OR label == "Terminal, cached output, read only"'
    t =    89.91s Checking existence of `Other (Element at index 0)`
    t =    89.94s Find the Other (Element at index 0)
    t =    89.97s Checking existence of `Other (Element at index 1)`
    t =    90.00s Find the Other (Element at index 1)
    t =    90.03s Find the "Terminal" Other
    t =    90.07s Get number of matches for: Elements matching predicate 'identifier == "Close session switcher" OR label == "Close session switcher"'
    t =    90.10s Waiting 3.0s for "Close session switcher" Any to exist
    t =    91.17s     Checking `Expect predicate `existsNoRetry == 1` for object "Close session switcher" Any`
    t =    91.17s         Checking existence of `"Close session switcher" Any`
    t =    91.18s         Capturing element debug description
    t =    92.10s     Checking `Expect predicate `existsNoRetry == 1` for object "Close session switcher" Any`
    t =    92.10s         Checking existence of `"Close session switcher" Any`
    t =    92.11s         Capturing element debug description
    t =    93.10s     Checking `Expect predicate `existsNoRetry == 1` for object "Close session switcher" Any`
    t =    93.10s         Checking existence of `"Close session switcher" Any`
    t =    93.11s         Capturing element debug description
    t =    93.11s     Checking existence of `"Close session switcher" Any`
    t =    93.12s Collecting debug information to assist test failure triage
    t =    93.12s     Requesting snapshot of accessibility hierarchy for app with pid 59118
    t =    93.14s Get number of matches for: Elements matching predicate 'identifier BEGINSWITH "Switch server and session" OR label BEGINSWITH "Switch server and session"'
    t =    93.15s Waiting 8.0s for Any (First Match) to exist
    t =    94.18s     Checking `Expect predicate `existsNoRetry == 1` for object Any (First Match)`
    t =    94.18s         Checking existence of `Any (First Match)`
    t =    94.24s         Capturing element debug description
    t =    95.16s     Checking `Expect predicate `existsNoRetry == 1` for object Any (First Match)`
    t =    95.16s         Checking existence of `Any (First Match)`
    t =    95.22s         Capturing element debug description
    t =    96.16s     Checking `Expect predicate `existsNoRetry == 1` for object Any (First Match)`
    t =    96.17s         Checking existence of `Any (First Match)`
    t =    96.21s         Capturing element debug description
    t =    97.25s     Checking `Expect predicate `existsNoRetry == 1` for object Any (First Match)`
    t =    97.25s         Checking existence of `Any (First Match)`
    t =    97.30s         Capturing element debug description
    t =    98.21s     Checking `Expect predicate `existsNoRetry == 1` for object Any (First Match)`
    t =    98.22s         Checking existence of `Any (First Match)`
    t =    98.27s         Capturing element debug description
    t =    99.23s     Checking `Expect predicate `existsNoRetry == 1` for object Any (First Match)`
    t =    99.23s         Checking existence of `Any (First Match)`
    t =    99.29s         Capturing element debug description
    t =   100.21s     Checking `Expect predicate `existsNoRetry == 1` for object Any (First Match)`
    t =   100.22s         Checking existence of `Any (First Match)`
    t =   100.27s         Capturing element debug description
    t =   101.16s     Checking `Expect predicate `existsNoRetry == 1` for object Any (First Match)`
    t =   101.16s         Checking existence of `Any (First Match)`
    t =   101.22s         Capturing element debug description
    t =   101.22s     Checking existence of `Any (First Match)`
    t =   101.27s Collecting debug information to assist test failure triage
    t =   101.27s     Requesting snapshot of accessibility hierarchy for app with pid 59118
    t =   101.29s Get number of matches for: Elements matching predicate 'identifier == "Back to workspaces" OR label == "Back to workspaces"'
    t =   101.30s Get number of matches for: Elements matching predicate 'identifier == "Back to workspaces" OR label == "Back to workspaces"'
    t =   101.31s Checking existence of `Button (Element at index 0)`
    t =   101.32s Find the Button (Element at index 0)
    t =   101.35s Waiting 5.0s for "Back to workspaces" Button to exist
    t =   102.37s     Checking `Expect predicate `existsNoRetry == 1` for object "Back to workspaces" Button`
    t =   102.37s         Checking existence of `"Back to workspaces" Button`
    t =   102.38s Checking existence of `"Back to workspaces" Button`
    t =   102.39s Find the "Back to workspaces" Button
    t =   102.42s Tap "Back to workspaces" Button
    t =   102.42s     Wait for dev.meeterm.app to idle
    t =   102.42s     Find the "Back to workspaces" Button
    t =   102.44s     Check for interrupting elements affecting "Back to workspaces" Button
    t =   102.45s     Synthesize event
    t =   102.76s     Wait for dev.meeterm.app to idle
    t =   103.07s Get number of matches for: Elements matching predicate 'identifier BEGINSWITH "Switch server and session" OR label BEGINSWITH "Switch server and session"'
    t =   103.09s Get number of matches for: Elements matching predicate 'identifier BEGINSWITH "Switch server and session" OR label BEGINSWITH "Switch server and session"'
    t =   103.11s Checking existence of `Button (Element at index 0)`
    t =   103.12s Find the Button (Element at index 0)
    t =   103.15s Waiting 15.0s for "open-session-switcher" Button to exist
    t =   104.21s     Checking `Expect predicate `existsNoRetry == 1` for object "open-session-switcher" Button`
    t =   104.21s         Checking existence of `"open-session-switcher" Button`
    t =   104.23s Checking existence of `"open-session-switcher" Button`
    t =   104.25s Find the "open-session-switcher" Button
    t =   104.28s Tap "open-session-switcher" Button
    t =   104.28s     Wait for dev.meeterm.app to idle
    t =   104.29s     Find the "open-session-switcher" Button
    t =   104.31s     Check for interrupting elements affecting "open-session-switcher" Button
    t =   104.33s     Synthesize event
    t =   104.64s     Wait for dev.meeterm.app to idle
    t =   104.97s Get number of matches for: Elements matching predicate 'identifier == "Close session switcher" OR label == "Close session switcher"'
    t =   105.00s Get number of matches for: Elements matching predicate 'identifier == "Close session switcher" OR label == "Close session switcher"'
    t =   105.03s Checking existence of `Button (Element at index 0)`
    t =   105.06s Find the Button (Element at index 0)
    t =   105.10s Waiting 20.0s for "Close session switcher" Button to exist
    t =   106.15s     Checking `Expect predicate `existsNoRetry == 1` for object "Close session switcher" Button`
    t =   106.15s         Checking existence of `"Close session switcher" Button`
    t =   106.26s Get number of matches for: Elements matching predicate 'identifier == "Manage servers" OR label == "Manage servers"'
    t =   106.29s Get number of matches for: Elements matching predicate 'identifier == "Manage servers" OR label == "Manage servers"'
    t =   106.32s Checking existence of `Button (Element at index 0)`
    t =   106.35s Find the Button (Element at index 0)
    t =   106.38s Waiting 15.0s for "switcher-manage-servers" Button to exist
    t =   107.40s     Checking `Expect predicate `existsNoRetry == 1` for object "switcher-manage-servers" Button`
    t =   107.40s         Checking existence of `"switcher-manage-servers" Button`
    t =   107.43s Find the "switcher-manage-servers" Button
    t =   107.46s Tap "switcher-manage-servers" Button
    t =   107.46s     Wait for dev.meeterm.app to idle
    t =   107.46s     Find the "switcher-manage-servers" Button
    t =   107.49s     Check for interrupting elements affecting "switcher-manage-servers" Button
    t =   107.52s     Synthesize event
    t =   107.83s     Wait for dev.meeterm.app to idle
    t =   108.54s Waiting 15.0s for "Saved servers" StaticText to exist
    t =   109.60s     Checking `Expect predicate `existsNoRetry == 1` for object "Saved servers" StaticText`
    t =   109.60s         Checking existence of `"Saved servers" StaticText`
    t =   109.70s Get number of matches for: Elements matching predicate 'identifier == "Close session switcher" OR label == "Close session switcher"'
    t =   109.72s Get number of matches for: Elements matching predicate 'identifier == "Close session switcher" OR label == "Close session switcher"'
    t =   109.75s Checking existence of `Button (Element at index 0)`
    t =   109.77s Find the Button (Element at index 0)
    t =   109.81s Get number of matches for: Elements matching predicate 'identifier == "Close session switcher" OR label == "Close session switcher"'
    t =   109.84s Checking existence of `Button (Element at index 0)`
    t =   109.86s Checking existence of `"Fixture One" StaticText`
    t =   109.88s Get number of matches for: Elements matching predicate 'identifier == "Add server" OR label == "Add server"'
    t =   109.91s Get number of matches for: Elements matching predicate 'identifier == "Add server" OR label == "Add server"'
    t =   109.93s Checking existence of `Button (Element at index 0)`
    t =   109.95s Find the Button (Element at index 0)
    t =   109.99s Waiting 10.0s for "Add server" Button to exist
    t =   111.02s     Checking `Expect predicate `existsNoRetry == 1` for object "Add server" Button`
    t =   111.02s         Checking existence of `"Add server" Button`
    t =   111.05s Tap "Add server" Button
    t =   111.05s     Wait for dev.meeterm.app to idle
    t =   111.05s     Find the "Add server" Button
    t =   111.08s     Check for interrupting elements affecting "Add server" Button
    t =   111.10s     Synthesize event
    t =   111.41s     Wait for dev.meeterm.app to idle
    t =   112.12s Waiting 10.0s for "Add server" StaticText to exist
    t =   113.19s     Checking `Expect predicate `existsNoRetry == 1` for object "Add server" StaticText`
    t =   113.19s         Checking existence of `"Add server" StaticText`
    t =   113.23s Checking existence of `"Host" TextField`
    t =   113.26s Waiting 10.0s for "Host" TextField to exist
    t =   114.30s     Checking `Expect predicate `existsNoRetry == 1` for object "Host" TextField`
    t =   114.30s         Checking existence of `"Host" TextField`
    t =   114.33s Tap "Host" TextField
    t =   114.33s     Wait for dev.meeterm.app to idle
    t =   114.34s     Find the "Host" TextField
    t =   114.37s     Check for interrupting elements affecting "ssh-host" TextField
    t =   114.40s     Synthesize event
    t =   114.71s     Wait for dev.meeterm.app to idle
    t =   115.06s Type 'ac9-guard.invalid' into "ssh-host" TextField
    t =   115.06s     Wait for dev.meeterm.app to idle
    t =   115.06s     Find the "ssh-host" TextField
    t =   115.11s     Check for interrupting elements affecting "ssh-host" TextField
    t =   115.15s     Synthesize event
    t =   115.66s     Wait for dev.meeterm.app to idle
    t =   115.66s Get number of matches for: Elements matching predicate 'identifier == "Back to saved servers" OR label == "Back to saved servers"'
    t =   115.71s Get number of matches for: Elements matching predicate 'identifier == "Back to saved servers" OR label == "Back to saved servers"'
    t =   115.75s Checking existence of `Button (Element at index 0)`
    t =   115.78s Find the Button (Element at index 0)
    t =   115.83s Waiting 10.0s for "Back to saved servers" Button to exist
    t =   116.85s     Checking `Expect predicate `existsNoRetry == 1` for object "Back to saved servers" Button`
    t =   116.85s         Checking existence of `"Back to saved servers" Button`
    t =   116.91s Tap "Back to saved servers" Button
    t =   116.91s     Wait for dev.meeterm.app to idle
    t =   116.91s     Find the "Back to saved servers" Button
    t =   116.95s     Check for interrupting elements affecting "Back to saved servers" Button
    t =   116.99s     Synthesize event
    t =   117.29s     Wait for dev.meeterm.app to idle
    t =   117.68s Waiting 10.0s for "Discard changes?" Alert to exist
    t =   118.72s     Checking `Expect predicate `existsNoRetry == 1` for object "Discard changes?" Alert`
    t =   118.72s         Checking existence of `"Discard changes?" Alert`
    t =   118.93s Tap "Keep editing" Button
    t =   118.93s     Wait for dev.meeterm.app to idle
    t =   118.94s     Find the "Keep editing" Button
    t =   118.98s     Check for interrupting elements affecting "Keep editing" Button
    t =   119.03s     Synthesize event
    t =   119.33s     Wait for dev.meeterm.app to idle
    t =   119.60s Waiting 5.0s for "Add server" StaticText to exist
    t =   120.62s     Checking `Expect predicate `existsNoRetry == 1` for object "Add server" StaticText`
    t =   120.62s         Checking existence of `"Add server" StaticText`
    t =   120.67s Swipe down Target Application 'dev.meeterm.app'
    t =   120.67s     Wait for dev.meeterm.app to idle
    t =   120.68s     Find the Target Application 'dev.meeterm.app'
    t =   120.71s     Check for interrupting elements affecting "meeterm" Application
    t =   120.75s     Synthesize event
    t =   121.14s     Wait for dev.meeterm.app to idle
    t =   121.64s Waiting 3.0s for "Add server" StaticText to exist
    t =   122.68s     Checking `Expect predicate `existsNoRetry == 1` for object "Add server" StaticText`
    t =   122.68s         Checking existence of `"Add server" StaticText`
    t =   122.82s Tap "Back to saved servers" Button
    t =   122.82s     Wait for dev.meeterm.app to idle
    t =   122.89s     Find the "Back to saved servers" Button
    t =   122.94s     Check for interrupting elements affecting "Back to saved servers" Button
    t =   122.98s     Synthesize event
    t =   123.27s     Wait for dev.meeterm.app to idle
    t =   123.66s Waiting 10.0s for "Discard changes?" Alert to exist
    t =   124.72s     Checking `Expect predicate `existsNoRetry == 1` for object "Discard changes?" Alert`
    t =   124.72s         Checking existence of `"Discard changes?" Alert`
    t =   124.76s Tap "Discard" Button
    t =   124.76s     Wait for dev.meeterm.app to idle
    t =   124.76s     Find the "Discard" Button
    t =   124.81s     Check for interrupting elements affecting "Discard" Button
    t =   124.86s     Synthesize event
    t =   125.16s     Wait for dev.meeterm.app to idle
    t =   125.53s Waiting 10.0s for "Saved servers" StaticText to exist
    t =   126.58s     Checking `Expect predicate `existsNoRetry == 1` for object "Saved servers" StaticText`
    t =   126.58s         Checking existence of `"Saved servers" StaticText`
    t =   126.61s Waiting 10.0s for "Add server" Button to exist
    t =   127.65s     Checking `Expect predicate `existsNoRetry == 1` for object "Add server" Button`
    t =   127.65s         Checking existence of `"Add server" Button`
    t =   127.68s Tap "Add server" Button
    t =   127.68s     Wait for dev.meeterm.app to idle
    t =   127.68s     Find the "Add server" Button
    t =   127.70s     Check for interrupting elements affecting "Add server" Button
    t =   127.74s     Synthesize event
    t =   128.04s     Wait for dev.meeterm.app to idle
    t =   128.04s Waiting 10.0s for "Add server" StaticText to exist
    t =   129.10s     Checking `Expect predicate `existsNoRetry == 1` for object "Add server" StaticText`
    t =   129.11s         Checking existence of `"Add server" StaticText`
    t =   129.15s Checking existence of `"Host" TextField`
    t =   129.18s Waiting 10.0s for "Host" TextField to exist
    t =   130.21s     Checking `Expect predicate `existsNoRetry == 1` for object "Host" TextField`
    t =   130.22s         Checking existence of `"Host" TextField`
    t =   130.25s Tap "Host" TextField
    t =   130.25s     Wait for dev.meeterm.app to idle
    t =   130.25s     Find the "Host" TextField
    t =   130.29s     Check for interrupting elements affecting "ssh-host" TextField
    t =   130.32s     Synthesize event
    t =   130.62s     Wait for dev.meeterm.app to idle
    t =   130.93s Type 'ac9-managed.invalid' into "ssh-host" TextField
    t =   130.93s     Wait for dev.meeterm.app to idle
    t =   130.94s     Find the "ssh-host" TextField
    t =   131.00s     Check for interrupting elements affecting "ssh-host" TextField
    t =   131.05s     Synthesize event
    t =   131.58s     Wait for dev.meeterm.app to idle
    t =   131.59s Checking existence of `"Username" TextField`
    t =   131.63s Waiting 10.0s for "Username" TextField to exist
    t =   132.68s     Checking `Expect predicate `existsNoRetry == 1` for object "Username" TextField`
    t =   132.68s         Checking existence of `"Username" TextField`
    t =   132.73s Tap "Username" TextField
    t =   132.73s     Wait for dev.meeterm.app to idle
    t =   132.73s     Find the "Username" TextField
    t =   132.78s     Check for interrupting elements affecting "ssh-username" TextField
    t =   132.82s     Synthesize event
    t =   133.12s     Wait for dev.meeterm.app to idle
    t =   133.12s Type 'ac9user' into "ssh-username" TextField
    t =   133.12s     Wait for dev.meeterm.app to idle
    t =   133.12s     Find the "ssh-username" TextField
    t =   133.17s     Check for interrupting elements affecting "ssh-username" TextField
    t =   133.21s     Synthesize event
    t =   133.53s     Wait for dev.meeterm.app to idle
    t =   133.54s Checking existence of `"Server name" TextField`
    t =   133.58s Waiting 3.0s for "Server name" TextField to exist
    t =   134.63s     Checking `Expect predicate `existsNoRetry == 1` for object "Server name" TextField`
    t =   134.63s         Checking existence of `"Server name" TextField`
    t =   134.68s Tap "Server name" TextField
    t =   134.68s     Wait for dev.meeterm.app to idle
    t =   134.68s     Find the "Server name" TextField
    t =   134.73s     Check for interrupting elements affecting "server-profile-name" TextField
    t =   134.78s     Synthesize event
    t =   134.79s         Scroll element to visible
    t =   134.80s         Find the "server-profile-name" TextField
    t =   134.85s         Computed hit point {220, 553} after scrolling to visible
    t =   135.14s     Wait for dev.meeterm.app to idle
    t =   135.52s Type 'AC9 Managed' into "server-profile-name" TextField
    t =   135.52s     Wait for dev.meeterm.app to idle
    t =   135.52s     Find the "server-profile-name" TextField
    t =   135.57s     Check for interrupting elements affecting "server-profile-name" TextField
    t =   135.61s     Synthesize event
    t =   136.02s     Wait for dev.meeterm.app to idle
    t =   136.02s Get number of matches for: Elements matching predicate 'identifier == "Save server" OR label == "Save server"'
    t =   136.07s Get number of matches for: Elements matching predicate 'identifier == "Save server" OR label == "Save server"'
    t =   136.12s Checking existence of `Button (Element at index 0)`
    t =   136.16s Find the Button (Element at index 0)
    t =   136.22s Tap "ssh-submit" Button
    t =   136.22s     Wait for dev.meeterm.app to idle
    t =   136.22s     Find the "ssh-submit" Button
    t =   136.27s     Check for interrupting elements affecting "ssh-submit" Button
    t =   136.31s     Synthesize event
    t =   136.61s     Wait for dev.meeterm.app to idle
    t =   136.87s Waiting 15.0s for "Connect saved server AC9 Managed" Button to exist
    t =   137.90s     Checking `Expect predicate `existsNoRetry == 1` for object "Connect saved server AC9 Managed" Button`
    t =   137.90s         Checking existence of `"Connect saved server AC9 Managed" Button`
    t =   138.01s Get number of matches for: Elements matching predicate 'identifier == "Server options AC9 Managed" OR label == "Server options AC9 Managed"'
    t =   138.03s Get number of matches for: Elements matching predicate 'identifier == "Server options AC9 Managed" OR label == "Server options AC9 Managed"'
    t =   138.06s Checking existence of `Button (Element at index 0)`
    t =   138.09s Find the Button (Element at index 0)
    t =   138.12s Waiting 10.0s for "Server options AC9 Managed" Button to exist
    t =   139.17s     Checking `Expect predicate `existsNoRetry == 1` for object "Server options AC9 Managed" Button`
    t =   139.17s         Checking existence of `"Server options AC9 Managed" Button`
    t =   139.19s Tap "Server options AC9 Managed" Button
    t =   139.19s     Wait for dev.meeterm.app to idle
    t =   139.19s     Find the "Server options AC9 Managed" Button
    t =   139.22s     Check for interrupting elements affecting "Server options AC9 Managed" Button
    t =   139.25s     Synthesize event
    t =   139.55s     Wait for dev.meeterm.app to idle
    t =   139.78s Get number of matches for: Elements matching predicate 'identifier == "Edit server" OR label == "Edit server"'
    t =   139.82s Get number of matches for: Elements matching predicate 'identifier == "Edit server" OR label == "Edit server"'
    t =   139.85s Checking existence of `Button (Element at index 0)`
    t =   139.88s Find the Button (Element at index 0)
    t =   139.92s Waiting 8.0s for "Edit server" Button to exist
    t =   140.97s     Checking `Expect predicate `existsNoRetry == 1` for object "Edit server" Button`
    t =   140.97s         Checking existence of `"Edit server" Button`
    t =   141.00s Checking existence of `"Edit server" Button`
    t =   141.03s Find the "Edit server" Button
    t =   141.07s Tap "Edit server" Button
    t =   141.07s     Wait for dev.meeterm.app to idle
    t =   141.07s     Find the "Edit server" Button
    t =   141.10s     Check for interrupting elements affecting "Edit server" Button
    t =   141.14s     Synthesize event
    t =   141.44s     Wait for dev.meeterm.app to idle
    t =   141.69s Waiting 10.0s for "Edit server" StaticText to exist
    t =   142.72s     Checking `Expect predicate `existsNoRetry == 1` for object "Edit server" StaticText`
    t =   142.72s         Checking existence of `"Edit server" StaticText`
    t =   142.87s Get number of matches for: Elements matching predicate 'identifier == "Back to saved servers" OR label == "Back to saved servers"'
    t =   142.90s Get number of matches for: Elements matching predicate 'identifier == "Back to saved servers" OR label == "Back to saved servers"'
    t =   142.93s Checking existence of `Button (Element at index 0)`
    t =   142.96s Find the Button (Element at index 0)
    t =   143.00s Waiting 8.0s for "Back to saved servers" Button to exist
    t =   144.05s     Checking `Expect predicate `existsNoRetry == 1` for object "Back to saved servers" Button`
    t =   144.05s         Checking existence of `"Back to saved servers" Button`
    t =   144.12s Tap "Back to saved servers" Button
    t =   144.12s     Wait for dev.meeterm.app to idle
    t =   144.12s     Find the "Back to saved servers" Button
    t =   144.16s     Check for interrupting elements affecting "Back to saved servers" Button
    t =   144.19s     Synthesize event
    t =   144.49s     Wait for dev.meeterm.app to idle
    t =   144.49s Waiting 10.0s for "Saved servers" StaticText to exist
    t =   145.52s     Checking `Expect predicate `existsNoRetry == 1` for object "Saved servers" StaticText`
    t =   145.52s         Checking existence of `"Saved servers" StaticText`
    t =   145.56s Get number of matches for: Elements matching predicate 'identifier == "Server options AC9 Managed" OR label == "Server options AC9 Managed"'
    t =   145.59s Get number of matches for: Elements matching predicate 'identifier == "Server options AC9 Managed" OR label == "Server options AC9 Managed"'
    t =   145.61s Checking existence of `Button (Element at index 0)`
    t =   145.64s Find the Button (Element at index 0)
    t =   145.67s Waiting 8.0s for "Server options AC9 Managed" Button to exist
    t =   146.75s     Checking `Expect predicate `existsNoRetry == 1` for object "Server options AC9 Managed" Button`
    t =   146.76s         Checking existence of `"Server options AC9 Managed" Button`
    t =   146.80s Tap "Server options AC9 Managed" Button
    t =   146.80s     Wait for dev.meeterm.app to idle
    t =   146.80s     Find the "Server options AC9 Managed" Button
    t =   146.83s     Check for interrupting elements affecting "Server options AC9 Managed" Button
    t =   146.86s     Synthesize event
    t =   147.17s     Wait for dev.meeterm.app to idle
    t =   147.40s Get number of matches for: Elements matching predicate 'identifier == "Remove" OR label == "Remove"'
    t =   147.44s Get number of matches for: Elements matching predicate 'identifier == "Remove" OR label == "Remove"'
    t =   147.47s Checking existence of `Button (Element at index 0)`
    t =   147.50s Find the Button (Element at index 0)
    t =   147.53s Waiting 8.0s for "Remove" Button to exist
    t =   148.56s     Checking `Expect predicate `existsNoRetry == 1` for object "Remove" Button`
    t =   148.56s         Checking existence of `"Remove" Button`
    t =   148.59s Tap "Remove" Button
    t =   148.59s     Wait for dev.meeterm.app to idle
    t =   148.59s     Find the "Remove" Button
    t =   148.63s     Check for interrupting elements affecting "Remove" Button
    t =   148.66s     Synthesize event
    t =   148.96s     Wait for dev.meeterm.app to idle
    t =   149.22s Waiting 8.0s for "Remove saved server?" Alert to exist
    t =   150.27s     Checking `Expect predicate `existsNoRetry == 1` for object "Remove saved server?" Alert`
    t =   150.27s         Checking existence of `"Remove saved server?" Alert`
    t =   150.41s Tap "Remove" Button
    t =   150.42s     Wait for dev.meeterm.app to idle
    t =   150.42s     Find the "Remove" Button
    t =   150.45s     Check for interrupting elements affecting "Remove" Button
    t =   150.49s     Synthesize event
    t =   150.79s     Wait for dev.meeterm.app to idle
    t =   151.02s Waiting 3.0s for "AC9 Managed" StaticText to exist
    t =   152.12s     Checking `Expect predicate `existsNoRetry == 1` for object "AC9 Managed" StaticText`
    t =   152.12s         Checking existence of `"AC9 Managed" StaticText`
    t =   152.15s         Capturing element debug description
    t =   153.12s     Checking `Expect predicate `existsNoRetry == 1` for object "AC9 Managed" StaticText`
    t =   153.12s         Checking existence of `"AC9 Managed" StaticText`
    t =   153.14s         Capturing element debug description
    t =   154.03s     Checking `Expect predicate `existsNoRetry == 1` for object "AC9 Managed" StaticText`
    t =   154.03s         Checking existence of `"AC9 Managed" StaticText`
    t =   154.08s         Capturing element debug description
    t =   154.09s     Checking existence of `"AC9 Managed" StaticText`
    t =   154.11s Collecting debug information to assist test failure triage
    t =   154.11s     Requesting snapshot of accessibility hierarchy for app with pid 59118
    t =   154.15s Get number of matches for: Elements matching predicate 'identifier == "Connect saved server Fixture One" OR label == "Connect saved server Fixture One"'
    t =   154.17s Get number of matches for: Elements matching predicate 'identifier == "Connect saved server Fixture One" OR label == "Connect saved server Fixture One"'
    t =   154.19s Checking existence of `Button (Element at index 0)`
    t =   154.21s Find the Button (Element at index 0)
    t =   154.25s Waiting 10.0s for "server-profile-664d48af-ab91-458b-afc3-4a02418e6f6a" Button to exist
    t =   155.32s     Checking `Expect predicate `existsNoRetry == 1` for object "server-profile-664d48af-ab91-458b-afc3-4a02418e6f6a" Button`
    t =   155.32s         Checking existence of `"server-profile-664d48af-ab91-458b-afc3-4a02418e6f6a" Button`
    t =   155.36s Tap "server-profile-664d48af-ab91-458b-afc3-4a02418e6f6a" Button
    t =   155.36s     Wait for dev.meeterm.app to idle
    t =   155.36s     Find the "server-profile-664d48af-ab91-458b-afc3-4a02418e6f6a" Button
    t =   155.39s     Check for interrupting elements affecting "server-profile-664d48af-ab91-458b-afc3-4a02418e6f6a" Button
    t =   155.42s     Synthesize event
    t =   155.72s     Wait for dev.meeterm.app to idle
    t =   155.73s Waiting 15.0s for "Switch session" StaticText to exist
    t =   156.76s     Checking `Expect predicate `existsNoRetry == 1` for object "Switch session" StaticText`
    t =   156.76s         Checking existence of `"Switch session" StaticText`
    t =   156.87s Waiting 15.0s for "meeterm" StaticText to exist
    t =   157.93s     Checking `Expect predicate `existsNoRetry == 1` for object "meeterm" StaticText`
    t =   157.93s         Checking existence of `"meeterm" StaticText`
    t =   157.96s Get number of matches for: Elements matching predicate 'identifier == "Manage servers" OR label == "Manage servers"'
    t =   157.99s Get number of matches for: Elements matching predicate 'identifier == "Manage servers" OR label == "Manage servers"'
    t =   158.01s Checking existence of `Button (Element at index 0)`
    t =   158.04s Find the Button (Element at index 0)
    t =   158.08s Waiting 10.0s for "switcher-manage-servers" Button to exist
    t =   159.13s     Checking `Expect predicate `existsNoRetry == 1` for object "switcher-manage-servers" Button`
    t =   159.13s         Checking existence of `"switcher-manage-servers" Button`
    t =   159.16s Tap "switcher-manage-servers" Button
    t =   159.16s     Wait for dev.meeterm.app to idle
    t =   159.16s     Find the "switcher-manage-servers" Button
    t =   159.19s     Check for interrupting elements affecting "switcher-manage-servers" Button
    t =   159.22s     Synthesize event
    t =   159.52s     Wait for dev.meeterm.app to idle
    t =   159.52s Get number of matches for: Elements matching predicate 'identifier == "Back to session switcher" OR label == "Back to session switcher"'
    t =   159.55s Get number of matches for: Elements matching predicate 'identifier == "Back to session switcher" OR label == "Back to session switcher"'
    t =   159.57s Checking existence of `Button (Element at index 0)`
    t =   159.60s Find the Button (Element at index 0)
    t =   159.63s Waiting 10.0s for "Back to session switcher" Button to exist
    t =   160.68s     Checking `Expect predicate `existsNoRetry == 1` for object "Back to session switcher" Button`
    t =   160.68s         Checking existence of `"Back to session switcher" Button`
    t =   160.71s Checking existence of `"Back to session switcher" Button`
    t =   160.73s Find the "Back to session switcher" Button
    t =   160.77s Tap "Back to session switcher" Button
    t =   160.77s     Wait for dev.meeterm.app to idle
    t =   160.77s     Find the "Back to session switcher" Button
    t =   160.80s     Check for interrupting elements affecting "Back to session switcher" Button
    t =   160.82s     Synthesize event
    t =   161.13s     Wait for dev.meeterm.app to idle
    t =   161.14s Waiting 15.0s for "Switch session" StaticText to exist
    t =   162.20s     Checking `Expect predicate `existsNoRetry == 1` for object "Switch session" StaticText`
    t =   162.20s         Checking existence of `"Switch session" StaticText`
    t =   162.32s Type '⎋' key (XCUIKeyboardKeyEscape) with no modifiers
    t =   162.32s     Wait for dev.meeterm.app to idle
    t =   162.32s     Find the Target Application 'dev.meeterm.app'
    t =   162.35s     Check for interrupting elements affecting "meeterm" Application
    t =   162.37s     Synthesize event
    t =   162.59s     Wait for dev.meeterm.app to idle
    t =   162.62s Get number of matches for: Elements matching predicate 'identifier == "Close session switcher" OR label == "Close session switcher"'
    t =   162.64s Get number of matches for: Elements matching predicate 'identifier == "Close session switcher" OR label == "Close session switcher"'
    t =   162.67s Checking existence of `Button (Element at index 0)`
    t =   162.70s Find the Button (Element at index 0)
    t =   162.73s Waiting 4.0s for "Close session switcher" Button to exist
    t =   163.73s     Checking `Expect predicate `existsNoRetry == 1` for object "Close session switcher" Button`
    t =   163.73s         Checking existence of `"Close session switcher" Button`
    t =   163.86s Swipe down Target Application 'dev.meeterm.app'
    t =   163.86s     Wait for dev.meeterm.app to idle
    t =   163.87s     Find the Target Application 'dev.meeterm.app'
    t =   163.89s     Check for interrupting elements affecting "meeterm" Application
    t =   163.91s     Synthesize event
    t =   164.31s     Wait for dev.meeterm.app to idle
    t =   164.63s Get number of matches for: Elements matching predicate 'identifier == "Close session switcher" OR label == "Close session switcher"'
    t =   164.65s Waiting 4.0s for "Close session switcher" Any to exist
    t =   165.71s     Checking `Expect predicate `existsNoRetry == 1` for object "Close session switcher" Any`
    t =   165.71s         Checking existence of `"Close session switcher" Any`
    t =   165.75s         Capturing element debug description
    t =   166.69s     Checking `Expect predicate `existsNoRetry == 1` for object "Close session switcher" Any`
    t =   166.69s         Checking existence of `"Close session switcher" Any`
    t =   166.71s         Capturing element debug description
    t =   167.68s     Checking `Expect predicate `existsNoRetry == 1` for object "Close session switcher" Any`
    t =   167.68s         Checking existence of `"Close session switcher" Any`
    t =   167.70s         Capturing element debug description
    t =   168.66s     Checking `Expect predicate `existsNoRetry == 1` for object "Close session switcher" Any`
    t =   168.66s         Checking existence of `"Close session switcher" Any`
    t =   168.68s         Capturing element debug description
    t =   168.68s     Checking existence of `"Close session switcher" Any`
    t =   168.71s Collecting debug information to assist test failure triage
    t =   168.71s     Requesting snapshot of accessibility hierarchy for app with pid 59118
    t =   168.81s Get all elements bound by index for: Elements matching predicate 'identifier == "Terminal" OR label == "Terminal" OR label == "Terminal, cached output, read only"'
    t =   169.09s Get all elements bound by index for: Elements matching predicate 'identifier == "Terminal" OR label == "Terminal" OR label == "Terminal, cached output, read only"'
    t =   169.37s Get all elements bound by index for: Elements matching predicate 'identifier == "Terminal" OR label == "Terminal" OR label == "Terminal, cached output, read only"'
    t =   169.65s Get all elements bound by index for: Elements matching predicate 'identifier == "Terminal" OR label == "Terminal" OR label == "Terminal, cached output, read only"'
    t =   169.92s Get all elements bound by index for: Elements matching predicate 'identifier == "Terminal" OR label == "Terminal" OR label == "Terminal, cached output, read only"'
    t =   170.20s Get all elements bound by index for: Elements matching predicate 'identifier == "Terminal" OR label == "Terminal" OR label == "Terminal, cached output, read only"'
    t =   170.48s Get all elements bound by index for: Elements matching predicate 'identifier == "Terminal" OR label == "Terminal" OR label == "Terminal, cached output, read only"'
    t =   170.77s Get all elements bound by index for: Elements matching predicate 'identifier == "Terminal" OR label == "Terminal" OR label == "Terminal, cached output, read only"'
    t =   171.05s Get all elements bound by index for: Elements matching predicate 'identifier == "Terminal" OR label == "Terminal" OR label == "Terminal, cached output, read only"'
    t =   171.34s Get all elements bound by index for: Elements matching predicate 'identifier == "Terminal" OR label == "Terminal" OR label == "Terminal, cached output, read only"'
    t =   171.61s Get all elements bound by index for: Elements matching predicate 'identifier == "Terminal" OR label == "Terminal" OR label == "Terminal, cached output, read only"'
    t =   171.90s Get all elements bound by index for: Elements matching predicate 'identifier == "Terminal" OR label == "Terminal" OR label == "Terminal, cached output, read only"'
    t =   172.17s Get all elements bound by index for: Elements matching predicate 'identifier == "Terminal" OR label == "Terminal" OR label == "Terminal, cached output, read only"'
    t =   172.45s Get all elements bound by index for: Elements matching predicate 'identifier == "Terminal" OR label == "Terminal" OR label == "Terminal, cached output, read only"'
    t =   172.73s Get all elements bound by index for: Elements matching predicate 'identifier == "Terminal" OR label == "Terminal" OR label == "Terminal, cached output, read only"'
    t =   173.01s Get all elements bound by index for: Elements matching predicate 'identifier == "Terminal" OR label == "Terminal" OR label == "Terminal, cached output, read only"'
    t =   173.30s Get all elements bound by index for: Elements matching predicate 'identifier == "Terminal" OR label == "Terminal" OR label == "Terminal, cached output, read only"'
    t =   173.60s Get all elements bound by index for: Elements matching predicate 'identifier == "Terminal" OR label == "Terminal" OR label == "Terminal, cached output, read only"'
    t =   173.87s Get all elements bound by index for: Elements matching predicate 'identifier == "Terminal" OR label == "Terminal" OR label == "Terminal, cached output, read only"'
    t =   174.15s Get all elements bound by index for: Elements matching predicate 'identifier == "Terminal" OR label == "Terminal" OR label == "Terminal, cached output, read only"'
    t =   174.44s Get all elements bound by index for: Elements matching predicate 'identifier == "Terminal" OR label == "Terminal" OR label == "Terminal, cached output, read only"'
    t =   174.74s Get all elements bound by index for: Elements matching predicate 'identifier == "Terminal" OR label == "Terminal" OR label == "Terminal, cached output, read only"'
    t =   175.02s Get all elements bound by index for: Elements matching predicate 'identifier == "Terminal" OR label == "Terminal" OR label == "Terminal, cached output, read only"'
    t =   175.29s Get all elements bound by index for: Elements matching predicate 'identifier == "Terminal" OR label == "Terminal" OR label == "Terminal, cached output, read only"'
    t =   175.57s Get all elements bound by index for: Elements matching predicate 'identifier == "Terminal" OR label == "Terminal" OR label == "Terminal, cached output, read only"'
    t =   175.87s Get all elements bound by index for: Elements matching predicate 'identifier == "Terminal" OR label == "Terminal" OR label == "Terminal, cached output, read only"'
    t =   176.16s Get all elements bound by index for: Elements matching predicate 'identifier == "Terminal" OR label == "Terminal" OR label == "Terminal, cached output, read only"'
    t =   176.43s Get all elements bound by index for: Elements matching predicate 'identifier == "Terminal" OR label == "Terminal" OR label == "Terminal, cached output, read only"'
    t =   176.72s Get all elements bound by index for: Elements matching predicate 'identifier == "Terminal" OR label == "Terminal" OR label == "Terminal, cached output, read only"'
    t =   177.02s Get all elements bound by index for: Elements matching predicate 'identifier == "Terminal" OR label == "Terminal" OR label == "Terminal, cached output, read only"'
    t =   177.29s Get all elements bound by index for: Elements matching predicate 'identifier == "Terminal" OR label == "Terminal" OR label == "Terminal, cached output, read only"'
    t =   177.57s Get all elements bound by index for: Elements matching predicate 'identifier == "Terminal" OR label == "Terminal" OR label == "Terminal, cached output, read only"'
    t =   177.85s Get all elements bound by index for: Elements matching predicate 'identifier == "Terminal" OR label == "Terminal" OR label == "Terminal, cached output, read only"'
    t =   178.13s Get all elements bound by index for: Elements matching predicate 'identifier == "Terminal" OR label == "Terminal" OR label == "Terminal, cached output, read only"'
    t =   178.43s Get all elements bound by index for: Elements matching predicate 'identifier == "Terminal" OR label == "Terminal" OR label == "Terminal, cached output, read only"'
    t =   178.72s Get all elements bound by index for: Elements matching predicate 'identifier == "Terminal" OR label == "Terminal" OR label == "Terminal, cached output, read only"'
    t =   178.99s Get all elements bound by index for: Elements matching predicate 'identifier == "Terminal" OR label == "Terminal" OR label == "Terminal, cached output, read only"'
    t =   179.26s Get all elements bound by index for: Elements matching predicate 'identifier == "Terminal" OR label == "Terminal" OR label == "Terminal, cached output, read only"'
    t =   179.56s Get all elements bound by index for: Elements matching predicate 'identifier == "Terminal" OR label == "Terminal" OR label == "Terminal, cached output, read only"'
    t =   179.83s Get all elements bound by index for: Elements matching predicate 'identifier == "Terminal" OR label == "Terminal" OR label == "Terminal, cached output, read only"'
    t =   180.12s Get all elements bound by index for: Elements matching predicate 'identifier == "Terminal" OR label == "Terminal" OR label == "Terminal, cached output, read only"'
    t =   180.39s Get all elements bound by index for: Elements matching predicate 'identifier == "Terminal" OR label == "Terminal" OR label == "Terminal, cached output, read only"'
    t =   180.68s Get all elements bound by index for: Elements matching predicate 'identifier == "Terminal" OR label == "Terminal" OR label == "Terminal, cached output, read only"'
    t =   180.95s Get all elements bound by index for: Elements matching predicate 'identifier == "Terminal" OR label == "Terminal" OR label == "Terminal, cached output, read only"'
    t =   181.22s Get all elements bound by index for: Elements matching predicate 'identifier == "Terminal" OR label == "Terminal" OR label == "Terminal, cached output, read only"'
    t =   181.49s Get all elements bound by index for: Elements matching predicate 'identifier == "Terminal" OR label == "Terminal" OR label == "Terminal, cached output, read only"'
    t =   181.77s Get all elements bound by index for: Elements matching predicate 'identifier == "Terminal" OR label == "Terminal" OR label == "Terminal, cached output, read only"'
    t =   182.05s Get all elements bound by index for: Elements matching predicate 'identifier == "Terminal" OR label == "Terminal" OR label == "Terminal, cached output, read only"'
    t =   182.33s Get all elements bound by index for: Elements matching predicate 'identifier == "Terminal" OR label == "Terminal" OR label == "Terminal, cached output, read only"'
    t =   182.60s Get all elements bound by index for: Elements matching predicate 'identifier == "Terminal" OR label == "Terminal" OR label == "Terminal, cached output, read only"'
    t =   182.89s Get all elements bound by index for: Elements matching predicate 'identifier == "Terminal" OR label == "Terminal" OR label == "Terminal, cached output, read only"'
    t =   183.19s Get all elements bound by index for: Elements matching predicate 'identifier == "Terminal" OR label == "Terminal" OR label == "Terminal, cached output, read only"'
    t =   183.49s Get all elements bound by index for: Elements matching predicate 'identifier == "Terminal" OR label == "Terminal" OR label == "Terminal, cached output, read only"'
    t =   183.76s Get all elements bound by index for: Elements matching predicate 'identifier == "Terminal" OR label == "Terminal" OR label == "Terminal, cached output, read only"'
    t =   184.05s Get all elements bound by index for: Elements matching predicate 'identifier == "Terminal" OR label == "Terminal" OR label == "Terminal, cached output, read only"'
    t =   184.09s Get number of matches for: Elements matching predicate 'identifier BEGINSWITH "workspace-row-" AND label BEGINSWITH "Workspace "'
    t =   184.11s Find the Button (Element at index 0)
    t =   184.22s Get number of matches for: Elements matching predicate 'identifier == "Disconnect" OR label == "Disconnect"'
    t =   184.24s Waiting 30.0s for "Disconnect" Any to exist
    t =   185.30s     Checking `Expect predicate `existsNoRetry == 1` for object "Disconnect" Any`
    t =   185.30s         Checking existence of `"Disconnect" Any`
    t =   185.33s         Capturing element debug description
    t =   186.25s     Checking `Expect predicate `existsNoRetry == 1` for object "Disconnect" Any`
    t =   186.25s         Checking existence of `"Disconnect" Any`
    t =   186.28s         Capturing element debug description
    t =   187.25s     Checking `Expect predicate `existsNoRetry == 1` for object "Disconnect" Any`
    t =   187.25s         Checking existence of `"Disconnect" Any`
    t =   187.27s         Capturing element debug description
    t =   188.25s     Checking `Expect predicate `existsNoRetry == 1` for object "Disconnect" Any`
    t =   188.25s         Checking existence of `"Disconnect" Any`
    t =   188.27s         Capturing element debug description
    t =   189.25s     Checking `Expect predicate `existsNoRetry == 1` for object "Disconnect" Any`
    t =   189.25s         Checking existence of `"Disconnect" Any`
    t =   189.28s         Capturing element debug description
    t =   190.32s     Checking `Expect predicate `existsNoRetry == 1` for object "Disconnect" Any`
    t =   190.32s         Checking existence of `"Disconnect" Any`
    t =   190.33s         Capturing element debug description
    t =   191.25s     Checking `Expect predicate `existsNoRetry == 1` for object "Disconnect" Any`
    t =   191.25s         Checking existence of `"Disconnect" Any`
    t =   191.27s         Capturing element debug description
    t =   192.32s     Checking `Expect predicate `existsNoRetry == 1` for object "Disconnect" Any`
    t =   192.32s         Checking existence of `"Disconnect" Any`
    t =   192.34s         Capturing element debug description
    t =   193.27s     Checking `Expect predicate `existsNoRetry == 1` for object "Disconnect" Any`
    t =   193.27s         Checking existence of `"Disconnect" Any`
    t =   193.28s         Capturing element debug description
    t =   194.32s     Checking `Expect predicate `existsNoRetry == 1` for object "Disconnect" Any`
    t =   194.32s         Checking existence of `"Disconnect" Any`
    t =   194.33s         Capturing element debug description
    t =   195.28s     Checking `Expect predicate `existsNoRetry == 1` for object "Disconnect" Any`
    t =   195.28s         Checking existence of `"Disconnect" Any`
    t =   195.30s         Capturing element debug description
    t =   196.25s     Checking `Expect predicate `existsNoRetry == 1` for object "Disconnect" Any`
    t =   196.25s         Checking existence of `"Disconnect" Any`
    t =   196.28s         Capturing element debug description
    t =   197.32s     Checking `Expect predicate `existsNoRetry == 1` for object "Disconnect" Any`
    t =   197.32s         Checking existence of `"Disconnect" Any`
    t =   197.34s         Capturing element debug description
    t =   198.28s     Checking `Expect predicate `existsNoRetry == 1` for object "Disconnect" Any`
    t =   198.28s         Checking existence of `"Disconnect" Any`
    t =   198.30s         Capturing element debug description
    t =   199.25s     Checking `Expect predicate `existsNoRetry == 1` for object "Disconnect" Any`
    t =   199.25s         Checking existence of `"Disconnect" Any`
    t =   199.27s         Capturing element debug description
    t =   200.28s     Checking `Expect predicate `existsNoRetry == 1` for object "Disconnect" Any`
    t =   200.28s         Checking existence of `"Disconnect" Any`
    t =   200.31s         Capturing element debug description
    t =   201.26s     Checking `Expect predicate `existsNoRetry == 1` for object "Disconnect" Any`
    t =   201.26s         Checking existence of `"Disconnect" Any`
    t =   201.28s         Capturing element debug description
    t =   202.32s     Checking `Expect predicate `existsNoRetry == 1` for object "Disconnect" Any`
    t =   202.32s         Checking existence of `"Disconnect" Any`
    t =   202.34s         Capturing element debug description
    t =   203.28s     Checking `Expect predicate `existsNoRetry == 1` for object "Disconnect" Any`
    t =   203.28s         Checking existence of `"Disconnect" Any`
    t =   203.30s         Capturing element debug description
    t =   204.25s     Checking `Expect predicate `existsNoRetry == 1` for object "Disconnect" Any`
    t =   204.25s         Checking existence of `"Disconnect" Any`
    t =   204.27s         Capturing element debug description
    t =   205.32s     Checking `Expect predicate `existsNoRetry == 1` for object "Disconnect" Any`
    t =   205.32s         Checking existence of `"Disconnect" Any`
    t =   205.33s         Capturing element debug description
    t =   206.25s     Checking `Expect predicate `existsNoRetry == 1` for object "Disconnect" Any`
    t =   206.25s         Checking existence of `"Disconnect" Any`
    t =   206.27s         Capturing element debug description
    t =   207.30s     Checking `Expect predicate `existsNoRetry == 1` for object "Disconnect" Any`
    t =   207.30s         Checking existence of `"Disconnect" Any`
    t =   207.32s         Capturing element debug description
    t =   208.25s     Checking `Expect predicate `existsNoRetry == 1` for object "Disconnect" Any`
    t =   208.25s         Checking existence of `"Disconnect" Any`
    t =   208.27s         Capturing element debug description
    t =   209.32s     Checking `Expect predicate `existsNoRetry == 1` for object "Disconnect" Any`
    t =   209.32s         Checking existence of `"Disconnect" Any`
    t =   209.33s         Capturing element debug description
    t =   210.25s     Checking `Expect predicate `existsNoRetry == 1` for object "Disconnect" Any`
    t =   210.25s         Checking existence of `"Disconnect" Any`
    t =   210.27s         Capturing element debug description
    t =   211.30s     Checking `Expect predicate `existsNoRetry == 1` for object "Disconnect" Any`
    t =   211.30s         Checking existence of `"Disconnect" Any`
    t =   211.32s         Capturing element debug description
    t =   212.27s     Checking `Expect predicate `existsNoRetry == 1` for object "Disconnect" Any`
    t =   212.27s         Checking existence of `"Disconnect" Any`
    t =   212.28s         Capturing element debug description
    t =   213.32s     Checking `Expect predicate `existsNoRetry == 1` for object "Disconnect" Any`
    t =   213.32s         Checking existence of `"Disconnect" Any`
    t =   213.33s         Capturing element debug description
    t =   214.25s     Checking `Expect predicate `existsNoRetry == 1` for object "Disconnect" Any`
    t =   214.25s         Checking existence of `"Disconnect" Any`
    t =   214.27s         Capturing element debug description
    t =   214.27s     Checking existence of `"Disconnect" Any`
    t =   214.29s Collecting debug information to assist test failure triage
    t =   214.29s     Requesting snapshot of accessibility hierarchy for app with pid 59118
    t =   214.31s Get number of matches for: Elements matching predicate 'identifier == "Server connection" OR label == "Server connection"'
    t =   214.33s Get number of matches for: Elements matching predicate 'identifier == "Server connection" OR label == "Server connection"'
    t =   214.35s Checking existence of `Button (Element at index 0)`
    t =   214.36s Find the Button (Element at index 0)
    t =   214.39s Waiting 10.0s for "Server connection" Button to exist
    t =   215.42s     Checking `Expect predicate `existsNoRetry == 1` for object "Server connection" Button`
    t =   215.42s         Checking existence of `"Server connection" Button`
    t =   215.44s Get number of matches for: Elements matching predicate 'identifier == "Server connection" OR label == "Server connection"'
    t =   215.46s Get number of matches for: Elements matching predicate 'identifier == "Server connection" OR label == "Server connection"'
    t =   215.47s Checking existence of `Button (Element at index 0)`
    t =   215.49s Find the Button (Element at index 0)
    t =   215.52s Tap "Server connection" Button
    t =   215.52s     Wait for dev.meeterm.app to idle
    t =   215.53s     Find the "Server connection" Button
    t =   215.54s     Check for interrupting elements affecting "Server connection" Button
    t =   215.57s     Synthesize event
    t =   215.87s     Wait for dev.meeterm.app to idle
    t =   216.21s Get number of matches for: Elements matching predicate 'identifier == "Disconnect" OR label == "Disconnect"'
    t =   216.24s Get number of matches for: Elements matching predicate 'identifier == "Disconnect" OR label == "Disconnect"'
    t =   216.27s Checking existence of `Button (Element at index 0)`
    t =   216.29s Find the Button (Element at index 0)
    t =   216.33s Waiting 10.0s for "Disconnect" Button to exist
    t =   217.39s     Checking `Expect predicate `existsNoRetry == 1` for object "Disconnect" Button`
    t =   217.39s         Checking existence of `"Disconnect" Button`
    t =   217.42s Get number of matches for: Elements matching predicate 'identifier == "Disconnect" OR label == "Disconnect"'
    t =   217.44s Get number of matches for: Elements matching predicate 'identifier == "Disconnect" OR label == "Disconnect"'
    t =   217.46s Checking existence of `Button (Element at index 0)`
    t =   217.49s Find the Button (Element at index 0)
    t =   217.52s Tap "Disconnect" Button
    t =   217.52s     Wait for dev.meeterm.app to idle
    t =   217.52s     Find the "Disconnect" Button
    t =   217.55s     Check for interrupting elements affecting "Disconnect" Button
    t =   217.58s     Synthesize event
    t =   217.88s     Wait for dev.meeterm.app to idle
    t =   218.21s Checking existence of `"Not connected" StaticText`
    t =   218.24s Tear Down
Test Case '-[meetermTests.MeetermSmokeUITests testAc9SwitcherDiagnostics]' passed (218.545 seconds).
Test Suite 'MeetermSmokeUITests' passed at 2026-09-23 21:25:13.027.
	 Executed 1 test, with 0 failures (0 unexpected) in 218.545 (218.551) seconds
Test Suite 'meetermTests.xctest' passed at 2026-09-23 21:25:13.027.
	 Executed 1 test, with 0 failures (0 unexpected) in 218.545 (218.551) seconds
Test Suite 'Selected tests' passed at 2026-09-23 21:25:13.028.
	 Executed 1 test, with 0 failures (0 unexpected) in 218.545 (218.552) seconds
2026-09-23 21:26:00.095 xcodebuild[59057:428181] [MT] IDETestOperationsObserverDebug: 268.935 elapsed -- Testing started completed.
2026-09-23 21:26:00.095 xcodebuild[59057:428181] [MT] IDETestOperationsObserverDebug: 0.000 sec, +0.000 sec -- start
2026-09-23 21:26:00.095 xcodebuild[59057:428181] [MT] IDETestOperationsObserverDebug: 268.935 sec, +268.935 sec -- end

Test session results, code coverage, and logs:
	/Users/devin/runner-temp/meeterm-ios-ac9-drive.xcresult

** TEST EXECUTE SUCCEEDED **

Testing started
