Command line invocation:
    /Applications/Xcode.app/Contents/Developer/usr/bin/xcodebuild test-without-building -xctestrun /Users/devin/runner-temp/meeterm-derived-data/Build/Products/.meeterm-q9rsi0dh.xctestrun -destination "platform=iOS Simulator,id=7EE2EBC1-0640-4950-AAFF-B4CDF455F377" CODE_SIGNING_ALLOWED=NO CODE_SIGNING_REQUIRED=NO "-only-testing:meetermTests/MeetermSmokeUITests/testShortSshInputAndDisconnect" -resultBundlePath /Users/devin/runner-temp/meeterm-ios-ssh.xcresult

Build settings from command line:
    CODE_SIGNING_ALLOWED = NO
    CODE_SIGNING_REQUIRED = NO

2026-09-24 22:10:53.209 xcodebuild[34243:264831] [MT] IDERunDestination: Supported platforms for the buildables in the current scheme is empty.
Writing result bundle at path:
	/Users/devin/runner-temp/meeterm-ios-ssh.xcresult

2026-09-24 22:10:53.212 xcodebuild[34243:264831] [MT] IDERunDestination: Supported platforms for the buildables in the current scheme is empty.
2026-09-24 22:10:53.420 xcodebuild[34243:264831] [MT] IDERunDestination: Supported platforms for the buildables in the current scheme is empty.
2026-09-24 22:10:55.112237-0700 meetermTests-Runner[34249:264964] [Default] Running tests...
    t =      nans Interface orientation changed to Portrait
Test Suite 'Selected tests' started at 2026-09-24 22:10:57.411.
Test Suite 'meetermTests.xctest' started at 2026-09-24 22:10:57.411.
Test Suite 'MeetermSmokeUITests' started at 2026-09-24 22:10:57.411.
Test Case '-[meetermTests.MeetermSmokeUITests testShortSshInputAndDisconnect]' started.
    t =     0.01s Start Test at 2026-09-24 22:10:57.417
    t =     0.02s Set Up
    t =     0.03s     Open dev.meeterm.app
    t =     0.03s         Launch dev.meeterm.app
2026-09-24 22:10:57.484 xcodebuild[34243:264831] [MT] IDELaunchParametersSnapshot: The operation couldn’t be completed. (DebuggerLLDB.DebuggerVersionStore.StoreError error 0.)
2026-09-24 22:10:57.484 xcodebuild[34243:264831] [MT] IDELaunchParametersSnapshot: no debugger version
    t =     0.91s             Setting up automation session
objc[34249]: Class UIAccessibilityLoaderWebShared is implemented in both /Library/Developer/CoreSimulator/Profiles/Runtimes/iOS 27.0.simruntime/Contents/Resources/RuntimeRoot/System/Library/AccessibilityBundles/WebKit.axbundle/WebKit (0x108534398) and /Library/Developer/CoreSimulator/Profiles/Runtimes/iOS 27.0.simruntime/Contents/Resources/RuntimeRoot/System/Library/AccessibilityBundles/WebCore.axbundle/WebCore (0x108730310). This may cause spurious casting failures and mysterious crashes. One of the duplicates must be removed or renamed.
    t =     3.90s             Wait for dev.meeterm.app to idle
    t =     5.32s     Wait for dev.meeterm.app to become Running Foreground
    t =     5.32s     Checking existence of `Window (First Match)`
    t =     5.33s     Find the Window (First Match)
    t =     5.35s     Find the Window at {{0.0, 0.0}, {440.0, 956.0}}
    t =     5.40s     Checking existence of `Button (First Match)`
    t =     5.46s     Find the Button (First Match)
    t =     5.53s     Find the "open-settings" Button
    t =     5.58s     Checking existence of `Button (First Match)`
    t =     5.62s     Find the Button (First Match)
    t =     5.68s     Find the "Connect" Button
    t =     5.72s     Checking existence of `Button (First Match)`
    t =     5.77s     Checking existence of `TextField (First Match)`
    t =     5.82s     Checking existence of `StaticText (First Match)`
    t =     5.89s     Checking existence of `StaticText (First Match)`
    t =     5.96s     Checking existence of `StaticText (First Match)`
    t =     6.01s     Checking existence of `StaticText (First Match)`
    t =     6.06s     Checking existence of `StaticText (First Match)`
    t =     6.11s     Checking existence of `StaticText (First Match)`
    t =     6.24s     Checking existence of `StaticText (First Match)`
    t =     6.33s     Checking existence of `StaticText (First Match)`
    t =     6.47s     Find the Target Application 'dev.meeterm.app'
    t =     6.64s Get number of matches for: Elements matching predicate 'identifier == "Connect" OR label == "Connect"'
    t =     6.66s Get number of matches for: Elements matching predicate 'identifier == "Connect" OR label == "Connect"'
    t =     6.68s Checking existence of `Button (Element at index 0)`
    t =     6.70s Find the Button (Element at index 0)
    t =     6.75s Waiting 20.0s for "Connect" Button to exist
    t =     7.81s     Checking `Expect predicate `existsNoRetry == 1` for object "Connect" Button`
    t =     7.81s         Checking existence of `"Connect" Button`
    t =     7.83s Get number of matches for: Elements matching predicate 'identifier == "Connect" OR label == "Connect"'
    t =     7.84s Get number of matches for: Elements matching predicate 'identifier == "Connect" OR label == "Connect"'
    t =     7.85s Checking existence of `Button (Element at index 0)`
    t =     7.87s Find the Button (Element at index 0)
    t =     7.92s Tap "Connect" Button
    t =     7.92s     Wait for dev.meeterm.app to idle
    t =     7.92s     Find the "Connect" Button
    t =     7.94s     Check for interrupting elements affecting "Connect" Button
    t =     7.95s     Synthesize event
    t =     8.26s     Wait for dev.meeterm.app to idle
    t =     8.67s Waiting 15.0s for TextField (First Match) to exist
    t =     9.72s     Checking `Expect predicate `existsNoRetry == 1` for object TextField (First Match)`
    t =     9.72s         Checking existence of `TextField (First Match)`
    t =     9.78s Waiting 10.0s for TextField (First Match) to exist
    t =    10.84s     Checking `Expect predicate `existsNoRetry == 1` for object TextField (First Match)`
    t =    10.84s         Checking existence of `TextField (First Match)`
    t =    10.92s Checking existence of `TextField (First Match)`
    t =    10.98s Find the TextField (First Match)
    t =    11.06s Tap "ssh-host" TextField[0.95, 0.50]
    t =    11.06s     Wait for dev.meeterm.app to idle
    t =    11.07s     Find the "ssh-host" TextField
    t =    11.13s     Check for interrupting elements affecting "ssh-host" TextField
    t =    11.18s     Synthesize event
    t =    11.18s         Find the "ssh-host" TextField
    t =    11.24s         Find the "ssh-host" TextField
    t =    11.30s         Find the "ssh-host" TextField
    t =    11.65s     Wait for dev.meeterm.app to idle
    t =    11.84s Find the "ssh-host" TextField
    t =    12.01s Find the "ssh-host" TextField
    t =    12.16s Type '127.0.0.1' into "ssh-host" TextField
    t =    12.16s     Wait for dev.meeterm.app to idle
    t =    12.18s     Find the "ssh-host" TextField
    t =    12.30s     Check for interrupting elements affecting "ssh-host" TextField
    t =    12.34s     Synthesize event
    t =    12.69s     Wait for dev.meeterm.app to idle
    t =    13.74s Checking `Expect predicate `BLOCKPREDICATE(0x10821a3a0)` for object "ssh-host" TextField`
    t =    13.74s     Find the "ssh-host" TextField
    t =    13.84s     Find the "ssh-host" TextField
    t =    13.92s Waiting 10.0s for TextField (First Match) to exist
    t =    14.98s     Checking `Expect predicate `existsNoRetry == 1` for object TextField (First Match)`
    t =    14.98s         Checking existence of `TextField (First Match)`
    t =    15.06s Checking existence of `TextField (First Match)`
    t =    15.12s Find the TextField (First Match)
    t =    15.24s Tap "ssh-port" TextField[0.95, 0.50]
    t =    15.24s     Wait for dev.meeterm.app to idle
    t =    15.24s     Find the "ssh-port" TextField
    t =    15.32s     Check for interrupting elements affecting "ssh-port" TextField
    t =    15.35s     Synthesize event
    t =    15.36s         Find the "ssh-port" TextField
    t =    15.45s         Find the "ssh-port" TextField
    t =    15.55s         Find the "ssh-port" TextField
    t =    15.91s     Wait for dev.meeterm.app to idle
    t =    15.98s Find the "ssh-port" TextField
    t =    16.11s Find the "ssh-port" TextField
    t =    16.23s Type '' into "ssh-port" TextField
    t =    16.23s     Wait for dev.meeterm.app to idle
    t =    16.35s     Find the "ssh-port" TextField
    t =    16.43s     Check for interrupting elements affecting "ssh-port" TextField
    t =    16.46s     Synthesize event
    t =    16.71s     Wait for dev.meeterm.app to idle
    t =    16.71s Find the "ssh-port" TextField
    t =    16.79s Type '62443' into "ssh-port" TextField
    t =    16.79s     Wait for dev.meeterm.app to idle
    t =    16.79s     Find the "ssh-port" TextField
    t =    16.87s     Check for interrupting elements affecting "ssh-port" TextField
    t =    16.90s     Synthesize event
    t =    17.19s     Wait for dev.meeterm.app to idle
    t =    18.25s Checking `Expect predicate `BLOCKPREDICATE(0x1081e0360)` for object "ssh-port" TextField`
    t =    18.25s     Find the "ssh-port" TextField
    t =    18.34s     Find the "ssh-port" TextField
    t =    18.41s Waiting 10.0s for TextField (First Match) to exist
    t =    19.47s     Checking `Expect predicate `existsNoRetry == 1` for object TextField (First Match)`
    t =    19.47s         Checking existence of `TextField (First Match)`
    t =    19.58s Checking existence of `TextField (First Match)`
    t =    19.65s Find the TextField (First Match)
    t =    19.74s Tap "ssh-username" TextField[0.95, 0.50]
    t =    19.74s     Wait for dev.meeterm.app to idle
    t =    19.75s     Find the "ssh-username" TextField
    t =    19.82s     Check for interrupting elements affecting "ssh-username" TextField
    t =    19.85s     Synthesize event
    t =    19.85s         Find the "ssh-username" TextField
    t =    19.94s         Find the "ssh-username" TextField
    t =    20.02s         Find the "ssh-username" TextField
    t =    20.40s     Wait for dev.meeterm.app to idle
    t =    20.77s Find the "ssh-username" TextField
    t =    20.87s Find the "ssh-username" TextField
    t =    20.96s Type 'd' into "ssh-username" TextField
    t =    20.96s     Wait for dev.meeterm.app to idle
    t =    20.97s     Find the "ssh-username" TextField
    t =    21.06s     Check for interrupting elements affecting "ssh-username" TextField
    t =    21.09s     Synthesize event
    t =    21.31s     Wait for dev.meeterm.app to idle
    t =    22.39s Checking `Expect predicate `BLOCKPREDICATE(0x1082893b0)` for object "ssh-username" TextField`
    t =    22.39s     Find the "ssh-username" TextField
    t =    22.48s     Find the "ssh-username" TextField
    t =    22.57s Type 'e' into "ssh-username" TextField
    t =    22.57s     Wait for dev.meeterm.app to idle
    t =    22.57s     Find the "ssh-username" TextField
    t =    22.66s     Check for interrupting elements affecting "ssh-username" TextField
    t =    22.69s     Synthesize event
    t =    22.91s     Wait for dev.meeterm.app to idle
    t =    23.97s Checking `Expect predicate `BLOCKPREDICATE(0x108288630)` for object "ssh-username" TextField`
    t =    23.98s     Find the "ssh-username" TextField
    t =    24.09s     Find the "ssh-username" TextField
    t =    24.17s Type 'v' into "ssh-username" TextField
    t =    24.17s     Wait for dev.meeterm.app to idle
    t =    24.17s     Find the "ssh-username" TextField
    t =    24.26s     Check for interrupting elements affecting "ssh-username" TextField
    t =    24.30s     Synthesize event
    t =    24.53s     Wait for dev.meeterm.app to idle
    t =    25.59s Checking `Expect predicate `BLOCKPREDICATE(0x1097340c0)` for object "ssh-username" TextField`
    t =    25.59s     Find the "ssh-username" TextField
    t =    25.71s     Find the "ssh-username" TextField
    t =    25.83s Type 'i' into "ssh-username" TextField
    t =    25.83s     Wait for dev.meeterm.app to idle
    t =    25.83s     Find the "ssh-username" TextField
    t =    25.95s     Check for interrupting elements affecting "ssh-username" TextField
    t =    26.00s     Synthesize event
    t =    26.23s     Wait for dev.meeterm.app to idle
    t =    27.32s Checking `Expect predicate `BLOCKPREDICATE(0x1097343c0)` for object "ssh-username" TextField`
    t =    27.32s     Find the "ssh-username" TextField
    t =    27.40s     Find the "ssh-username" TextField
    t =    27.49s Type 'n' into "ssh-username" TextField
    t =    27.49s     Wait for dev.meeterm.app to idle
    t =    27.49s     Find the "ssh-username" TextField
    t =    27.58s     Check for interrupting elements affecting "ssh-username" TextField
    t =    27.62s     Synthesize event
    t =    27.85s     Wait for dev.meeterm.app to idle
    t =    28.91s Checking `Expect predicate `BLOCKPREDICATE(0x109735680)` for object "ssh-username" TextField`
    t =    28.91s     Find the "ssh-username" TextField
    t =    29.01s     Find the "ssh-username" TextField
    t =    30.14s Checking `Expect predicate `BLOCKPREDICATE(0x1097342a0)` for object "ssh-username" TextField`
    t =    30.14s     Find the "ssh-username" TextField
    t =    30.27s     Find the "ssh-username" TextField
    t =    30.36s Checking existence of `TextField (First Match)`
    t =    30.45s Find the TextField (First Match)
    t =    30.54s Find the "server-profile-name" TextField
    t =    30.92s Checking existence of `"server-profile-name" TextField`
    t =    31.04s Find the "server-profile-name" TextField
    t =    31.13s Find the "server-profile-name" TextField
    t =    31.51s Checking existence of `"server-profile-name" TextField`
    t =    31.61s Find the "server-profile-name" TextField
    t =    31.72s Find the "server-profile-name" TextField
    t =    31.81s Find the "server-profile-name" TextField
    t =    31.91s Checking existence of `ScrollView (First Match)`
    t =    31.99s Find the ScrollView (First Match)
    t =    32.09s Checking existence of `Keyboard (First Match)`
    t =    32.10s Find the Keyboard (First Match)
    t =    32.12s Find the Target Application 'dev.meeterm.app'
    t =    32.15s Checking existence of `ScrollView at {{0.0, 122.0}, {440.0, 576.0}}`
    t =    32.24s Find the Target Application 'dev.meeterm.app'
    t =    32.26s Checking existence of `ScrollView at {{0.0, 122.0}, {440.0, 576.0}}`
    t =    32.35s Find the ScrollView at {{0.0, 122.0}, {440.0, 576.0}}
    t =    32.44s Find the Target Application 'dev.meeterm.app'
    t =    32.46s Checking existence of `Keyboard (First Match)`
    t =    32.47s Find the Keyboard (First Match)
    t =    32.50s Find the Keyboard at {{0.0, 653.0}, {440.0, 245.0}}
    t =    32.52s Checking existence of `"server-profile-name" TextField`
    t =    32.62s Find the "server-profile-name" TextField
    t =    32.72s Press Target Application 'dev.meeterm.app'[0.00, 0.00] -> (8.0, 520.2) for 0.1 seconds, then drag to Target Application 'dev.meeterm.app'[0.00, 0.00] -> (8.0, 254.8) with velocity of 250.00 pixels per second, and then hold for 0.2 seconds 
    t =    32.72s     Wait for dev.meeterm.app to idle
    t =    32.72s     Find the Target Application 'dev.meeterm.app'
    t =    32.74s     Check for interrupting elements affecting "meeterm" Application
    t =    32.77s     Synthesize event
    t =    32.77s         Find the Target Application 'dev.meeterm.app'
    t =    32.80s         Find the Target Application 'dev.meeterm.app'
    t =    32.82s         Find the Target Application 'dev.meeterm.app'
    t =    32.84s         Find the Target Application 'dev.meeterm.app'
    t =    32.86s         Find the Target Application 'dev.meeterm.app'
    t =    34.44s     Wait for dev.meeterm.app to idle
    t =    34.71s Checking existence of `"server-profile-name" TextField`
    t =    34.81s Find the "server-profile-name" TextField
    t =    34.90s Find the "server-profile-name" TextField
    t =    35.00s Find the "server-profile-name" TextField
    t =    35.09s Checking existence of `ScrollView at {{0.0, 122.0}, {440.0, 576.0}}`
    t =    35.18s Find the ScrollView at {{0.0, 122.0}, {440.0, 576.0}}
    t =    35.27s Checking existence of `Keyboard (First Match)`
    t =    35.29s Find the Keyboard (First Match)
    t =    35.32s Find the Target Application 'dev.meeterm.app'
    t =    35.35s Checking existence of `"server-profile-name" TextField`
    t =    35.44s Find the "server-profile-name" TextField
    t =    35.56s Find the "server-profile-name" TextField
    t =    35.92s Checking existence of `"server-profile-name" TextField`
    t =    36.00s Find the "server-profile-name" TextField
    t =    36.10s Find the "server-profile-name" TextField
    t =    36.45s Checking existence of `"server-profile-name" TextField`
    t =    36.54s Find the "server-profile-name" TextField
    t =    36.65s Find the "server-profile-name" TextField
    t =    36.74s Find the "server-profile-name" TextField
    t =    36.85s Checking existence of `ScrollView at {{0.0, 122.0}, {440.0, 576.0}}`
    t =    36.92s Find the ScrollView at {{0.0, 122.0}, {440.0, 576.0}}
    t =    37.01s Checking existence of `Keyboard (First Match)`
    t =    37.03s Find the Keyboard (First Match)
    t =    37.05s Find the Target Application 'dev.meeterm.app'
    t =    37.07s Checking existence of `ScrollView at {{0.0, 122.0}, {440.0, 576.0}}`
    t =    37.15s Find the Target Application 'dev.meeterm.app'
    t =    37.18s Checking existence of `ScrollView at {{0.0, 122.0}, {440.0, 576.0}}`
    t =    37.26s Find the ScrollView at {{0.0, 122.0}, {440.0, 576.0}}
    t =    37.36s Find the Target Application 'dev.meeterm.app'
    t =    37.38s Checking existence of `Keyboard (First Match)`
    t =    37.39s Find the Keyboard (First Match)
    t =    37.42s Find the Keyboard at {{0.0, 653.0}, {440.0, 245.0}}
    t =    37.44s Checking existence of `"server-profile-name" TextField`
    t =    37.54s Find the "server-profile-name" TextField
    t =    37.65s Press Target Application 'dev.meeterm.app'[0.00, 0.00] -> (8.0, 520.2) for 0.1 seconds, then drag to Target Application 'dev.meeterm.app'[0.00, 0.00] -> (8.0, 254.8) with velocity of 250.00 pixels per second, and then hold for 0.2 seconds 
    t =    37.65s     Wait for dev.meeterm.app to idle
    t =    37.65s     Find the Target Application 'dev.meeterm.app'
    t =    37.67s     Check for interrupting elements affecting "meeterm" Application
    t =    37.71s     Synthesize event
    t =    37.71s         Find the Target Application 'dev.meeterm.app'
    t =    37.73s         Find the Target Application 'dev.meeterm.app'
    t =    37.76s         Find the Target Application 'dev.meeterm.app'
    t =    37.78s         Find the Target Application 'dev.meeterm.app'
    t =    37.80s         Find the Target Application 'dev.meeterm.app'
    t =    39.38s     Wait for dev.meeterm.app to idle
    t =    39.64s Checking existence of `"server-profile-name" TextField`
    t =    39.74s Find the "server-profile-name" TextField
    t =    39.84s Find the "server-profile-name" TextField
    t =    39.93s Find the "server-profile-name" TextField
    t =    40.04s Checking existence of `ScrollView at {{0.0, 122.0}, {440.0, 576.0}}`
    t =    40.12s Find the ScrollView at {{0.0, 122.0}, {440.0, 576.0}}
    t =    40.20s Checking existence of `Keyboard (First Match)`
    t =    40.22s Find the Keyboard (First Match)
    t =    40.25s Find the Target Application 'dev.meeterm.app'
    t =    40.27s Checking existence of `"server-profile-name" TextField`
    t =    40.37s Find the "server-profile-name" TextField
    t =    40.47s Find the "server-profile-name" TextField
    t =    40.59s Checking existence of `"server-profile-name" TextField`
    t =    40.68s Checking existence of `ScrollView at {{0.0, 122.0}, {440.0, 576.0}}`
    t =    40.77s Find the ScrollView at {{0.0, 122.0}, {440.0, 576.0}}
    t =    40.85s Find the Target Application 'dev.meeterm.app'
    t =    40.88s Checking existence of `Keyboard (First Match)`
    t =    40.89s Find the Keyboard (First Match)
    t =    40.92s Find the Keyboard at {{0.0, 653.0}, {440.0, 245.0}}
    t =    40.94s Find the "server-profile-name" TextField
    t =    41.03s Waiting 10.0s for TextField (First Match) to exist
    t =    42.06s     Checking `Expect predicate `existsNoRetry == 1` for object TextField (First Match)`
    t =    42.06s         Checking existence of `TextField (First Match)`
    t =    42.18s Checking existence of `TextField (First Match)`
    t =    42.27s Find the TextField (First Match)
    t =    42.38s Tap "server-profile-name" TextField[0.95, 0.50]
    t =    42.38s     Wait for dev.meeterm.app to idle
    t =    42.38s     Find the "server-profile-name" TextField
    t =    42.48s     Check for interrupting elements affecting "server-profile-name" TextField
    t =    42.50s     Synthesize event
    t =    42.51s         Find the "server-profile-name" TextField
    t =    42.60s         Find the "server-profile-name" TextField
    t =    42.70s         Find the "server-profile-name" TextField
    t =    43.08s     Wait for dev.meeterm.app to idle
    t =    43.48s Find the "server-profile-name" TextField
    t =    43.58s Find the "server-profile-name" TextField
    t =    43.71s Type 'Daily fixture' into "server-profile-name" TextField
    t =    43.71s     Wait for dev.meeterm.app to idle
    t =    43.71s     Find the "server-profile-name" TextField
    t =    43.82s     Check for interrupting elements affecting "server-profile-name" TextField
    t =    43.86s     Synthesize event
    t =    44.28s     Wait for dev.meeterm.app to idle
    t =    45.31s Checking `Expect predicate `BLOCKPREDICATE(0x112642f70)` for object "server-profile-name" TextField`
    t =    45.31s     Find the "server-profile-name" TextField
    t =    45.42s     Find the "server-profile-name" TextField
    t =    45.52s Checking existence of `"save-credentials" Switch`
    t =    45.55s Find the "save-credentials" Switch
    t =    45.59s Find the "save-credentials" Switch
    t =    45.63s Checking existence of `"save-credentials" Switch`
    t =    45.67s Checking existence of `ScrollView (First Match)`
    t =    45.77s Find the ScrollView (First Match)
    t =    45.87s Find the Target Application 'dev.meeterm.app'
    t =    45.89s Checking existence of `Keyboard (First Match)`
    t =    45.90s Find the Keyboard (First Match)
    t =    45.93s Find the Keyboard at {{0.0, 653.0}, {440.0, 245.0}}
    t =    45.95s Find the "save-credentials" Switch
    t =    45.99s Find the "save-credentials" Switch
    t =    46.02s Tap "save-credentials" Switch
    t =    46.02s     Wait for dev.meeterm.app to idle
    t =    46.03s     Find the "save-credentials" Switch
    t =    46.07s     Check for interrupting elements affecting "save-credentials" Switch
    t =    46.10s     Synthesize event
    t =    46.39s     Wait for dev.meeterm.app to idle
    t =    47.63s Find the "save-credentials" Switch
    t =    47.69s Checking existence of `TextView (First Match)`
    t =    47.80s Find the TextView (First Match)
    t =    47.92s Find the "ssh-private-key" TextView
    t =    48.04s Checking existence of `"ssh-private-key" TextView`
    t =    48.14s Checking existence of `ScrollView (First Match)`
    t =    48.25s Find the ScrollView (First Match)
    t =    48.34s Find the Target Application 'dev.meeterm.app'
    t =    48.36s Checking existence of `Keyboard (First Match)`
    t =    48.38s Find the Keyboard (First Match)
    t =    48.41s Find the Keyboard at {{0.0, 653.0}, {440.0, 245.0}}
    t =    48.43s Find the "ssh-private-key" TextView
    t =    48.79s Checking existence of `"ssh-private-key" TextView`
    t =    48.88s Find the "ssh-private-key" TextView
    t =    49.00s Find the "ssh-private-key" TextView
    t =    49.11s Find the "ssh-private-key" TextView
    t =    49.23s Checking existence of `ScrollView at {{0.0, 122.0}, {440.0, 549.0}}`
    t =    49.32s Find the ScrollView at {{0.0, 122.0}, {440.0, 549.0}}
    t =    49.40s Checking existence of `Keyboard (First Match)`
    t =    49.42s Find the Keyboard (First Match)
    t =    49.44s Find the Target Application 'dev.meeterm.app'
    t =    49.47s Checking existence of `ScrollView at {{0.0, 122.0}, {440.0, 549.0}}`
    t =    49.56s Find the Target Application 'dev.meeterm.app'
    t =    49.59s Checking existence of `ScrollView at {{0.0, 122.0}, {440.0, 549.0}}`
    t =    49.69s Find the ScrollView at {{0.0, 122.0}, {440.0, 549.0}}
    t =    49.79s Find the Target Application 'dev.meeterm.app'
    t =    49.81s Checking existence of `Keyboard (First Match)`
    t =    49.83s Find the Keyboard (First Match)
    t =    49.85s Find the Keyboard at {{0.0, 653.0}, {440.0, 245.0}}
    t =    49.88s Checking existence of `"ssh-private-key" TextView`
    t =    49.98s Find the "ssh-private-key" TextView
    t =    50.09s Press Target Application 'dev.meeterm.app'[0.00, 0.00] -> (8.0, 269.2) for 0.1 seconds, then drag to Target Application 'dev.meeterm.app'[0.00, 0.00] -> (8.0, 505.8) with velocity of 250.00 pixels per second, and then hold for 0.2 seconds 
    t =    50.09s     Wait for dev.meeterm.app to idle
    t =    50.09s     Find the Target Application 'dev.meeterm.app'
    t =    50.12s     Check for interrupting elements affecting "meeterm" Application
    t =    50.15s     Synthesize event
    t =    50.15s         Find the Target Application 'dev.meeterm.app'
    t =    50.17s         Find the Target Application 'dev.meeterm.app'
    t =    50.19s         Find the Target Application 'dev.meeterm.app'
    t =    50.21s         Find the Target Application 'dev.meeterm.app'
    t =    50.24s         Find the Target Application 'dev.meeterm.app'
    t =    51.72s     Wait for dev.meeterm.app to idle
    t =    51.99s Checking existence of `"ssh-private-key" TextView`
    t =    52.11s Find the "ssh-private-key" TextView
    t =    52.21s Find the "ssh-private-key" TextView
    t =    52.31s Find the "ssh-private-key" TextView
    t =    52.43s Checking existence of `ScrollView at {{0.0, 122.0}, {440.0, 549.0}}`
    t =    52.51s Find the ScrollView at {{0.0, 122.0}, {440.0, 549.0}}
    t =    52.60s Checking existence of `Keyboard (First Match)`
    t =    52.63s Find the Keyboard (First Match)
    t =    52.65s Find the Target Application 'dev.meeterm.app'
    t =    52.67s Checking existence of `"ssh-private-key" TextView`
    t =    52.79s Find the "ssh-private-key" TextView
    t =    52.90s Find the "ssh-private-key" TextView
    t =    53.02s Checking existence of `"ssh-private-key" TextView`
    t =    53.13s Checking existence of `ScrollView at {{0.0, 122.0}, {440.0, 549.0}}`
    t =    53.21s Find the ScrollView at {{0.0, 122.0}, {440.0, 549.0}}
    t =    53.30s Find the Target Application 'dev.meeterm.app'
    t =    53.33s Checking existence of `Keyboard (First Match)`
    t =    53.34s Find the Keyboard (First Match)
    t =    53.37s Find the Keyboard at {{0.0, 653.0}, {440.0, 245.0}}
    t =    53.39s Find the "ssh-private-key" TextView
    t =    53.50s Checking existence of `TextView (First Match)`
    t =    53.59s Find the TextView (First Match)
    t =    53.70s Find the "ssh-private-key" TextView
    t =    53.81s Checking existence of `"ssh-private-key" TextView`
    t =    53.92s Checking existence of `ScrollView (First Match)`
    t =    54.02s Find the ScrollView (First Match)
    t =    54.12s Find the Target Application 'dev.meeterm.app'
    t =    54.14s Checking existence of `Keyboard (First Match)`
    t =    54.16s Find the Keyboard (First Match)
    t =    54.18s Find the Keyboard at {{0.0, 653.0}, {440.0, 245.0}}
    t =    54.20s Find the "ssh-private-key" TextView
    t =    54.30s Find the TextView (First Match)
    t =    54.42s Find the "ssh-private-key" TextView
    t =    54.53s Find the "ssh-private-key" TextView
    t =    54.70s Find the "ssh-private-key" TextView
    t =    54.81s Find the "ssh-private-key" TextView
    t =    54.93s Find the "ssh-private-key" TextView
    t =    55.05s Find the "ssh-private-key" TextView
    t =    55.16s Find the "ssh-private-key" TextView
    t =    55.28s Waiting 15.0s for "ssh-private-key" TextView to exist
    t =    56.35s     Checking `Expect predicate `existsNoRetry == 1` for object "ssh-private-key" TextView`
    t =    56.35s         Checking existence of `"ssh-private-key" TextView`
    t =    56.46s Tap "ssh-private-key" TextView
    t =    56.46s     Wait for dev.meeterm.app to idle
    t =    56.46s     Find the "ssh-private-key" TextView
    t =    56.57s     Check for interrupting elements affecting "ssh-private-key" TextView
    t =    56.60s     Synthesize event
    t =    56.90s     Wait for dev.meeterm.app to idle
    t =    57.37s Type '-----BEGIN OPENSSH...' into "ssh-private-key" TextView
    t =    57.37s     Wait for dev.meeterm.app to idle
    t =    57.37s     Find the "ssh-private-key" TextView
    t =    57.47s     Check for interrupting elements affecting "ssh-private-key" TextView
    t =    57.50s     Synthesize event
    t =    58.29s     Wait for dev.meeterm.app to idle
    t =    58.30s Checking existence of `"return" Key`
    t =    58.33s Type '
' into "ssh-private-key" TextView
    t =    58.33s     Wait for dev.meeterm.app to idle
    t =    58.33s     Find the "ssh-private-key" TextView
    t =    58.44s     Check for interrupting elements affecting "ssh-private-key" TextView
    t =    58.47s     Synthesize event
    t =    58.69s     Wait for dev.meeterm.app to idle
    t =    58.70s Type 'b3BlbnNzaC1rZXktdj...' into "ssh-private-key" TextView
    t =    58.70s     Wait for dev.meeterm.app to idle
    t =    58.70s     Find the "ssh-private-key" TextView
    t =    58.81s     Check for interrupting elements affecting "ssh-private-key" TextView
    t =    58.85s     Synthesize event
    t =    60.21s     Wait for dev.meeterm.app to idle
    t =    60.22s Checking existence of `"return" Key`
    t =    60.25s Type '
' into "ssh-private-key" TextView
    t =    60.25s     Wait for dev.meeterm.app to idle
    t =    60.26s     Find the "ssh-private-key" TextView
    t =    60.36s     Check for interrupting elements affecting "ssh-private-key" TextView
    t =    60.40s     Synthesize event
    t =    60.62s     Wait for dev.meeterm.app to idle
    t =    60.62s Type 'QyNTUxOQAAACAhxQ4G...' into "ssh-private-key" TextView
    t =    60.62s     Wait for dev.meeterm.app to idle
    t =    60.62s     Find the "ssh-private-key" TextView
    t =    60.73s     Check for interrupting elements affecting "ssh-private-key" TextView
    t =    60.77s     Synthesize event
    t =    62.14s     Wait for dev.meeterm.app to idle
    t =    62.15s Checking existence of `"return" Key`
    t =    62.19s Type '
' into "ssh-private-key" TextView
    t =    62.19s     Wait for dev.meeterm.app to idle
    t =    62.19s     Find the "ssh-private-key" TextView
    t =    62.29s     Check for interrupting elements affecting "ssh-private-key" TextView
    t =    62.32s     Synthesize event
    t =    62.55s     Wait for dev.meeterm.app to idle
    t =    62.55s Type 'QQAAAAtzc2gtZWQyNT...' into "ssh-private-key" TextView
    t =    62.55s     Wait for dev.meeterm.app to idle
    t =    62.55s     Find the "ssh-private-key" TextView
    t =    62.67s     Check for interrupting elements affecting "ssh-private-key" TextView
    t =    62.71s     Synthesize event
    t =    64.08s     Wait for dev.meeterm.app to idle
    t =    64.08s Checking existence of `"return" Key`
    t =    64.14s Type '
' into "ssh-private-key" TextView
    t =    64.14s     Wait for dev.meeterm.app to idle
    t =    64.14s     Find the "ssh-private-key" TextView
    t =    64.24s     Check for interrupting elements affecting "ssh-private-key" TextView
    t =    64.28s     Synthesize event
    t =    64.51s     Wait for dev.meeterm.app to idle
    t =    64.52s Type 'AAAECTExoVznHuzJKx...' into "ssh-private-key" TextView
    t =    64.52s     Wait for dev.meeterm.app to idle
    t =    64.52s     Find the "ssh-private-key" TextView
    t =    64.62s     Check for interrupting elements affecting "ssh-private-key" TextView
    t =    64.66s     Synthesize event
    t =    66.04s     Wait for dev.meeterm.app to idle
    t =    66.04s Checking existence of `"return" Key`
    t =    66.09s Type '
' into "ssh-private-key" TextView
    t =    66.09s     Wait for dev.meeterm.app to idle
    t =    66.09s     Find the "ssh-private-key" TextView
    t =    66.19s     Check for interrupting elements affecting "ssh-private-key" TextView
    t =    66.22s     Synthesize event
    t =    66.45s     Wait for dev.meeterm.app to idle
    t =    66.45s Type 'f/H12n9B8A/uwwpj+P...' into "ssh-private-key" TextView
    t =    66.45s     Wait for dev.meeterm.app to idle
    t =    66.45s     Find the "ssh-private-key" TextView
    t =    66.56s     Check for interrupting elements affecting "ssh-private-key" TextView
    t =    66.59s     Synthesize event
    t =    67.74s     Wait for dev.meeterm.app to idle
    t =    67.74s Checking existence of `"return" Key`
    t =    67.79s Type '
' into "ssh-private-key" TextView
    t =    67.79s     Wait for dev.meeterm.app to idle
    t =    67.80s     Find the "ssh-private-key" TextView
    t =    67.94s     Check for interrupting elements affecting "ssh-private-key" TextView
    t =    67.97s     Synthesize event
    t =    68.20s     Wait for dev.meeterm.app to idle
    t =    68.20s Type '-----END OPENSSH P...' into "ssh-private-key" TextView
    t =    68.20s     Wait for dev.meeterm.app to idle
    t =    68.21s     Find the "ssh-private-key" TextView
    t =    68.33s     Check for interrupting elements affecting "ssh-private-key" TextView
    t =    68.36s     Synthesize event
    t =    69.11s     Wait for dev.meeterm.app to idle
    t =    69.12s Waiting 10.0s for "ssh-submit" Button to exist
    t =    70.18s     Checking `Expect predicate `existsNoRetry == 1` for object "ssh-submit" Button`
    t =    70.18s         Checking existence of `"ssh-submit" Button`
    t =    70.21s Checking existence of `"ssh-submit" Button`
    t =    70.25s Find the "ssh-submit" Button
    t =    70.29s Tap "ssh-submit" Button
    t =    70.29s     Wait for dev.meeterm.app to idle
    t =    70.30s     Find the "ssh-submit" Button
    t =    70.33s     Check for interrupting elements affecting "ssh-submit" Button
    t =    70.36s     Synthesize event
    t =    70.65s     Wait for dev.meeterm.app to idle
    t =    71.03s Checking existence of `"ssh-submit" Button`
    t =    71.05s Waiting 60.0s for Alert (First Match) to exist
    t =    72.13s     Checking `Expect predicate `existsNoRetry == 1` for object Alert (First Match)`
    t =    72.13s         Checking existence of `Alert (First Match)`
    t =    72.15s Get all elements bound by index for: Descendants matching type StaticText
    t =    72.16s Find the StaticText (Element at index 0)
    t =    72.18s Find the StaticText (Element at index 1)
    t =    72.20s Waiting 10.0s for "Trust and connect" Button to exist
    t =    73.21s     Checking `Expect predicate `existsNoRetry == 1` for object "Trust and connect" Button`
    t =    73.21s         Checking existence of `"Trust and connect" Button`
    t =    73.24s Checking existence of `"Trust and connect" Button`
    t =    73.26s Find the "Trust and connect" Button
    t =    73.29s Tap "Trust and connect" Button
    t =    73.29s     Wait for dev.meeterm.app to idle
    t =    73.29s     Find the "Trust and connect" Button
    t =    73.31s     Check for interrupting elements affecting "Trust and connect" Button
    t =    73.35s     Synthesize event
    t =    73.65s     Wait for dev.meeterm.app to idle
    t =    73.88s Checking existence of `Alert (First Match)`
    t =    73.96s Waiting 60.0s for StaticText (First Match) to exist
    t =    75.01s     Checking `Expect predicate `existsNoRetry == 1` for object StaticText (First Match)`
    t =    75.01s         Checking existence of `StaticText (First Match)`
    t =    75.04s Get number of matches for: Elements matching predicate 'identifier == "tmux runtime meeterm" OR label == "tmux runtime meeterm"'
    t =    75.07s Get number of matches for: Elements matching predicate 'identifier == "tmux runtime meeterm" OR label == "tmux runtime meeterm"'
    t =    75.09s Checking existence of `Button (Element at index 0)`
    t =    75.11s Find the Button (Element at index 0)
    t =    75.14s Waiting 30.0s for "runtime-row-tmux-runtime-1-1-tmux-0" Button to exist
    t =    76.19s     Checking `Expect predicate `existsNoRetry == 1` for object "runtime-row-tmux-runtime-1-1-tmux-0" Button`
    t =    76.20s         Checking existence of `"runtime-row-tmux-runtime-1-1-tmux-0" Button`
    t =    76.23s Checking existence of `"runtime-row-tmux-runtime-1-1-tmux-0" Button`
    t =    76.25s Find the "runtime-row-tmux-runtime-1-1-tmux-0" Button
    t =    76.28s Tap "runtime-row-tmux-runtime-1-1-tmux-0" Button
    t =    76.29s     Wait for dev.meeterm.app to idle
    t =    76.29s     Find the "runtime-row-tmux-runtime-1-1-tmux-0" Button
    t =    76.31s     Check for interrupting elements affecting "runtime-row-tmux-runtime-1-1-tmux-0" Button
    t =    76.34s     Synthesize event
    t =    76.63s     Wait for dev.meeterm.app to idle
    t =    77.06s Waiting 90.0s for StaticText (First Match) to exist
    t =    78.11s     Checking `Expect predicate `existsNoRetry == 1` for object StaticText (First Match)`
    t =    78.11s         Checking existence of `StaticText (First Match)`
    t =    78.17s Get number of matches for: Elements matching predicate 'identifier BEGINSWITH "workspace-row-" AND label BEGINSWITH "Workspace "'
    t =    78.19s Find the Button (Element at index 0)
    t =    78.20s Find the Button (Element at index 1)
    t =    78.22s Get number of matches for: Elements matching predicate 'identifier == "Workspace ios-main" OR label == "Workspace ios-main"'
    t =    78.23s Get number of matches for: Elements matching predicate 'identifier == "Workspace ios-main" OR label == "Workspace ios-main"'
    t =    78.25s Checking existence of `Button (Element at index 0)`
    t =    78.27s Find the Button (Element at index 0)
    t =    78.30s Waiting 15.0s for "workspace-row-@0" Button to exist
    t =    79.34s     Checking `Expect predicate `existsNoRetry == 1` for object "workspace-row-@0" Button`
    t =    79.34s         Checking existence of `"workspace-row-@0" Button`
    t =    79.39s Checking existence of `"workspace-row-@0" Button`
    t =    79.41s Find the "workspace-row-@0" Button
    t =    79.44s Tap "workspace-row-@0" Button
    t =    79.44s     Wait for dev.meeterm.app to idle
    t =    79.44s     Find the "workspace-row-@0" Button
    t =    79.46s     Check for interrupting elements affecting "workspace-row-@0" Button
    t =    79.47s     Synthesize event
    t =    79.76s     Wait for dev.meeterm.app to idle
    t =    80.32s Get all elements bound by index for: Elements matching predicate 'identifier == "Terminal" OR label == "Terminal" OR label == "Terminal, cached output, read only"'
    t =    80.65s Get all elements bound by index for: Elements matching predicate 'identifier == "Terminal" OR label == "Terminal" OR label == "Terminal, cached output, read only"'
    t =    80.69s Checking existence of `Other (Element at index 0)`
    t =    80.72s Find the Other (Element at index 0)
    t =    80.75s Checking existence of `Other (Element at index 1)`
    t =    80.77s Find the Other (Element at index 1)
    t =    80.81s Find the "Terminal" Other
    t =    80.85s Get all elements bound by index for: Elements matching predicate 'identifier == "Terminal" OR label == "Terminal" OR label == "Terminal, cached output, read only"'
    t =    80.88s Checking existence of `Other (Element at index 0)`
    t =    80.89s Find the Other (Element at index 0)
    t =    80.91s Checking existence of `Other (Element at index 1)`
    t =    80.92s Find the Other (Element at index 1)
    t =    80.94s Find the "Terminal" Other
    t =    80.96s Get all elements bound by index for: Elements matching predicate 'identifier BEGINSWITH "terminal-tab-"'
    t =    80.98s Find the Any (Element at index 0)
    t =    80.99s Checking existence of `"terminal-tab-%0" Other`
    t =    81.00s Find the Any (Element at index 1)
    t =    81.02s Checking existence of `"terminal-tab-%1" Other`
    t =    81.03s Find the "terminal-tab-%1" Other
    t =    81.04s Find the "terminal-tab-%0" Other
    t =    81.05s Find the "terminal-tab-%0" Other
    t =    81.06s Find the "terminal-tab-%0" Other
    t =    81.07s Pressing Home button
    t =    82.31s Open dev.meeterm.app
    t =    82.31s     Activate dev.meeterm.app
    t =    82.33s         Wait for dev.meeterm.app to idle
    t =    82.35s Wait for dev.meeterm.app to become Running Foreground
    t =    82.35s Get all elements bound by index for: Elements matching predicate 'identifier BEGINSWITH "terminal-tab-"'
    t =    82.36s Find the Any (Element at index 0)
    t =    82.37s Checking existence of `"terminal-tab-%0" Other`
    t =    82.38s Find the Any (Element at index 1)
    t =    82.42s Checking existence of `"terminal-tab-%1" Other`
    t =    82.45s Find the "terminal-tab-%0" Other
    t =    82.47s Find the "terminal-tab-%1" Other
    t =    82.49s Find the "terminal-tab-%0" Other
    t =    82.51s Get all elements bound by index for: Elements matching predicate 'identifier == "Terminal" OR label == "Terminal" OR label == "Terminal, cached output, read only"'
    t =    82.78s Get all elements bound by index for: Elements matching predicate 'identifier BEGINSWITH "terminal-tab-"'
    t =    82.79s Find the Any (Element at index 0)
    t =    82.82s Checking existence of `"terminal-tab-%0" Other`
    t =    82.84s Find the Any (Element at index 1)
    t =    82.87s Checking existence of `"terminal-tab-%1" Other`
    t =    82.88s Find the "terminal-tab-%1" Other
    t =    82.89s Find the "terminal-tab-%0" Other
    t =    82.91s Find the "terminal-tab-%0" Other
    t =    82.92s Get all elements bound by index for: Elements matching predicate 'identifier == "Terminal" OR label == "Terminal" OR label == "Terminal, cached output, read only"'
    t =    82.93s Checking existence of `Other (Element at index 0)`
    t =    82.94s Find the Other (Element at index 0)
    t =    82.96s Checking existence of `Other (Element at index 1)`
    t =    82.97s Find the Other (Element at index 1)
    t =    82.99s Find the "Terminal" Other
    t =    83.01s Checking existence of `StaticText (First Match)`
    t =    83.03s Checking existence of `StaticText (First Match)`
    t =    83.06s Checking existence of `Button (First Match)`
    t =    83.10s Checking existence of `Any (First Match)`
    t =    83.14s Checking existence of `"terminal-tab-%0" Other`
    t =    83.15s Find the "terminal-tab-%0" Other
    t =    83.17s Checking existence of `"Terminal" Other`
    t =    83.18s Find the "Terminal" Other
    t =    83.20s Get all elements bound by index for: Elements matching predicate 'identifier == "Terminal" OR label == "Terminal" OR label == "Terminal, cached output, read only"'
    t =    83.22s Checking existence of `Other (Element at index 0)`
    t =    83.24s Find the Other (Element at index 0)
    t =    83.26s Checking existence of `Other (Element at index 1)`
    t =    83.27s Find the Other (Element at index 1)
    t =    83.28s Find the "Terminal" Other
    t =    83.30s Find the "Terminal" Other
    t =    83.32s Find the "Terminal" Other
    t =    83.33s Tap "Terminal" Other
    t =    83.33s     Wait for dev.meeterm.app to idle
    t =    83.34s     Find the "Terminal" Other
    t =    83.35s     Check for interrupting elements affecting "Terminal" Other
    t =    83.37s     Synthesize event
    t =    83.67s     Wait for dev.meeterm.app to idle
    t =    84.03s Checking existence of `"Speed up your typing by sliding your finger across the letters to compose a word." StaticText`
    t =    84.08s Waiting 10.0s for "p" Key to exist
    t =    85.11s     Checking `Expect predicate `existsNoRetry == 1` for object "p" Key`
    t =    85.11s         Checking existence of `"p" Key`
    t =    85.16s Tap "p" Key
    t =    85.16s     Wait for dev.meeterm.app to idle
    t =    85.17s     Find the "p" Key
    t =    85.21s     Check for interrupting elements affecting "p" Key
    t =    85.23s     Synthesize event
    t =    85.53s     Wait for dev.meeterm.app to idle
    t =    85.53s Waiting 10.0s for "r" Key to exist
    t =    86.59s     Checking `Expect predicate `existsNoRetry == 1` for object "r" Key`
    t =    86.59s         Checking existence of `"r" Key`
    t =    86.62s Tap "r" Key
    t =    86.62s     Wait for dev.meeterm.app to idle
    t =    86.63s     Find the "r" Key
    t =    86.66s     Check for interrupting elements affecting "r" Key
    t =    86.69s     Synthesize event
    t =    86.98s     Wait for dev.meeterm.app to idle
    t =    86.98s Waiting 10.0s for "i" Key to exist
    t =    88.04s     Checking `Expect predicate `existsNoRetry == 1` for object "i" Key`
    t =    88.05s         Checking existence of `"i" Key`
    t =    88.10s Tap "i" Key
    t =    88.10s     Wait for dev.meeterm.app to idle
    t =    88.10s     Find the "i" Key
    t =    88.13s     Check for interrupting elements affecting "i" Key
    t =    88.16s     Synthesize event
    t =    88.46s     Wait for dev.meeterm.app to idle
    t =    88.47s Waiting 10.0s for "n" Key to exist
    t =    89.53s     Checking `Expect predicate `existsNoRetry == 1` for object "n" Key`
    t =    89.53s         Checking existence of `"n" Key`
    t =    89.58s Tap "n" Key
    t =    89.58s     Wait for dev.meeterm.app to idle
    t =    89.58s     Find the "n" Key
    t =    89.61s     Check for interrupting elements affecting "n" Key
    t =    89.64s     Synthesize event
    t =    89.93s     Wait for dev.meeterm.app to idle
    t =    89.94s Waiting 10.0s for "t" Key to exist
    t =    90.99s     Checking `Expect predicate `existsNoRetry == 1` for object "t" Key`
    t =    90.99s         Checking existence of `"t" Key`
    t =    91.03s Tap "t" Key
    t =    91.03s     Wait for dev.meeterm.app to idle
    t =    91.04s     Find the "t" Key
    t =    91.07s     Check for interrupting elements affecting "t" Key
    t =    91.09s     Synthesize event
    t =    91.38s     Wait for dev.meeterm.app to idle
    t =    91.39s Waiting 10.0s for "f" Key to exist
    t =    92.48s     Checking `Expect predicate `existsNoRetry == 1` for object "f" Key`
    t =    92.48s         Checking existence of `"f" Key`
    t =    92.50s Tap "f" Key
    t =    92.50s     Wait for dev.meeterm.app to idle
    t =    92.51s     Find the "f" Key
    t =    92.54s     Check for interrupting elements affecting "f" Key
    t =    92.56s     Synthesize event
    t =    92.86s     Wait for dev.meeterm.app to idle
    t =    92.87s Waiting 10.0s for "terminal-paste" Any to exist
    t =    93.93s     Checking `Expect predicate `existsNoRetry == 1` for object "terminal-paste" Any`
    t =    93.93s         Checking existence of `"terminal-paste" Any`
    t =    94.01s Checking existence of `"terminal-paste" Any`
    t =    94.06s Find the "terminal-paste" Any
    t =    95.19s Checking `Expect predicate `enabled == 1` for object "terminal-paste" Button`
    t =    95.19s     Find the "terminal-paste" Button
    t =    95.27s Find the "terminal-paste" Button
    t =    95.33s Tap "terminal-paste" Button
    t =    95.33s     Wait for dev.meeterm.app to idle
    t =    95.33s     Find the "terminal-paste" Button
    t =    95.39s     Check for interrupting elements affecting "terminal-paste" Button
    t =    95.43s     Synthesize event
    t =    95.73s     Wait for dev.meeterm.app to idle
    t =    96.76s Checking `Expect predicate `value != "Ready 0" AND value BEGINSWITH "Ready "` for object "terminal-paste" Button`
    t =    96.76s     Find the "terminal-paste" Button
    t =    96.83s     Find the "terminal-paste" Button
    t =    96.89s Get number of matches for: Elements matching predicate 'identifier == "Paste" OR label == "Paste"'
    t =    96.92s Get number of matches for: Elements matching predicate 'identifier == "Paste" OR label == "Paste"'
    t =    96.94s Checking existence of `Button (Element at index 0)`
    t =    96.97s Find the Button (Element at index 0)
    t =    97.00s Get all elements bound by index for: Elements matching predicate 'identifier == "Terminal" OR label == "Terminal" OR label == "Terminal, cached output, read only"'
    t =    97.04s Checking existence of `Other (Element at index 0)`
    t =    97.06s Find the Other (Element at index 0)
    t =    97.09s Checking existence of `Other (Element at index 1)`
    t =    97.12s Find the Other (Element at index 1)
    t =    97.15s Find the "Terminal" Other
    t =    97.19s Checking existence of `"ssh-submit" Button`
    t =    97.22s Checking existence of `"Host" Any`
    t =    97.25s Checking existence of `"Private OpenSSH key" Any`
    t =    97.28s Checking existence of `"Terminal" Other`
    t =    97.31s Checking existence of `Keyboard (First Match)`
    t =    97.33s Checking existence of `"terminal-paste" Button`
    t =    97.39s Checking existence of `"terminal-paste" Button`
    t =    97.45s Find the "terminal-paste" Button
    t =    97.51s Checking existence of `"terminal-paste" Button`
    t =    97.57s Find the "terminal-paste" Button
    t =    97.64s Checking existence of `"terminal-paste" Button`
    t =    97.66s Find the "terminal-paste" Button
    t =    97.69s Checking existence of `"terminal-paste" Button`
    t =    97.72s Find the "terminal-paste" Button
    t =    97.75s Waiting 10.0s for Any (First Match) to exist
    t =    98.77s     Checking `Expect predicate `existsNoRetry == 1` for object Any (First Match)`
    t =    98.78s         Checking existence of `Any (First Match)`
    t =    98.83s Checking existence of `Any (First Match)`
    t =    98.88s Find the Any (First Match)
    t =    98.95s Tap "Return" Button
    t =    98.95s     Wait for dev.meeterm.app to idle
    t =    98.95s     Find the "Return" Button
    t =    99.01s     Check for interrupting elements affecting "Return" Button
    t =    99.04s     Synthesize event
    t =    99.34s     Wait for dev.meeterm.app to idle
    t =    99.44s Checking existence of `"Speed up your typing by sliding your finger across the letters to compose a word." StaticText`
    t =    99.47s Waiting 10.0s for "p" Key to exist
    t =   100.52s     Checking `Expect predicate `existsNoRetry == 1` for object "p" Key`
    t =   100.53s         Checking existence of `"p" Key`
    t =   100.56s Tap "p" Key
    t =   100.56s     Wait for dev.meeterm.app to idle
    t =   100.56s     Find the "p" Key
    t =   100.59s     Check for interrupting elements affecting "p" Key
    t =   100.62s     Synthesize event
    t =   100.92s     Wait for dev.meeterm.app to idle
    t =   100.93s Waiting 10.0s for "r" Key to exist
    t =   101.96s     Checking `Expect predicate `existsNoRetry == 1` for object "r" Key`
    t =   101.96s         Checking existence of `"r" Key`
    t =   101.99s Tap "r" Key
    t =   101.99s     Wait for dev.meeterm.app to idle
    t =   101.99s     Find the "r" Key
    t =   102.03s     Check for interrupting elements affecting "r" Key
    t =   102.06s     Synthesize event
    t =   102.34s     Wait for dev.meeterm.app to idle
    t =   102.35s Waiting 10.0s for "i" Key to exist
    t =   103.36s     Checking `Expect predicate `existsNoRetry == 1` for object "i" Key`
    t =   103.36s         Checking existence of `"i" Key`
    t =   103.39s Tap "i" Key
    t =   103.39s     Wait for dev.meeterm.app to idle
    t =   103.40s     Find the "i" Key
    t =   103.43s     Check for interrupting elements affecting "i" Key
    t =   103.46s     Synthesize event
    t =   103.74s     Wait for dev.meeterm.app to idle
    t =   103.75s Waiting 10.0s for "n" Key to exist
    t =   104.78s     Checking `Expect predicate `existsNoRetry == 1` for object "n" Key`
    t =   104.78s         Checking existence of `"n" Key`
    t =   104.81s Tap "n" Key
    t =   104.81s     Wait for dev.meeterm.app to idle
    t =   104.82s     Find the "n" Key
    t =   104.85s     Check for interrupting elements affecting "n" Key
    t =   104.88s     Synthesize event
    t =   105.19s     Wait for dev.meeterm.app to idle
    t =   105.19s Waiting 10.0s for "t" Key to exist
    t =   106.21s     Checking `Expect predicate `existsNoRetry == 1` for object "t" Key`
    t =   106.21s         Checking existence of `"t" Key`
    t =   106.24s Tap "t" Key
    t =   106.24s     Wait for dev.meeterm.app to idle
    t =   106.24s     Find the "t" Key
    t =   106.28s     Check for interrupting elements affecting "t" Key
    t =   106.31s     Synthesize event
    t =   106.60s     Wait for dev.meeterm.app to idle
    t =   106.60s Waiting 10.0s for "f" Key to exist
    t =   107.66s     Checking `Expect predicate `existsNoRetry == 1` for object "f" Key`
    t =   107.66s         Checking existence of `"f" Key`
    t =   107.69s Tap "f" Key
    t =   107.69s     Wait for dev.meeterm.app to idle
    t =   107.69s     Find the "f" Key
    t =   107.73s     Check for interrupting elements affecting "f" Key
    t =   107.75s     Synthesize event
    t =   108.05s     Wait for dev.meeterm.app to idle
    t =   108.06s Waiting 10.0s for "terminal-paste" Any to exist
    t =   109.11s     Checking `Expect predicate `existsNoRetry == 1` for object "terminal-paste" Any`
    t =   109.11s         Checking existence of `"terminal-paste" Any`
    t =   109.19s Checking existence of `"terminal-paste" Any`
    t =   109.26s Find the "terminal-paste" Any
    t =   110.38s Checking `Expect predicate `enabled == 1` for object "terminal-paste" Button`
    t =   110.38s     Find the "terminal-paste" Button
    t =   110.44s Find the "terminal-paste" Button
    t =   110.52s Tap "terminal-paste" Button
    t =   110.52s     Wait for dev.meeterm.app to idle
    t =   110.52s     Find the "terminal-paste" Button
    t =   110.59s     Check for interrupting elements affecting "terminal-paste" Button
    t =   110.63s     Synthesize event
    t =   110.93s     Wait for dev.meeterm.app to idle
    t =   111.96s Checking `Expect predicate `value != "Ready 1" AND value BEGINSWITH "Ready "` for object "terminal-paste" Button`
    t =   111.96s     Find the "terminal-paste" Button
    t =   112.02s     Find the "terminal-paste" Button
    t =   112.09s Get number of matches for: Elements matching predicate 'identifier == "Paste" OR label == "Paste"'
    t =   112.12s Get number of matches for: Elements matching predicate 'identifier == "Paste" OR label == "Paste"'
    t =   112.14s Checking existence of `Button (Element at index 0)`
    t =   112.17s Find the Button (Element at index 0)
    t =   112.21s Get all elements bound by index for: Elements matching predicate 'identifier == "Terminal" OR label == "Terminal" OR label == "Terminal, cached output, read only"'
    t =   112.24s Checking existence of `Other (Element at index 0)`
    t =   112.27s Find the Other (Element at index 0)
    t =   112.30s Checking existence of `Other (Element at index 1)`
    t =   112.33s Find the Other (Element at index 1)
    t =   112.36s Find the "Terminal" Other
    t =   112.41s Checking existence of `"ssh-submit" Button`
    t =   112.44s Checking existence of `"Host" Any`
    t =   112.47s Checking existence of `"Private OpenSSH key" Any`
    t =   112.50s Checking existence of `"Terminal" Other`
    t =   112.53s Checking existence of `Keyboard (First Match)`
    t =   112.55s Checking existence of `"terminal-paste" Button`
    t =   112.61s Checking existence of `"terminal-paste" Button`
    t =   112.68s Find the "terminal-paste" Button
    t =   112.76s Checking existence of `"terminal-paste" Button`
    t =   112.83s Find the "terminal-paste" Button
    t =   112.90s Checking existence of `"terminal-paste" Button`
    t =   112.92s Find the "terminal-paste" Button
    t =   112.96s Checking existence of `"terminal-paste" Button`
    t =   112.98s Find the "terminal-paste" Button
    t =   113.02s Waiting 10.0s for Any (First Match) to exist
    t =   114.03s     Checking `Expect predicate `existsNoRetry == 1` for object Any (First Match)`
    t =   114.03s         Checking existence of `Any (First Match)`
    t =   114.07s Checking existence of `Any (First Match)`
    t =   114.12s Find the Any (First Match)
    t =   114.19s Tap "Return" Button
    t =   114.19s     Wait for dev.meeterm.app to idle
    t =   114.19s     Find the "Return" Button
    t =   114.24s     Check for interrupting elements affecting "Return" Button
    t =   114.27s     Synthesize event
    t =   114.57s     Wait for dev.meeterm.app to idle
    t =   114.57s Get number of matches for: Elements matching predicate 'identifier == "Back to workspaces" OR label == "Back to workspaces"'
    t =   114.62s Get number of matches for: Elements matching predicate 'identifier == "Back to workspaces" OR label == "Back to workspaces"'
    t =   114.67s Checking existence of `Button (Element at index 0)`
    t =   114.71s Find the Button (Element at index 0)
    t =   114.76s Tap "Back to workspaces" Button
    t =   114.76s     Wait for dev.meeterm.app to idle
    t =   114.76s     Find the "Back to workspaces" Button
    t =   114.79s     Check for interrupting elements affecting "Back to workspaces" Button
    t =   114.82s     Synthesize event
    t =   115.12s     Wait for dev.meeterm.app to idle
    t =   115.48s Get number of matches for: Elements matching predicate 'identifier == "Switch server or session" OR label == "Switch server or session"'
    t =   115.50s Get number of matches for: Elements matching predicate 'identifier == "Switch server or session" OR label == "Switch server or session"'
    t =   115.53s Checking existence of `Button (Element at index 0)`
    t =   115.55s Find the Button (Element at index 0)
    t =   115.57s Checking existence of `"switch-server-session" Button`
    t =   115.59s Find the "switch-server-session" Button
    t =   115.62s Tap "switch-server-session" Button
    t =   115.62s     Wait for dev.meeterm.app to idle
    t =   115.63s     Find the "switch-server-session" Button
    t =   115.64s     Check for interrupting elements affecting "switch-server-session" Button
    t =   115.66s     Synthesize event
    t =   115.97s     Wait for dev.meeterm.app to idle
    t =   116.31s Get number of matches for: Elements matching predicate 'identifier == "Browse sessions on Daily fixture" OR label == "Browse sessions on Daily fixture"'
    t =   116.34s Get number of matches for: Elements matching predicate 'identifier == "Browse sessions on Daily fixture" OR label == "Browse sessions on Daily fixture"'
    t =   116.36s Checking existence of `Button (Element at index 0)`
    t =   116.38s Find the Button (Element at index 0)
    t =   116.41s Checking existence of `"switcher-server-4093284a-34e5-4c05-a4ea-f8563dd01c03" Button`
    t =   116.43s Find the "switcher-server-4093284a-34e5-4c05-a4ea-f8563dd01c03" Button
    t =   116.46s Tap "switcher-server-4093284a-34e5-4c05-a4ea-f8563dd01c03" Button
    t =   116.46s     Wait for dev.meeterm.app to idle
    t =   116.46s     Find the "switcher-server-4093284a-34e5-4c05-a4ea-f8563dd01c03" Button
    t =   116.48s     Check for interrupting elements affecting "switcher-server-4093284a-34e5-4c05-a4ea-f8563dd01c03" Button
    t =   116.51s     Synthesize event
    t =   116.80s     Wait for dev.meeterm.app to idle
    t =   116.80s Get number of matches for: Elements matching predicate 'identifier == "tmux session switcher-destination" OR label == "tmux session switcher-destination"'
    t =   116.83s Checking existence of `"tmux session switcher-destination" Any`
    t =   117.11s Checking existence of `"tmux session switcher-destination" Any`
    t =   117.14s Find the "tmux session switcher-destination" Any
    t =   117.17s Tap "runtime-row-tmux-runtime-2-1-tmux-1" Button
    t =   117.17s     Wait for dev.meeterm.app to idle
    t =   117.18s     Find the "runtime-row-tmux-runtime-2-1-tmux-1" Button
    t =   117.20s     Check for interrupting elements affecting "runtime-row-tmux-runtime-2-1-tmux-1" Button
    t =   117.23s     Synthesize event
    t =   117.52s     Wait for dev.meeterm.app to idle
    t =   117.52s Waiting 90.0s for StaticText (First Match) to exist
    t =   118.55s     Checking `Expect predicate `existsNoRetry == 1` for object StaticText (First Match)`
    t =   118.55s         Checking existence of `StaticText (First Match)`
    t =   118.59s Get number of matches for: Elements matching predicate 'identifier == "Workspace switcher-main" OR label == "Workspace switcher-main"'
    t =   118.61s Get number of matches for: Elements matching predicate 'identifier == "Workspace switcher-main" OR label == "Workspace switcher-main"'
    t =   118.62s Checking existence of `Button (Element at index 0)`
    t =   118.63s Find the Button (Element at index 0)
    t =   118.67s Checking existence of `"workspace-row-@2" Button`
    t =   118.68s Find the "workspace-row-@2" Button
    t =   118.70s Tap "workspace-row-@2" Button
    t =   118.70s     Wait for dev.meeterm.app to idle
    t =   118.71s     Find the "workspace-row-@2" Button
    t =   118.73s     Check for interrupting elements affecting "workspace-row-@2" Button
    t =   118.75s     Synthesize event
    t =   119.05s     Wait for dev.meeterm.app to idle
    t =   119.39s Get all elements bound by index for: Elements matching predicate 'identifier == "Terminal" OR label == "Terminal" OR label == "Terminal, cached output, read only"'
    t =   119.41s Checking existence of `Other (Element at index 0)`
    t =   119.42s Find the Other (Element at index 0)
    t =   119.44s Checking existence of `Other (Element at index 1)`
    t =   119.45s Find the Other (Element at index 1)
    t =   119.47s Find the "Terminal" Other
    t =   119.50s Get all elements bound by index for: Elements matching predicate 'identifier == "Terminal" OR label == "Terminal" OR label == "Terminal, cached output, read only"'
    t =   119.52s Checking existence of `Other (Element at index 0)`
    t =   119.53s Find the Other (Element at index 0)
    t =   119.55s Checking existence of `Other (Element at index 1)`
    t =   119.57s Find the Other (Element at index 1)
    t =   119.59s Find the "Terminal" Other
    t =   119.61s Waiting 30.0s for Any (First Match) to exist
    t =   120.63s     Checking `Expect predicate `existsNoRetry == 1` for object Any (First Match)`
    t =   120.63s         Checking existence of `Any (First Match)`
    t =   120.66s Checking existence of `"Terminal" Other`
    t =   120.67s Find the "Terminal" Other
    t =   120.69s Tap "Terminal" Other
    t =   120.69s     Wait for dev.meeterm.app to idle
    t =   120.70s     Find the "Terminal" Other
    t =   120.71s     Check for interrupting elements affecting "Terminal" Other
    t =   120.73s     Synthesize event
    t =   121.03s     Wait for dev.meeterm.app to idle
    t =   121.34s Checking existence of `"Speed up your typing by sliding your finger across the letters to compose a word." StaticText`
    t =   121.39s Waiting 10.0s for "p" Key to exist
    t =   122.43s     Checking `Expect predicate `existsNoRetry == 1` for object "p" Key`
    t =   122.43s         Checking existence of `"p" Key`
    t =   122.46s Tap "p" Key
    t =   122.46s     Wait for dev.meeterm.app to idle
    t =   122.46s     Find the "p" Key
    t =   122.50s     Check for interrupting elements affecting "p" Key
    t =   122.52s     Synthesize event
    t =   122.82s     Wait for dev.meeterm.app to idle
    t =   122.82s Waiting 10.0s for "r" Key to exist
    t =   123.84s     Checking `Expect predicate `existsNoRetry == 1` for object "r" Key`
    t =   123.84s         Checking existence of `"r" Key`
    t =   123.87s Tap "r" Key
    t =   123.87s     Wait for dev.meeterm.app to idle
    t =   123.88s     Find the "r" Key
    t =   123.91s     Check for interrupting elements affecting "r" Key
    t =   123.94s     Synthesize event
    t =   124.24s     Wait for dev.meeterm.app to idle
    t =   124.24s Waiting 10.0s for "i" Key to exist
    t =   125.27s     Checking `Expect predicate `existsNoRetry == 1` for object "i" Key`
    t =   125.28s         Checking existence of `"i" Key`
    t =   125.31s Tap "i" Key
    t =   125.31s     Wait for dev.meeterm.app to idle
    t =   125.31s     Find the "i" Key
    t =   125.34s     Check for interrupting elements affecting "i" Key
    t =   125.38s     Synthesize event
    t =   125.68s     Wait for dev.meeterm.app to idle
    t =   125.68s Waiting 10.0s for "n" Key to exist
    t =   126.71s     Checking `Expect predicate `existsNoRetry == 1` for object "n" Key`
    t =   126.71s         Checking existence of `"n" Key`
    t =   126.74s Tap "n" Key
    t =   126.74s     Wait for dev.meeterm.app to idle
    t =   126.75s     Find the "n" Key
    t =   126.78s     Check for interrupting elements affecting "n" Key
    t =   126.80s     Synthesize event
    t =   127.10s     Wait for dev.meeterm.app to idle
    t =   127.10s Waiting 10.0s for "t" Key to exist
    t =   128.12s     Checking `Expect predicate `existsNoRetry == 1` for object "t" Key`
    t =   128.12s         Checking existence of `"t" Key`
    t =   128.17s Tap "t" Key
    t =   128.17s     Wait for dev.meeterm.app to idle
    t =   128.17s     Find the "t" Key
    t =   128.20s     Check for interrupting elements affecting "t" Key
    t =   128.24s     Synthesize event
    t =   128.53s     Wait for dev.meeterm.app to idle
    t =   128.53s Waiting 10.0s for "f" Key to exist
    t =   129.59s     Checking `Expect predicate `existsNoRetry == 1` for object "f" Key`
    t =   129.59s         Checking existence of `"f" Key`
    t =   129.62s Tap "f" Key
    t =   129.62s     Wait for dev.meeterm.app to idle
    t =   129.63s     Find the "f" Key
    t =   129.66s     Check for interrupting elements affecting "f" Key
    t =   129.69s     Synthesize event
    t =   130.03s     Wait for dev.meeterm.app to idle
    t =   130.03s Waiting 10.0s for "terminal-paste" Any to exist
    t =   131.08s     Checking `Expect predicate `existsNoRetry == 1` for object "terminal-paste" Any`
    t =   131.08s         Checking existence of `"terminal-paste" Any`
    t =   131.15s Checking existence of `"terminal-paste" Any`
    t =   131.21s Find the "terminal-paste" Any
    t =   132.31s Checking `Expect predicate `enabled == 1` for object "terminal-paste" Button`
    t =   132.31s     Find the "terminal-paste" Button
    t =   132.38s Find the "terminal-paste" Button
    t =   132.44s Tap "terminal-paste" Button
    t =   132.44s     Wait for dev.meeterm.app to idle
    t =   132.45s     Find the "terminal-paste" Button
    t =   132.51s     Check for interrupting elements affecting "terminal-paste" Button
    t =   132.55s     Synthesize event
    t =   132.85s     Wait for dev.meeterm.app to idle
    t =   133.89s Checking `Expect predicate `value != "Ready 0" AND value BEGINSWITH "Ready "` for object "terminal-paste" Button`
    t =   133.89s     Find the "terminal-paste" Button
    t =   133.96s     Find the "terminal-paste" Button
    t =   134.03s Get number of matches for: Elements matching predicate 'identifier == "Paste" OR label == "Paste"'
    t =   134.06s Get number of matches for: Elements matching predicate 'identifier == "Paste" OR label == "Paste"'
    t =   134.10s Checking existence of `Button (Element at index 0)`
    t =   134.13s Find the Button (Element at index 0)
    t =   134.18s Get all elements bound by index for: Elements matching predicate 'identifier == "Terminal" OR label == "Terminal" OR label == "Terminal, cached output, read only"'
    t =   134.21s Checking existence of `Other (Element at index 0)`
    t =   134.24s Find the Other (Element at index 0)
    t =   134.28s Checking existence of `Other (Element at index 1)`
    t =   134.31s Find the Other (Element at index 1)
    t =   134.35s Find the "Terminal" Other
    t =   134.39s Checking existence of `"ssh-submit" Button`
    t =   134.42s Checking existence of `"Host" Any`
    t =   134.45s Checking existence of `"Private OpenSSH key" Any`
    t =   134.49s Checking existence of `"Terminal" Other`
    t =   134.52s Checking existence of `Keyboard (First Match)`
    t =   134.54s Checking existence of `"terminal-paste" Button`
    t =   134.60s Checking existence of `"terminal-paste" Button`
    t =   134.67s Find the "terminal-paste" Button
    t =   134.74s Checking existence of `"terminal-paste" Button`
    t =   134.81s Find the "terminal-paste" Button
    t =   134.87s Checking existence of `"terminal-paste" Button`
    t =   134.90s Find the "terminal-paste" Button
    t =   134.93s Checking existence of `"terminal-paste" Button`
    t =   134.97s Find the "terminal-paste" Button
    t =   135.00s Waiting 10.0s for Any (First Match) to exist
    t =   136.03s     Checking `Expect predicate `existsNoRetry == 1` for object Any (First Match)`
    t =   136.03s         Checking existence of `Any (First Match)`
    t =   136.08s Checking existence of `Any (First Match)`
    t =   136.12s Find the Any (First Match)
    t =   136.19s Tap "Return" Button
    t =   136.19s     Wait for dev.meeterm.app to idle
    t =   136.19s     Find the "Return" Button
    t =   136.24s     Check for interrupting elements affecting "Return" Button
    t =   136.28s     Synthesize event
    t =   136.57s     Wait for dev.meeterm.app to idle
    t =   136.58s Get number of matches for: Elements matching predicate 'identifier == "Back to workspaces" OR label == "Back to workspaces"'
    t =   136.61s Get number of matches for: Elements matching predicate 'identifier == "Back to workspaces" OR label == "Back to workspaces"'
    t =   136.64s Checking existence of `Button (Element at index 0)`
    t =   136.67s Find the Button (Element at index 0)
    t =   136.71s Checking existence of `"Back to workspaces" Button`
    t =   136.74s Find the "Back to workspaces" Button
    t =   136.79s Tap "Back to workspaces" Button
    t =   136.79s     Wait for dev.meeterm.app to idle
    t =   136.79s     Find the "Back to workspaces" Button
    t =   136.82s     Check for interrupting elements affecting "Back to workspaces" Button
    t =   136.85s     Synthesize event
    t =   137.15s     Wait for dev.meeterm.app to idle
    t =   137.50s Get number of matches for: Elements matching predicate 'identifier == "Switch server or session" OR label == "Switch server or session"'
    t =   137.52s Get number of matches for: Elements matching predicate 'identifier == "Switch server or session" OR label == "Switch server or session"'
    t =   137.54s Checking existence of `Button (Element at index 0)`
    t =   137.56s Find the Button (Element at index 0)
    t =   137.59s Checking existence of `"switch-server-session" Button`
    t =   137.60s Find the "switch-server-session" Button
    t =   137.63s Tap "switch-server-session" Button
    t =   137.63s     Wait for dev.meeterm.app to idle
    t =   137.63s     Find the "switch-server-session" Button
    t =   137.65s     Check for interrupting elements affecting "switch-server-session" Button
    t =   137.67s     Synthesize event
    t =   137.97s     Wait for dev.meeterm.app to idle
    t =   138.29s Get number of matches for: Elements matching predicate 'identifier == "Browse sessions on Daily fixture" OR label == "Browse sessions on Daily fixture"'
    t =   138.31s Get number of matches for: Elements matching predicate 'identifier == "Browse sessions on Daily fixture" OR label == "Browse sessions on Daily fixture"'
    t =   138.34s Checking existence of `Button (Element at index 0)`
    t =   138.36s Find the Button (Element at index 0)
    t =   138.39s Checking existence of `"switcher-server-4093284a-34e5-4c05-a4ea-f8563dd01c03" Button`
    t =   138.41s Find the "switcher-server-4093284a-34e5-4c05-a4ea-f8563dd01c03" Button
    t =   138.44s Tap "switcher-server-4093284a-34e5-4c05-a4ea-f8563dd01c03" Button
    t =   138.44s     Wait for dev.meeterm.app to idle
    t =   138.44s     Find the "switcher-server-4093284a-34e5-4c05-a4ea-f8563dd01c03" Button
    t =   138.47s     Check for interrupting elements affecting "switcher-server-4093284a-34e5-4c05-a4ea-f8563dd01c03" Button
    t =   138.50s     Synthesize event
    t =   138.79s     Wait for dev.meeterm.app to idle
    t =   138.80s Get number of matches for: Elements matching predicate 'identifier == "tmux session meeterm" OR label == "tmux session meeterm"'
    t =   138.82s Checking existence of `"tmux session meeterm" Any`
    t =   139.11s Checking existence of `"tmux session meeterm" Any`
    t =   139.39s Checking existence of `"tmux session meeterm" Any`
    t =   139.42s Find the "tmux session meeterm" Any
    t =   139.45s Tap "runtime-row-tmux-runtime-3-1-tmux-0" Button
    t =   139.45s     Wait for dev.meeterm.app to idle
    t =   139.46s     Find the "runtime-row-tmux-runtime-3-1-tmux-0" Button
    t =   139.48s     Check for interrupting elements affecting "runtime-row-tmux-runtime-3-1-tmux-0" Button
    t =   139.51s     Synthesize event
    t =   139.81s     Wait for dev.meeterm.app to idle
    t =   139.81s Waiting 90.0s for StaticText (First Match) to exist
    t =   140.85s     Checking `Expect predicate `existsNoRetry == 1` for object StaticText (First Match)`
    t =   140.85s         Checking existence of `StaticText (First Match)`
    t =   140.90s Get number of matches for: Elements matching predicate 'identifier == "Workspace ios-main" OR label == "Workspace ios-main"'
    t =   140.92s Get number of matches for: Elements matching predicate 'identifier == "Workspace ios-main" OR label == "Workspace ios-main"'
    t =   140.94s Checking existence of `Button (Element at index 0)`
    t =   140.97s Find the Button (Element at index 0)
    t =   141.00s Checking existence of `"workspace-row-@0" Button`
    t =   141.03s Find the "workspace-row-@0" Button
    t =   141.07s Tap "workspace-row-@0" Button
    t =   141.07s     Wait for dev.meeterm.app to idle
    t =   141.07s     Find the "workspace-row-@0" Button
    t =   141.09s     Check for interrupting elements affecting "workspace-row-@0" Button
    t =   141.12s     Synthesize event
    t =   141.42s     Wait for dev.meeterm.app to idle
    t =   141.78s Get all elements bound by index for: Elements matching predicate 'identifier == "Terminal" OR label == "Terminal" OR label == "Terminal, cached output, read only"'
    t =   141.80s Checking existence of `Other (Element at index 0)`
    t =   141.81s Find the Other (Element at index 0)
    t =   141.83s Checking existence of `Other (Element at index 1)`
    t =   141.85s Find the Other (Element at index 1)
    t =   141.87s Find the "Terminal, cached output, read only" Other
    t =   141.90s Waiting 30.0s for Any (First Match) to exist
    t =   142.93s     Checking `Expect predicate `existsNoRetry == 1` for object Any (First Match)`
    t =   142.93s         Checking existence of `Any (First Match)`
    t =   142.95s Get all elements bound by index for: Elements matching predicate 'identifier == "Terminal" OR label == "Terminal" OR label == "Terminal, cached output, read only"'
    t =   142.97s Checking existence of `Other (Element at index 0)`
    t =   142.98s Find the Other (Element at index 0)
    t =   143.00s Checking existence of `Other (Element at index 1)`
    t =   143.02s Find the Other (Element at index 1)
    t =   143.04s Find the "Terminal" Other
    t =   143.06s Tap "Terminal" Other
    t =   143.06s     Wait for dev.meeterm.app to idle
    t =   143.07s     Find the "Terminal" Other
    t =   143.08s     Check for interrupting elements affecting "Terminal" Other
    t =   143.10s     Synthesize event
    t =   143.40s     Wait for dev.meeterm.app to idle
    t =   143.72s Checking existence of `"Speed up your typing by sliding your finger across the letters to compose a word." StaticText`
    t =   143.77s Waiting 10.0s for "t" Key to exist
    t =   144.78s     Checking `Expect predicate `existsNoRetry == 1` for object "t" Key`
    t =   144.78s         Checking existence of `"t" Key`
    t =   144.82s Tap "t" Key
    t =   144.82s     Wait for dev.meeterm.app to idle
    t =   144.82s     Find the "t" Key
    t =   144.85s     Check for interrupting elements affecting "t" Key
    t =   144.88s     Synthesize event
    t =   145.17s     Wait for dev.meeterm.app to idle
    t =   145.18s Waiting 10.0s for "e" Key to exist
    t =   146.19s     Checking `Expect predicate `existsNoRetry == 1` for object "e" Key`
    t =   146.19s         Checking existence of `"e" Key`
    t =   146.22s Tap "e" Key
    t =   146.22s     Wait for dev.meeterm.app to idle
    t =   146.23s     Find the "e" Key
    t =   146.26s     Check for interrupting elements affecting "e" Key
    t =   146.29s     Synthesize event
    t =   146.58s     Wait for dev.meeterm.app to idle
    t =   146.58s Waiting 10.0s for "s" Key to exist
    t =   147.61s     Checking `Expect predicate `existsNoRetry == 1` for object "s" Key`
    t =   147.61s         Checking existence of `"s" Key`
    t =   147.65s Tap "s" Key
    t =   147.65s     Wait for dev.meeterm.app to idle
    t =   147.65s     Find the "s" Key
    t =   147.69s     Check for interrupting elements affecting "s" Key
    t =   147.72s     Synthesize event
    t =   148.02s     Wait for dev.meeterm.app to idle
    t =   148.02s Waiting 10.0s for "t" Key to exist
    t =   149.04s     Checking `Expect predicate `existsNoRetry == 1` for object "t" Key`
    t =   149.04s         Checking existence of `"t" Key`
    t =   149.08s Tap "t" Key
    t =   149.08s     Wait for dev.meeterm.app to idle
    t =   149.08s     Find the "t" Key
    t =   149.11s     Check for interrupting elements affecting "t" Key
    t =   149.14s     Synthesize event
    t =   149.44s     Wait for dev.meeterm.app to idle
    t =   149.44s Waiting 10.0s for "terminal-paste" Any to exist
    t =   150.49s     Checking `Expect predicate `existsNoRetry == 1` for object "terminal-paste" Any`
    t =   150.49s         Checking existence of `"terminal-paste" Any`
    t =   150.66s Checking existence of `"terminal-paste" Any`
    t =   150.73s Find the "terminal-paste" Any
    t =   151.83s Checking `Expect predicate `enabled == 1` for object "terminal-paste" Button`
    t =   151.83s     Find the "terminal-paste" Button
    t =   151.89s Find the "terminal-paste" Button
    t =   151.95s Tap "terminal-paste" Button
    t =   151.95s     Wait for dev.meeterm.app to idle
    t =   151.96s     Find the "terminal-paste" Button
    t =   152.02s     Check for interrupting elements affecting "terminal-paste" Button
    t =   152.06s     Synthesize event
    t =   152.35s     Wait for dev.meeterm.app to idle
    t =   153.40s Checking `Expect predicate `value != "Ready 0" AND value BEGINSWITH "Ready "` for object "terminal-paste" Button`
    t =   153.40s     Find the "terminal-paste" Button
    t =   153.49s     Find the "terminal-paste" Button
    t =   153.56s Get number of matches for: Elements matching predicate 'identifier == "Paste" OR label == "Paste"'
    t =   153.59s Get number of matches for: Elements matching predicate 'identifier == "Paste" OR label == "Paste"'
    t =   153.62s Checking existence of `Button (Element at index 0)`
    t =   153.66s Find the Button (Element at index 0)
    t =   153.70s Get all elements bound by index for: Elements matching predicate 'identifier == "Terminal" OR label == "Terminal" OR label == "Terminal, cached output, read only"'
    t =   153.73s Checking existence of `Other (Element at index 0)`
    t =   153.75s Find the Other (Element at index 0)
    t =   153.78s Checking existence of `Other (Element at index 1)`
    t =   153.81s Find the Other (Element at index 1)
    t =   153.85s Find the "Terminal" Other
    t =   153.89s Checking existence of `"ssh-submit" Button`
    t =   153.92s Checking existence of `"Host" Any`
    t =   153.95s Checking existence of `"Private OpenSSH key" Any`
    t =   153.98s Checking existence of `"Terminal" Other`
    t =   154.01s Checking existence of `Keyboard (First Match)`
    t =   154.03s Checking existence of `"terminal-paste" Button`
    t =   154.09s Checking existence of `"terminal-paste" Button`
    t =   154.14s Find the "terminal-paste" Button
    t =   154.22s Checking existence of `"terminal-paste" Button`
    t =   154.28s Find the "terminal-paste" Button
    t =   154.33s Checking existence of `"terminal-paste" Button`
    t =   154.36s Find the "terminal-paste" Button
    t =   154.40s Checking existence of `"terminal-paste" Button`
    t =   154.42s Find the "terminal-paste" Button
    t =   154.45s Waiting 10.0s for Any (First Match) to exist
    t =   155.51s     Checking `Expect predicate `existsNoRetry == 1` for object Any (First Match)`
    t =   155.51s         Checking existence of `Any (First Match)`
    t =   155.58s Checking existence of `Any (First Match)`
    t =   155.62s Find the Any (First Match)
    t =   155.68s Tap "Return" Button
    t =   155.68s     Wait for dev.meeterm.app to idle
    t =   155.68s     Find the "Return" Button
    t =   155.74s     Check for interrupting elements affecting "Return" Button
    t =   155.77s     Synthesize event
    t =   156.07s     Wait for dev.meeterm.app to idle
    t =   156.07s Get number of matches for: Elements matching predicate 'identifier == "Back to workspaces" OR label == "Back to workspaces"'
    t =   156.11s Get number of matches for: Elements matching predicate 'identifier == "Back to workspaces" OR label == "Back to workspaces"'
    t =   156.14s Checking existence of `Button (Element at index 0)`
    t =   156.17s Find the Button (Element at index 0)
    t =   156.21s Checking existence of `"Back to workspaces" Button`
    t =   156.25s Find the "Back to workspaces" Button
    t =   156.29s Tap "Back to workspaces" Button
    t =   156.29s     Wait for dev.meeterm.app to idle
    t =   156.29s     Find the "Back to workspaces" Button
    t =   156.32s     Check for interrupting elements affecting "Back to workspaces" Button
    t =   156.35s     Synthesize event
    t =   156.65s     Wait for dev.meeterm.app to idle
    t =   156.98s Get number of matches for: Elements matching predicate 'identifier == "Switch server or session" OR label == "Switch server or session"'
    t =   157.00s Get number of matches for: Elements matching predicate 'identifier == "Switch server or session" OR label == "Switch server or session"'
    t =   157.02s Checking existence of `Button (Element at index 0)`
    t =   157.03s Find the Button (Element at index 0)
    t =   157.06s Checking existence of `"switch-server-session" Button`
    t =   157.08s Find the "switch-server-session" Button
    t =   157.10s Tap "switch-server-session" Button
    t =   157.10s     Wait for dev.meeterm.app to idle
    t =   157.10s     Find the "switch-server-session" Button
    t =   157.12s     Check for interrupting elements affecting "switch-server-session" Button
    t =   157.15s     Synthesize event
    t =   157.45s     Wait for dev.meeterm.app to idle
    t =   157.78s Get number of matches for: Elements matching predicate 'identifier == "Manage servers" OR label == "Manage servers"'
    t =   157.81s Get number of matches for: Elements matching predicate 'identifier == "Manage servers" OR label == "Manage servers"'
    t =   157.84s Checking existence of `Button (Element at index 0)`
    t =   157.86s Find the Button (Element at index 0)
    t =   157.90s Checking existence of `"switcher-manage-servers" Button`
    t =   157.92s Find the "switcher-manage-servers" Button
    t =   157.96s Tap "switcher-manage-servers" Button
    t =   157.96s     Wait for dev.meeterm.app to idle
    t =   157.96s     Find the "switcher-manage-servers" Button
    t =   157.99s     Check for interrupting elements affecting "switcher-manage-servers" Button
    t =   158.01s     Synthesize event
    t =   158.31s     Wait for dev.meeterm.app to idle
    t =   158.64s Waiting 15.0s for "Saved servers" StaticText to exist
    t =   159.69s     Checking `Expect predicate `existsNoRetry == 1` for object "Saved servers" StaticText`
    t =   159.69s         Checking existence of `"Saved servers" StaticText`
    t =   159.74s Get number of matches for: Elements matching predicate 'identifier == "Add server" OR label == "Add server"'
    t =   159.77s Get number of matches for: Elements matching predicate 'identifier == "Add server" OR label == "Add server"'
    t =   159.79s Checking existence of `Button (Element at index 0)`
    t =   159.81s Find the Button (Element at index 0)
    t =   159.84s Checking existence of `"Add server" Button`
    t =   159.86s Find the "Add server" Button
    t =   159.89s Tap "Add server" Button
    t =   159.90s     Wait for dev.meeterm.app to idle
    t =   159.90s     Find the "Add server" Button
    t =   159.92s     Check for interrupting elements affecting "Add server" Button
    t =   159.95s     Synthesize event
    t =   160.24s     Wait for dev.meeterm.app to idle
    t =   160.57s Waiting 10.0s for TextField (First Match) to exist
    t =   161.59s     Checking `Expect predicate `existsNoRetry == 1` for object TextField (First Match)`
    t =   161.60s         Checking existence of `TextField (First Match)`
    t =   161.69s Checking existence of `TextField (First Match)`
    t =   161.73s Find the TextField (First Match)
    t =   161.79s Tap "ssh-host" TextField[0.95, 0.50]
    t =   161.79s     Wait for dev.meeterm.app to idle
    t =   161.79s     Find the "ssh-host" TextField
    t =   161.84s     Check for interrupting elements affecting "ssh-host" TextField
    t =   161.87s     Synthesize event
    t =   161.87s         Find the "ssh-host" TextField
    t =   161.92s         Find the "ssh-host" TextField
    t =   161.97s         Find the "ssh-host" TextField
    t =   162.32s     Wait for dev.meeterm.app to idle
    t =   162.67s Find the "ssh-host" TextField
    t =   162.80s Find the "ssh-host" TextField
    t =   162.88s Type '127.0.0.1' into "ssh-host" TextField
    t =   162.89s     Wait for dev.meeterm.app to idle
    t =   162.89s     Find the "ssh-host" TextField
    t =   162.97s     Check for interrupting elements affecting "ssh-host" TextField
    t =   163.01s     Synthesize event
    t =   163.36s     Wait for dev.meeterm.app to idle
    t =   164.38s Checking `Expect predicate `BLOCKPREDICATE(0x114eeab20)` for object "ssh-host" TextField`
    t =   164.38s     Find the "ssh-host" TextField
    t =   164.48s     Find the "ssh-host" TextField
    t =   164.57s Waiting 10.0s for TextField (First Match) to exist
    t =   165.59s     Checking `Expect predicate `existsNoRetry == 1` for object TextField (First Match)`
    t =   165.59s         Checking existence of `TextField (First Match)`
    t =   165.70s Checking existence of `TextField (First Match)`
    t =   165.78s Find the TextField (First Match)
    t =   165.89s Tap "ssh-port" TextField[0.95, 0.50]
    t =   165.89s     Wait for dev.meeterm.app to idle
    t =   165.89s     Find the "ssh-port" TextField
    t =   165.97s     Check for interrupting elements affecting "ssh-port" TextField
    t =   166.01s     Synthesize event
    t =   166.01s         Find the "ssh-port" TextField
    t =   166.11s         Find the "ssh-port" TextField
    t =   166.20s         Find the "ssh-port" TextField
    t =   166.57s     Wait for dev.meeterm.app to idle
    t =   166.98s Find the "ssh-port" TextField
    t =   167.05s Find the "ssh-port" TextField
    t =   167.12s Type '' into "ssh-port" TextField
    t =   167.12s     Wait for dev.meeterm.app to idle
    t =   167.13s     Find the "ssh-port" TextField
    t =   167.20s     Check for interrupting elements affecting "ssh-port" TextField
    t =   167.23s     Synthesize event
    t =   167.48s     Wait for dev.meeterm.app to idle
    t =   167.49s Find the "ssh-port" TextField
    t =   167.56s Type '62444' into "ssh-port" TextField
    t =   167.56s     Wait for dev.meeterm.app to idle
    t =   167.56s     Find the "ssh-port" TextField
    t =   167.64s     Check for interrupting elements affecting "ssh-port" TextField
    t =   167.67s     Synthesize event
    t =   167.96s     Wait for dev.meeterm.app to idle
    t =   169.01s Checking `Expect predicate `BLOCKPREDICATE(0x114f9b3f0)` for object "ssh-port" TextField`
    t =   169.01s     Find the "ssh-port" TextField
    t =   169.11s     Find the "ssh-port" TextField
    t =   169.18s Waiting 10.0s for TextField (First Match) to exist
    t =   170.21s     Checking `Expect predicate `existsNoRetry == 1` for object TextField (First Match)`
    t =   170.21s         Checking existence of `TextField (First Match)`
    t =   170.29s Checking existence of `TextField (First Match)`
    t =   170.37s Find the TextField (First Match)
    t =   170.46s Tap "ssh-username" TextField[0.95, 0.50]
    t =   170.46s     Wait for dev.meeterm.app to idle
    t =   170.47s     Find the "ssh-username" TextField
    t =   170.54s     Check for interrupting elements affecting "ssh-username" TextField
    t =   170.58s     Synthesize event
    t =   170.58s         Find the "ssh-username" TextField
    t =   170.66s         Find the "ssh-username" TextField
    t =   170.75s         Find the "ssh-username" TextField
    t =   171.12s     Wait for dev.meeterm.app to idle
    t =   171.50s Find the "ssh-username" TextField
    t =   171.58s Find the "ssh-username" TextField
    t =   171.66s Type 'd' into "ssh-username" TextField
    t =   171.66s     Wait for dev.meeterm.app to idle
    t =   171.66s     Find the "ssh-username" TextField
    t =   171.75s     Check for interrupting elements affecting "ssh-username" TextField
    t =   171.78s     Synthesize event
    t =   172.00s     Wait for dev.meeterm.app to idle
    t =   173.04s Checking `Expect predicate `BLOCKPREDICATE(0x11502a040)` for object "ssh-username" TextField`
    t =   173.04s     Find the "ssh-username" TextField
    t =   173.13s     Find the "ssh-username" TextField
    t =   173.22s Type 'e' into "ssh-username" TextField
    t =   173.22s     Wait for dev.meeterm.app to idle
    t =   173.22s     Find the "ssh-username" TextField
    t =   173.31s     Check for interrupting elements affecting "ssh-username" TextField
    t =   173.35s     Synthesize event
    t =   173.57s     Wait for dev.meeterm.app to idle
    t =   174.61s Checking `Expect predicate `BLOCKPREDICATE(0x11502b0c0)` for object "ssh-username" TextField`
    t =   174.61s     Find the "ssh-username" TextField
    t =   174.72s     Find the "ssh-username" TextField
    t =   174.81s Type 'v' into "ssh-username" TextField
    t =   174.81s     Wait for dev.meeterm.app to idle
    t =   174.81s     Find the "ssh-username" TextField
    t =   174.89s     Check for interrupting elements affecting "ssh-username" TextField
    t =   174.93s     Synthesize event
    t =   175.16s     Wait for dev.meeterm.app to idle
    t =   176.21s Checking `Expect predicate `BLOCKPREDICATE(0x11502aeb0)` for object "ssh-username" TextField`
    t =   176.21s     Find the "ssh-username" TextField
    t =   176.30s     Find the "ssh-username" TextField
    t =   176.39s Type 'i' into "ssh-username" TextField
    t =   176.39s     Wait for dev.meeterm.app to idle
    t =   176.39s     Find the "ssh-username" TextField
    t =   176.48s     Check for interrupting elements affecting "ssh-username" TextField
    t =   176.53s     Synthesize event
    t =   176.75s     Wait for dev.meeterm.app to idle
    t =   177.78s Checking `Expect predicate `BLOCKPREDICATE(0x114e4b4e0)` for object "ssh-username" TextField`
    t =   177.78s     Find the "ssh-username" TextField
    t =   177.87s     Find the "ssh-username" TextField
    t =   177.96s Type 'n' into "ssh-username" TextField
    t =   177.96s     Wait for dev.meeterm.app to idle
    t =   177.97s     Find the "ssh-username" TextField
    t =   178.05s     Check for interrupting elements affecting "ssh-username" TextField
    t =   178.08s     Synthesize event
    t =   178.30s     Wait for dev.meeterm.app to idle
    t =   179.34s Checking `Expect predicate `BLOCKPREDICATE(0x11502ad00)` for object "ssh-username" TextField`
    t =   179.35s     Find the "ssh-username" TextField
    t =   179.47s     Find the "ssh-username" TextField
    t =   180.58s Checking `Expect predicate `BLOCKPREDICATE(0x114e4b240)` for object "ssh-username" TextField`
    t =   180.58s     Find the "ssh-username" TextField
    t =   180.68s     Find the "ssh-username" TextField
    t =   180.77s Waiting 10.0s for "ssh-auth-password" Any to exist
    t =   181.83s     Checking `Expect predicate `existsNoRetry == 1` for object "ssh-auth-password" Any`
    t =   181.83s         Checking existence of `"ssh-auth-password" Any`
    t =   182.05s Checking existence of `"ssh-auth-password" Any`
    t =   182.29s Find the "ssh-auth-password" Any
    t =   182.52s Find the "ssh-auth-password" Other
    t =   182.79s Checking existence of `"ssh-auth-password" Other`
    t =   183.04s Checking existence of `ScrollView (First Match)`
    t =   183.17s Find the ScrollView (First Match)
    t =   183.28s Find the Target Application 'dev.meeterm.app'
    t =   183.31s Checking existence of `Keyboard (First Match)`
    t =   183.33s Find the Keyboard (First Match)
    t =   183.36s Find the Keyboard at {{0.0, 653.0}, {440.0, 245.0}}
    t =   183.39s Find the "ssh-auth-password" Other
    t =   183.63s Tap "ssh-auth-password" Other
    t =   183.63s     Wait for dev.meeterm.app to idle
    t =   183.63s     Find the "ssh-auth-password" Other
    t =   183.88s     Check for interrupting elements affecting "ssh-auth-password" Other
    t =   183.93s     Synthesize event
    t =   184.23s     Wait for dev.meeterm.app to idle
    t =   184.50s Waiting 10.0s for "SSH password" SecureTextField to exist
    t =   185.53s     Checking `Expect predicate `existsNoRetry == 1` for object "SSH password" SecureTextField`
    t =   185.53s         Checking existence of `"SSH password" SecureTextField`
    t =   185.56s Checking existence of `"SSH password" SecureTextField`
    t =   185.59s Find the "SSH password" SecureTextField
    t =   185.62s Find the "ssh-password" SecureTextField
    t =   185.66s Checking existence of `"ssh-password" SecureTextField`
    t =   185.69s Checking existence of `ScrollView (First Match)`
    t =   185.74s Find the ScrollView (First Match)
    t =   185.79s Find the Target Application 'dev.meeterm.app'
    t =   185.81s Checking existence of `Keyboard (First Match)`
    t =   185.92s Find the "ssh-password" SecureTextField
    t =   185.95s Tap "ssh-password" SecureTextField
    t =   185.95s     Wait for dev.meeterm.app to idle
    t =   185.95s     Find the "ssh-password" SecureTextField
    t =   185.98s     Check for interrupting elements affecting "ssh-password" SecureTextField
    t =   186.01s     Synthesize event
    t =   186.31s     Wait for dev.meeterm.app to idle
    t =   186.84s Waiting 10.0s for "ssh-auth-public-key" Any to exist
    t =   187.87s     Checking `Expect predicate `existsNoRetry == 1` for object "ssh-auth-public-key" Any`
    t =   187.87s         Checking existence of `"ssh-auth-public-key" Any`
    t =   188.12s Checking existence of `"ssh-auth-public-key" Any`
    t =   188.38s Find the "ssh-auth-public-key" Any
    t =   188.63s Find the "ssh-auth-public-key" Other
    t =   188.89s Checking existence of `"ssh-auth-public-key" Other`
    t =   189.13s Checking existence of `ScrollView (First Match)`
    t =   189.22s Find the ScrollView (First Match)
    t =   189.32s Find the Target Application 'dev.meeterm.app'
    t =   189.35s Checking existence of `Keyboard (First Match)`
    t =   189.37s Find the Keyboard (First Match)
    t =   189.39s Find the Keyboard at {{0.0, 653.0}, {440.0, 245.0}}
    t =   189.42s Find the "ssh-auth-public-key" Other
    t =   189.65s Tap "ssh-auth-public-key" Other
    t =   189.65s     Wait for dev.meeterm.app to idle
    t =   189.65s     Find the "ssh-auth-public-key" Other
    t =   189.90s     Check for interrupting elements affecting "ssh-auth-public-key" Other
    t =   189.95s     Synthesize event
    t =   190.26s     Wait for dev.meeterm.app to idle
    t =   190.51s Checking existence of `"ssh-password" SecureTextField`
    t =   190.55s Checking existence of `TextField (First Match)`
    t =   190.62s Find the TextField (First Match)
    t =   190.68s Find the "server-profile-name" TextField
    t =   191.02s Checking existence of `"server-profile-name" TextField`
    t =   191.08s Find the "server-profile-name" TextField
    t =   191.14s Find the "server-profile-name" TextField
    t =   191.48s Checking existence of `"server-profile-name" TextField`
    t =   191.54s Find the "server-profile-name" TextField
    t =   191.60s Find the "server-profile-name" TextField
    t =   191.93s Checking existence of `"server-profile-name" TextField`
    t =   191.99s Find the "server-profile-name" TextField
    t =   192.06s Find the "server-profile-name" TextField
    t =   192.12s Find the "server-profile-name" TextField
    t =   192.19s Checking existence of `ScrollView (First Match)`
    t =   192.23s Find the ScrollView (First Match)
    t =   192.29s Checking existence of `Keyboard (First Match)`
    t =   192.40s Find the Target Application 'dev.meeterm.app'
    t =   192.43s Checking existence of `ScrollView at {{0.0, 122.0}, {440.0, 800.0}}`
    t =   192.48s Find the Target Application 'dev.meeterm.app'
    t =   192.50s Checking existence of `ScrollView at {{0.0, 122.0}, {440.0, 800.0}}`
    t =   192.55s Find the ScrollView at {{0.0, 122.0}, {440.0, 800.0}}
    t =   192.61s Find the Target Application 'dev.meeterm.app'
    t =   192.63s Checking existence of `Keyboard (First Match)`
    t =   192.76s Checking existence of `"server-profile-name" TextField`
    t =   192.82s Find the "server-profile-name" TextField
    t =   192.88s Press Target Application 'dev.meeterm.app'[0.00, 0.00] -> (8.0, 722.0) for 0.1 seconds, then drag to Target Application 'dev.meeterm.app'[0.00, 0.00] -> (8.0, 322.0) with velocity of 250.00 pixels per second, and then hold for 0.2 seconds 
    t =   192.88s     Wait for dev.meeterm.app to idle
    t =   192.89s     Find the Target Application 'dev.meeterm.app'
    t =   192.92s     Check for interrupting elements affecting "meeterm" Application
    t =   192.94s     Synthesize event
    t =   192.95s         Find the Target Application 'dev.meeterm.app'
    t =   192.97s         Find the Target Application 'dev.meeterm.app'
    t =   193.00s         Find the Target Application 'dev.meeterm.app'
    t =   193.02s         Find the Target Application 'dev.meeterm.app'
    t =   193.05s         Find the Target Application 'dev.meeterm.app'
    t =   195.18s     Wait for dev.meeterm.app to idle
    t =   195.79s Checking existence of `"server-profile-name" TextField`
    t =   195.85s Find the "server-profile-name" TextField
    t =   195.92s Find the "server-profile-name" TextField
    t =   195.98s Find the "server-profile-name" TextField
    t =   196.06s Checking existence of `ScrollView at {{0.0, 122.0}, {440.0, 800.0}}`
    t =   196.11s Find the ScrollView at {{0.0, 122.0}, {440.0, 800.0}}
    t =   196.17s Checking existence of `Keyboard (First Match)`
    t =   196.29s Find the Target Application 'dev.meeterm.app'
    t =   196.31s Checking existence of `"server-profile-name" TextField`
    t =   196.37s Find the "server-profile-name" TextField
    t =   196.44s Find the "server-profile-name" TextField
    t =   196.51s Checking existence of `"server-profile-name" TextField`
    t =   196.58s Checking existence of `ScrollView at {{0.0, 122.0}, {440.0, 800.0}}`
    t =   196.63s Find the ScrollView at {{0.0, 122.0}, {440.0, 800.0}}
    t =   196.69s Find the Target Application 'dev.meeterm.app'
    t =   196.72s Checking existence of `Keyboard (First Match)`
    t =   196.85s Find the "server-profile-name" TextField
    t =   196.92s Waiting 10.0s for TextField (First Match) to exist
    t =   197.96s     Checking `Expect predicate `existsNoRetry == 1` for object TextField (First Match)`
    t =   197.96s         Checking existence of `TextField (First Match)`
    t =   198.03s Checking existence of `TextField (First Match)`
    t =   198.09s Find the TextField (First Match)
    t =   198.16s Tap "server-profile-name" TextField[0.95, 0.50]
    t =   198.16s     Wait for dev.meeterm.app to idle
    t =   198.17s     Find the "server-profile-name" TextField
    t =   198.23s     Check for interrupting elements affecting "server-profile-name" TextField
    t =   198.26s     Synthesize event
    t =   198.27s         Find the "server-profile-name" TextField
    t =   198.34s         Find the "server-profile-name" TextField
    t =   198.41s         Find the "server-profile-name" TextField
    t =   198.77s     Wait for dev.meeterm.app to idle
    t =   199.13s Find the "server-profile-name" TextField
    t =   199.28s Find the "server-profile-name" TextField
    t =   199.42s Type 'Alternate endpoint' into "server-profile-name" TextField
    t =   199.42s     Wait for dev.meeterm.app to idle
    t =   199.42s     Find the "server-profile-name" TextField
    t =   199.54s     Check for interrupting elements affecting "server-profile-name" TextField
    t =   199.58s     Synthesize event
    t =   200.09s     Wait for dev.meeterm.app to idle
    t =   201.11s Checking `Expect predicate `BLOCKPREDICATE(0x1155aed00)` for object "server-profile-name" TextField`
    t =   201.11s     Find the "server-profile-name" TextField
    t =   201.22s     Find the "server-profile-name" TextField
    t =   201.34s Checking existence of `"save-credentials" Switch`
    t =   201.39s Find the "save-credentials" Switch
    t =   201.44s Find the "save-credentials" Switch
    t =   201.76s Checking existence of `"save-credentials" Switch`
    t =   201.80s Find the "save-credentials" Switch
    t =   201.85s Find the "save-credentials" Switch
    t =   202.17s Checking existence of `"save-credentials" Switch`
    t =   202.22s Find the "save-credentials" Switch
    t =   202.26s Find the "save-credentials" Switch
    t =   202.57s Checking existence of `"save-credentials" Switch`
    t =   202.61s Find the "save-credentials" Switch
    t =   202.65s Find the "save-credentials" Switch
    t =   202.70s Find the "save-credentials" Switch
    t =   202.75s Checking existence of `ScrollView (First Match)`
    t =   202.85s Find the ScrollView (First Match)
    t =   202.97s Checking existence of `Keyboard (First Match)`
    t =   202.98s Find the Keyboard (First Match)
    t =   203.00s Find the Target Application 'dev.meeterm.app'
    t =   203.04s Checking existence of `ScrollView at {{0.0, 122.0}, {440.0, 549.0}}`
    t =   203.13s Find the Target Application 'dev.meeterm.app'
    t =   203.16s Checking existence of `ScrollView at {{0.0, 122.0}, {440.0, 549.0}}`
    t =   203.25s Find the ScrollView at {{0.0, 122.0}, {440.0, 549.0}}
    t =   203.35s Find the Target Application 'dev.meeterm.app'
    t =   203.38s Checking existence of `Keyboard (First Match)`
    t =   203.40s Find the Keyboard (First Match)
    t =   203.44s Find the Keyboard at {{0.0, 653.0}, {440.0, 245.0}}
    t =   203.47s Checking existence of `"save-credentials" Switch`
    t =   203.52s Find the "save-credentials" Switch
    t =   203.58s Press Target Application 'dev.meeterm.app'[0.00, 0.00] -> (8.0, 520.2) for 0.1 seconds, then drag to Target Application 'dev.meeterm.app'[0.00, 0.00] -> (8.0, 254.8) with velocity of 250.00 pixels per second, and then hold for 0.2 seconds 
    t =   203.58s     Wait for dev.meeterm.app to idle
    t =   203.58s     Find the Target Application 'dev.meeterm.app'
    t =   203.61s     Check for interrupting elements affecting "meeterm" Application
    t =   203.65s     Synthesize event
    t =   203.65s         Find the Target Application 'dev.meeterm.app'
    t =   203.68s         Find the Target Application 'dev.meeterm.app'
    t =   203.71s         Find the Target Application 'dev.meeterm.app'
    t =   203.75s         Find the Target Application 'dev.meeterm.app'
    t =   203.79s         Find the Target Application 'dev.meeterm.app'
    t =   205.40s     Wait for dev.meeterm.app to idle
    t =   206.01s Checking existence of `"save-credentials" Switch`
    t =   206.06s Find the "save-credentials" Switch
    t =   206.10s Find the "save-credentials" Switch
    t =   206.15s Find the "save-credentials" Switch
    t =   206.20s Checking existence of `ScrollView at {{0.0, 122.0}, {440.0, 549.0}}`
    t =   206.30s Find the ScrollView at {{0.0, 122.0}, {440.0, 549.0}}
    t =   206.39s Checking existence of `Keyboard (First Match)`
    t =   206.41s Find the Keyboard (First Match)
    t =   206.44s Find the Target Application 'dev.meeterm.app'
    t =   206.47s Checking existence of `"save-credentials" Switch`
    t =   206.52s Find the "save-credentials" Switch
    t =   206.56s Find the "save-credentials" Switch
    t =   206.62s Checking existence of `"save-credentials" Switch`
    t =   206.67s Checking existence of `ScrollView at {{0.0, 122.0}, {440.0, 549.0}}`
    t =   206.76s Find the ScrollView at {{0.0, 122.0}, {440.0, 549.0}}
    t =   206.88s Find the Target Application 'dev.meeterm.app'
    t =   206.91s Checking existence of `Keyboard (First Match)`
    t =   206.93s Find the Keyboard (First Match)
    t =   206.96s Find the Keyboard at {{0.0, 653.0}, {440.0, 245.0}}
    t =   206.98s Find the "save-credentials" Switch
    t =   207.04s Find the "save-credentials" Switch
    t =   207.09s Tap "save-credentials" Switch
    t =   207.09s     Wait for dev.meeterm.app to idle
    t =   207.10s     Find the "save-credentials" Switch
    t =   207.14s     Check for interrupting elements affecting "save-credentials" Switch
    t =   207.19s     Synthesize event
    t =   207.48s     Wait for dev.meeterm.app to idle
    t =   208.73s Find the "save-credentials" Switch
    t =   208.79s Checking existence of `TextView (First Match)`
    t =   208.93s Find the TextView (First Match)
    t =   209.05s Find the "ssh-private-key" TextView
    t =   209.18s Checking existence of `"ssh-private-key" TextView`
    t =   209.29s Checking existence of `ScrollView (First Match)`
    t =   209.39s Find the ScrollView (First Match)
    t =   209.51s Find the Target Application 'dev.meeterm.app'
    t =   209.54s Checking existence of `Keyboard (First Match)`
    t =   209.56s Find the Keyboard (First Match)
    t =   209.60s Find the Keyboard at {{0.0, 653.0}, {440.0, 245.0}}
    t =   209.62s Find the "ssh-private-key" TextView
    t =   209.98s Checking existence of `"ssh-private-key" TextView`
    t =   210.09s Find the "ssh-private-key" TextView
    t =   210.21s Find the "ssh-private-key" TextView
    t =   210.32s Find the "ssh-private-key" TextView
    t =   210.46s Checking existence of `ScrollView at {{0.0, 122.0}, {440.0, 549.0}}`
    t =   210.56s Find the ScrollView at {{0.0, 122.0}, {440.0, 549.0}}
    t =   210.65s Checking existence of `Keyboard (First Match)`
    t =   210.67s Find the Keyboard (First Match)
    t =   210.70s Find the Target Application 'dev.meeterm.app'
    t =   210.73s Checking existence of `ScrollView at {{0.0, 122.0}, {440.0, 549.0}}`
    t =   210.83s Find the Target Application 'dev.meeterm.app'
    t =   210.86s Checking existence of `ScrollView at {{0.0, 122.0}, {440.0, 549.0}}`
    t =   210.96s Find the ScrollView at {{0.0, 122.0}, {440.0, 549.0}}
    t =   211.05s Find the Target Application 'dev.meeterm.app'
    t =   211.08s Checking existence of `Keyboard (First Match)`
    t =   211.10s Find the Keyboard (First Match)
    t =   211.13s Find the Keyboard at {{0.0, 653.0}, {440.0, 245.0}}
    t =   211.15s Checking existence of `"ssh-private-key" TextView`
    t =   211.26s Find the "ssh-private-key" TextView
    t =   211.37s Press Target Application 'dev.meeterm.app'[0.00, 0.00] -> (8.0, 263.9) for 0.1 seconds, then drag to Target Application 'dev.meeterm.app'[0.00, 0.00] -> (8.0, 511.1) with velocity of 250.00 pixels per second, and then hold for 0.2 seconds 
    t =   211.37s     Wait for dev.meeterm.app to idle
    t =   211.37s     Find the Target Application 'dev.meeterm.app'
    t =   211.41s     Check for interrupting elements affecting "meeterm" Application
    t =   211.45s     Synthesize event
    t =   211.45s         Find the Target Application 'dev.meeterm.app'
    t =   211.48s         Find the Target Application 'dev.meeterm.app'
    t =   211.52s         Find the Target Application 'dev.meeterm.app'
    t =   211.55s         Find the Target Application 'dev.meeterm.app'
    t =   211.58s         Find the Target Application 'dev.meeterm.app'
    t =   213.10s     Wait for dev.meeterm.app to idle
    t =   213.36s Checking existence of `"ssh-private-key" TextView`
    t =   213.48s Find the "ssh-private-key" TextView
    t =   213.61s Find the "ssh-private-key" TextView
    t =   213.73s Find the "ssh-private-key" TextView
    t =   213.86s Checking existence of `ScrollView at {{0.0, 122.0}, {440.0, 549.0}}`
    t =   213.95s Find the ScrollView at {{0.0, 122.0}, {440.0, 549.0}}
    t =   214.06s Checking existence of `Keyboard (First Match)`
    t =   214.08s Find the Keyboard (First Match)
    t =   214.11s Find the Target Application 'dev.meeterm.app'
    t =   214.14s Checking existence of `"ssh-private-key" TextView`
    t =   214.27s Find the "ssh-private-key" TextView
    t =   214.39s Find the "ssh-private-key" TextView
    t =   214.52s Checking existence of `"ssh-private-key" TextView`
    t =   214.63s Checking existence of `ScrollView at {{0.0, 122.0}, {440.0, 549.0}}`
    t =   214.74s Find the ScrollView at {{0.0, 122.0}, {440.0, 549.0}}
    t =   214.84s Find the Target Application 'dev.meeterm.app'
    t =   214.87s Checking existence of `Keyboard (First Match)`
    t =   214.89s Find the Keyboard (First Match)
    t =   214.92s Find the Keyboard at {{0.0, 653.0}, {440.0, 245.0}}
    t =   214.95s Find the "ssh-private-key" TextView
    t =   215.07s Find the TextView (First Match)
    t =   215.19s Find the "ssh-private-key" TextView
    t =   215.31s Find the "ssh-private-key" TextView
    t =   215.43s Find the "ssh-private-key" TextView
    t =   215.55s Find the "ssh-private-key" TextView
    t =   215.67s Find the "ssh-private-key" TextView
    t =   215.80s Find the "ssh-private-key" TextView
    t =   215.92s Find the "ssh-private-key" TextView
    t =   216.04s Waiting 15.0s for "ssh-private-key" TextView to exist
    t =   217.08s     Checking `Expect predicate `existsNoRetry == 1` for object "ssh-private-key" TextView`
    t =   217.08s         Checking existence of `"ssh-private-key" TextView`
    t =   217.21s Tap "ssh-private-key" TextView
    t =   217.21s     Wait for dev.meeterm.app to idle
    t =   217.21s     Find the "ssh-private-key" TextView
    t =   217.34s     Check for interrupting elements affecting "ssh-private-key" TextView
    t =   217.39s     Synthesize event
    t =   217.69s     Wait for dev.meeterm.app to idle
    t =   218.13s Type '-----BEGIN OPENSSH...' into "ssh-private-key" TextView
    t =   218.13s     Wait for dev.meeterm.app to idle
    t =   218.14s     Find the "ssh-private-key" TextView
    t =   218.25s     Check for interrupting elements affecting "ssh-private-key" TextView
    t =   218.29s     Synthesize event
    t =   219.08s     Wait for dev.meeterm.app to idle
    t =   219.08s Checking existence of `"return" Key`
    t =   219.12s Type '
' into "ssh-private-key" TextView
    t =   219.13s     Wait for dev.meeterm.app to idle
    t =   219.13s     Find the "ssh-private-key" TextView
    t =   219.24s     Check for interrupting elements affecting "ssh-private-key" TextView
    t =   219.28s     Synthesize event
    t =   219.50s     Wait for dev.meeterm.app to idle
    t =   219.50s Type 'b3BlbnNzaC1rZXktdj...' into "ssh-private-key" TextView
    t =   219.50s     Wait for dev.meeterm.app to idle
    t =   219.51s     Find the "ssh-private-key" TextView
    t =   219.62s     Check for interrupting elements affecting "ssh-private-key" TextView
    t =   219.66s     Synthesize event
    t =   221.03s     Wait for dev.meeterm.app to idle
    t =   221.03s Checking existence of `"return" Key`
    t =   221.07s Type '
' into "ssh-private-key" TextView
    t =   221.07s     Wait for dev.meeterm.app to idle
    t =   221.08s     Find the "ssh-private-key" TextView
    t =   221.19s     Check for interrupting elements affecting "ssh-private-key" TextView
    t =   221.23s     Synthesize event
    t =   221.45s     Wait for dev.meeterm.app to idle
    t =   221.45s Type 'QyNTUxOQAAACAhxQ4G...' into "ssh-private-key" TextView
    t =   221.45s     Wait for dev.meeterm.app to idle
    t =   221.46s     Find the "ssh-private-key" TextView
    t =   221.57s     Check for interrupting elements affecting "ssh-private-key" TextView
    t =   221.61s     Synthesize event
    t =   222.98s     Wait for dev.meeterm.app to idle
    t =   222.98s Checking existence of `"return" Key`
    t =   223.03s Type '
' into "ssh-private-key" TextView
    t =   223.03s     Wait for dev.meeterm.app to idle
    t =   223.03s     Find the "ssh-private-key" TextView
    t =   223.14s     Check for interrupting elements affecting "ssh-private-key" TextView
    t =   223.18s     Synthesize event
    t =   223.39s     Wait for dev.meeterm.app to idle
    t =   223.40s Type 'QQAAAAtzc2gtZWQyNT...' into "ssh-private-key" TextView
    t =   223.40s     Wait for dev.meeterm.app to idle
    t =   223.40s     Find the "ssh-private-key" TextView
    t =   223.57s     Check for interrupting elements affecting "ssh-private-key" TextView
    t =   223.61s     Synthesize event
    t =   224.98s     Wait for dev.meeterm.app to idle
    t =   224.98s Checking existence of `"return" Key`
    t =   225.03s Type '
' into "ssh-private-key" TextView
    t =   225.03s     Wait for dev.meeterm.app to idle
    t =   225.03s     Find the "ssh-private-key" TextView
    t =   225.15s     Check for interrupting elements affecting "ssh-private-key" TextView
    t =   225.20s     Synthesize event
    t =   225.42s     Wait for dev.meeterm.app to idle
    t =   225.43s Type 'AAAECTExoVznHuzJKx...' into "ssh-private-key" TextView
    t =   225.43s     Wait for dev.meeterm.app to idle
    t =   225.43s     Find the "ssh-private-key" TextView
    t =   225.55s     Check for interrupting elements affecting "ssh-private-key" TextView
    t =   225.59s     Synthesize event
    t =   226.96s     Wait for dev.meeterm.app to idle
    t =   226.97s Checking existence of `"return" Key`
    t =   227.02s Type '
' into "ssh-private-key" TextView
    t =   227.02s     Wait for dev.meeterm.app to idle
    t =   227.02s     Find the "ssh-private-key" TextView
    t =   227.13s     Check for interrupting elements affecting "ssh-private-key" TextView
    t =   227.17s     Synthesize event
    t =   227.39s     Wait for dev.meeterm.app to idle
    t =   227.39s Type 'f/H12n9B8A/uwwpj+P...' into "ssh-private-key" TextView
    t =   227.39s     Wait for dev.meeterm.app to idle
    t =   227.40s     Find the "ssh-private-key" TextView
    t =   227.51s     Check for interrupting elements affecting "ssh-private-key" TextView
    t =   227.55s     Synthesize event
    t =   228.68s     Wait for dev.meeterm.app to idle
    t =   228.69s Checking existence of `"return" Key`
    t =   228.74s Type '
' into "ssh-private-key" TextView
    t =   228.74s     Wait for dev.meeterm.app to idle
    t =   228.74s     Find the "ssh-private-key" TextView
    t =   228.85s     Check for interrupting elements affecting "ssh-private-key" TextView
    t =   228.89s     Synthesize event
    t =   229.11s     Wait for dev.meeterm.app to idle
    t =   229.12s Type '-----END OPENSSH P...' into "ssh-private-key" TextView
    t =   229.12s     Wait for dev.meeterm.app to idle
    t =   229.12s     Find the "ssh-private-key" TextView
    t =   229.23s     Check for interrupting elements affecting "ssh-private-key" TextView
    t =   229.27s     Synthesize event
    t =   230.03s     Wait for dev.meeterm.app to idle
    t =   230.03s Waiting 10.0s for "ssh-submit" Button to exist
    t =   231.08s     Checking `Expect predicate `existsNoRetry == 1` for object "ssh-submit" Button`
    t =   231.08s         Checking existence of `"ssh-submit" Button`
    t =   231.13s Checking existence of `"ssh-submit" Button`
    t =   231.17s Find the "ssh-submit" Button
    t =   231.22s Tap "ssh-submit" Button
    t =   231.22s     Wait for dev.meeterm.app to idle
    t =   231.23s     Find the "ssh-submit" Button
    t =   231.27s     Check for interrupting elements affecting "ssh-submit" Button
    t =   231.31s     Synthesize event
    t =   231.61s     Wait for dev.meeterm.app to idle
    t =   231.97s Checking existence of `"ssh-submit" Button`
    t =   232.01s Get number of matches for: Elements matching predicate 'identifier == "Connect saved server Alternate endpoint" OR label == "Connect saved server Alternate endpoint"'
    t =   232.06s Get number of matches for: Elements matching predicate 'identifier == "Connect saved server Alternate endpoint" OR label == "Connect saved server Alternate endpoint"'
    t =   232.09s Checking existence of `Button (Element at index 0)`
    t =   232.13s Find the Button (Element at index 0)
    t =   232.18s Checking existence of `"server-profile-cce5c9d8-e0c9-44a7-ac9c-6dd8f5a69cc5" Button`
    t =   232.22s Find the "server-profile-cce5c9d8-e0c9-44a7-ac9c-6dd8f5a69cc5" Button
    t =   232.27s Get number of matches for: Elements matching predicate 'identifier == "Close sheet" OR label == "Close sheet"'
    t =   232.31s Get number of matches for: Elements matching predicate 'identifier == "Close sheet" OR label == "Close sheet"'
    t =   232.34s Checking existence of `Button (Element at index 0)`
    t =   232.38s Find the Button (Element at index 0)
    t =   232.43s Checking existence of `"Close sheet" Button`
    t =   232.46s Find the "Close sheet" Button
    t =   232.51s Tap "Close sheet" Button
    t =   232.51s     Wait for dev.meeterm.app to idle
    t =   232.52s     Find the "Close sheet" Button
    t =   232.57s     Check for interrupting elements affecting "Close sheet" Button
    t =   232.60s     Synthesize event
    t =   232.89s     Wait for dev.meeterm.app to idle
    t =   233.22s Get number of matches for: Elements matching predicate 'identifier == "Switch server or session" OR label == "Switch server or session"'
    t =   233.24s Get number of matches for: Elements matching predicate 'identifier == "Switch server or session" OR label == "Switch server or session"'
    t =   233.27s Checking existence of `Button (Element at index 0)`
    t =   233.29s Find the Button (Element at index 0)
    t =   233.31s Checking existence of `"switch-server-session" Button`
    t =   233.33s Find the "switch-server-session" Button
    t =   233.36s Get number of matches for: Elements matching predicate 'identifier == "Switch server or session" OR label == "Switch server or session"'
    t =   233.38s Get number of matches for: Elements matching predicate 'identifier == "Switch server or session" OR label == "Switch server or session"'
    t =   233.40s Checking existence of `Button (Element at index 0)`
    t =   233.41s Find the Button (Element at index 0)
    t =   233.44s Checking existence of `"switch-server-session" Button`
    t =   233.46s Find the "switch-server-session" Button
    t =   233.49s Tap "switch-server-session" Button
    t =   233.49s     Wait for dev.meeterm.app to idle
    t =   233.50s     Find the "switch-server-session" Button
    t =   233.51s     Check for interrupting elements affecting "switch-server-session" Button
    t =   233.54s     Synthesize event
    t =   233.83s     Wait for dev.meeterm.app to idle
    t =   234.17s Get number of matches for: Elements matching predicate 'identifier == "Browse sessions on Alternate endpoint" OR label == "Browse sessions on Alternate endpoint"'
    t =   234.20s Get number of matches for: Elements matching predicate 'identifier == "Browse sessions on Alternate endpoint" OR label == "Browse sessions on Alternate endpoint"'
    t =   234.23s Checking existence of `Button (Element at index 0)`
    t =   234.26s Find the Button (Element at index 0)
    t =   234.29s Checking existence of `"switcher-server-cce5c9d8-e0c9-44a7-ac9c-6dd8f5a69cc5" Button`
    t =   234.31s Find the "switcher-server-cce5c9d8-e0c9-44a7-ac9c-6dd8f5a69cc5" Button
    t =   234.35s Tap "switcher-server-cce5c9d8-e0c9-44a7-ac9c-6dd8f5a69cc5" Button
    t =   234.35s     Wait for dev.meeterm.app to idle
    t =   234.35s     Find the "switcher-server-cce5c9d8-e0c9-44a7-ac9c-6dd8f5a69cc5" Button
    t =   234.38s     Check for interrupting elements affecting "switcher-server-cce5c9d8-e0c9-44a7-ac9c-6dd8f5a69cc5" Button
    t =   234.40s     Synthesize event
    t =   234.70s     Wait for dev.meeterm.app to idle
    t =   234.72s Waiting 60.0s for Alert (First Match) to exist
    t =   235.76s     Checking `Expect predicate `existsNoRetry == 1` for object Alert (First Match)`
    t =   235.76s         Checking existence of `Alert (First Match)`
    t =   235.77s Get all elements bound by index for: Descendants matching type StaticText
    t =   235.79s Find the StaticText (Element at index 0)
    t =   235.81s Find the StaticText (Element at index 1)
    t =   235.84s Get all elements bound by index for: Descendants matching type StaticText
    t =   235.86s Find the StaticText (Element at index 0)
    t =   235.88s Find the StaticText (Element at index 1)
    t =   235.90s Waiting 10.0s for "Trust and connect" Button to exist
    t =   236.92s     Checking `Expect predicate `existsNoRetry == 1` for object "Trust and connect" Button`
    t =   236.92s         Checking existence of `"Trust and connect" Button`
    t =   236.94s Checking existence of `"Trust and connect" Button`
    t =   236.96s Find the "Trust and connect" Button
    t =   236.99s Tap "Trust and connect" Button
    t =   236.99s     Wait for dev.meeterm.app to idle
    t =   237.00s     Find the "Trust and connect" Button
    t =   237.02s     Check for interrupting elements affecting "Trust and connect" Button
    t =   237.06s     Synthesize event
    t =   237.36s     Wait for dev.meeterm.app to idle
    t =   237.60s Checking existence of `Alert (First Match)`
    t =   237.71s Get number of matches for: Elements matching predicate 'identifier == "tmux session switcher-alternate-destination" OR label == "tmux session switcher-alternate-destination"'
    t =   237.73s Checking existence of `"tmux session switcher-alternate-destination" Any`
    t =   238.02s Checking existence of `"tmux session switcher-alternate-destination" Any`
    t =   238.29s Checking existence of `"tmux session switcher-alternate-destination" Any`
    t =   238.32s Find the "tmux session switcher-alternate-destination" Any
    t =   238.35s Tap "runtime-row-tmux-runtime-4-1-tmux-0" Button
    t =   238.35s     Wait for dev.meeterm.app to idle
    t =   238.36s     Find the "runtime-row-tmux-runtime-4-1-tmux-0" Button
    t =   238.39s     Check for interrupting elements affecting "runtime-row-tmux-runtime-4-1-tmux-0" Button
    t =   238.41s     Synthesize event
    t =   238.70s     Wait for dev.meeterm.app to idle
    t =   238.70s Waiting 90.0s for StaticText (First Match) to exist
    t =   239.73s     Checking `Expect predicate `existsNoRetry == 1` for object StaticText (First Match)`
    t =   239.73s         Checking existence of `StaticText (First Match)`
    t =   239.76s Get number of matches for: Elements matching predicate 'identifier == "Workspace switcher-alternate-main" OR label == "Workspace switcher-alternate-main"'
    t =   239.78s Get number of matches for: Elements matching predicate 'identifier == "Workspace switcher-alternate-main" OR label == "Workspace switcher-alternate-main"'
    t =   239.80s Checking existence of `Button (Element at index 0)`
    t =   239.81s Find the Button (Element at index 0)
    t =   239.84s Checking existence of `"workspace-row-@0" Button`
    t =   239.86s Find the "workspace-row-@0" Button
    t =   239.89s Tap "workspace-row-@0" Button
    t =   239.89s     Wait for dev.meeterm.app to idle
    t =   239.89s     Find the "workspace-row-@0" Button
    t =   239.91s     Check for interrupting elements affecting "workspace-row-@0" Button
    t =   239.93s     Synthesize event
    t =   240.23s     Wait for dev.meeterm.app to idle
    t =   240.58s Get all elements bound by index for: Elements matching predicate 'identifier == "Terminal" OR label == "Terminal" OR label == "Terminal, cached output, read only"'
    t =   240.59s Checking existence of `Other (Element at index 0)`
    t =   240.61s Find the Other (Element at index 0)
    t =   240.63s Checking existence of `Other (Element at index 1)`
    t =   240.64s Find the Other (Element at index 1)
    t =   240.66s Find the "Terminal" Other
    t =   240.68s Get all elements bound by index for: Elements matching predicate 'identifier == "Terminal" OR label == "Terminal" OR label == "Terminal, cached output, read only"'
    t =   240.70s Checking existence of `Other (Element at index 0)`
    t =   240.71s Find the Other (Element at index 0)
    t =   240.72s Checking existence of `Other (Element at index 1)`
    t =   240.74s Find the Other (Element at index 1)
    t =   240.76s Find the "Terminal" Other
    t =   240.78s Waiting 30.0s for Any (First Match) to exist
    t =   241.80s     Checking `Expect predicate `existsNoRetry == 1` for object Any (First Match)`
    t =   241.80s         Checking existence of `Any (First Match)`
    t =   241.85s Checking existence of `"Terminal" Other`
    t =   241.87s Find the "Terminal" Other
    t =   241.89s Tap "Terminal" Other
    t =   241.89s     Wait for dev.meeterm.app to idle
    t =   241.90s     Find the "Terminal" Other
    t =   241.91s     Check for interrupting elements affecting "Terminal" Other
    t =   241.93s     Synthesize event
    t =   242.23s     Wait for dev.meeterm.app to idle
    t =   242.52s Checking existence of `"Speed up your typing by sliding your finger across the letters to compose a word." StaticText`
    t =   242.58s Waiting 10.0s for "p" Key to exist
    t =   243.63s     Checking `Expect predicate `existsNoRetry == 1` for object "p" Key`
    t =   243.63s         Checking existence of `"p" Key`
    t =   243.70s Tap "p" Key
    t =   243.70s     Wait for dev.meeterm.app to idle
    t =   243.71s     Find the "p" Key
    t =   243.74s     Check for interrupting elements affecting "p" Key
    t =   243.77s     Synthesize event
    t =   244.06s     Wait for dev.meeterm.app to idle
    t =   244.06s Waiting 10.0s for "r" Key to exist
    t =   245.09s     Checking `Expect predicate `existsNoRetry == 1` for object "r" Key`
    t =   245.10s         Checking existence of `"r" Key`
    t =   245.13s Tap "r" Key
    t =   245.13s     Wait for dev.meeterm.app to idle
    t =   245.13s     Find the "r" Key
    t =   245.17s     Check for interrupting elements affecting "r" Key
    t =   245.20s     Synthesize event
    t =   245.49s     Wait for dev.meeterm.app to idle
    t =   245.50s Waiting 10.0s for "i" Key to exist
    t =   246.55s     Checking `Expect predicate `existsNoRetry == 1` for object "i" Key`
    t =   246.55s         Checking existence of `"i" Key`
    t =   246.61s Tap "i" Key
    t =   246.61s     Wait for dev.meeterm.app to idle
    t =   246.62s     Find the "i" Key
    t =   246.65s     Check for interrupting elements affecting "i" Key
    t =   246.68s     Synthesize event
    t =   246.98s     Wait for dev.meeterm.app to idle
    t =   246.98s Waiting 10.0s for "n" Key to exist
    t =   248.03s     Checking `Expect predicate `existsNoRetry == 1` for object "n" Key`
    t =   248.03s         Checking existence of `"n" Key`
    t =   248.06s Tap "n" Key
    t =   248.06s     Wait for dev.meeterm.app to idle
    t =   248.06s     Find the "n" Key
    t =   248.09s     Check for interrupting elements affecting "n" Key
    t =   248.12s     Synthesize event
    t =   248.43s     Wait for dev.meeterm.app to idle
    t =   248.44s Waiting 10.0s for "t" Key to exist
    t =   249.49s     Checking `Expect predicate `existsNoRetry == 1` for object "t" Key`
    t =   249.50s         Checking existence of `"t" Key`
    t =   249.54s Tap "t" Key
    t =   249.54s     Wait for dev.meeterm.app to idle
    t =   249.55s     Find the "t" Key
    t =   249.58s     Check for interrupting elements affecting "t" Key
    t =   249.61s     Synthesize event
    t =   249.91s     Wait for dev.meeterm.app to idle
    t =   249.92s Waiting 10.0s for "f" Key to exist
    t =   250.96s     Checking `Expect predicate `existsNoRetry == 1` for object "f" Key`
    t =   250.96s         Checking existence of `"f" Key`
    t =   250.99s Tap "f" Key
    t =   250.99s     Wait for dev.meeterm.app to idle
    t =   250.99s     Find the "f" Key
    t =   251.03s     Check for interrupting elements affecting "f" Key
    t =   251.06s     Synthesize event
    t =   251.35s     Wait for dev.meeterm.app to idle
    t =   251.35s Waiting 10.0s for "terminal-paste" Any to exist
    t =   252.41s     Checking `Expect predicate `existsNoRetry == 1` for object "terminal-paste" Any`
    t =   252.41s         Checking existence of `"terminal-paste" Any`
    t =   252.50s Checking existence of `"terminal-paste" Any`
    t =   252.57s Find the "terminal-paste" Any
    t =   253.69s Checking `Expect predicate `enabled == 1` for object "terminal-paste" Button`
    t =   253.70s     Find the "terminal-paste" Button
    t =   253.77s Find the "terminal-paste" Button
    t =   253.84s Tap "terminal-paste" Button
    t =   253.84s     Wait for dev.meeterm.app to idle
    t =   253.84s     Find the "terminal-paste" Button
    t =   253.90s     Check for interrupting elements affecting "terminal-paste" Button
    t =   253.94s     Synthesize event
    t =   254.24s     Wait for dev.meeterm.app to idle
    t =   255.28s Checking `Expect predicate `value != "Ready 0" AND value BEGINSWITH "Ready "` for object "terminal-paste" Button`
    t =   255.28s     Find the "terminal-paste" Button
    t =   255.37s     Find the "terminal-paste" Button
    t =   255.43s Get number of matches for: Elements matching predicate 'identifier == "Paste" OR label == "Paste"'
    t =   255.46s Get number of matches for: Elements matching predicate 'identifier == "Paste" OR label == "Paste"'
    t =   255.49s Checking existence of `Button (Element at index 0)`
    t =   255.52s Find the Button (Element at index 0)
    t =   255.56s Get all elements bound by index for: Elements matching predicate 'identifier == "Terminal" OR label == "Terminal" OR label == "Terminal, cached output, read only"'
    t =   255.59s Checking existence of `Other (Element at index 0)`
    t =   255.62s Find the Other (Element at index 0)
    t =   255.65s Checking existence of `Other (Element at index 1)`
    t =   255.69s Find the Other (Element at index 1)
    t =   255.73s Find the "Terminal" Other
    t =   255.77s Checking existence of `"ssh-submit" Button`
    t =   255.80s Checking existence of `"Host" Any`
    t =   255.83s Checking existence of `"Private OpenSSH key" Any`
    t =   255.87s Checking existence of `"Terminal" Other`
    t =   255.90s Checking existence of `Keyboard (First Match)`
    t =   255.92s Checking existence of `"terminal-paste" Button`
    t =   255.97s Checking existence of `"terminal-paste" Button`
    t =   256.03s Find the "terminal-paste" Button
    t =   256.10s Checking existence of `"terminal-paste" Button`
    t =   256.16s Find the "terminal-paste" Button
    t =   256.22s Checking existence of `"terminal-paste" Button`
    t =   256.25s Find the "terminal-paste" Button
    t =   256.28s Checking existence of `"terminal-paste" Button`
    t =   256.31s Find the "terminal-paste" Button
    t =   256.34s Waiting 10.0s for Any (First Match) to exist
    t =   257.38s     Checking `Expect predicate `existsNoRetry == 1` for object Any (First Match)`
    t =   257.38s         Checking existence of `Any (First Match)`
    t =   257.44s Checking existence of `Any (First Match)`
    t =   257.49s Find the Any (First Match)
    t =   257.55s Tap "Return" Button
    t =   257.55s     Wait for dev.meeterm.app to idle
    t =   257.55s     Find the "Return" Button
    t =   257.60s     Check for interrupting elements affecting "Return" Button
    t =   257.63s     Synthesize event
    t =   257.92s     Wait for dev.meeterm.app to idle
    t =   257.93s Get number of matches for: Elements matching predicate 'identifier == "Back to workspaces" OR label == "Back to workspaces"'
    t =   257.96s Get number of matches for: Elements matching predicate 'identifier == "Back to workspaces" OR label == "Back to workspaces"'
    t =   257.99s Checking existence of `Button (Element at index 0)`
    t =   258.02s Find the Button (Element at index 0)
    t =   258.06s Checking existence of `"Back to workspaces" Button`
    t =   258.09s Find the "Back to workspaces" Button
    t =   258.13s Tap "Back to workspaces" Button
    t =   258.13s     Wait for dev.meeterm.app to idle
    t =   258.13s     Find the "Back to workspaces" Button
    t =   258.16s     Check for interrupting elements affecting "Back to workspaces" Button
    t =   258.19s     Synthesize event
    t =   258.49s     Wait for dev.meeterm.app to idle
    t =   258.85s Get number of matches for: Elements matching predicate 'identifier == "Switch server or session" OR label == "Switch server or session"'
    t =   258.87s Get number of matches for: Elements matching predicate 'identifier == "Switch server or session" OR label == "Switch server or session"'
    t =   258.89s Checking existence of `Button (Element at index 0)`
    t =   258.91s Find the Button (Element at index 0)
    t =   258.93s Checking existence of `"switch-server-session" Button`
    t =   258.95s Find the "switch-server-session" Button
    t =   258.98s Tap "switch-server-session" Button
    t =   258.98s     Wait for dev.meeterm.app to idle
    t =   258.98s     Find the "switch-server-session" Button
    t =   259.00s     Check for interrupting elements affecting "switch-server-session" Button
    t =   259.02s     Synthesize event
    t =   259.31s     Wait for dev.meeterm.app to idle
    t =   259.64s Get number of matches for: Elements matching predicate 'identifier == "Browse sessions on Daily fixture" OR label == "Browse sessions on Daily fixture"'
    t =   259.67s Get number of matches for: Elements matching predicate 'identifier == "Browse sessions on Daily fixture" OR label == "Browse sessions on Daily fixture"'
    t =   259.69s Checking existence of `Button (Element at index 0)`
    t =   259.71s Find the Button (Element at index 0)
    t =   259.74s Checking existence of `"switcher-server-4093284a-34e5-4c05-a4ea-f8563dd01c03" Button`
    t =   259.76s Find the "switcher-server-4093284a-34e5-4c05-a4ea-f8563dd01c03" Button
    t =   259.80s Tap "switcher-server-4093284a-34e5-4c05-a4ea-f8563dd01c03" Button
    t =   259.80s     Wait for dev.meeterm.app to idle
    t =   259.80s     Find the "switcher-server-4093284a-34e5-4c05-a4ea-f8563dd01c03" Button
    t =   259.82s     Check for interrupting elements affecting "switcher-server-4093284a-34e5-4c05-a4ea-f8563dd01c03" Button
    t =   259.85s     Synthesize event
    t =   260.14s     Wait for dev.meeterm.app to idle
    t =   260.15s Get number of matches for: Elements matching predicate 'identifier == "tmux session meeterm" OR label == "tmux session meeterm"'
    t =   260.17s Checking existence of `"tmux session meeterm" Any`
    t =   260.45s Checking existence of `"tmux session meeterm" Any`
    t =   260.48s Find the "tmux session meeterm" Any
    t =   260.52s Tap "runtime-row-tmux-runtime-5-1-tmux-0" Button
    t =   260.52s     Wait for dev.meeterm.app to idle
    t =   260.52s     Find the "runtime-row-tmux-runtime-5-1-tmux-0" Button
    t =   260.55s     Check for interrupting elements affecting "runtime-row-tmux-runtime-5-1-tmux-0" Button
    t =   260.57s     Synthesize event
    t =   260.87s     Wait for dev.meeterm.app to idle
    t =   260.87s Waiting 90.0s for StaticText (First Match) to exist
    t =   261.90s     Checking `Expect predicate `existsNoRetry == 1` for object StaticText (First Match)`
    t =   261.91s         Checking existence of `StaticText (First Match)`
    t =   261.94s Get number of matches for: Elements matching predicate 'identifier == "Workspace ios-main" OR label == "Workspace ios-main"'
    t =   261.96s Get number of matches for: Elements matching predicate 'identifier == "Workspace ios-main" OR label == "Workspace ios-main"'
    t =   261.97s Checking existence of `Button (Element at index 0)`
    t =   261.99s Find the Button (Element at index 0)
    t =   262.02s Checking existence of `"workspace-row-@0" Button`
    t =   262.03s Find the "workspace-row-@0" Button
    t =   262.06s Tap "workspace-row-@0" Button
    t =   262.06s     Wait for dev.meeterm.app to idle
    t =   262.06s     Find the "workspace-row-@0" Button
    t =   262.08s     Check for interrupting elements affecting "workspace-row-@0" Button
    t =   262.10s     Synthesize event
    t =   262.40s     Wait for dev.meeterm.app to idle
    t =   262.76s Get all elements bound by index for: Elements matching predicate 'identifier == "Terminal" OR label == "Terminal" OR label == "Terminal, cached output, read only"'
    t =   262.79s Checking existence of `Other (Element at index 0)`
    t =   262.80s Find the Other (Element at index 0)
    t =   262.82s Checking existence of `Other (Element at index 1)`
    t =   262.83s Find the Other (Element at index 1)
    t =   262.85s Find the "Terminal" Other
    t =   262.88s Get all elements bound by index for: Elements matching predicate 'identifier == "Terminal" OR label == "Terminal" OR label == "Terminal, cached output, read only"'
    t =   262.89s Checking existence of `Other (Element at index 0)`
    t =   262.91s Find the Other (Element at index 0)
    t =   262.92s Checking existence of `Other (Element at index 1)`
    t =   262.94s Find the Other (Element at index 1)
    t =   262.96s Find the "Terminal" Other
    t =   262.99s Waiting 30.0s for Any (First Match) to exist
    t =   264.01s     Checking `Expect predicate `existsNoRetry == 1` for object Any (First Match)`
    t =   264.01s         Checking existence of `Any (First Match)`
    t =   264.05s Checking existence of `"Terminal" Other`
    t =   264.07s Find the "Terminal" Other
    t =   264.09s Tap "Terminal" Other
    t =   264.09s     Wait for dev.meeterm.app to idle
    t =   264.10s     Find the "Terminal" Other
    t =   264.11s     Check for interrupting elements affecting "Terminal" Other
    t =   264.13s     Synthesize event
    t =   264.43s     Wait for dev.meeterm.app to idle
    t =   264.74s Checking existence of `"Speed up your typing by sliding your finger across the letters to compose a word." StaticText`
    t =   264.80s Waiting 10.0s for "t" Key to exist
    t =   265.86s     Checking `Expect predicate `existsNoRetry == 1` for object "t" Key`
    t =   265.86s         Checking existence of `"t" Key`
    t =   265.90s Tap "t" Key
    t =   265.90s     Wait for dev.meeterm.app to idle
    t =   265.90s     Find the "t" Key
    t =   265.94s     Check for interrupting elements affecting "t" Key
    t =   265.97s     Synthesize event
    t =   266.26s     Wait for dev.meeterm.app to idle
    t =   266.27s Waiting 10.0s for "e" Key to exist
    t =   267.31s     Checking `Expect predicate `existsNoRetry == 1` for object "e" Key`
    t =   267.31s         Checking existence of `"e" Key`
    t =   267.37s Tap "e" Key
    t =   267.37s     Wait for dev.meeterm.app to idle
    t =   267.38s     Find the "e" Key
    t =   267.41s     Check for interrupting elements affecting "e" Key
    t =   267.44s     Synthesize event
    t =   267.73s     Wait for dev.meeterm.app to idle
    t =   267.74s Waiting 10.0s for "s" Key to exist
    t =   268.78s     Checking `Expect predicate `existsNoRetry == 1` for object "s" Key`
    t =   268.78s         Checking existence of `"s" Key`
    t =   268.81s Tap "s" Key
    t =   268.81s     Wait for dev.meeterm.app to idle
    t =   268.81s     Find the "s" Key
    t =   268.85s     Check for interrupting elements affecting "s" Key
    t =   268.87s     Synthesize event
    t =   269.16s     Wait for dev.meeterm.app to idle
    t =   269.17s Waiting 10.0s for "t" Key to exist
    t =   270.22s     Checking `Expect predicate `existsNoRetry == 1` for object "t" Key`
    t =   270.22s         Checking existence of `"t" Key`
    t =   270.26s Tap "t" Key
    t =   270.26s     Wait for dev.meeterm.app to idle
    t =   270.26s     Find the "t" Key
    t =   270.29s     Check for interrupting elements affecting "t" Key
    t =   270.32s     Synthesize event
    t =   270.61s     Wait for dev.meeterm.app to idle
    t =   270.62s Waiting 10.0s for "terminal-paste" Any to exist
    t =   271.68s     Checking `Expect predicate `existsNoRetry == 1` for object "terminal-paste" Any`
    t =   271.68s         Checking existence of `"terminal-paste" Any`
    t =   271.76s Checking existence of `"terminal-paste" Any`
    t =   271.82s Find the "terminal-paste" Any
    t =   272.93s Checking `Expect predicate `enabled == 1` for object "terminal-paste" Button`
    t =   272.93s     Find the "terminal-paste" Button
    t =   273.03s Find the "terminal-paste" Button
    t =   273.09s Tap "terminal-paste" Button
    t =   273.09s     Wait for dev.meeterm.app to idle
    t =   273.09s     Find the "terminal-paste" Button
    t =   273.15s     Check for interrupting elements affecting "terminal-paste" Button
    t =   273.19s     Synthesize event
    t =   273.50s     Wait for dev.meeterm.app to idle
    t =   274.55s Checking `Expect predicate `value != "Ready 0" AND value BEGINSWITH "Ready "` for object "terminal-paste" Button`
    t =   274.55s     Find the "terminal-paste" Button
    t =   274.63s     Find the "terminal-paste" Button
    t =   274.68s Get number of matches for: Elements matching predicate 'identifier == "Paste" OR label == "Paste"'
    t =   274.72s Get number of matches for: Elements matching predicate 'identifier == "Paste" OR label == "Paste"'
    t =   274.75s Checking existence of `Button (Element at index 0)`
    t =   274.77s Find the Button (Element at index 0)
    t =   274.81s Get all elements bound by index for: Elements matching predicate 'identifier == "Terminal" OR label == "Terminal" OR label == "Terminal, cached output, read only"'
    t =   274.84s Checking existence of `Other (Element at index 0)`
    t =   274.87s Find the Other (Element at index 0)
    t =   274.91s Checking existence of `Other (Element at index 1)`
    t =   274.94s Find the Other (Element at index 1)
    t =   274.98s Find the "Terminal" Other
    t =   275.01s Checking existence of `"ssh-submit" Button`
    t =   275.04s Checking existence of `"Host" Any`
    t =   275.08s Checking existence of `"Private OpenSSH key" Any`
    t =   275.11s Checking existence of `"Terminal" Other`
    t =   275.14s Checking existence of `Keyboard (First Match)`
    t =   275.16s Checking existence of `"terminal-paste" Button`
    t =   275.21s Checking existence of `"terminal-paste" Button`
    t =   275.28s Find the "terminal-paste" Button
    t =   275.34s Checking existence of `"terminal-paste" Button`
    t =   275.41s Find the "terminal-paste" Button
    t =   275.47s Checking existence of `"terminal-paste" Button`
    t =   275.50s Find the "terminal-paste" Button
    t =   275.53s Checking existence of `"terminal-paste" Button`
    t =   275.56s Find the "terminal-paste" Button
    t =   275.59s Waiting 10.0s for Any (First Match) to exist
    t =   276.61s     Checking `Expect predicate `existsNoRetry == 1` for object Any (First Match)`
    t =   276.61s         Checking existence of `Any (First Match)`
    t =   276.69s Checking existence of `Any (First Match)`
    t =   276.74s Find the Any (First Match)
    t =   276.79s Tap "Return" Button
    t =   276.79s     Wait for dev.meeterm.app to idle
    t =   276.80s     Find the "Return" Button
    t =   276.85s     Check for interrupting elements affecting "Return" Button
    t =   276.88s     Synthesize event
    t =   277.18s     Wait for dev.meeterm.app to idle
    t =   277.19s Checking existence of `Any (First Match)`
    t =   277.28s Find the Any (First Match)
    t =   277.38s Find the "native-terminal-surface" Other
    t =   277.47s Find the "native-terminal-surface" Other
    t =   277.58s Find the "native-terminal-surface" Other
    t =   277.68s Find the "native-terminal-surface" Other
    t =   277.77s Find the Any (First Match)
    t =   277.85s Get all elements bound by index for: Elements matching predicate 'identifier == "Terminal" OR label == "Terminal" OR label == "Terminal, cached output, read only"'
    t =   277.88s Checking existence of `Other (Element at index 0)`
    t =   277.92s Find the Other (Element at index 0)
    t =   277.95s Checking existence of `Other (Element at index 1)`
    t =   277.98s Find the Other (Element at index 1)
    t =   278.01s Find the "Terminal" Other
    t =   278.05s Tap "Terminal" Other
    t =   278.05s     Wait for dev.meeterm.app to idle
    t =   278.06s     Find the "Terminal" Other
    t =   278.09s     Check for interrupting elements affecting "Terminal" Other
    t =   278.12s     Synthesize event
    t =   278.42s     Wait for dev.meeterm.app to idle
    t =   278.42s Checking existence of `"Speed up your typing by sliding your finger across the letters to compose a word." StaticText`
    t =   278.46s Waiting 10.0s for "p" Key to exist
    t =   279.52s     Checking `Expect predicate `existsNoRetry == 1` for object "p" Key`
    t =   279.52s         Checking existence of `"p" Key`
    t =   279.59s Tap "p" Key
    t =   279.59s     Wait for dev.meeterm.app to idle
    t =   279.59s     Find the "p" Key
    t =   279.63s     Check for interrupting elements affecting "p" Key
    t =   279.65s     Synthesize event
    t =   279.95s     Wait for dev.meeterm.app to idle
    t =   279.95s Waiting 10.0s for "r" Key to exist
    t =   280.98s     Checking `Expect predicate `existsNoRetry == 1` for object "r" Key`
    t =   280.98s         Checking existence of `"r" Key`
    t =   281.05s Tap "r" Key
    t =   281.05s     Wait for dev.meeterm.app to idle
    t =   281.06s     Find the "r" Key
    t =   281.09s     Check for interrupting elements affecting "r" Key
    t =   281.12s     Synthesize event
    t =   281.42s     Wait for dev.meeterm.app to idle
    t =   281.42s Waiting 10.0s for "i" Key to exist
    t =   282.46s     Checking `Expect predicate `existsNoRetry == 1` for object "i" Key`
    t =   282.46s         Checking existence of `"i" Key`
    t =   282.53s Tap "i" Key
    t =   282.53s     Wait for dev.meeterm.app to idle
    t =   282.54s     Find the "i" Key
    t =   282.57s     Check for interrupting elements affecting "i" Key
    t =   282.60s     Synthesize event
    t =   282.90s     Wait for dev.meeterm.app to idle
    t =   282.90s Waiting 10.0s for "n" Key to exist
    t =   283.94s     Checking `Expect predicate `existsNoRetry == 1` for object "n" Key`
    t =   283.94s         Checking existence of `"n" Key`
    t =   284.01s Tap "n" Key
    t =   284.01s     Wait for dev.meeterm.app to idle
    t =   284.01s     Find the "n" Key
    t =   284.05s     Check for interrupting elements affecting "n" Key
    t =   284.08s     Synthesize event
    t =   284.38s     Wait for dev.meeterm.app to idle
    t =   284.38s Waiting 10.0s for "t" Key to exist
    t =   285.45s     Checking `Expect predicate `existsNoRetry == 1` for object "t" Key`
    t =   285.45s         Checking existence of `"t" Key`
    t =   285.50s Tap "t" Key
    t =   285.50s     Wait for dev.meeterm.app to idle
    t =   285.50s     Find the "t" Key
    t =   285.53s     Check for interrupting elements affecting "t" Key
    t =   285.56s     Synthesize event
    t =   285.85s     Wait for dev.meeterm.app to idle
    t =   285.85s Waiting 10.0s for "f" Key to exist
    t =   286.88s     Checking `Expect predicate `existsNoRetry == 1` for object "f" Key`
    t =   286.88s         Checking existence of `"f" Key`
    t =   286.96s Tap "f" Key
    t =   286.96s     Wait for dev.meeterm.app to idle
    t =   286.96s     Find the "f" Key
    t =   287.00s     Check for interrupting elements affecting "f" Key
    t =   287.03s     Synthesize event
    t =   287.33s     Wait for dev.meeterm.app to idle
    t =   287.34s Waiting 10.0s for "terminal-paste" Any to exist
    t =   288.38s     Checking `Expect predicate `existsNoRetry == 1` for object "terminal-paste" Any`
    t =   288.38s         Checking existence of `"terminal-paste" Any`
    t =   288.48s Checking existence of `"terminal-paste" Any`
    t =   288.54s Find the "terminal-paste" Any
    t =   289.65s Checking `Expect predicate `enabled == 1` for object "terminal-paste" Button`
    t =   289.65s     Find the "terminal-paste" Button
    t =   289.75s Find the "terminal-paste" Button
    t =   289.81s Tap "terminal-paste" Button
    t =   289.81s     Wait for dev.meeterm.app to idle
    t =   289.81s     Find the "terminal-paste" Button
    t =   289.87s     Check for interrupting elements affecting "terminal-paste" Button
    t =   289.91s     Synthesize event
    t =   290.20s     Wait for dev.meeterm.app to idle
    t =   291.25s Checking `Expect predicate `value != "Ready 1" AND value BEGINSWITH "Ready "` for object "terminal-paste" Button`
    t =   291.25s     Find the "terminal-paste" Button
    t =   291.33s     Find the "terminal-paste" Button
    t =   291.40s Get number of matches for: Elements matching predicate 'identifier == "Paste" OR label == "Paste"'
    t =   291.42s Get number of matches for: Elements matching predicate 'identifier == "Paste" OR label == "Paste"'
    t =   291.45s Checking existence of `Button (Element at index 0)`
    t =   291.48s Find the Button (Element at index 0)
    t =   291.52s Get all elements bound by index for: Elements matching predicate 'identifier == "Terminal" OR label == "Terminal" OR label == "Terminal, cached output, read only"'
    t =   291.55s Checking existence of `Other (Element at index 0)`
    t =   291.58s Find the Other (Element at index 0)
    t =   291.62s Checking existence of `Other (Element at index 1)`
    t =   291.65s Find the Other (Element at index 1)
    t =   291.68s Find the "Terminal" Other
    t =   291.72s Checking existence of `"ssh-submit" Button`
    t =   291.76s Checking existence of `"Host" Any`
    t =   291.79s Checking existence of `"Private OpenSSH key" Any`
    t =   291.83s Checking existence of `"Terminal" Other`
    t =   291.85s Checking existence of `Keyboard (First Match)`
    t =   291.87s Checking existence of `"terminal-paste" Button`
    t =   291.93s Checking existence of `"terminal-paste" Button`
    t =   291.99s Find the "terminal-paste" Button
    t =   292.06s Checking existence of `"terminal-paste" Button`
    t =   292.12s Find the "terminal-paste" Button
    t =   292.18s Checking existence of `"terminal-paste" Button`
    t =   292.21s Find the "terminal-paste" Button
    t =   292.24s Checking existence of `"terminal-paste" Button`
    t =   292.27s Find the "terminal-paste" Button
    t =   292.30s Waiting 10.0s for Any (First Match) to exist
    t =   293.31s     Checking `Expect predicate `existsNoRetry == 1` for object Any (First Match)`
    t =   293.31s         Checking existence of `Any (First Match)`
    t =   293.39s Checking existence of `Any (First Match)`
    t =   293.43s Find the Any (First Match)
    t =   293.49s Tap "Return" Button
    t =   293.49s     Wait for dev.meeterm.app to idle
    t =   293.49s     Find the "Return" Button
    t =   293.54s     Check for interrupting elements affecting "Return" Button
    t =   293.57s     Synthesize event
    t =   293.87s     Wait for dev.meeterm.app to idle
    t =   294.13s Get all elements bound by index for: Elements matching predicate 'identifier BEGINSWITH "terminal-tab-"'
    t =   294.16s Find the Any (Element at index 0)
    t =   294.19s Checking existence of `"terminal-tab-%0" Other`
    t =   294.22s Find the Any (Element at index 1)
    t =   294.25s Checking existence of `"terminal-tab-%1" Other`
    t =   294.28s Find the "terminal-tab-%1" Other
    t =   294.30s Find the "terminal-tab-%0" Other
    t =   294.34s Find the "terminal-tab-%0" Other
    t =   294.36s Checking existence of `Any (First Match)`
    t =   294.47s Find the Any (First Match)
    t =   294.52s Checking existence of `StaticText (First Match)`
    t =   294.61s Checking existence of `Button (First Match)`
    t =   294.70s Checking existence of `Any (First Match)`
    t =   294.74s Checking existence of `Any (First Match)`
    t =   294.77s Checking existence of `Any (First Match)`
    t =   294.80s Checking existence of `Any (First Match)`
    t =   295.09s Get all elements bound by index for: Elements matching predicate 'identifier BEGINSWITH "terminal-tab-"'
    t =   295.11s Find the Any (Element at index 0)
    t =   295.14s Checking existence of `"terminal-tab-%0" Other`
    t =   295.15s Find the Any (Element at index 1)
    t =   295.17s Checking existence of `"terminal-tab-%1" Other`
    t =   295.18s Find the "terminal-tab-%0" Other
    t =   295.20s Find the "terminal-tab-%1" Other
    t =   295.22s Find the "terminal-tab-%0" Other
    t =   295.24s Checking existence of `"native-terminal-surface" Other`
    t =   295.27s Find the "native-terminal-surface" Other
    t =   295.31s Find the "native-terminal-surface" Other
    t =   295.36s Find the "native-terminal-surface" Other
    t =   295.40s Find the "native-terminal-surface" Other
    t =   295.44s Find the "native-terminal-surface" Other
    t =   295.47s Checking existence of `StaticText (First Match)`
    t =   295.54s Checking existence of `Button (First Match)`
    t =   295.60s Checking existence of `Any (First Match)`
    t =   295.62s Checking existence of `Any (First Match)`
    t =   295.65s Checking existence of `Any (First Match)`
    t =   295.68s Checking existence of `Any (First Match)`
    t =   295.71s Checking existence of `"terminal-tab-%0" Other`
    t =   295.73s Find the "terminal-tab-%0" Other
    t =   295.75s Find the "native-terminal-surface" Other
    t =   295.78s Checking existence of `Any (First Match)`
    t =   295.81s Find the Any (First Match)
    t =   295.85s Find the "native-terminal-surface" Other
    t =   295.89s Find the "native-terminal-surface" Other
    t =   295.94s Find the "native-terminal-surface" Other
    t =   295.97s Find the "native-terminal-surface" Other
    t =   296.01s Find the Any (First Match)
    t =   296.04s Get all elements bound by index for: Elements matching predicate 'identifier BEGINSWITH "terminal-tab-"'
    t =   296.06s Find the Any (Element at index 0)
    t =   296.07s Checking existence of `"terminal-tab-%0" Other`
    t =   296.09s Find the Any (Element at index 1)
    t =   296.11s Checking existence of `"terminal-tab-%1" Other`
    t =   296.13s Find the "terminal-tab-%1" Other
    t =   296.15s Find the "terminal-tab-%0" Other
    t =   296.17s Find the "terminal-tab-%0" Other
    t =   296.19s Checking existence of `"terminal-tab-%0" Other`
    t =   296.20s Find the "terminal-tab-%0" Other
    t =   296.22s Find the "terminal-tab-%0" Other
    t =   296.49s Get all elements bound by index for: Elements matching predicate 'identifier BEGINSWITH "terminal-tab-"'
    t =   296.50s Find the Any (Element at index 0)
    t =   296.52s Checking existence of `"terminal-tab-%0" Other`
    t =   296.53s Find the Any (Element at index 1)
    t =   296.55s Checking existence of `"terminal-tab-%1" Other`
    t =   296.57s Find the "terminal-tab-%1" Other
    t =   296.58s Find the "terminal-tab-%0" Other
    t =   296.60s Find the "terminal-tab-%0" Other
    t =   296.61s Get all elements bound by index for: Elements matching predicate 'identifier == "Terminal" OR label == "Terminal" OR label == "Terminal, cached output, read only"'
    t =   296.62s Checking existence of `Other (Element at index 0)`
    t =   296.65s Find the Other (Element at index 0)
    t =   296.67s Checking existence of `Other (Element at index 1)`
    t =   296.69s Find the Other (Element at index 1)
    t =   296.71s Find the "Terminal, cached output, read only" Other
    t =   296.74s Checking existence of `StaticText (First Match)`
    t =   297.06s Get all elements bound by index for: Elements matching predicate 'identifier BEGINSWITH "terminal-tab-"'
    t =   297.08s Find the Any (Element at index 0)
    t =   297.10s Checking existence of `"terminal-tab-%0" Other`
    t =   297.12s Find the Any (Element at index 1)
    t =   297.14s Checking existence of `"terminal-tab-%1" Other`
    t =   297.15s Find the "terminal-tab-%1" Other
    t =   297.16s Find the "terminal-tab-%0" Other
    t =   297.18s Find the "terminal-tab-%0" Other
    t =   297.20s Get all elements bound by index for: Elements matching predicate 'identifier == "Terminal" OR label == "Terminal" OR label == "Terminal, cached output, read only"'
    t =   297.22s Checking existence of `Other (Element at index 0)`
    t =   297.24s Find the Other (Element at index 0)
    t =   297.26s Checking existence of `Other (Element at index 1)`
    t =   297.28s Find the Other (Element at index 1)
    t =   297.30s Find the "Terminal, cached output, read only" Other
    t =   297.32s Checking existence of `StaticText (First Match)`
    t =   297.64s Get all elements bound by index for: Elements matching predicate 'identifier BEGINSWITH "terminal-tab-"'
    t =   297.66s Find the Any (Element at index 0)
    t =   297.67s Checking existence of `"terminal-tab-%0" Other`
    t =   297.69s Find the Any (Element at index 1)
    t =   297.71s Checking existence of `"terminal-tab-%1" Other`
    t =   297.72s Find the "terminal-tab-%0" Other
    t =   297.74s Find the "terminal-tab-%1" Other
    t =   297.76s Find the "terminal-tab-%0" Other
    t =   297.78s Get all elements bound by index for: Elements matching predicate 'identifier == "Terminal" OR label == "Terminal" OR label == "Terminal, cached output, read only"'
    t =   297.80s Checking existence of `Other (Element at index 0)`
    t =   297.82s Find the Other (Element at index 0)
    t =   297.85s Checking existence of `Other (Element at index 1)`
    t =   297.87s Find the Other (Element at index 1)
    t =   297.89s Find the "Terminal, cached output, read only" Other
    t =   297.91s Checking existence of `StaticText (First Match)`
    t =   298.24s Get all elements bound by index for: Elements matching predicate 'identifier BEGINSWITH "terminal-tab-"'
    t =   298.26s Find the Any (Element at index 0)
    t =   298.28s Checking existence of `"terminal-tab-%0" Other`
    t =   298.30s Find the Any (Element at index 1)
    t =   298.32s Checking existence of `"terminal-tab-%1" Other`
    t =   298.34s Find the "terminal-tab-%1" Other
    t =   298.35s Find the "terminal-tab-%0" Other
    t =   298.37s Find the "terminal-tab-%0" Other
    t =   298.38s Get all elements bound by index for: Elements matching predicate 'identifier == "Terminal" OR label == "Terminal" OR label == "Terminal, cached output, read only"'
    t =   298.40s Checking existence of `Other (Element at index 0)`
    t =   298.41s Find the Other (Element at index 0)
    t =   298.43s Checking existence of `Other (Element at index 1)`
    t =   298.45s Find the Other (Element at index 1)
    t =   298.47s Find the "Terminal, cached output, read only" Other
    t =   298.50s Checking existence of `StaticText (First Match)`
    t =   298.82s Get all elements bound by index for: Elements matching predicate 'identifier BEGINSWITH "terminal-tab-"'
    t =   298.83s Find the Any (Element at index 0)
    t =   298.85s Checking existence of `"terminal-tab-%0" Other`
    t =   298.86s Find the Any (Element at index 1)
    t =   298.88s Checking existence of `"terminal-tab-%1" Other`
    t =   298.89s Find the "terminal-tab-%1" Other
    t =   298.91s Find the "terminal-tab-%0" Other
    t =   298.93s Find the "terminal-tab-%0" Other
    t =   298.94s Get all elements bound by index for: Elements matching predicate 'identifier == "Terminal" OR label == "Terminal" OR label == "Terminal, cached output, read only"'
    t =   298.96s Checking existence of `Other (Element at index 0)`
    t =   298.97s Find the Other (Element at index 0)
    t =   298.99s Checking existence of `Other (Element at index 1)`
    t =   299.01s Find the Other (Element at index 1)
    t =   299.03s Find the "Terminal" Other
    t =   299.05s Checking existence of `StaticText (First Match)`
    t =   299.07s Checking existence of `StaticText (First Match)`
    t =   299.13s Checking existence of `Button (First Match)`
    t =   299.18s Checking existence of `Any (First Match)`
    t =   299.46s Get all elements bound by index for: Elements matching predicate 'identifier BEGINSWITH "terminal-tab-"'
    t =   299.48s Find the Any (Element at index 0)
    t =   299.49s Checking existence of `"terminal-tab-%0" Other`
    t =   299.51s Find the Any (Element at index 1)
    t =   299.53s Checking existence of `"terminal-tab-%1" Other`
    t =   299.54s Find the "terminal-tab-%1" Other
    t =   299.55s Find the "terminal-tab-%0" Other
    t =   299.57s Find the "terminal-tab-%0" Other
    t =   299.58s Get all elements bound by index for: Elements matching predicate 'identifier == "Terminal" OR label == "Terminal" OR label == "Terminal, cached output, read only"'
    t =   299.60s Checking existence of `Other (Element at index 0)`
    t =   299.61s Find the Other (Element at index 0)
    t =   299.63s Checking existence of `Other (Element at index 1)`
    t =   299.64s Find the Other (Element at index 1)
    t =   299.66s Find the "Terminal" Other
    t =   299.69s Checking existence of `StaticText (First Match)`
    t =   299.71s Checking existence of `StaticText (First Match)`
    t =   299.77s Checking existence of `Button (First Match)`
    t =   299.82s Checking existence of `Any (First Match)`
    t =   300.10s Get all elements bound by index for: Elements matching predicate 'identifier BEGINSWITH "terminal-tab-"'
    t =   300.12s Find the Any (Element at index 0)
    t =   300.13s Checking existence of `"terminal-tab-%0" Other`
    t =   300.15s Find the Any (Element at index 1)
    t =   300.16s Checking existence of `"terminal-tab-%1" Other`
    t =   300.18s Find the "terminal-tab-%0" Other
    t =   300.19s Find the "terminal-tab-%1" Other
    t =   300.20s Find the "terminal-tab-%0" Other
    t =   300.22s Get all elements bound by index for: Elements matching predicate 'identifier == "Terminal" OR label == "Terminal" OR label == "Terminal, cached output, read only"'
    t =   300.23s Checking existence of `Other (Element at index 0)`
    t =   300.25s Find the Other (Element at index 0)
    t =   300.27s Checking existence of `Other (Element at index 1)`
    t =   300.29s Find the Other (Element at index 1)
    t =   300.31s Find the "Terminal" Other
    t =   300.34s Checking existence of `StaticText (First Match)`
    t =   300.36s Checking existence of `StaticText (First Match)`
    t =   300.41s Checking existence of `Button (First Match)`
    t =   300.48s Checking existence of `Any (First Match)`
    t =   300.76s Get all elements bound by index for: Elements matching predicate 'identifier BEGINSWITH "terminal-tab-"'
    t =   300.77s Find the Any (Element at index 0)
    t =   300.79s Checking existence of `"terminal-tab-%0" Other`
    t =   300.80s Find the Any (Element at index 1)
    t =   300.82s Checking existence of `"terminal-tab-%1" Other`
    t =   300.84s Find the "terminal-tab-%1" Other
    t =   300.85s Find the "terminal-tab-%0" Other
    t =   300.86s Find the "terminal-tab-%0" Other
    t =   300.87s Get all elements bound by index for: Elements matching predicate 'identifier == "Terminal" OR label == "Terminal" OR label == "Terminal, cached output, read only"'
    t =   300.89s Checking existence of `Other (Element at index 0)`
    t =   300.91s Find the Other (Element at index 0)
    t =   300.92s Checking existence of `Other (Element at index 1)`
    t =   300.94s Find the Other (Element at index 1)
    t =   300.96s Find the "Terminal" Other
    t =   300.98s Checking existence of `StaticText (First Match)`
    t =   301.00s Checking existence of `StaticText (First Match)`
    t =   301.06s Checking existence of `Button (First Match)`
    t =   301.11s Checking existence of `Any (First Match)`
    t =   301.17s Checking existence of `"terminal-tab-%0" Other`
    t =   301.18s Find the "terminal-tab-%0" Other
    t =   301.20s Checking existence of `"Terminal" Other`
    t =   301.21s Find the "Terminal" Other
    t =   301.23s Get all elements bound by index for: Elements matching predicate 'identifier == "Terminal" OR label == "Terminal" OR label == "Terminal, cached output, read only"'
    t =   301.24s Checking existence of `Other (Element at index 0)`
    t =   301.26s Find the Other (Element at index 0)
    t =   301.28s Checking existence of `Other (Element at index 1)`
    t =   301.29s Find the Other (Element at index 1)
    t =   301.31s Find the "Terminal" Other
    t =   301.34s Checking existence of `Any (First Match)`
    t =   301.37s Find the Any (First Match)
    t =   301.40s Find the "native-terminal-surface" Other
    t =   301.44s Find the "native-terminal-surface" Other
    t =   301.48s Find the "native-terminal-surface" Other
    t =   301.52s Find the "native-terminal-surface" Other
    t =   301.55s Find the Any (First Match)
    t =   301.58s Get all elements bound by index for: Elements matching predicate 'identifier BEGINSWITH "terminal-tab-"'
    t =   301.59s Find the Any (Element at index 0)
    t =   301.61s Checking existence of `"terminal-tab-%0" Other`
    t =   301.62s Find the Any (Element at index 1)
    t =   301.64s Checking existence of `"terminal-tab-%1" Other`
    t =   301.65s Find the "terminal-tab-%0" Other
    t =   301.67s Find the "terminal-tab-%1" Other
    t =   301.69s Find the "terminal-tab-%0" Other
    t =   301.70s Checking existence of `"terminal-tab-%0" Other`
    t =   301.71s Find the "terminal-tab-%0" Other
    t =   301.73s Find the "terminal-tab-%0" Other
    t =   301.75s Tap "Terminal" Other
    t =   301.75s     Wait for dev.meeterm.app to idle
    t =   301.75s     Find the "Terminal" Other
    t =   301.77s     Check for interrupting elements affecting "Terminal" Other
    t =   301.79s     Synthesize event
    t =   302.09s     Wait for dev.meeterm.app to idle
    t =   302.41s Checking existence of `"Speed up your typing by sliding your finger across the letters to compose a word." StaticText`
    t =   302.46s Waiting 10.0s for "p" Key to exist
    t =   303.51s     Checking `Expect predicate `existsNoRetry == 1` for object "p" Key`
    t =   303.51s         Checking existence of `"p" Key`
    t =   303.55s Tap "p" Key
    t =   303.55s     Wait for dev.meeterm.app to idle
    t =   303.55s     Find the "p" Key
    t =   303.58s     Check for interrupting elements affecting "p" Key
    t =   303.62s     Synthesize event
    t =   303.91s     Wait for dev.meeterm.app to idle
    t =   303.92s Waiting 10.0s for "r" Key to exist
    t =   304.96s     Checking `Expect predicate `existsNoRetry == 1` for object "r" Key`
    t =   304.96s         Checking existence of `"r" Key`
    t =   305.00s Tap "r" Key
    t =   305.00s     Wait for dev.meeterm.app to idle
    t =   305.00s     Find the "r" Key
    t =   305.04s     Check for interrupting elements affecting "r" Key
    t =   305.06s     Synthesize event
    t =   305.35s     Wait for dev.meeterm.app to idle
    t =   305.35s Waiting 10.0s for "i" Key to exist
    t =   306.39s     Checking `Expect predicate `existsNoRetry == 1` for object "i" Key`
    t =   306.39s         Checking existence of `"i" Key`
    t =   306.43s Tap "i" Key
    t =   306.43s     Wait for dev.meeterm.app to idle
    t =   306.43s     Find the "i" Key
    t =   306.46s     Check for interrupting elements affecting "i" Key
    t =   306.49s     Synthesize event
    t =   306.79s     Wait for dev.meeterm.app to idle
    t =   306.80s Waiting 10.0s for "n" Key to exist
    t =   307.81s     Checking `Expect predicate `existsNoRetry == 1` for object "n" Key`
    t =   307.81s         Checking existence of `"n" Key`
    t =   307.85s Tap "n" Key
    t =   307.85s     Wait for dev.meeterm.app to idle
    t =   307.85s     Find the "n" Key
    t =   307.89s     Check for interrupting elements affecting "n" Key
    t =   307.92s     Synthesize event
    t =   308.21s     Wait for dev.meeterm.app to idle
    t =   308.21s Waiting 10.0s for "t" Key to exist
    t =   309.24s     Checking `Expect predicate `existsNoRetry == 1` for object "t" Key`
    t =   309.24s         Checking existence of `"t" Key`
    t =   309.29s Tap "t" Key
    t =   309.29s     Wait for dev.meeterm.app to idle
    t =   309.29s     Find the "t" Key
    t =   309.33s     Check for interrupting elements affecting "t" Key
    t =   309.36s     Synthesize event
    t =   309.65s     Wait for dev.meeterm.app to idle
    t =   309.66s Waiting 10.0s for "f" Key to exist
    t =   310.69s     Checking `Expect predicate `existsNoRetry == 1` for object "f" Key`
    t =   310.69s         Checking existence of `"f" Key`
    t =   310.73s Tap "f" Key
    t =   310.73s     Wait for dev.meeterm.app to idle
    t =   310.73s     Find the "f" Key
    t =   310.77s     Check for interrupting elements affecting "f" Key
    t =   310.80s     Synthesize event
    t =   311.10s     Wait for dev.meeterm.app to idle
    t =   311.10s Waiting 10.0s for "terminal-paste" Any to exist
    t =   312.13s     Checking `Expect predicate `existsNoRetry == 1` for object "terminal-paste" Any`
    t =   312.13s         Checking existence of `"terminal-paste" Any`
    t =   312.20s Checking existence of `"terminal-paste" Any`
    t =   312.26s Find the "terminal-paste" Any
    t =   313.38s Checking `Expect predicate `enabled == 1` for object "terminal-paste" Button`
    t =   313.38s     Find the "terminal-paste" Button
    t =   313.45s Find the "terminal-paste" Button
    t =   313.51s Tap "terminal-paste" Button
    t =   313.51s     Wait for dev.meeterm.app to idle
    t =   313.52s     Find the "terminal-paste" Button
    t =   313.58s     Check for interrupting elements affecting "terminal-paste" Button
    t =   313.62s     Synthesize event
    t =   313.91s     Wait for dev.meeterm.app to idle
    t =   314.94s Checking `Expect predicate `value != "Ready 2" AND value BEGINSWITH "Ready "` for object "terminal-paste" Button`
    t =   314.95s     Find the "terminal-paste" Button
    t =   315.05s     Find the "terminal-paste" Button
    t =   315.10s Get number of matches for: Elements matching predicate 'identifier == "Paste" OR label == "Paste"'
    t =   315.13s Get number of matches for: Elements matching predicate 'identifier == "Paste" OR label == "Paste"'
    t =   315.16s Checking existence of `Button (Element at index 0)`
    t =   315.19s Find the Button (Element at index 0)
    t =   315.23s Get all elements bound by index for: Elements matching predicate 'identifier == "Terminal" OR label == "Terminal" OR label == "Terminal, cached output, read only"'
    t =   315.26s Checking existence of `Other (Element at index 0)`
    t =   315.29s Find the Other (Element at index 0)
    t =   315.32s Checking existence of `Other (Element at index 1)`
    t =   315.35s Find the Other (Element at index 1)
    t =   315.39s Find the "Terminal" Other
    t =   315.42s Checking existence of `"ssh-submit" Button`
    t =   315.45s Checking existence of `"Host" Any`
    t =   315.48s Checking existence of `"Private OpenSSH key" Any`
    t =   315.52s Checking existence of `"Terminal" Other`
    t =   315.55s Checking existence of `Keyboard (First Match)`
    t =   315.57s Checking existence of `"terminal-paste" Button`
    t =   315.63s Checking existence of `"terminal-paste" Button`
    t =   315.68s Find the "terminal-paste" Button
    t =   315.76s Checking existence of `"terminal-paste" Button`
    t =   315.82s Find the "terminal-paste" Button
    t =   315.88s Checking existence of `"terminal-paste" Button`
    t =   315.91s Find the "terminal-paste" Button
    t =   315.94s Checking existence of `"terminal-paste" Button`
    t =   315.97s Find the "terminal-paste" Button
    t =   316.00s Waiting 10.0s for Any (First Match) to exist
    t =   317.07s     Checking `Expect predicate `existsNoRetry == 1` for object Any (First Match)`
    t =   317.07s         Checking existence of `Any (First Match)`
    t =   317.11s Checking existence of `Any (First Match)`
    t =   317.16s Find the Any (First Match)
    t =   317.22s Tap "Return" Button
    t =   317.22s     Wait for dev.meeterm.app to idle
    t =   317.23s     Find the "Return" Button
    t =   317.28s     Check for interrupting elements affecting "Return" Button
    t =   317.30s     Synthesize event
    t =   317.60s     Wait for dev.meeterm.app to idle
    t =   317.61s Get number of matches for: Elements matching predicate 'identifier == "Disconnect" OR label == "Disconnect"'
    t =   317.64s Waiting 30.0s for "Disconnect" Any to exist
    t =   318.70s     Checking `Expect predicate `existsNoRetry == 1` for object "Disconnect" Any`
    t =   318.70s         Checking existence of `"Disconnect" Any`
    t =   318.75s         Capturing element debug description
    t =   319.68s     Checking `Expect predicate `existsNoRetry == 1` for object "Disconnect" Any`
    t =   319.68s         Checking existence of `"Disconnect" Any`
    t =   319.72s         Capturing element debug description
    t =   320.67s     Checking `Expect predicate `existsNoRetry == 1` for object "Disconnect" Any`
    t =   320.67s         Checking existence of `"Disconnect" Any`
    t =   320.74s         Capturing element debug description
    t =   321.68s     Checking `Expect predicate `existsNoRetry == 1` for object "Disconnect" Any`
    t =   321.68s         Checking existence of `"Disconnect" Any`
    t =   321.74s         Capturing element debug description
    t =   322.65s     Checking `Expect predicate `existsNoRetry == 1` for object "Disconnect" Any`
    t =   322.65s         Checking existence of `"Disconnect" Any`
    t =   322.68s         Capturing element debug description
    t =   323.73s     Checking `Expect predicate `existsNoRetry == 1` for object "Disconnect" Any`
    t =   323.73s         Checking existence of `"Disconnect" Any`
    t =   323.80s         Capturing element debug description
    t =   324.73s     Checking `Expect predicate `existsNoRetry == 1` for object "Disconnect" Any`
    t =   324.73s         Checking existence of `"Disconnect" Any`
    t =   324.76s         Capturing element debug description
    t =   325.68s     Checking `Expect predicate `existsNoRetry == 1` for object "Disconnect" Any`
    t =   325.68s         Checking existence of `"Disconnect" Any`
    t =   325.74s         Capturing element debug description
    t =   326.64s     Checking `Expect predicate `existsNoRetry == 1` for object "Disconnect" Any`
    t =   326.64s         Checking existence of `"Disconnect" Any`
    t =   326.69s         Capturing element debug description
    t =   327.72s     Checking `Expect predicate `existsNoRetry == 1` for object "Disconnect" Any`
    t =   327.72s         Checking existence of `"Disconnect" Any`
    t =   327.78s         Capturing element debug description
    t =   328.70s     Checking `Expect predicate `existsNoRetry == 1` for object "Disconnect" Any`
    t =   328.70s         Checking existence of `"Disconnect" Any`
    t =   328.77s         Capturing element debug description
    t =   329.70s     Checking `Expect predicate `existsNoRetry == 1` for object "Disconnect" Any`
    t =   329.71s         Checking existence of `"Disconnect" Any`
    t =   329.76s         Capturing element debug description
    t =   330.68s     Checking `Expect predicate `existsNoRetry == 1` for object "Disconnect" Any`
    t =   330.68s         Checking existence of `"Disconnect" Any`
    t =   330.74s         Capturing element debug description
    t =   331.65s     Checking `Expect predicate `existsNoRetry == 1` for object "Disconnect" Any`
    t =   331.65s         Checking existence of `"Disconnect" Any`
    t =   331.72s         Capturing element debug description
    t =   332.64s     Checking `Expect predicate `existsNoRetry == 1` for object "Disconnect" Any`
    t =   332.64s         Checking existence of `"Disconnect" Any`
    t =   332.72s         Capturing element debug description
    t =   333.68s     Checking `Expect predicate `existsNoRetry == 1` for object "Disconnect" Any`
    t =   333.68s         Checking existence of `"Disconnect" Any`
    t =   333.73s         Capturing element debug description
    t =   334.68s     Checking `Expect predicate `existsNoRetry == 1` for object "Disconnect" Any`
    t =   334.68s         Checking existence of `"Disconnect" Any`
    t =   334.71s         Capturing element debug description
    t =   335.64s     Checking `Expect predicate `existsNoRetry == 1` for object "Disconnect" Any`
    t =   335.65s         Checking existence of `"Disconnect" Any`
    t =   335.68s         Capturing element debug description
    t =   336.73s     Checking `Expect predicate `existsNoRetry == 1` for object "Disconnect" Any`
    t =   336.73s         Checking existence of `"Disconnect" Any`
    t =   336.79s         Capturing element debug description
    t =   337.65s     Checking `Expect predicate `existsNoRetry == 1` for object "Disconnect" Any`
    t =   337.65s         Checking existence of `"Disconnect" Any`
    t =   337.68s         Capturing element debug description
    t =   338.72s     Checking `Expect predicate `existsNoRetry == 1` for object "Disconnect" Any`
    t =   338.72s         Checking existence of `"Disconnect" Any`
    t =   338.79s         Capturing element debug description
    t =   339.64s     Checking `Expect predicate `existsNoRetry == 1` for object "Disconnect" Any`
    t =   339.64s         Checking existence of `"Disconnect" Any`
    t =   339.72s         Capturing element debug description
    t =   340.66s     Checking `Expect predicate `existsNoRetry == 1` for object "Disconnect" Any`
    t =   340.66s         Checking existence of `"Disconnect" Any`
    t =   340.71s         Capturing element debug description
    t =   341.68s     Checking `Expect predicate `existsNoRetry == 1` for object "Disconnect" Any`
    t =   341.68s         Checking existence of `"Disconnect" Any`
    t =   341.75s         Capturing element debug description
    t =   342.69s     Checking `Expect predicate `existsNoRetry == 1` for object "Disconnect" Any`
    t =   342.69s         Checking existence of `"Disconnect" Any`
    t =   342.76s         Capturing element debug description
    t =   343.68s     Checking `Expect predicate `existsNoRetry == 1` for object "Disconnect" Any`
    t =   343.68s         Checking existence of `"Disconnect" Any`
    t =   343.73s         Capturing element debug description
    t =   344.70s     Checking `Expect predicate `existsNoRetry == 1` for object "Disconnect" Any`
    t =   344.70s         Checking existence of `"Disconnect" Any`
    t =   344.73s         Capturing element debug description
    t =   345.67s     Checking `Expect predicate `existsNoRetry == 1` for object "Disconnect" Any`
    t =   345.67s         Checking existence of `"Disconnect" Any`
    t =   345.73s         Capturing element debug description
    t =   346.65s     Checking `Expect predicate `existsNoRetry == 1` for object "Disconnect" Any`
    t =   346.65s         Checking existence of `"Disconnect" Any`
    t =   346.71s         Capturing element debug description
    t =   347.65s     Checking `Expect predicate `existsNoRetry == 1` for object "Disconnect" Any`
    t =   347.65s         Checking existence of `"Disconnect" Any`
    t =   347.70s         Capturing element debug description
    t =   347.70s     Checking existence of `"Disconnect" Any`
    t =   347.73s Collecting debug information to assist test failure triage
    t =   347.73s     Requesting snapshot of accessibility hierarchy for app with pid 34259
    t =   347.78s Get number of matches for: Elements matching predicate 'identifier == "Server connection" OR label == "Server connection"'
    t =   347.81s Waiting 10.0s for "Server connection" Any to exist
    t =   348.83s     Checking `Expect predicate `existsNoRetry == 1` for object "Server connection" Any`
    t =   348.83s         Checking existence of `"Server connection" Any`
    t =   348.90s         Capturing element debug description
    t =   349.84s     Checking `Expect predicate `existsNoRetry == 1` for object "Server connection" Any`
    t =   349.84s         Checking existence of `"Server connection" Any`
    t =   349.91s         Capturing element debug description
    t =   350.85s     Checking `Expect predicate `existsNoRetry == 1` for object "Server connection" Any`
    t =   350.85s         Checking existence of `"Server connection" Any`
    t =   350.89s         Capturing element debug description
    t =   351.85s     Checking `Expect predicate `existsNoRetry == 1` for object "Server connection" Any`
    t =   351.85s         Checking existence of `"Server connection" Any`
    t =   351.92s         Capturing element debug description
    t =   352.89s     Checking `Expect predicate `existsNoRetry == 1` for object "Server connection" Any`
    t =   352.89s         Checking existence of `"Server connection" Any`
    t =   352.96s         Capturing element debug description
    t =   353.83s     Checking `Expect predicate `existsNoRetry == 1` for object "Server connection" Any`
    t =   353.83s         Checking existence of `"Server connection" Any`
    t =   353.89s         Capturing element debug description
    t =   354.85s     Checking `Expect predicate `existsNoRetry == 1` for object "Server connection" Any`
    t =   354.85s         Checking existence of `"Server connection" Any`
    t =   354.90s         Capturing element debug description
    t =   355.81s     Checking `Expect predicate `existsNoRetry == 1` for object "Server connection" Any`
    t =   355.81s         Checking existence of `"Server connection" Any`
    t =   355.88s         Capturing element debug description
    t =   356.81s     Checking `Expect predicate `existsNoRetry == 1` for object "Server connection" Any`
    t =   356.81s         Checking existence of `"Server connection" Any`
    t =   356.88s         Capturing element debug description
    t =   357.82s     Checking `Expect predicate `existsNoRetry == 1` for object "Server connection" Any`
    t =   357.82s         Checking existence of `"Server connection" Any`
    t =   357.86s         Capturing element debug description
    t =   357.86s     Checking existence of `"Server connection" Any`
    t =   357.89s Collecting debug information to assist test failure triage
    t =   357.89s     Requesting snapshot of accessibility hierarchy for app with pid 34259
    t =   357.93s Get number of matches for: Elements matching predicate 'identifier == "Terminal menu" OR label == "Terminal menu"'
    t =   357.96s Get number of matches for: Elements matching predicate 'identifier == "Terminal menu" OR label == "Terminal menu"'
    t =   358.00s Checking existence of `Button (Element at index 0)`
    t =   358.03s Find the Button (Element at index 0)
    t =   358.07s Waiting 10.0s for "Terminal menu" Button to exist
    t =   359.14s     Checking `Expect predicate `existsNoRetry == 1` for object "Terminal menu" Button`
    t =   359.14s         Checking existence of `"Terminal menu" Button`
    t =   359.19s Get number of matches for: Elements matching predicate 'identifier == "Terminal menu" OR label == "Terminal menu"'
    t =   359.22s Get number of matches for: Elements matching predicate 'identifier == "Terminal menu" OR label == "Terminal menu"'
    t =   359.25s Checking existence of `Button (Element at index 0)`
    t =   359.28s Find the Button (Element at index 0)
    t =   359.32s Tap "Terminal menu" Button
    t =   359.32s     Wait for dev.meeterm.app to idle
    t =   359.32s     Find the "Terminal menu" Button
    t =   359.36s     Check for interrupting elements affecting "Terminal menu" Button
    t =   359.39s     Synthesize event
    t =   359.69s     Wait for dev.meeterm.app to idle
    t =   360.06s Get number of matches for: Elements matching predicate 'identifier == "Disconnect" OR label == "Disconnect"'
    t =   360.09s Get number of matches for: Elements matching predicate 'identifier == "Disconnect" OR label == "Disconnect"'
    t =   360.11s Checking existence of `Button (Element at index 0)`
    t =   360.13s Find the Button (Element at index 0)
    t =   360.16s Waiting 10.0s for "Disconnect" Button to exist
    t =   361.19s     Checking `Expect predicate `existsNoRetry == 1` for object "Disconnect" Button`
    t =   361.20s         Checking existence of `"Disconnect" Button`
    t =   361.24s Get number of matches for: Elements matching predicate 'identifier == "Disconnect" OR label == "Disconnect"'
    t =   361.26s Get number of matches for: Elements matching predicate 'identifier == "Disconnect" OR label == "Disconnect"'
    t =   361.28s Checking existence of `Button (Element at index 0)`
    t =   361.30s Find the Button (Element at index 0)
    t =   361.33s Tap "Disconnect" Button
    t =   361.33s     Wait for dev.meeterm.app to idle
    t =   361.34s     Find the "Disconnect" Button
    t =   361.36s     Check for interrupting elements affecting "Disconnect" Button
    t =   361.38s     Synthesize event
    t =   361.68s     Wait for dev.meeterm.app to idle
    t =   362.01s Waiting 60.0s for "Not connected" StaticText to exist
    t =   363.06s     Checking `Expect predicate `existsNoRetry == 1` for object "Not connected" StaticText`
    t =   363.06s         Checking existence of `"Not connected" StaticText`
    t =   363.08s Wait for dev.meeterm.app to become Running Foreground
    t =   363.17s Terminate dev.meeterm.app:34259
    t =   364.23s Tear Down
Test Case '-[meetermTests.MeetermSmokeUITests testShortSshInputAndDisconnect]' passed (364.756 seconds).
Test Suite 'MeetermSmokeUITests' passed at 2026-09-24 22:17:02.173.
	 Executed 1 test, with 0 failures (0 unexpected) in 364.756 (364.761) seconds
Test Suite 'meetermTests.xctest' passed at 2026-09-24 22:17:02.173.
	 Executed 1 test, with 0 failures (0 unexpected) in 364.756 (364.762) seconds
Test Suite 'Selected tests' passed at 2026-09-24 22:17:02.174.
	 Executed 1 test, with 0 failures (0 unexpected) in 364.756 (364.763) seconds
** BUILD INTERRUPTED **
