Command line invocation:
    /Applications/Xcode.app/Contents/Developer/usr/bin/xcodebuild test-without-building -xctestrun /Users/devin/runner-temp/meeterm-derived-data/Build/Products/meeterm-switcher-drive.xctestrun -destination "platform=iOS Simulator,id=7EE2EBC1-0640-4950-AAFF-B4CDF455F377" CODE_SIGNING_ALLOWED=NO CODE_SIGNING_REQUIRED=NO "-only-testing:meetermTests/MeetermSmokeUITests/testIssue27SessionSwitcherDrive" -resultBundlePath /Users/devin/runner-temp/meeterm-ios-switcher-drive.xcresult

Build settings from command line:
    CODE_SIGNING_ALLOWED = NO
    CODE_SIGNING_REQUIRED = NO

2026-09-23 21:05:35.465 xcodebuild[54407:391854] [MT] IDERunDestination: Supported platforms for the buildables in the current scheme is empty.
Writing result bundle at path:
	/Users/devin/runner-temp/meeterm-ios-switcher-drive.xcresult

2026-09-23 21:05:35.467 xcodebuild[54407:391854] [MT] IDERunDestination: Supported platforms for the buildables in the current scheme is empty.
2026-09-23 21:05:35.701 xcodebuild[54407:391854] [MT] IDERunDestination: Supported platforms for the buildables in the current scheme is empty.
2026-09-23 21:05:37.059471-0700 meetermTests-Runner[54413:391978] [Default] Running tests...
    t =      nans Interface orientation changed to Portrait
Test Suite 'Selected tests' started at 2026-09-23 21:05:39.019.
Test Suite 'meetermTests.xctest' started at 2026-09-23 21:05:39.019.
Test Suite 'MeetermSmokeUITests' started at 2026-09-23 21:05:39.019.
Test Case '-[meetermTests.MeetermSmokeUITests testIssue27SessionSwitcherDrive]' started.
    t =     0.01s Start Test at 2026-09-23 21:05:39.025
    t =     0.02s Set Up
    t =     0.03s     Open dev.meeterm.app
    t =     0.03s         Launch dev.meeterm.app
2026-09-23 21:05:39.080 xcodebuild[54407:391854] [MT] IDELaunchParametersSnapshot: The operation couldn’t be completed. (DebuggerLLDB.DebuggerVersionStore.StoreError error 0.)
2026-09-23 21:05:39.080 xcodebuild[54407:391854] [MT] IDELaunchParametersSnapshot: no debugger version
objc[54413]: Class UIAccessibilityLoaderWebShared is implemented in both /Library/Developer/CoreSimulator/Profiles/Runtimes/iOS 27.0.simruntime/Contents/Resources/RuntimeRoot/System/Library/AccessibilityBundles/WebKit.axbundle/WebKit (0x10a02c398) and /Library/Developer/CoreSimulator/Profiles/Runtimes/iOS 27.0.simruntime/Contents/Resources/RuntimeRoot/System/Library/AccessibilityBundles/WebCore.axbundle/WebCore (0x10a498310). This may cause spurious casting failures and mysterious crashes. One of the duplicates must be removed or renamed.
    t =     0.70s             Setting up automation session
    t =     4.42s             Wait for dev.meeterm.app to idle
    t =     5.73s     Wait for dev.meeterm.app to become Running Foreground
    t =     5.73s Terminate dev.meeterm.app:54425
    t =     6.82s Open dev.meeterm.app
    t =     6.82s     Launch dev.meeterm.app
2026-09-23 21:05:45.842 xcodebuild[54407:391854] [MT] IDELaunchParametersSnapshot: The operation couldn’t be completed. (DebuggerLLDB.DebuggerVersionStore.StoreError error 0.)
2026-09-23 21:05:45.842 xcodebuild[54407:391854] [MT] IDELaunchParametersSnapshot: no debugger version
    t =     7.04s         Setting up automation session
    t =     8.97s         Wait for dev.meeterm.app to idle
    t =    10.17s Wait for dev.meeterm.app to become Running Foreground
    t =    10.17s Get number of matches for: Elements matching predicate 'identifier == "Connect" OR label == "Connect"'
    t =    10.19s Get number of matches for: Elements matching predicate 'identifier == "Connect" OR label == "Connect"'
    t =    10.20s Checking existence of `Button (Element at index 0)`
    t =    10.21s Find the Button (Element at index 0)
    t =    10.25s Waiting 20.0s for "Connect" Button to exist
    t =    11.33s     Checking `Expect predicate `existsNoRetry == 1` for object "Connect" Button`
    t =    11.33s         Checking existence of `"Connect" Button`
    t =    11.36s Get number of matches for: Elements matching predicate 'identifier == "Connect" OR label == "Connect"'
    t =    11.37s Get number of matches for: Elements matching predicate 'identifier == "Connect" OR label == "Connect"'
    t =    11.38s Checking existence of `Button (Element at index 0)`
    t =    11.39s Find the Button (Element at index 0)
    t =    11.41s Tap "Connect" Button
    t =    11.41s     Wait for dev.meeterm.app to idle
    t =    11.42s     Find the "Connect" Button
    t =    11.43s     Check for interrupting elements affecting "Connect" Button
    t =    11.45s     Synthesize event
    t =    11.74s     Wait for dev.meeterm.app to idle
    t =    12.13s Checking existence of `"Host" TextField`
    t =    12.19s Waiting 15.0s for "Host" TextField to exist
    t =    13.25s     Checking `Expect predicate `existsNoRetry == 1` for object "Host" TextField`
    t =    13.25s         Checking existence of `"Host" TextField`
    t =    13.28s Checking existence of `"Host" TextField`
    t =    13.31s Waiting 10.0s for "Host" TextField to exist
    t =    14.33s     Checking `Expect predicate `existsNoRetry == 1` for object "Host" TextField`
    t =    14.33s         Checking existence of `"Host" TextField`
    t =    14.36s Checking existence of `"Host" TextField`
    t =    14.39s Find the "Host" TextField
    t =    17.57s Tap "ssh-host" TextField[0.95, 0.50]
    t =    17.57s     Wait for dev.meeterm.app to idle
    t =    17.57s     Find the "ssh-host" TextField
    t =    17.61s     Check for interrupting elements affecting "ssh-host" TextField
    t =    17.64s     Synthesize event
    t =    17.65s         Find the "ssh-host" TextField
    t =    17.68s         Find the "ssh-host" TextField
    t =    17.72s         Find the "ssh-host" TextField
    t =    18.04s     Wait for dev.meeterm.app to idle
    t =    18.10s Find the "ssh-host" TextField
    t =    18.16s Find the "ssh-host" TextField
    t =    18.21s Type '127.0.0.1' into "ssh-host" TextField
    t =    18.21s     Wait for dev.meeterm.app to idle
    t =    18.47s     Find the "ssh-host" TextField
    t =    18.52s     Check for interrupting elements affecting "ssh-host" TextField
    t =    18.56s     Synthesize event
    t =    18.92s     Wait for dev.meeterm.app to idle
    t =    19.98s Checking `Expect predicate `BLOCKPREDICATE(0x109d80bd0)` for object "ssh-host" TextField`
    t =    19.98s     Find the "ssh-host" TextField
    t =    20.03s     Find the "ssh-host" TextField
    t =    20.06s Checking existence of `"Port" TextField`
    t =    20.10s Waiting 10.0s for "Port" TextField to exist
    t =    21.15s     Checking `Expect predicate `existsNoRetry == 1` for object "Port" TextField`
    t =    21.15s         Checking existence of `"Port" TextField`
    t =    21.19s Checking existence of `"Port" TextField`
    t =    21.23s Find the "Port" TextField
    t =    21.28s Tap "ssh-port" TextField[0.95, 0.50]
    t =    21.28s     Wait for dev.meeterm.app to idle
    t =    21.28s     Find the "ssh-port" TextField
    t =    21.32s     Check for interrupting elements affecting "ssh-port" TextField
    t =    21.35s     Synthesize event
    t =    21.36s         Find the "ssh-port" TextField
    t =    21.40s         Find the "ssh-port" TextField
    t =    21.44s         Find the "ssh-port" TextField
    t =    21.77s     Wait for dev.meeterm.app to idle
    t =    22.17s Find the "ssh-port" TextField
    t =    22.21s Find the "ssh-port" TextField
    t =    22.24s Type '' into "ssh-port" TextField
    t =    22.24s     Wait for dev.meeterm.app to idle
    t =    22.25s     Find the "ssh-port" TextField
    t =    22.28s     Check for interrupting elements affecting "ssh-port" TextField
    t =    22.31s     Synthesize event
    t =    22.55s     Wait for dev.meeterm.app to idle
    t =    22.55s Find the "ssh-port" TextField
    t =    22.59s Type '64614' into "ssh-port" TextField
    t =    22.59s     Wait for dev.meeterm.app to idle
    t =    22.59s     Find the "ssh-port" TextField
    t =    22.62s     Check for interrupting elements affecting "ssh-port" TextField
    t =    22.66s     Synthesize event
    t =    22.95s     Wait for dev.meeterm.app to idle
    t =    24.00s Checking `Expect predicate `BLOCKPREDICATE(0x109d80fc0)` for object "ssh-port" TextField`
    t =    24.00s     Find the "ssh-port" TextField
    t =    24.03s     Find the "ssh-port" TextField
    t =    24.07s Checking existence of `"Username" TextField`
    t =    24.10s Waiting 10.0s for "Username" TextField to exist
    t =    25.15s     Checking `Expect predicate `existsNoRetry == 1` for object "Username" TextField`
    t =    25.15s         Checking existence of `"Username" TextField`
    t =    25.18s Checking existence of `"Username" TextField`
    t =    25.22s Find the "Username" TextField
    t =    25.26s Tap "ssh-username" TextField[0.95, 0.50]
    t =    25.26s     Wait for dev.meeterm.app to idle
    t =    25.26s     Find the "ssh-username" TextField
    t =    25.30s     Check for interrupting elements affecting "ssh-username" TextField
    t =    25.33s     Synthesize event
    t =    25.33s         Find the "ssh-username" TextField
    t =    25.38s         Find the "ssh-username" TextField
    t =    25.41s         Find the "ssh-username" TextField
    t =    25.74s     Wait for dev.meeterm.app to idle
    t =    26.12s Find the "ssh-username" TextField
    t =    26.16s Find the "ssh-username" TextField
    t =    26.20s Type 'd' into "ssh-username" TextField
    t =    26.20s     Wait for dev.meeterm.app to idle
    t =    26.20s     Find the "ssh-username" TextField
    t =    26.24s     Check for interrupting elements affecting "ssh-username" TextField
    t =    26.27s     Synthesize event
    t =    26.49s     Wait for dev.meeterm.app to idle
    t =    27.55s Checking `Expect predicate `BLOCKPREDICATE(0x109d831e0)` for object "ssh-username" TextField`
    t =    27.55s     Find the "ssh-username" TextField
    t =    27.59s     Find the "ssh-username" TextField
    t =    27.62s Type 'e' into "ssh-username" TextField
    t =    27.62s     Wait for dev.meeterm.app to idle
    t =    27.63s     Find the "ssh-username" TextField
    t =    27.67s     Check for interrupting elements affecting "ssh-username" TextField
    t =    27.70s     Synthesize event
    t =    27.92s     Wait for dev.meeterm.app to idle
    t =    28.97s Checking `Expect predicate `BLOCKPREDICATE(0x109d817a0)` for object "ssh-username" TextField`
    t =    28.97s     Find the "ssh-username" TextField
    t =    29.01s     Find the "ssh-username" TextField
    t =    29.04s Type 'v' into "ssh-username" TextField
    t =    29.05s     Wait for dev.meeterm.app to idle
    t =    29.05s     Find the "ssh-username" TextField
    t =    29.09s     Check for interrupting elements affecting "ssh-username" TextField
    t =    29.12s     Synthesize event
    t =    29.35s     Wait for dev.meeterm.app to idle
    t =    30.42s Checking `Expect predicate `BLOCKPREDICATE(0x109d816e0)` for object "ssh-username" TextField`
    t =    30.42s     Find the "ssh-username" TextField
    t =    30.45s     Find the "ssh-username" TextField
    t =    30.49s Type 'i' into "ssh-username" TextField
    t =    30.49s     Wait for dev.meeterm.app to idle
    t =    30.49s     Find the "ssh-username" TextField
    t =    30.53s     Check for interrupting elements affecting "ssh-username" TextField
    t =    30.56s     Synthesize event
    t =    30.78s     Wait for dev.meeterm.app to idle
    t =    31.85s Checking `Expect predicate `BLOCKPREDICATE(0x109d81890)` for object "ssh-username" TextField`
    t =    31.85s     Find the "ssh-username" TextField
    t =    31.89s     Find the "ssh-username" TextField
    t =    31.92s Type 'n' into "ssh-username" TextField
    t =    31.92s     Wait for dev.meeterm.app to idle
    t =    31.92s     Find the "ssh-username" TextField
    t =    31.96s     Check for interrupting elements affecting "ssh-username" TextField
    t =    31.99s     Synthesize event
    t =    32.22s     Wait for dev.meeterm.app to idle
    t =    33.27s Checking `Expect predicate `BLOCKPREDICATE(0x109d80e70)` for object "ssh-username" TextField`
    t =    33.27s     Find the "ssh-username" TextField
    t =    33.30s     Find the "ssh-username" TextField
    t =    34.42s Checking `Expect predicate `BLOCKPREDICATE(0x109d83720)` for object "ssh-username" TextField`
    t =    34.42s     Find the "ssh-username" TextField
    t =    34.45s     Find the "ssh-username" TextField
    t =    34.49s Checking existence of `"save-server-profile" Switch`
    t =    34.53s Find the "save-server-profile" Switch
    t =    34.57s Find the "save-server-profile" Switch
    t =    34.88s Checking existence of `"save-server-profile" Switch`
    t =    34.93s Find the "save-server-profile" Switch
    t =    34.97s Find the "save-server-profile" Switch
    t =    35.28s Checking existence of `"save-server-profile" Switch`
    t =    35.32s Find the "save-server-profile" Switch
    t =    35.36s Find the "save-server-profile" Switch
    t =    35.67s Checking existence of `"save-server-profile" Switch`
    t =    35.71s Find the "save-server-profile" Switch
    t =    35.76s Find the "save-server-profile" Switch
    t =    35.79s Find the "save-server-profile" Switch
    t =    35.85s Checking existence of `ScrollView (First Match)`
    t =    35.95s Find the ScrollView (First Match)
    t =    36.06s Checking existence of `Keyboard (First Match)`
    t =    36.09s Find the Keyboard (First Match)
    t =    36.11s Find the Target Application 'dev.meeterm.app'
    t =    36.14s Checking existence of `ScrollView at {{0.0, 122.0}, {440.0, 576.0}}`
    t =    36.24s Find the Target Application 'dev.meeterm.app'
    t =    36.26s Checking existence of `ScrollView at {{0.0, 122.0}, {440.0, 576.0}}`
    t =    36.36s Find the ScrollView at {{0.0, 122.0}, {440.0, 576.0}}
    t =    36.46s Find the Target Application 'dev.meeterm.app'
    t =    36.49s Checking existence of `Keyboard (First Match)`
    t =    36.51s Find the Keyboard (First Match)
    t =    36.54s Find the Keyboard at {{0.0, 653.0}, {440.0, 245.0}}
    t =    36.57s Checking existence of `"save-server-profile" Switch`
    t =    36.60s Find the "save-server-profile" Switch
    t =    36.65s Press Target Application 'dev.meeterm.app'[0.00, 0.00] -> (8.0, 520.2) for 0.1 seconds, then drag to Target Application 'dev.meeterm.app'[0.00, 0.00] -> (8.0, 254.8) with velocity of 250.00 pixels per second, and then hold for 0.2 seconds 
    t =    36.65s     Wait for dev.meeterm.app to idle
    t =    36.65s     Find the Target Application 'dev.meeterm.app'
    t =    36.68s     Check for interrupting elements affecting "meeterm" Application
    t =    36.71s     Synthesize event
    t =    36.71s         Find the Target Application 'dev.meeterm.app'
    t =    36.73s         Find the Target Application 'dev.meeterm.app'
    t =    36.75s         Find the Target Application 'dev.meeterm.app'
    t =    36.78s         Find the Target Application 'dev.meeterm.app'
    t =    36.80s         Find the Target Application 'dev.meeterm.app'
    t =    38.40s     Wait for dev.meeterm.app to idle
    t =    38.65s Checking existence of `"save-server-profile" Switch`
    t =    38.69s Find the "save-server-profile" Switch
    t =    38.73s Find the "save-server-profile" Switch
    t =    38.77s Find the "save-server-profile" Switch
    t =    38.82s Checking existence of `ScrollView at {{0.0, 122.0}, {440.0, 576.0}}`
    t =    38.92s Find the ScrollView at {{0.0, 122.0}, {440.0, 576.0}}
    t =    39.04s Checking existence of `Keyboard (First Match)`
    t =    39.06s Find the Keyboard (First Match)
    t =    39.09s Find the Target Application 'dev.meeterm.app'
    t =    39.11s Checking existence of `"save-server-profile" Switch`
    t =    39.15s Find the "save-server-profile" Switch
    t =    39.19s Find the "save-server-profile" Switch
    t =    39.49s Checking existence of `"save-server-profile" Switch`
    t =    39.53s Find the "save-server-profile" Switch
    t =    39.57s Find the "save-server-profile" Switch
    t =    39.87s Checking existence of `"save-server-profile" Switch`
    t =    39.91s Find the "save-server-profile" Switch
    t =    39.95s Find the "save-server-profile" Switch
    t =    40.25s Checking existence of `"save-server-profile" Switch`
    t =    40.29s Find the "save-server-profile" Switch
    t =    40.33s Find the "save-server-profile" Switch
    t =    40.37s Find the "save-server-profile" Switch
    t =    40.41s Checking existence of `ScrollView at {{0.0, 122.0}, {440.0, 576.0}}`
    t =    40.51s Find the ScrollView at {{0.0, 122.0}, {440.0, 576.0}}
    t =    40.62s Checking existence of `Keyboard (First Match)`
    t =    40.64s Find the Keyboard (First Match)
    t =    40.67s Find the Target Application 'dev.meeterm.app'
    t =    40.70s Checking existence of `ScrollView at {{0.0, 122.0}, {440.0, 576.0}}`
    t =    40.80s Find the Target Application 'dev.meeterm.app'
    t =    40.82s Checking existence of `ScrollView at {{0.0, 122.0}, {440.0, 576.0}}`
    t =    40.92s Find the ScrollView at {{0.0, 122.0}, {440.0, 576.0}}
    t =    41.03s Find the Target Application 'dev.meeterm.app'
    t =    41.05s Checking existence of `Keyboard (First Match)`
    t =    41.07s Find the Keyboard (First Match)
    t =    41.10s Find the Keyboard at {{0.0, 653.0}, {440.0, 245.0}}
    t =    41.13s Checking existence of `"save-server-profile" Switch`
    t =    41.16s Find the "save-server-profile" Switch
    t =    41.20s Press Target Application 'dev.meeterm.app'[0.00, 0.00] -> (8.0, 520.2) for 0.1 seconds, then drag to Target Application 'dev.meeterm.app'[0.00, 0.00] -> (8.0, 254.8) with velocity of 250.00 pixels per second, and then hold for 0.2 seconds 
    t =    41.20s     Wait for dev.meeterm.app to idle
    t =    41.21s     Find the Target Application 'dev.meeterm.app'
    t =    41.23s     Check for interrupting elements affecting "meeterm" Application
    t =    41.27s     Synthesize event
    t =    41.27s         Find the Target Application 'dev.meeterm.app'
    t =    41.29s         Find the Target Application 'dev.meeterm.app'
    t =    41.31s         Find the Target Application 'dev.meeterm.app'
    t =    41.34s         Find the Target Application 'dev.meeterm.app'
    t =    41.36s         Find the Target Application 'dev.meeterm.app'
    t =    42.96s     Wait for dev.meeterm.app to idle
    t =    43.22s Checking existence of `"save-server-profile" Switch`
    t =    43.25s Find the "save-server-profile" Switch
    t =    43.30s Find the "save-server-profile" Switch
    t =    43.33s Find the "save-server-profile" Switch
    t =    43.39s Checking existence of `ScrollView at {{0.0, 122.0}, {440.0, 576.0}}`
    t =    43.49s Find the ScrollView at {{0.0, 122.0}, {440.0, 576.0}}
    t =    43.59s Checking existence of `Keyboard (First Match)`
    t =    43.61s Find the Keyboard (First Match)
    t =    43.63s Find the Target Application 'dev.meeterm.app'
    t =    43.65s Checking existence of `"save-server-profile" Switch`
    t =    43.69s Find the "save-server-profile" Switch
    t =    43.73s Find the "save-server-profile" Switch
    t =    43.78s Checking existence of `"save-server-profile" Switch`
    t =    43.84s Checking existence of `ScrollView at {{0.0, 122.0}, {440.0, 576.0}}`
    t =    43.97s Find the ScrollView at {{0.0, 122.0}, {440.0, 576.0}}
    t =    44.08s Find the Target Application 'dev.meeterm.app'
    t =    44.10s Checking existence of `Keyboard (First Match)`
    t =    44.12s Find the Keyboard (First Match)
    t =    44.15s Find the Keyboard at {{0.0, 653.0}, {440.0, 245.0}}
    t =    44.17s Find the "save-server-profile" Switch
    t =    44.21s Find the "save-server-profile" Switch
    t =    44.25s Find the "save-server-profile" Switch
    t =    44.29s Checking existence of `"Server name" TextField`
    t =    44.32s Checking existence of `"Server name" TextField`
    t =    44.36s Find the "Server name" TextField
    t =    44.40s Find the "server-profile-name" TextField
    t =    44.44s Checking existence of `"server-profile-name" TextField`
    t =    44.50s Checking existence of `ScrollView (First Match)`
    t =    44.61s Find the ScrollView (First Match)
    t =    44.71s Find the Target Application 'dev.meeterm.app'
    t =    44.74s Checking existence of `Keyboard (First Match)`
    t =    44.76s Find the Keyboard (First Match)
    t =    44.79s Find the Keyboard at {{0.0, 653.0}, {440.0, 245.0}}
    t =    44.81s Find the "server-profile-name" TextField
    t =    44.85s Checking existence of `"Server name" TextField`
    t =    44.88s Waiting 10.0s for "Server name" TextField to exist
    t =    45.95s     Checking `Expect predicate `existsNoRetry == 1` for object "Server name" TextField`
    t =    45.95s         Checking existence of `"Server name" TextField`
    t =    45.99s Checking existence of `"Server name" TextField`
    t =    46.03s Find the "Server name" TextField
    t =    46.07s Tap "server-profile-name" TextField[0.95, 0.50]
    t =    46.07s     Wait for dev.meeterm.app to idle
    t =    46.08s     Find the "server-profile-name" TextField
    t =    46.11s     Check for interrupting elements affecting "server-profile-name" TextField
    t =    46.15s     Synthesize event
    t =    46.15s         Find the "server-profile-name" TextField
    t =    46.19s         Find the "server-profile-name" TextField
    t =    46.23s         Find the "server-profile-name" TextField
    t =    46.56s     Wait for dev.meeterm.app to idle
    t =    46.96s Find the "server-profile-name" TextField
    t =    47.01s Find the "server-profile-name" TextField
    t =    47.05s Type 'Fixture Two' into "server-profile-name" TextField
    t =    47.05s     Wait for dev.meeterm.app to idle
    t =    47.05s     Find the "server-profile-name" TextField
    t =    47.09s     Check for interrupting elements affecting "server-profile-name" TextField
    t =    47.13s     Synthesize event
    t =    47.52s     Wait for dev.meeterm.app to idle
    t =    48.53s Checking `Expect predicate `BLOCKPREDICATE(0x109d80930)` for object "server-profile-name" TextField`
    t =    48.53s     Find the "server-profile-name" TextField
    t =    48.57s     Find the "server-profile-name" TextField
    t =    48.61s Checking existence of `"Private OpenSSH key" TextField`
    t =    48.65s Checking existence of `"Private OpenSSH key" TextView`
    t =    48.68s Checking existence of `"Private OpenSSH key" TextView`
    t =    48.72s Find the "Private OpenSSH key" TextView
    t =    48.76s Find the "ssh-private-key" TextView
    t =    48.81s Checking existence of `"ssh-private-key" TextView`
    t =    48.85s Checking existence of `ScrollView (First Match)`
    t =    48.97s Find the ScrollView (First Match)
    t =    49.09s Find the Target Application 'dev.meeterm.app'
    t =    49.12s Checking existence of `Keyboard (First Match)`
    t =    49.14s Find the Keyboard (First Match)
    t =    49.17s Find the Keyboard at {{0.0, 653.0}, {440.0, 245.0}}
    t =    49.20s Find the "ssh-private-key" TextView
    t =    49.50s Checking existence of `"ssh-private-key" TextView`
    t =    49.54s Find the "ssh-private-key" TextView
    t =    49.58s Find the "ssh-private-key" TextView
    t =    49.63s Checking existence of `"ssh-private-key" TextView`
    t =    49.68s Checking existence of `ScrollView at {{0.0, 122.0}, {440.0, 549.0}}`
    t =    49.79s Find the ScrollView at {{0.0, 122.0}, {440.0, 549.0}}
    t =    49.91s Find the Target Application 'dev.meeterm.app'
    t =    49.93s Checking existence of `Keyboard (First Match)`
    t =    49.95s Find the Keyboard (First Match)
    t =    49.99s Find the Keyboard at {{0.0, 653.0}, {440.0, 245.0}}
    t =    50.01s Find the "ssh-private-key" TextView
    t =    50.31s Checking existence of `"ssh-private-key" TextView`
    t =    50.35s Find the "ssh-private-key" TextView
    t =    50.39s Find the "ssh-private-key" TextView
    t =    50.43s Find the "ssh-private-key" TextView
    t =    50.49s Checking existence of `ScrollView at {{0.0, 122.0}, {440.0, 549.0}}`
    t =    50.59s Find the ScrollView at {{0.0, 122.0}, {440.0, 549.0}}
    t =    50.70s Checking existence of `Keyboard (First Match)`
    t =    50.72s Find the Keyboard (First Match)
    t =    50.75s Find the Target Application 'dev.meeterm.app'
    t =    50.77s Checking existence of `ScrollView at {{0.0, 122.0}, {440.0, 549.0}}`
    t =    50.89s Find the Target Application 'dev.meeterm.app'
    t =    50.91s Checking existence of `ScrollView at {{0.0, 122.0}, {440.0, 549.0}}`
    t =    51.02s Find the ScrollView at {{0.0, 122.0}, {440.0, 549.0}}
    t =    51.13s Find the Target Application 'dev.meeterm.app'
    t =    51.15s Checking existence of `Keyboard (First Match)`
    t =    51.17s Find the Keyboard (First Match)
    t =    51.21s Find the Keyboard at {{0.0, 653.0}, {440.0, 245.0}}
    t =    51.24s Checking existence of `"ssh-private-key" TextView`
    t =    51.28s Find the "ssh-private-key" TextView
    t =    51.33s Press Target Application 'dev.meeterm.app'[0.00, 0.00] -> (8.0, 269.2) for 0.1 seconds, then drag to Target Application 'dev.meeterm.app'[0.00, 0.00] -> (8.0, 505.8) with velocity of 250.00 pixels per second, and then hold for 0.2 seconds 
    t =    51.33s     Wait for dev.meeterm.app to idle
    t =    51.33s     Find the Target Application 'dev.meeterm.app'
    t =    51.36s     Check for interrupting elements affecting "meeterm" Application
    t =    51.39s     Synthesize event
    t =    51.40s         Find the Target Application 'dev.meeterm.app'
    t =    51.42s         Find the Target Application 'dev.meeterm.app'
    t =    51.44s         Find the Target Application 'dev.meeterm.app'
    t =    51.47s         Find the Target Application 'dev.meeterm.app'
    t =    51.50s         Find the Target Application 'dev.meeterm.app'
    t =    52.99s     Wait for dev.meeterm.app to idle
    t =    53.25s Checking existence of `"ssh-private-key" TextView`
    t =    53.29s Find the "ssh-private-key" TextView
    t =    53.33s Find the "ssh-private-key" TextView
    t =    53.36s Find the "ssh-private-key" TextView
    t =    53.42s Checking existence of `ScrollView at {{0.0, 122.0}, {440.0, 549.0}}`
    t =    53.52s Find the ScrollView at {{0.0, 122.0}, {440.0, 549.0}}
    t =    53.63s Checking existence of `Keyboard (First Match)`
    t =    53.65s Find the Keyboard (First Match)
    t =    53.68s Find the Target Application 'dev.meeterm.app'
    t =    53.70s Checking existence of `"ssh-private-key" TextView`
    t =    53.74s Find the "ssh-private-key" TextView
    t =    53.78s Find the "ssh-private-key" TextView
    t =    53.83s Checking existence of `"ssh-private-key" TextView`
    t =    53.88s Checking existence of `ScrollView at {{0.0, 122.0}, {440.0, 549.0}}`
    t =    54.00s Find the ScrollView at {{0.0, 122.0}, {440.0, 549.0}}
    t =    54.11s Find the Target Application 'dev.meeterm.app'
    t =    54.14s Checking existence of `Keyboard (First Match)`
    t =    54.16s Find the Keyboard (First Match)
    t =    54.19s Find the Keyboard at {{0.0, 653.0}, {440.0, 245.0}}
    t =    54.22s Find the "ssh-private-key" TextView
    t =    54.26s Checking existence of `"Private OpenSSH key" TextField`
    t =    54.30s Checking existence of `"Private OpenSSH key" TextView`
    t =    54.34s Find the "Private OpenSSH key" TextView
    t =    54.39s Find the "ssh-private-key" TextView
    t =    54.44s Find the "ssh-private-key" TextView
    t =    54.48s Find the "ssh-private-key" TextView
    t =    54.53s Find the "ssh-private-key" TextView
    t =    54.59s Find the "ssh-private-key" TextView
    t =    54.64s Find the "ssh-private-key" TextView
    t =    54.69s Find the "ssh-private-key" TextView
    t =    54.74s Waiting 15.0s for "ssh-private-key" TextView to exist
    t =    55.80s     Checking `Expect predicate `existsNoRetry == 1` for object "ssh-private-key" TextView`
    t =    55.80s         Checking existence of `"ssh-private-key" TextView`
    t =    55.84s Tap "ssh-private-key" TextView
    t =    55.84s     Wait for dev.meeterm.app to idle
    t =    55.84s     Find the "ssh-private-key" TextView
    t =    55.88s     Check for interrupting elements affecting "ssh-private-key" TextView
    t =    55.92s     Synthesize event
    t =    56.22s     Wait for dev.meeterm.app to idle
    t =    56.65s Type '-----BEGIN OPENSSH...' into "ssh-private-key" TextView
    t =    56.65s     Wait for dev.meeterm.app to idle
    t =    56.65s     Find the "ssh-private-key" TextView
    t =    56.70s     Check for interrupting elements affecting "ssh-private-key" TextView
    t =    56.74s     Synthesize event
    t =    57.53s     Wait for dev.meeterm.app to idle
    t =    57.54s Checking existence of `"return" Key`
    t =    57.58s Type '
' into "ssh-private-key" TextView
    t =    57.58s     Wait for dev.meeterm.app to idle
    t =    57.58s     Find the "ssh-private-key" TextView
    t =    57.62s     Check for interrupting elements affecting "ssh-private-key" TextView
    t =    57.65s     Synthesize event
    t =    57.88s     Wait for dev.meeterm.app to idle
    t =    57.88s Type 'b3BlbnNzaC1rZXktdj...' into "ssh-private-key" TextView
    t =    57.88s     Wait for dev.meeterm.app to idle
    t =    57.88s     Find the "ssh-private-key" TextView
    t =    57.93s     Check for interrupting elements affecting "ssh-private-key" TextView
    t =    57.96s     Synthesize event
    t =    59.35s     Wait for dev.meeterm.app to idle
    t =    59.35s Checking existence of `"return" Key`
    t =    59.39s Type '
' into "ssh-private-key" TextView
    t =    59.39s     Wait for dev.meeterm.app to idle
    t =    59.39s     Find the "ssh-private-key" TextView
    t =    59.43s     Check for interrupting elements affecting "ssh-private-key" TextView
    t =    59.47s     Synthesize event
    t =    59.69s     Wait for dev.meeterm.app to idle
    t =    59.69s Type 'QyNTUxOQAAACCWO/Vn...' into "ssh-private-key" TextView
    t =    59.69s     Wait for dev.meeterm.app to idle
    t =    59.70s     Find the "ssh-private-key" TextView
    t =    59.74s     Check for interrupting elements affecting "ssh-private-key" TextView
    t =    59.77s     Synthesize event
    t =    61.15s     Wait for dev.meeterm.app to idle
    t =    61.16s Checking existence of `"return" Key`
    t =    61.19s Type '
' into "ssh-private-key" TextView
    t =    61.20s     Wait for dev.meeterm.app to idle
    t =    61.20s     Find the "ssh-private-key" TextView
    t =    61.24s     Check for interrupting elements affecting "ssh-private-key" TextView
    t =    61.27s     Synthesize event
    t =    61.50s     Wait for dev.meeterm.app to idle
    t =    61.50s Type '5gAAAAtzc2gtZWQyNT...' into "ssh-private-key" TextView
    t =    61.50s     Wait for dev.meeterm.app to idle
    t =    61.51s     Find the "ssh-private-key" TextView
    t =    61.55s     Check for interrupting elements affecting "ssh-private-key" TextView
    t =    61.58s     Synthesize event
    t =    62.97s     Wait for dev.meeterm.app to idle
    t =    62.97s Checking existence of `"return" Key`
    t =    63.01s Type '
' into "ssh-private-key" TextView
    t =    63.01s     Wait for dev.meeterm.app to idle
    t =    63.01s     Find the "ssh-private-key" TextView
    t =    63.05s     Check for interrupting elements affecting "ssh-private-key" TextView
    t =    63.08s     Synthesize event
    t =    63.31s     Wait for dev.meeterm.app to idle
    t =    63.31s Type 'AAAECDEkL4lopbp2zQ...' into "ssh-private-key" TextView
    t =    63.31s     Wait for dev.meeterm.app to idle
    t =    63.32s     Find the "ssh-private-key" TextView
    t =    63.35s     Check for interrupting elements affecting "ssh-private-key" TextView
    t =    63.39s     Synthesize event
    t =    64.77s     Wait for dev.meeterm.app to idle
    t =    64.77s Checking existence of `"return" Key`
    t =    64.81s Type '
' into "ssh-private-key" TextView
    t =    64.81s     Wait for dev.meeterm.app to idle
    t =    64.81s     Find the "ssh-private-key" TextView
    t =    64.85s     Check for interrupting elements affecting "ssh-private-key" TextView
    t =    64.89s     Synthesize event
    t =    65.11s     Wait for dev.meeterm.app to idle
    t =    65.11s Type 'GO5sB/Oi/K6lPZcL6e...' into "ssh-private-key" TextView
    t =    65.11s     Wait for dev.meeterm.app to idle
    t =    65.12s     Find the "ssh-private-key" TextView
    t =    65.16s     Check for interrupting elements affecting "ssh-private-key" TextView
    t =    65.19s     Synthesize event
    t =    66.34s     Wait for dev.meeterm.app to idle
    t =    66.34s Checking existence of `"return" Key`
    t =    66.38s Type '
' into "ssh-private-key" TextView
    t =    66.38s     Wait for dev.meeterm.app to idle
    t =    66.39s     Find the "ssh-private-key" TextView
    t =    66.43s     Check for interrupting elements affecting "ssh-private-key" TextView
    t =    66.47s     Synthesize event
    t =    66.69s     Wait for dev.meeterm.app to idle
    t =    66.69s Type '-----END OPENSSH P...' into "ssh-private-key" TextView
    t =    66.69s     Wait for dev.meeterm.app to idle
    t =    66.69s     Find the "ssh-private-key" TextView
    t =    66.73s     Check for interrupting elements affecting "ssh-private-key" TextView
    t =    66.77s     Synthesize event
    t =    67.54s     Wait for dev.meeterm.app to idle
    t =    67.54s Checking existence of `"return" Key`
    t =    67.58s Type '
' into "ssh-private-key" TextView
    t =    67.58s     Wait for dev.meeterm.app to idle
    t =    67.58s     Find the "ssh-private-key" TextView
    t =    67.62s     Check for interrupting elements affecting "ssh-private-key" TextView
    t =    67.66s     Synthesize event
    t =    67.88s     Wait for dev.meeterm.app to idle
    t =    67.89s Checking existence of `"save-credentials" Switch`
    t =    67.93s Find the "save-credentials" Switch
    t =    67.97s Find the "save-credentials" Switch
    t =    68.27s Checking existence of `"save-credentials" Switch`
    t =    68.31s Find the "save-credentials" Switch
    t =    68.35s Find the "save-credentials" Switch
    t =    68.66s Checking existence of `"save-credentials" Switch`
    t =    68.70s Find the "save-credentials" Switch
    t =    68.73s Find the "save-credentials" Switch
    t =    69.03s Checking existence of `"save-credentials" Switch`
    t =    69.09s Find the "save-credentials" Switch
    t =    69.13s Find the "save-credentials" Switch
    t =    69.16s Find the "save-credentials" Switch
    t =    69.20s Checking existence of `ScrollView (First Match)`
    t =    69.30s Find the ScrollView (First Match)
    t =    69.41s Checking existence of `Keyboard (First Match)`
    t =    69.43s Find the Keyboard (First Match)
    t =    69.45s Find the Target Application 'dev.meeterm.app'
    t =    69.48s Checking existence of `ScrollView at {{0.0, 122.0}, {440.0, 549.0}}`
    t =    69.58s Find the Target Application 'dev.meeterm.app'
    t =    69.60s Checking existence of `ScrollView at {{0.0, 122.0}, {440.0, 549.0}}`
    t =    69.70s Find the ScrollView at {{0.0, 122.0}, {440.0, 549.0}}
    t =    69.81s Find the Target Application 'dev.meeterm.app'
    t =    69.83s Checking existence of `Keyboard (First Match)`
    t =    69.85s Find the Keyboard (First Match)
    t =    69.88s Find the Keyboard at {{0.0, 653.0}, {440.0, 245.0}}
    t =    69.90s Checking existence of `"save-credentials" Switch`
    t =    69.94s Find the "save-credentials" Switch
    t =    69.97s Press Target Application 'dev.meeterm.app'[0.00, 0.00] -> (8.0, 520.2) for 0.1 seconds, then drag to Target Application 'dev.meeterm.app'[0.00, 0.00] -> (8.0, 254.8) with velocity of 250.00 pixels per second, and then hold for 0.2 seconds 
    t =    69.97s     Wait for dev.meeterm.app to idle
    t =    69.98s     Find the Target Application 'dev.meeterm.app'
    t =    70.00s     Check for interrupting elements affecting "meeterm" Application
    t =    70.04s     Synthesize event
    t =    70.04s         Find the Target Application 'dev.meeterm.app'
    t =    70.06s         Find the Target Application 'dev.meeterm.app'
    t =    70.08s         Find the Target Application 'dev.meeterm.app'
    t =    70.11s         Find the Target Application 'dev.meeterm.app'
    t =    70.13s         Find the Target Application 'dev.meeterm.app'
    t =    71.72s     Wait for dev.meeterm.app to idle
    t =    71.98s Checking existence of `"save-credentials" Switch`
    t =    72.03s Find the "save-credentials" Switch
    t =    72.08s Find the "save-credentials" Switch
    t =    72.11s Find the "save-credentials" Switch
    t =    72.16s Checking existence of `ScrollView at {{0.0, 122.0}, {440.0, 549.0}}`
    t =    72.27s Find the ScrollView at {{0.0, 122.0}, {440.0, 549.0}}
    t =    72.37s Checking existence of `Keyboard (First Match)`
    t =    72.39s Find the Keyboard (First Match)
    t =    72.41s Find the Target Application 'dev.meeterm.app'
    t =    72.44s Checking existence of `"save-credentials" Switch`
    t =    72.47s Find the "save-credentials" Switch
    t =    72.51s Find the "save-credentials" Switch
    t =    72.56s Checking existence of `"save-credentials" Switch`
    t =    72.60s Checking existence of `ScrollView at {{0.0, 122.0}, {440.0, 549.0}}`
    t =    72.71s Find the ScrollView at {{0.0, 122.0}, {440.0, 549.0}}
    t =    72.82s Find the Target Application 'dev.meeterm.app'
    t =    72.84s Checking existence of `Keyboard (First Match)`
    t =    72.86s Find the Keyboard (First Match)
    t =    72.89s Find the Keyboard at {{0.0, 653.0}, {440.0, 245.0}}
    t =    72.91s Find the "save-credentials" Switch
    t =    72.96s Find the "save-credentials" Switch
    t =    72.99s Tap "save-credentials" Switch
    t =    72.99s     Wait for dev.meeterm.app to idle
    t =    73.00s     Find the "save-credentials" Switch
    t =    73.03s     Check for interrupting elements affecting "save-credentials" Switch
    t =    73.06s     Synthesize event
    t =    73.36s     Wait for dev.meeterm.app to idle
    t =    74.60s Find the "save-credentials" Switch
    t =    74.64s Checking existence of `"ssh-submit" Button`
    t =    74.68s Find the "ssh-submit" Button
    t =    74.74s Tap "ssh-submit" Button
    t =    74.74s     Wait for dev.meeterm.app to idle
    t =    74.74s     Find the "ssh-submit" Button
    t =    74.78s     Check for interrupting elements affecting "ssh-submit" Button
    t =    74.82s     Synthesize event
    t =    75.11s     Wait for dev.meeterm.app to idle
    t =    75.48s Checking existence of `"ssh-submit" Button`
    t =    75.50s Waiting 60.0s for Alert (First Match) to exist
    t =    76.54s     Checking `Expect predicate `existsNoRetry == 1` for object Alert (First Match)`
    t =    76.54s         Checking existence of `Alert (First Match)`
    t =    76.55s Get all elements bound by index for: Descendants matching type StaticText
    t =    76.57s Find the StaticText (Element at index 0)
    t =    76.60s Find the StaticText (Element at index 1)
    t =    76.62s Checking existence of `"Trust and connect" Button`
    t =    76.64s Waiting 10.0s for "Trust and connect" Button to exist
    t =    77.69s     Checking `Expect predicate `existsNoRetry == 1` for object "Trust and connect" Button`
    t =    77.69s         Checking existence of `"Trust and connect" Button`
    t =    77.71s Checking existence of `"Trust and connect" Button`
    t =    77.73s Find the "Trust and connect" Button
    t =    77.77s Tap "Trust and connect" Button
    t =    77.77s     Wait for dev.meeterm.app to idle
    t =    77.77s     Find the "Trust and connect" Button
    t =    77.80s     Check for interrupting elements affecting "Trust and connect" Button
    t =    77.84s     Synthesize event
    t =    78.14s     Wait for dev.meeterm.app to idle
    t =    78.38s Checking existence of `Alert (First Match)`
    t =    78.44s Waiting 60.0s for "Choose a session" StaticText to exist
    t =    79.47s     Checking `Expect predicate `existsNoRetry == 1` for object "Choose a session" StaticText`
    t =    79.47s         Checking existence of `"Choose a session" StaticText`
    t =    79.51s Get number of matches for: Elements matching predicate 'identifier == "tmux runtime meeterm-two" OR label == "tmux runtime meeterm-two"'
    t =    79.53s Get number of matches for: Elements matching predicate 'identifier == "tmux runtime meeterm-two" OR label == "tmux runtime meeterm-two"'
    t =    79.56s Checking existence of `Button (Element at index 0)`
    t =    79.58s Find the Button (Element at index 0)
    t =    79.62s Waiting 30.0s for "runtime-row-tmux-runtime-1-1-tmux-0" Button to exist
    t =    80.65s     Checking `Expect predicate `existsNoRetry == 1` for object "runtime-row-tmux-runtime-1-1-tmux-0" Button`
    t =    80.65s         Checking existence of `"runtime-row-tmux-runtime-1-1-tmux-0" Button`
    t =    80.67s Checking existence of `"runtime-row-tmux-runtime-1-1-tmux-0" Button`
    t =    80.70s Find the "runtime-row-tmux-runtime-1-1-tmux-0" Button
    t =    81.75s Find the "runtime-row-tmux-runtime-1-1-tmux-0" Button
    t =    81.78s Tap "runtime-row-tmux-runtime-1-1-tmux-0" Button
    t =    81.78s     Wait for dev.meeterm.app to idle
    t =    81.78s     Find the "runtime-row-tmux-runtime-1-1-tmux-0" Button
    t =    81.80s     Check for interrupting elements affecting "runtime-row-tmux-runtime-1-1-tmux-0" Button
    t =    81.83s     Synthesize event
    t =    82.14s     Wait for dev.meeterm.app to idle
    t =    82.60s Get number of matches for: Elements matching predicate 'identifier BEGINSWITH "workspace-row-" AND label BEGINSWITH "Workspace "'
    t =    82.62s Find the Button (Element at index 0)
    t =    82.64s Get number of matches for: Elements matching predicate 'identifier == "Disconnect" OR label == "Disconnect"'
    t =    82.66s Waiting 30.0s for "Disconnect" Any to exist
    t =    83.71s     Checking `Expect predicate `existsNoRetry == 1` for object "Disconnect" Any`
    t =    83.71s         Checking existence of `"Disconnect" Any`
    t =    83.73s         Capturing element debug description
    t =    84.67s     Checking `Expect predicate `existsNoRetry == 1` for object "Disconnect" Any`
    t =    84.67s         Checking existence of `"Disconnect" Any`
    t =    84.68s         Capturing element debug description
    t =    85.72s     Checking `Expect predicate `existsNoRetry == 1` for object "Disconnect" Any`
    t =    85.72s         Checking existence of `"Disconnect" Any`
    t =    85.74s         Capturing element debug description
    t =    86.67s     Checking `Expect predicate `existsNoRetry == 1` for object "Disconnect" Any`
    t =    86.67s         Checking existence of `"Disconnect" Any`
    t =    86.69s         Capturing element debug description
    t =    87.72s     Checking `Expect predicate `existsNoRetry == 1` for object "Disconnect" Any`
    t =    87.72s         Checking existence of `"Disconnect" Any`
    t =    87.74s         Capturing element debug description
    t =    88.67s     Checking `Expect predicate `existsNoRetry == 1` for object "Disconnect" Any`
    t =    88.67s         Checking existence of `"Disconnect" Any`
    t =    88.69s         Capturing element debug description
    t =    89.75s     Checking `Expect predicate `existsNoRetry == 1` for object "Disconnect" Any`
    t =    89.75s         Checking existence of `"Disconnect" Any`
    t =    89.77s         Capturing element debug description
    t =    90.70s     Checking `Expect predicate `existsNoRetry == 1` for object "Disconnect" Any`
    t =    90.70s         Checking existence of `"Disconnect" Any`
    t =    90.72s         Capturing element debug description
    t =    91.67s     Checking `Expect predicate `existsNoRetry == 1` for object "Disconnect" Any`
    t =    91.67s         Checking existence of `"Disconnect" Any`
    t =    91.68s         Capturing element debug description
    t =    92.74s     Checking `Expect predicate `existsNoRetry == 1` for object "Disconnect" Any`
    t =    92.74s         Checking existence of `"Disconnect" Any`
    t =    92.76s         Capturing element debug description
    t =    93.67s     Checking `Expect predicate `existsNoRetry == 1` for object "Disconnect" Any`
    t =    93.67s         Checking existence of `"Disconnect" Any`
    t =    93.68s         Capturing element debug description
    t =    94.73s     Checking `Expect predicate `existsNoRetry == 1` for object "Disconnect" Any`
    t =    94.73s         Checking existence of `"Disconnect" Any`
    t =    94.75s         Capturing element debug description
    t =    95.67s     Checking `Expect predicate `existsNoRetry == 1` for object "Disconnect" Any`
    t =    95.67s         Checking existence of `"Disconnect" Any`
    t =    95.68s         Capturing element debug description
    t =    96.74s     Checking `Expect predicate `existsNoRetry == 1` for object "Disconnect" Any`
    t =    96.74s         Checking existence of `"Disconnect" Any`
    t =    96.76s         Capturing element debug description
    t =    97.67s     Checking `Expect predicate `existsNoRetry == 1` for object "Disconnect" Any`
    t =    97.67s         Checking existence of `"Disconnect" Any`
    t =    97.69s         Capturing element debug description
    t =    98.73s     Checking `Expect predicate `existsNoRetry == 1` for object "Disconnect" Any`
    t =    98.74s         Checking existence of `"Disconnect" Any`
    t =    98.77s         Capturing element debug description
    t =    99.67s     Checking `Expect predicate `existsNoRetry == 1` for object "Disconnect" Any`
    t =    99.67s         Checking existence of `"Disconnect" Any`
    t =    99.72s         Capturing element debug description
    t =   100.67s     Checking `Expect predicate `existsNoRetry == 1` for object "Disconnect" Any`
    t =   100.67s         Checking existence of `"Disconnect" Any`
    t =   100.71s         Capturing element debug description
    t =   101.66s     Checking `Expect predicate `existsNoRetry == 1` for object "Disconnect" Any`
    t =   101.67s         Checking existence of `"Disconnect" Any`
    t =   101.69s         Capturing element debug description
    t =   102.74s     Checking `Expect predicate `existsNoRetry == 1` for object "Disconnect" Any`
    t =   102.74s         Checking existence of `"Disconnect" Any`
    t =   102.76s         Capturing element debug description
    t =   103.70s     Checking `Expect predicate `existsNoRetry == 1` for object "Disconnect" Any`
    t =   103.70s         Checking existence of `"Disconnect" Any`
    t =   103.72s         Capturing element debug description
    t =   104.67s     Checking `Expect predicate `existsNoRetry == 1` for object "Disconnect" Any`
    t =   104.67s         Checking existence of `"Disconnect" Any`
    t =   104.71s         Capturing element debug description
    t =   105.75s     Checking `Expect predicate `existsNoRetry == 1` for object "Disconnect" Any`
    t =   105.75s         Checking existence of `"Disconnect" Any`
    t =   105.77s         Capturing element debug description
    t =   106.67s     Checking `Expect predicate `existsNoRetry == 1` for object "Disconnect" Any`
    t =   106.67s         Checking existence of `"Disconnect" Any`
    t =   106.70s         Capturing element debug description
    t =   107.76s     Checking `Expect predicate `existsNoRetry == 1` for object "Disconnect" Any`
    t =   107.76s         Checking existence of `"Disconnect" Any`
    t =   107.79s         Capturing element debug description
    t =   108.73s     Checking `Expect predicate `existsNoRetry == 1` for object "Disconnect" Any`
    t =   108.73s         Checking existence of `"Disconnect" Any`
    t =   108.75s         Capturing element debug description
    t =   109.72s     Checking `Expect predicate `existsNoRetry == 1` for object "Disconnect" Any`
    t =   109.72s         Checking existence of `"Disconnect" Any`
    t =   109.75s         Capturing element debug description
    t =   110.67s     Checking `Expect predicate `existsNoRetry == 1` for object "Disconnect" Any`
    t =   110.67s         Checking existence of `"Disconnect" Any`
    t =   110.70s         Capturing element debug description
    t =   111.74s     Checking `Expect predicate `existsNoRetry == 1` for object "Disconnect" Any`
    t =   111.74s         Checking existence of `"Disconnect" Any`
    t =   111.77s         Capturing element debug description
    t =   112.66s     Checking `Expect predicate `existsNoRetry == 1` for object "Disconnect" Any`
    t =   112.66s         Checking existence of `"Disconnect" Any`
    t =   112.70s         Capturing element debug description
    t =   112.70s     Checking existence of `"Disconnect" Any`
    t =   112.72s Collecting debug information to assist test failure triage
    t =   112.72s     Requesting snapshot of accessibility hierarchy for app with pid 54452
    t =   112.74s Get number of matches for: Elements matching predicate 'identifier == "Server connection" OR label == "Server connection"'
    t =   112.76s Get number of matches for: Elements matching predicate 'identifier == "Server connection" OR label == "Server connection"'
    t =   112.78s Checking existence of `Button (Element at index 0)`
    t =   112.79s Find the Button (Element at index 0)
    t =   112.82s Waiting 10.0s for "Server connection" Button to exist
    t =   113.87s     Checking `Expect predicate `existsNoRetry == 1` for object "Server connection" Button`
    t =   113.87s         Checking existence of `"Server connection" Button`
    t =   113.91s Get number of matches for: Elements matching predicate 'identifier == "Server connection" OR label == "Server connection"'
    t =   113.93s Get number of matches for: Elements matching predicate 'identifier == "Server connection" OR label == "Server connection"'
    t =   113.95s Checking existence of `Button (Element at index 0)`
    t =   113.96s Find the Button (Element at index 0)
    t =   113.99s Tap "Server connection" Button
    t =   113.99s     Wait for dev.meeterm.app to idle
    t =   114.00s     Find the "Server connection" Button
    t =   114.01s     Check for interrupting elements affecting "Server connection" Button
    t =   114.04s     Synthesize event
    t =   114.34s     Wait for dev.meeterm.app to idle
    t =   114.66s Get number of matches for: Elements matching predicate 'identifier == "Disconnect" OR label == "Disconnect"'
    t =   114.68s Get number of matches for: Elements matching predicate 'identifier == "Disconnect" OR label == "Disconnect"'
    t =   114.71s Checking existence of `Button (Element at index 0)`
    t =   114.73s Find the Button (Element at index 0)
    t =   114.76s Waiting 10.0s for "Disconnect" Button to exist
    t =   115.82s     Checking `Expect predicate `existsNoRetry == 1` for object "Disconnect" Button`
    t =   115.82s         Checking existence of `"Disconnect" Button`
    t =   115.84s Get number of matches for: Elements matching predicate 'identifier == "Disconnect" OR label == "Disconnect"'
    t =   115.86s Get number of matches for: Elements matching predicate 'identifier == "Disconnect" OR label == "Disconnect"'
    t =   115.88s Checking existence of `Button (Element at index 0)`
    t =   115.91s Find the Button (Element at index 0)
    t =   115.95s Tap "Disconnect" Button
    t =   115.95s     Wait for dev.meeterm.app to idle
    t =   115.95s     Find the "Disconnect" Button
    t =   115.97s     Check for interrupting elements affecting "Disconnect" Button
    t =   116.00s     Synthesize event
    t =   116.30s     Wait for dev.meeterm.app to idle
    t =   116.63s Checking existence of `"Not connected" StaticText`
    t =   116.65s Get number of matches for: Elements matching predicate 'identifier == "Connect" OR label == "Connect"'
    t =   116.67s Get number of matches for: Elements matching predicate 'identifier == "Connect" OR label == "Connect"'
    t =   116.69s Checking existence of `Button (Element at index 0)`
    t =   116.71s Find the Button (Element at index 0)
    t =   116.73s Waiting 20.0s for "Connect" Button to exist
    t =   117.80s     Checking `Expect predicate `existsNoRetry == 1` for object "Connect" Button`
    t =   117.80s         Checking existence of `"Connect" Button`
    t =   117.82s Get number of matches for: Elements matching predicate 'identifier == "Connect" OR label == "Connect"'
    t =   117.84s Get number of matches for: Elements matching predicate 'identifier == "Connect" OR label == "Connect"'
    t =   117.86s Checking existence of `Button (Element at index 0)`
    t =   117.87s Find the Button (Element at index 0)
    t =   117.90s Tap "Connect" Button
    t =   117.90s     Wait for dev.meeterm.app to idle
    t =   117.91s     Find the "Connect" Button
    t =   117.93s     Check for interrupting elements affecting "Connect" Button
    t =   117.95s     Synthesize event
    t =   118.24s     Wait for dev.meeterm.app to idle
    t =   118.59s Checking existence of `"Host" TextField`
    t =   118.62s Waiting 15.0s for "Host" TextField to exist
    t =   119.67s     Checking `Expect predicate `existsNoRetry == 1` for object "Host" TextField`
    t =   119.67s         Checking existence of `"Host" TextField`
    t =   119.70s Checking existence of `"Host" TextField`
    t =   119.73s Waiting 10.0s for "Host" TextField to exist
    t =   120.77s     Checking `Expect predicate `existsNoRetry == 1` for object "Host" TextField`
    t =   120.77s         Checking existence of `"Host" TextField`
    t =   120.80s Checking existence of `"Host" TextField`
    t =   120.83s Find the "Host" TextField
    t =   120.87s Tap "ssh-host" TextField[0.95, 0.50]
    t =   120.87s     Wait for dev.meeterm.app to idle
    t =   120.88s     Find the "ssh-host" TextField
    t =   120.91s     Check for interrupting elements affecting "ssh-host" TextField
    t =   120.94s     Synthesize event
    t =   120.94s         Find the "ssh-host" TextField
    t =   120.98s         Find the "ssh-host" TextField
    t =   121.01s         Find the "ssh-host" TextField
    t =   121.32s     Wait for dev.meeterm.app to idle
    t =   121.64s Find the "ssh-host" TextField
    t =   121.69s Find the "ssh-host" TextField
    t =   121.73s Type '' into "ssh-host" TextField
    t =   121.73s     Wait for dev.meeterm.app to idle
    t =   121.74s     Find the "ssh-host" TextField
    t =   121.77s     Check for interrupting elements affecting "ssh-host" TextField
    t =   121.81s     Synthesize event
    t =   122.17s     Wait for dev.meeterm.app to idle
    t =   122.17s Find the "ssh-host" TextField
    t =   122.21s Find the "ssh-host" TextField
    t =   122.26s Type '127.0.0.1' into "ssh-host" TextField
    t =   122.26s     Wait for dev.meeterm.app to idle
    t =   122.26s     Find the "ssh-host" TextField
    t =   122.30s     Check for interrupting elements affecting "ssh-host" TextField
    t =   122.34s     Synthesize event
    t =   122.70s     Wait for dev.meeterm.app to idle
    t =   123.75s Checking `Expect predicate `BLOCKPREDICATE(0x114c5b900)` for object "ssh-host" TextField`
    t =   123.75s     Find the "ssh-host" TextField
    t =   123.80s     Find the "ssh-host" TextField
    t =   123.84s Checking existence of `"Port" TextField`
    t =   123.87s Waiting 10.0s for "Port" TextField to exist
    t =   124.93s     Checking `Expect predicate `existsNoRetry == 1` for object "Port" TextField`
    t =   124.93s         Checking existence of `"Port" TextField`
    t =   125.01s Checking existence of `"Port" TextField`
    t =   125.05s Find the "Port" TextField
    t =   125.10s Tap "ssh-port" TextField[0.95, 0.50]
    t =   125.10s     Wait for dev.meeterm.app to idle
    t =   125.11s     Find the "ssh-port" TextField
    t =   125.14s     Check for interrupting elements affecting "ssh-port" TextField
    t =   125.19s     Synthesize event
    t =   125.19s         Find the "ssh-port" TextField
    t =   125.23s         Find the "ssh-port" TextField
    t =   125.27s         Find the "ssh-port" TextField
    t =   125.60s     Wait for dev.meeterm.app to idle
    t =   125.98s Find the "ssh-port" TextField
    t =   126.02s Find the "ssh-port" TextField
    t =   126.05s Type '' into "ssh-port" TextField
    t =   126.05s     Wait for dev.meeterm.app to idle
    t =   126.06s     Find the "ssh-port" TextField
    t =   126.09s     Check for interrupting elements affecting "ssh-port" TextField
    t =   126.13s     Synthesize event
    t =   126.42s     Wait for dev.meeterm.app to idle
    t =   126.42s Find the "ssh-port" TextField
    t =   126.47s Type '64615' into "ssh-port" TextField
    t =   126.47s     Wait for dev.meeterm.app to idle
    t =   126.47s     Find the "ssh-port" TextField
    t =   126.51s     Check for interrupting elements affecting "ssh-port" TextField
    t =   126.54s     Synthesize event
    t =   126.83s     Wait for dev.meeterm.app to idle
    t =   127.88s Checking `Expect predicate `BLOCKPREDICATE(0x114c5a4f0)` for object "ssh-port" TextField`
    t =   127.88s     Find the "ssh-port" TextField
    t =   127.93s     Find the "ssh-port" TextField
    t =   127.97s Checking existence of `"Username" TextField`
    t =   128.01s Waiting 10.0s for "Username" TextField to exist
    t =   129.07s     Checking `Expect predicate `existsNoRetry == 1` for object "Username" TextField`
    t =   129.07s         Checking existence of `"Username" TextField`
    t =   129.13s Checking existence of `"Username" TextField`
    t =   129.18s Find the "Username" TextField
    t =   129.23s Tap "ssh-username" TextField[0.95, 0.50]
    t =   129.23s     Wait for dev.meeterm.app to idle
    t =   129.23s     Find the "ssh-username" TextField
    t =   129.27s     Check for interrupting elements affecting "ssh-username" TextField
    t =   129.31s     Synthesize event
    t =   129.32s         Find the "ssh-username" TextField
    t =   129.36s         Find the "ssh-username" TextField
    t =   129.40s         Find the "ssh-username" TextField
    t =   129.74s     Wait for dev.meeterm.app to idle
    t =   130.10s Find the "ssh-username" TextField
    t =   130.15s Find the "ssh-username" TextField
    t =   130.20s Type '' into "ssh-username" TextField
    t =   130.20s     Wait for dev.meeterm.app to idle
    t =   130.20s     Find the "ssh-username" TextField
    t =   130.26s     Check for interrupting elements affecting "ssh-username" TextField
    t =   130.30s     Synthesize event
    t =   130.60s     Wait for dev.meeterm.app to idle
    t =   130.60s Find the "ssh-username" TextField
    t =   130.65s Find the "ssh-username" TextField
    t =   130.69s Type 'd' into "ssh-username" TextField
    t =   130.69s     Wait for dev.meeterm.app to idle
    t =   130.69s     Find the "ssh-username" TextField
    t =   130.73s     Check for interrupting elements affecting "ssh-username" TextField
    t =   130.77s     Synthesize event
    t =   131.00s     Wait for dev.meeterm.app to idle
    t =   132.05s Checking `Expect predicate `BLOCKPREDICATE(0x114c5a9d0)` for object "ssh-username" TextField`
    t =   132.05s     Find the "ssh-username" TextField
    t =   132.11s     Find the "ssh-username" TextField
    t =   132.15s Type 'e' into "ssh-username" TextField
    t =   132.15s     Wait for dev.meeterm.app to idle
    t =   132.15s     Find the "ssh-username" TextField
    t =   132.19s     Check for interrupting elements affecting "ssh-username" TextField
    t =   132.23s     Synthesize event
    t =   132.45s     Wait for dev.meeterm.app to idle
    t =   133.50s Checking `Expect predicate `BLOCKPREDICATE(0x114c5a670)` for object "ssh-username" TextField`
    t =   133.50s     Find the "ssh-username" TextField
    t =   133.58s     Find the "ssh-username" TextField
    t =   133.62s Type 'v' into "ssh-username" TextField
    t =   133.62s     Wait for dev.meeterm.app to idle
    t =   133.63s     Find the "ssh-username" TextField
    t =   133.67s     Check for interrupting elements affecting "ssh-username" TextField
    t =   133.70s     Synthesize event
    t =   133.93s     Wait for dev.meeterm.app to idle
    t =   134.97s Checking `Expect predicate `BLOCKPREDICATE(0x114c5a280)` for object "ssh-username" TextField`
    t =   134.97s     Find the "ssh-username" TextField
    t =   135.04s     Find the "ssh-username" TextField
    t =   135.09s Type 'i' into "ssh-username" TextField
    t =   135.09s     Wait for dev.meeterm.app to idle
    t =   135.09s     Find the "ssh-username" TextField
    t =   135.13s     Check for interrupting elements affecting "ssh-username" TextField
    t =   135.16s     Synthesize event
    t =   135.39s     Wait for dev.meeterm.app to idle
    t =   136.44s Checking `Expect predicate `BLOCKPREDICATE(0x114c5b420)` for object "ssh-username" TextField`
    t =   136.44s     Find the "ssh-username" TextField
    t =   136.49s     Find the "ssh-username" TextField
    t =   136.54s Type 'n' into "ssh-username" TextField
    t =   136.54s     Wait for dev.meeterm.app to idle
    t =   136.54s     Find the "ssh-username" TextField
    t =   136.58s     Check for interrupting elements affecting "ssh-username" TextField
    t =   136.61s     Synthesize event
    t =   136.83s     Wait for dev.meeterm.app to idle
    t =   137.88s Checking `Expect predicate `BLOCKPREDICATE(0x114c5bb40)` for object "ssh-username" TextField`
    t =   137.88s     Find the "ssh-username" TextField
    t =   137.93s     Find the "ssh-username" TextField
    t =   139.00s Checking `Expect predicate `BLOCKPREDICATE(0x114c5b900)` for object "ssh-username" TextField`
    t =   139.00s     Find the "ssh-username" TextField
    t =   139.05s     Find the "ssh-username" TextField
    t =   139.09s Checking existence of `"save-server-profile" Switch`
    t =   139.14s Find the "save-server-profile" Switch
    t =   139.18s Find the "save-server-profile" Switch
    t =   139.50s Checking existence of `"save-server-profile" Switch`
    t =   139.55s Find the "save-server-profile" Switch
    t =   139.60s Find the "save-server-profile" Switch
    t =   139.93s Checking existence of `"save-server-profile" Switch`
    t =   139.98s Find the "save-server-profile" Switch
    t =   140.02s Find the "save-server-profile" Switch
    t =   140.34s Checking existence of `"save-server-profile" Switch`
    t =   140.39s Find the "save-server-profile" Switch
    t =   140.44s Find the "save-server-profile" Switch
    t =   140.48s Find the "save-server-profile" Switch
    t =   140.54s Checking existence of `ScrollView (First Match)`
    t =   140.65s Find the ScrollView (First Match)
    t =   140.76s Checking existence of `Keyboard (First Match)`
    t =   140.78s Find the Keyboard (First Match)
    t =   140.80s Find the Target Application 'dev.meeterm.app'
    t =   140.84s Checking existence of `ScrollView at {{0.0, 122.0}, {440.0, 576.0}}`
    t =   140.94s Find the Target Application 'dev.meeterm.app'
    t =   140.97s Checking existence of `ScrollView at {{0.0, 122.0}, {440.0, 576.0}}`
    t =   141.07s Find the ScrollView at {{0.0, 122.0}, {440.0, 576.0}}
    t =   141.18s Find the Target Application 'dev.meeterm.app'
    t =   141.21s Checking existence of `Keyboard (First Match)`
    t =   141.23s Find the Keyboard (First Match)
    t =   141.26s Find the Keyboard at {{0.0, 653.0}, {440.0, 245.0}}
    t =   141.29s Checking existence of `"save-server-profile" Switch`
    t =   141.34s Find the "save-server-profile" Switch
    t =   141.38s Press Target Application 'dev.meeterm.app'[0.00, 0.00] -> (8.0, 520.2) for 0.1 seconds, then drag to Target Application 'dev.meeterm.app'[0.00, 0.00] -> (8.0, 254.8) with velocity of 250.00 pixels per second, and then hold for 0.2 seconds 
    t =   141.38s     Wait for dev.meeterm.app to idle
    t =   141.39s     Find the Target Application 'dev.meeterm.app'
    t =   141.42s     Check for interrupting elements affecting "meeterm" Application
    t =   141.45s     Synthesize event
    t =   141.46s         Find the Target Application 'dev.meeterm.app'
    t =   141.48s         Find the Target Application 'dev.meeterm.app'
    t =   141.52s         Find the Target Application 'dev.meeterm.app'
    t =   141.54s         Find the Target Application 'dev.meeterm.app'
    t =   141.58s         Find the Target Application 'dev.meeterm.app'
    t =   143.18s     Wait for dev.meeterm.app to idle
    t =   143.44s Checking existence of `"save-server-profile" Switch`
    t =   143.48s Find the "save-server-profile" Switch
    t =   143.53s Find the "save-server-profile" Switch
    t =   143.58s Find the "save-server-profile" Switch
    t =   143.64s Checking existence of `ScrollView at {{0.0, 122.0}, {440.0, 576.0}}`
    t =   143.74s Find the ScrollView at {{0.0, 122.0}, {440.0, 576.0}}
    t =   143.85s Checking existence of `Keyboard (First Match)`
    t =   143.87s Find the Keyboard (First Match)
    t =   143.90s Find the Target Application 'dev.meeterm.app'
    t =   143.93s Checking existence of `"save-server-profile" Switch`
    t =   143.97s Find the "save-server-profile" Switch
    t =   144.02s Find the "save-server-profile" Switch
    t =   144.33s Checking existence of `"save-server-profile" Switch`
    t =   144.37s Find the "save-server-profile" Switch
    t =   144.42s Find the "save-server-profile" Switch
    t =   144.72s Checking existence of `"save-server-profile" Switch`
    t =   144.77s Find the "save-server-profile" Switch
    t =   144.81s Find the "save-server-profile" Switch
    t =   145.12s Checking existence of `"save-server-profile" Switch`
    t =   145.16s Find the "save-server-profile" Switch
    t =   145.22s Find the "save-server-profile" Switch
    t =   145.27s Find the "save-server-profile" Switch
    t =   145.33s Checking existence of `ScrollView at {{0.0, 122.0}, {440.0, 576.0}}`
    t =   145.43s Find the ScrollView at {{0.0, 122.0}, {440.0, 576.0}}
    t =   145.54s Checking existence of `Keyboard (First Match)`
    t =   145.56s Find the Keyboard (First Match)
    t =   145.58s Find the Target Application 'dev.meeterm.app'
    t =   145.62s Checking existence of `ScrollView at {{0.0, 122.0}, {440.0, 576.0}}`
    t =   145.73s Find the Target Application 'dev.meeterm.app'
    t =   145.76s Checking existence of `ScrollView at {{0.0, 122.0}, {440.0, 576.0}}`
    t =   145.86s Find the ScrollView at {{0.0, 122.0}, {440.0, 576.0}}
    t =   145.96s Find the Target Application 'dev.meeterm.app'
    t =   145.98s Checking existence of `Keyboard (First Match)`
    t =   146.00s Find the Keyboard (First Match)
    t =   146.03s Find the Keyboard at {{0.0, 653.0}, {440.0, 245.0}}
    t =   146.06s Checking existence of `"save-server-profile" Switch`
    t =   146.11s Find the "save-server-profile" Switch
    t =   146.17s Press Target Application 'dev.meeterm.app'[0.00, 0.00] -> (8.0, 520.2) for 0.1 seconds, then drag to Target Application 'dev.meeterm.app'[0.00, 0.00] -> (8.0, 254.8) with velocity of 250.00 pixels per second, and then hold for 0.2 seconds 
    t =   146.17s     Wait for dev.meeterm.app to idle
    t =   146.17s     Find the Target Application 'dev.meeterm.app'
    t =   146.20s     Check for interrupting elements affecting "meeterm" Application
    t =   146.24s     Synthesize event
    t =   146.25s         Find the Target Application 'dev.meeterm.app'
    t =   146.28s         Find the Target Application 'dev.meeterm.app'
    t =   146.31s         Find the Target Application 'dev.meeterm.app'
    t =   146.34s         Find the Target Application 'dev.meeterm.app'
    t =   146.37s         Find the Target Application 'dev.meeterm.app'
    t =   147.97s     Wait for dev.meeterm.app to idle
    t =   148.23s Checking existence of `"save-server-profile" Switch`
    t =   148.27s Find the "save-server-profile" Switch
    t =   148.32s Find the "save-server-profile" Switch
    t =   148.37s Find the "save-server-profile" Switch
    t =   148.43s Checking existence of `ScrollView at {{0.0, 122.0}, {440.0, 576.0}}`
    t =   148.53s Find the ScrollView at {{0.0, 122.0}, {440.0, 576.0}}
    t =   148.63s Checking existence of `Keyboard (First Match)`
    t =   148.66s Find the Keyboard (First Match)
    t =   148.68s Find the Target Application 'dev.meeterm.app'
    t =   148.71s Checking existence of `"save-server-profile" Switch`
    t =   148.75s Find the "save-server-profile" Switch
    t =   148.80s Find the "save-server-profile" Switch
    t =   148.86s Checking existence of `"save-server-profile" Switch`
    t =   148.91s Checking existence of `ScrollView at {{0.0, 122.0}, {440.0, 576.0}}`
    t =   149.02s Find the ScrollView at {{0.0, 122.0}, {440.0, 576.0}}
    t =   149.13s Find the Target Application 'dev.meeterm.app'
    t =   149.16s Checking existence of `Keyboard (First Match)`
    t =   149.18s Find the Keyboard (First Match)
    t =   149.21s Find the Keyboard at {{0.0, 653.0}, {440.0, 245.0}}
    t =   149.23s Find the "save-server-profile" Switch
    t =   149.28s Find the "save-server-profile" Switch
    t =   149.33s Find the "save-server-profile" Switch
    t =   149.37s Checking existence of `"Server name" TextField`
    t =   149.42s Checking existence of `"Server name" TextField`
    t =   149.46s Find the "Server name" TextField
    t =   149.51s Find the "server-profile-name" TextField
    t =   149.56s Checking existence of `"server-profile-name" TextField`
    t =   149.60s Checking existence of `ScrollView (First Match)`
    t =   149.71s Find the ScrollView (First Match)
    t =   149.82s Find the Target Application 'dev.meeterm.app'
    t =   149.84s Checking existence of `Keyboard (First Match)`
    t =   149.86s Find the Keyboard (First Match)
    t =   149.89s Find the Keyboard at {{0.0, 653.0}, {440.0, 245.0}}
    t =   149.91s Find the "server-profile-name" TextField
    t =   149.96s Checking existence of `"Server name" TextField`
    t =   150.01s Waiting 10.0s for "Server name" TextField to exist
    t =   151.05s     Checking `Expect predicate `existsNoRetry == 1` for object "Server name" TextField`
    t =   151.05s         Checking existence of `"Server name" TextField`
    t =   151.10s Checking existence of `"Server name" TextField`
    t =   151.14s Find the "Server name" TextField
    t =   151.19s Tap "server-profile-name" TextField[0.95, 0.50]
    t =   151.20s     Wait for dev.meeterm.app to idle
    t =   151.20s     Find the "server-profile-name" TextField
    t =   151.24s     Check for interrupting elements affecting "server-profile-name" TextField
    t =   151.28s     Synthesize event
    t =   151.29s         Find the "server-profile-name" TextField
    t =   151.33s         Find the "server-profile-name" TextField
    t =   151.38s         Find the "server-profile-name" TextField
    t =   151.72s     Wait for dev.meeterm.app to idle
    t =   152.12s Find the "server-profile-name" TextField
    t =   152.17s Find the "server-profile-name" TextField
    t =   152.22s Type '' into "server-profile-name" TextField
    t =   152.22s     Wait for dev.meeterm.app to idle
    t =   152.23s     Find the "server-profile-name" TextField
    t =   152.27s     Check for interrupting elements affecting "server-profile-name" TextField
    t =   152.32s     Synthesize event
    t =   152.71s     Wait for dev.meeterm.app to idle
    t =   152.71s Find the "server-profile-name" TextField
    t =   152.76s Find the "server-profile-name" TextField
    t =   152.81s Type 'Fixture One' into "server-profile-name" TextField
    t =   152.81s     Wait for dev.meeterm.app to idle
    t =   152.82s     Find the "server-profile-name" TextField
    t =   152.86s     Check for interrupting elements affecting "server-profile-name" TextField
    t =   152.90s     Synthesize event
    t =   153.30s     Wait for dev.meeterm.app to idle
    t =   154.33s Checking `Expect predicate `BLOCKPREDICATE(0x11540c570)` for object "server-profile-name" TextField`
    t =   154.33s     Find the "server-profile-name" TextField
    t =   154.38s     Find the "server-profile-name" TextField
    t =   154.43s Checking existence of `"Private OpenSSH key" TextField`
    t =   154.47s Checking existence of `"Private OpenSSH key" TextView`
    t =   154.52s Checking existence of `"Private OpenSSH key" TextView`
    t =   154.56s Find the "Private OpenSSH key" TextView
    t =   154.61s Find the "ssh-private-key" TextView
    t =   154.68s Checking existence of `"ssh-private-key" TextView`
    t =   154.72s Checking existence of `ScrollView (First Match)`
    t =   154.83s Find the ScrollView (First Match)
    t =   154.94s Find the Target Application 'dev.meeterm.app'
    t =   154.97s Checking existence of `Keyboard (First Match)`
    t =   154.99s Find the Keyboard (First Match)
    t =   155.03s Find the Keyboard at {{0.0, 653.0}, {440.0, 245.0}}
    t =   155.05s Find the "ssh-private-key" TextView
    t =   155.36s Checking existence of `"ssh-private-key" TextView`
    t =   155.40s Find the "ssh-private-key" TextView
    t =   155.45s Find the "ssh-private-key" TextView
    t =   155.51s Checking existence of `"ssh-private-key" TextView`
    t =   155.56s Checking existence of `ScrollView at {{0.0, 122.0}, {440.0, 549.0}}`
    t =   155.67s Find the ScrollView at {{0.0, 122.0}, {440.0, 549.0}}
    t =   155.79s Find the Target Application 'dev.meeterm.app'
    t =   155.82s Checking existence of `Keyboard (First Match)`
    t =   155.84s Find the Keyboard (First Match)
    t =   155.87s Find the Keyboard at {{0.0, 653.0}, {440.0, 245.0}}
    t =   155.89s Find the "ssh-private-key" TextView
    t =   156.20s Checking existence of `"ssh-private-key" TextView`
    t =   156.25s Find the "ssh-private-key" TextView
    t =   156.30s Find the "ssh-private-key" TextView
    t =   156.35s Find the "ssh-private-key" TextView
    t =   156.41s Checking existence of `ScrollView at {{0.0, 122.0}, {440.0, 549.0}}`
    t =   156.52s Find the ScrollView at {{0.0, 122.0}, {440.0, 549.0}}
    t =   156.63s Checking existence of `Keyboard (First Match)`
    t =   156.65s Find the Keyboard (First Match)
    t =   156.68s Find the Target Application 'dev.meeterm.app'
    t =   156.71s Checking existence of `ScrollView at {{0.0, 122.0}, {440.0, 549.0}}`
    t =   156.82s Find the Target Application 'dev.meeterm.app'
    t =   156.85s Checking existence of `ScrollView at {{0.0, 122.0}, {440.0, 549.0}}`
    t =   156.96s Find the ScrollView at {{0.0, 122.0}, {440.0, 549.0}}
    t =   157.08s Find the Target Application 'dev.meeterm.app'
    t =   157.11s Checking existence of `Keyboard (First Match)`
    t =   157.13s Find the Keyboard (First Match)
    t =   157.16s Find the Keyboard at {{0.0, 653.0}, {440.0, 245.0}}
    t =   157.19s Checking existence of `"ssh-private-key" TextView`
    t =   157.24s Find the "ssh-private-key" TextView
    t =   157.28s Press Target Application 'dev.meeterm.app'[0.00, 0.00] -> (8.0, 269.2) for 0.1 seconds, then drag to Target Application 'dev.meeterm.app'[0.00, 0.00] -> (8.0, 505.8) with velocity of 250.00 pixels per second, and then hold for 0.2 seconds 
    t =   157.28s     Wait for dev.meeterm.app to idle
    t =   157.28s     Find the Target Application 'dev.meeterm.app'
    t =   157.32s     Check for interrupting elements affecting "meeterm" Application
    t =   157.35s     Synthesize event
    t =   157.35s         Find the Target Application 'dev.meeterm.app'
    t =   157.38s         Find the Target Application 'dev.meeterm.app'
    t =   157.41s         Find the Target Application 'dev.meeterm.app'
    t =   157.44s         Find the Target Application 'dev.meeterm.app'
    t =   157.47s         Find the Target Application 'dev.meeterm.app'
    t =   158.97s     Wait for dev.meeterm.app to idle
    t =   159.23s Checking existence of `"ssh-private-key" TextView`
    t =   159.28s Find the "ssh-private-key" TextView
    t =   159.33s Find the "ssh-private-key" TextView
    t =   159.38s Find the "ssh-private-key" TextView
    t =   159.44s Checking existence of `ScrollView at {{0.0, 122.0}, {440.0, 549.0}}`
    t =   159.55s Find the ScrollView at {{0.0, 122.0}, {440.0, 549.0}}
    t =   159.66s Checking existence of `Keyboard (First Match)`
    t =   159.68s Find the Keyboard (First Match)
    t =   159.71s Find the Target Application 'dev.meeterm.app'
    t =   159.74s Checking existence of `"ssh-private-key" TextView`
    t =   159.79s Find the "ssh-private-key" TextView
    t =   159.84s Find the "ssh-private-key" TextView
    t =   159.90s Checking existence of `"ssh-private-key" TextView`
    t =   159.95s Checking existence of `ScrollView at {{0.0, 122.0}, {440.0, 549.0}}`
    t =   160.07s Find the ScrollView at {{0.0, 122.0}, {440.0, 549.0}}
    t =   160.18s Find the Target Application 'dev.meeterm.app'
    t =   160.21s Checking existence of `Keyboard (First Match)`
    t =   160.23s Find the Keyboard (First Match)
    t =   160.26s Find the Keyboard at {{0.0, 653.0}, {440.0, 245.0}}
    t =   160.29s Find the "ssh-private-key" TextView
    t =   160.34s Checking existence of `"Private OpenSSH key" TextField`
    t =   160.38s Checking existence of `"Private OpenSSH key" TextView`
    t =   160.43s Find the "Private OpenSSH key" TextView
    t =   160.49s Find the "ssh-private-key" TextView
    t =   160.54s Find the "ssh-private-key" TextView
    t =   160.60s Find the "ssh-private-key" TextView
    t =   160.65s Find the "ssh-private-key" TextView
    t =   160.71s Find the "ssh-private-key" TextView
    t =   160.77s Find the "ssh-private-key" TextView
    t =   160.83s Find the "ssh-private-key" TextView
    t =   160.89s Waiting 15.0s for "ssh-private-key" TextView to exist
    t =   161.92s     Checking `Expect predicate `existsNoRetry == 1` for object "ssh-private-key" TextView`
    t =   161.92s         Checking existence of `"ssh-private-key" TextView`
    t =   161.96s Tap "ssh-private-key" TextView
    t =   161.96s     Wait for dev.meeterm.app to idle
    t =   161.96s     Find the "ssh-private-key" TextView
    t =   162.01s     Check for interrupting elements affecting "ssh-private-key" TextView
    t =   162.05s     Synthesize event
    t =   162.35s     Wait for dev.meeterm.app to idle
    t =   162.77s Type '-----BEGIN OPENSSH...' into "ssh-private-key" TextView
    t =   162.77s     Wait for dev.meeterm.app to idle
    t =   162.78s     Find the "ssh-private-key" TextView
    t =   162.83s     Check for interrupting elements affecting "ssh-private-key" TextView
    t =   162.87s     Synthesize event
    t =   163.66s     Wait for dev.meeterm.app to idle
    t =   163.66s Checking existence of `"return" Key`
    t =   163.70s Type '
' into "ssh-private-key" TextView
    t =   163.70s     Wait for dev.meeterm.app to idle
    t =   163.71s     Find the "ssh-private-key" TextView
    t =   163.75s     Check for interrupting elements affecting "ssh-private-key" TextView
    t =   163.80s     Synthesize event
    t =   164.03s     Wait for dev.meeterm.app to idle
    t =   164.03s Type 'b3BlbnNzaC1rZXktdj...' into "ssh-private-key" TextView
    t =   164.03s     Wait for dev.meeterm.app to idle
    t =   164.04s     Find the "ssh-private-key" TextView
    t =   164.08s     Check for interrupting elements affecting "ssh-private-key" TextView
    t =   164.13s     Synthesize event
    t =   165.51s     Wait for dev.meeterm.app to idle
    t =   165.51s Checking existence of `"return" Key`
    t =   165.57s Type '
' into "ssh-private-key" TextView
    t =   165.57s     Wait for dev.meeterm.app to idle
    t =   165.57s     Find the "ssh-private-key" TextView
    t =   165.61s     Check for interrupting elements affecting "ssh-private-key" TextView
    t =   165.65s     Synthesize event
    t =   165.87s     Wait for dev.meeterm.app to idle
    t =   165.88s Type 'QyNTUxOQAAACB83shs...' into "ssh-private-key" TextView
    t =   165.88s     Wait for dev.meeterm.app to idle
    t =   165.88s     Find the "ssh-private-key" TextView
    t =   165.93s     Check for interrupting elements affecting "ssh-private-key" TextView
    t =   165.97s     Synthesize event
    t =   167.34s     Wait for dev.meeterm.app to idle
    t =   167.34s Checking existence of `"return" Key`
    t =   167.38s Type '
' into "ssh-private-key" TextView
    t =   167.38s     Wait for dev.meeterm.app to idle
    t =   167.39s     Find the "ssh-private-key" TextView
    t =   167.43s     Check for interrupting elements affecting "ssh-private-key" TextView
    t =   167.47s     Synthesize event
    t =   167.68s     Wait for dev.meeterm.app to idle
    t =   167.69s Type 'IAAAAAtzc2gtZWQyNT...' into "ssh-private-key" TextView
    t =   167.69s     Wait for dev.meeterm.app to idle
    t =   167.69s     Find the "ssh-private-key" TextView
    t =   167.74s     Check for interrupting elements affecting "ssh-private-key" TextView
    t =   167.78s     Synthesize event
    t =   169.15s     Wait for dev.meeterm.app to idle
    t =   169.16s Checking existence of `"return" Key`
    t =   169.20s Type '
' into "ssh-private-key" TextView
    t =   169.20s     Wait for dev.meeterm.app to idle
    t =   169.21s     Find the "ssh-private-key" TextView
    t =   169.25s     Check for interrupting elements affecting "ssh-private-key" TextView
    t =   169.29s     Synthesize event
    t =   169.51s     Wait for dev.meeterm.app to idle
    t =   169.52s Type 'AAAEBckWEI9UFfNfzc...' into "ssh-private-key" TextView
    t =   169.52s     Wait for dev.meeterm.app to idle
    t =   169.52s     Find the "ssh-private-key" TextView
    t =   169.57s     Check for interrupting elements affecting "ssh-private-key" TextView
    t =   169.61s     Synthesize event
    t =   171.00s     Wait for dev.meeterm.app to idle
    t =   171.00s Checking existence of `"return" Key`
    t =   171.05s Type '
' into "ssh-private-key" TextView
    t =   171.05s     Wait for dev.meeterm.app to idle
    t =   171.05s     Find the "ssh-private-key" TextView
    t =   171.10s     Check for interrupting elements affecting "ssh-private-key" TextView
    t =   171.13s     Synthesize event
    t =   171.35s     Wait for dev.meeterm.app to idle
    t =   171.36s Type 'S87nFWJ3YXM8IOr8vY...' into "ssh-private-key" TextView
    t =   171.36s     Wait for dev.meeterm.app to idle
    t =   171.36s     Find the "ssh-private-key" TextView
    t =   171.41s     Check for interrupting elements affecting "ssh-private-key" TextView
    t =   171.45s     Synthesize event
    t =   172.60s     Wait for dev.meeterm.app to idle
    t =   172.60s Checking existence of `"return" Key`
    t =   172.66s Type '
' into "ssh-private-key" TextView
    t =   172.66s     Wait for dev.meeterm.app to idle
    t =   172.66s     Find the "ssh-private-key" TextView
    t =   172.71s     Check for interrupting elements affecting "ssh-private-key" TextView
    t =   172.74s     Synthesize event
    t =   172.97s     Wait for dev.meeterm.app to idle
    t =   172.97s Type '-----END OPENSSH P...' into "ssh-private-key" TextView
    t =   172.97s     Wait for dev.meeterm.app to idle
    t =   172.98s     Find the "ssh-private-key" TextView
    t =   173.02s     Check for interrupting elements affecting "ssh-private-key" TextView
    t =   173.07s     Synthesize event
    t =   173.82s     Wait for dev.meeterm.app to idle
    t =   173.83s Checking existence of `"return" Key`
    t =   173.88s Type '
' into "ssh-private-key" TextView
    t =   173.88s     Wait for dev.meeterm.app to idle
    t =   173.88s     Find the "ssh-private-key" TextView
    t =   173.93s     Check for interrupting elements affecting "ssh-private-key" TextView
    t =   173.97s     Synthesize event
    t =   174.19s     Wait for dev.meeterm.app to idle
    t =   174.20s Checking existence of `"save-credentials" Switch`
    t =   174.25s Find the "save-credentials" Switch
    t =   174.29s Find the "save-credentials" Switch
    t =   174.59s Checking existence of `"save-credentials" Switch`
    t =   174.63s Find the "save-credentials" Switch
    t =   174.68s Find the "save-credentials" Switch
    t =   174.98s Checking existence of `"save-credentials" Switch`
    t =   175.04s Find the "save-credentials" Switch
    t =   175.08s Find the "save-credentials" Switch
    t =   175.39s Checking existence of `"save-credentials" Switch`
    t =   175.44s Find the "save-credentials" Switch
    t =   175.49s Find the "save-credentials" Switch
    t =   175.53s Find the "save-credentials" Switch
    t =   175.58s Checking existence of `ScrollView (First Match)`
    t =   175.68s Find the ScrollView (First Match)
    t =   175.78s Checking existence of `Keyboard (First Match)`
    t =   175.80s Find the Keyboard (First Match)
    t =   175.83s Find the Target Application 'dev.meeterm.app'
    t =   175.86s Checking existence of `ScrollView at {{0.0, 122.0}, {440.0, 549.0}}`
    t =   175.96s Find the Target Application 'dev.meeterm.app'
    t =   175.99s Checking existence of `ScrollView at {{0.0, 122.0}, {440.0, 549.0}}`
    t =   176.08s Find the ScrollView at {{0.0, 122.0}, {440.0, 549.0}}
    t =   176.19s Find the Target Application 'dev.meeterm.app'
    t =   176.22s Checking existence of `Keyboard (First Match)`
    t =   176.24s Find the Keyboard (First Match)
    t =   176.27s Find the Keyboard at {{0.0, 653.0}, {440.0, 245.0}}
    t =   176.30s Checking existence of `"save-credentials" Switch`
    t =   176.34s Find the "save-credentials" Switch
    t =   176.38s Press Target Application 'dev.meeterm.app'[0.00, 0.00] -> (8.0, 520.2) for 0.1 seconds, then drag to Target Application 'dev.meeterm.app'[0.00, 0.00] -> (8.0, 254.8) with velocity of 250.00 pixels per second, and then hold for 0.2 seconds 
    t =   176.38s     Wait for dev.meeterm.app to idle
    t =   176.39s     Find the Target Application 'dev.meeterm.app'
    t =   176.41s     Check for interrupting elements affecting "meeterm" Application
    t =   176.45s     Synthesize event
    t =   176.45s         Find the Target Application 'dev.meeterm.app'
    t =   176.48s         Find the Target Application 'dev.meeterm.app'
    t =   176.51s         Find the Target Application 'dev.meeterm.app'
    t =   176.54s         Find the Target Application 'dev.meeterm.app'
    t =   176.56s         Find the Target Application 'dev.meeterm.app'
    t =   178.15s     Wait for dev.meeterm.app to idle
    t =   178.41s Checking existence of `"save-credentials" Switch`
    t =   178.46s Find the "save-credentials" Switch
    t =   178.51s Find the "save-credentials" Switch
    t =   178.55s Find the "save-credentials" Switch
    t =   178.61s Checking existence of `ScrollView at {{0.0, 122.0}, {440.0, 549.0}}`
    t =   178.71s Find the ScrollView at {{0.0, 122.0}, {440.0, 549.0}}
    t =   178.81s Checking existence of `Keyboard (First Match)`
    t =   178.83s Find the Keyboard (First Match)
    t =   178.85s Find the Target Application 'dev.meeterm.app'
    t =   178.88s Checking existence of `"save-credentials" Switch`
    t =   178.92s Find the "save-credentials" Switch
    t =   178.97s Find the "save-credentials" Switch
    t =   179.03s Checking existence of `"save-credentials" Switch`
    t =   179.08s Checking existence of `ScrollView at {{0.0, 122.0}, {440.0, 549.0}}`
    t =   179.19s Find the ScrollView at {{0.0, 122.0}, {440.0, 549.0}}
    t =   179.30s Find the Target Application 'dev.meeterm.app'
    t =   179.32s Checking existence of `Keyboard (First Match)`
    t =   179.34s Find the Keyboard (First Match)
    t =   179.37s Find the Keyboard at {{0.0, 653.0}, {440.0, 245.0}}
    t =   179.40s Find the "save-credentials" Switch
    t =   179.44s Find the "save-credentials" Switch
    t =   179.49s Find the "save-credentials" Switch
    t =   179.53s Checking existence of `"ssh-submit" Button`
    t =   179.58s Find the "ssh-submit" Button
    t =   179.63s Tap "ssh-submit" Button
    t =   179.63s     Wait for dev.meeterm.app to idle
    t =   179.63s     Find the "ssh-submit" Button
    t =   179.68s     Check for interrupting elements affecting "ssh-submit" Button
    t =   179.72s     Synthesize event
    t =   180.02s     Wait for dev.meeterm.app to idle
    t =   180.39s Checking existence of `"ssh-submit" Button`
    t =   180.41s Waiting 60.0s for Alert (First Match) to exist
    t =   181.46s     Checking `Expect predicate `existsNoRetry == 1` for object Alert (First Match)`
    t =   181.46s         Checking existence of `Alert (First Match)`
    t =   181.48s Get all elements bound by index for: Descendants matching type StaticText
    t =   181.50s Find the StaticText (Element at index 0)
    t =   181.52s Find the StaticText (Element at index 1)
    t =   181.54s Checking existence of `"Trust and connect" Button`
    t =   181.56s Waiting 10.0s for "Trust and connect" Button to exist
    t =   182.60s     Checking `Expect predicate `existsNoRetry == 1` for object "Trust and connect" Button`
    t =   182.60s         Checking existence of `"Trust and connect" Button`
    t =   182.62s Checking existence of `"Trust and connect" Button`
    t =   182.64s Find the "Trust and connect" Button
    t =   182.67s Tap "Trust and connect" Button
    t =   182.67s     Wait for dev.meeterm.app to idle
    t =   182.67s     Find the "Trust and connect" Button
    t =   182.69s     Check for interrupting elements affecting "Trust and connect" Button
    t =   182.73s     Synthesize event
    t =   183.04s     Wait for dev.meeterm.app to idle
    t =   183.28s Checking existence of `Alert (First Match)`
    t =   183.35s Waiting 60.0s for "Choose a session" StaticText to exist
    t =   184.42s     Checking `Expect predicate `existsNoRetry == 1` for object "Choose a session" StaticText`
    t =   184.42s         Checking existence of `"Choose a session" StaticText`
    t =   184.45s Get number of matches for: Elements matching predicate 'identifier == "tmux runtime meeterm" OR label == "tmux runtime meeterm"'
    t =   184.47s Get number of matches for: Elements matching predicate 'identifier == "tmux runtime meeterm" OR label == "tmux runtime meeterm"'
    t =   184.49s Checking existence of `Button (Element at index 0)`
    t =   184.51s Find the Button (Element at index 0)
    t =   184.55s Waiting 30.0s for "runtime-row-tmux-runtime-2-1-tmux-1" Button to exist
    t =   185.58s     Checking `Expect predicate `existsNoRetry == 1` for object "runtime-row-tmux-runtime-2-1-tmux-1" Button`
    t =   185.58s         Checking existence of `"runtime-row-tmux-runtime-2-1-tmux-1" Button`
    t =   185.61s Checking existence of `"runtime-row-tmux-runtime-2-1-tmux-1" Button`
    t =   185.63s Find the "runtime-row-tmux-runtime-2-1-tmux-1" Button
    t =   186.67s Find the "runtime-row-tmux-runtime-2-1-tmux-1" Button
    t =   186.69s Tap "runtime-row-tmux-runtime-2-1-tmux-1" Button
    t =   186.70s     Wait for dev.meeterm.app to idle
    t =   186.70s     Find the "runtime-row-tmux-runtime-2-1-tmux-1" Button
    t =   186.72s     Check for interrupting elements affecting "runtime-row-tmux-runtime-2-1-tmux-1" Button
    t =   186.75s     Synthesize event
    t =   187.04s     Wait for dev.meeterm.app to idle
    t =   187.49s Get number of matches for: Elements matching predicate 'identifier BEGINSWITH "workspace-row-" AND label BEGINSWITH "Workspace "'
    t =   187.51s Find the Button (Element at index 0)
    t =   187.53s Get number of matches for: Elements matching predicate 'identifier BEGINSWITH "workspace-row-" AND label BEGINSWITH "Workspace "'
    t =   187.54s Find the Button (Element at index 0)
    t =   187.56s Get number of matches for: Elements matching predicate 'identifier == "Workspace main" OR label == "Workspace main"'
    t =   187.58s Get number of matches for: Elements matching predicate 'identifier == "Workspace main" OR label == "Workspace main"'
    t =   187.60s Checking existence of `Button (Element at index 0)`
    t =   187.61s Find the Button (Element at index 0)
    t =   187.64s Waiting 15.0s for "workspace-row-@0" Button to exist
    t =   188.70s     Checking `Expect predicate `existsNoRetry == 1` for object "workspace-row-@0" Button`
    t =   188.70s         Checking existence of `"workspace-row-@0" Button`
    t =   188.73s Checking existence of `"workspace-row-@0" Button`
    t =   188.75s Find the "workspace-row-@0" Button
    t =   188.78s Tap "workspace-row-@0" Button
    t =   188.78s     Wait for dev.meeterm.app to idle
    t =   188.78s     Find the "workspace-row-@0" Button
    t =   188.80s     Check for interrupting elements affecting "workspace-row-@0" Button
    t =   188.82s     Synthesize event
    t =   189.13s     Wait for dev.meeterm.app to idle
    t =   189.59s Get all elements bound by index for: Elements matching predicate 'identifier == "Terminal" OR label == "Terminal" OR label == "Terminal, cached output, read only"'
    t =   189.64s Checking existence of `Other (Element at index 0)`
    t =   189.67s Find the Other (Element at index 0)
    t =   189.70s Checking existence of `Other (Element at index 1)`
    t =   189.73s Find the Other (Element at index 1)
    t =   189.77s Find the "Terminal" Other
    t =   189.81s Get all elements bound by index for: Elements matching predicate 'identifier == "Terminal" OR label == "Terminal" OR label == "Terminal, cached output, read only"'
    t =   189.84s Checking existence of `Other (Element at index 0)`
    t =   189.86s Find the Other (Element at index 0)
    t =   189.90s Checking existence of `Other (Element at index 1)`
    t =   189.93s Find the Other (Element at index 1)
    t =   189.96s Find the "Terminal" Other
    t =   190.01s Tap "Terminal" Other
    t =   190.01s     Wait for dev.meeterm.app to idle
    t =   190.10s     Find the "Terminal" Other
    t =   190.12s     Check for interrupting elements affecting "Terminal" Other
    t =   190.14s     Synthesize event
    t =   190.44s     Wait for dev.meeterm.app to idle
    t =   190.74s Checking existence of `"Speed up your typing by sliding your finger across the letters to compose a word." StaticText`
    t =   190.78s Waiting 10.0s for "p" Key to exist
    t =   191.82s     Checking `Expect predicate `existsNoRetry == 1` for object "p" Key`
    t =   191.82s         Checking existence of `"p" Key`
    t =   191.85s Tap "p" Key
    t =   191.85s     Wait for dev.meeterm.app to idle
    t =   191.85s     Find the "p" Key
    t =   191.89s     Check for interrupting elements affecting "p" Key
    t =   191.92s     Synthesize event
    t =   192.22s     Wait for dev.meeterm.app to idle
    t =   192.23s Waiting 10.0s for "r" Key to exist
    t =   193.29s     Checking `Expect predicate `existsNoRetry == 1` for object "r" Key`
    t =   193.29s         Checking existence of `"r" Key`
    t =   193.34s Tap "r" Key
    t =   193.34s     Wait for dev.meeterm.app to idle
    t =   193.34s     Find the "r" Key
    t =   193.38s     Check for interrupting elements affecting "r" Key
    t =   193.41s     Synthesize event
    t =   193.71s     Wait for dev.meeterm.app to idle
    t =   193.71s Waiting 10.0s for "i" Key to exist
    t =   194.74s     Checking `Expect predicate `existsNoRetry == 1` for object "i" Key`
    t =   194.74s         Checking existence of `"i" Key`
    t =   194.80s Tap "i" Key
    t =   194.80s     Wait for dev.meeterm.app to idle
    t =   194.80s     Find the "i" Key
    t =   194.83s     Check for interrupting elements affecting "i" Key
    t =   194.87s     Synthesize event
    t =   195.16s     Wait for dev.meeterm.app to idle
    t =   195.16s Waiting 10.0s for "n" Key to exist
    t =   196.20s     Checking `Expect predicate `existsNoRetry == 1` for object "n" Key`
    t =   196.20s         Checking existence of `"n" Key`
    t =   196.26s Tap "n" Key
    t =   196.26s     Wait for dev.meeterm.app to idle
    t =   196.26s     Find the "n" Key
    t =   196.29s     Check for interrupting elements affecting "n" Key
    t =   196.32s     Synthesize event
    t =   196.62s     Wait for dev.meeterm.app to idle
    t =   196.62s Waiting 10.0s for "t" Key to exist
    t =   197.67s     Checking `Expect predicate `existsNoRetry == 1` for object "t" Key`
    t =   197.67s         Checking existence of `"t" Key`
    t =   197.70s Tap "t" Key
    t =   197.70s     Wait for dev.meeterm.app to idle
    t =   197.70s     Find the "t" Key
    t =   197.74s     Check for interrupting elements affecting "t" Key
    t =   197.76s     Synthesize event
    t =   198.07s     Wait for dev.meeterm.app to idle
    t =   198.07s Waiting 10.0s for "f" Key to exist
    t =   199.13s     Checking `Expect predicate `existsNoRetry == 1` for object "f" Key`
    t =   199.13s         Checking existence of `"f" Key`
    t =   199.16s Tap "f" Key
    t =   199.16s     Wait for dev.meeterm.app to idle
    t =   199.17s     Find the "f" Key
    t =   199.20s     Check for interrupting elements affecting "f" Key
    t =   199.23s     Synthesize event
    t =   199.53s     Wait for dev.meeterm.app to idle
    t =   199.54s Waiting 10.0s for "terminal-paste" Any to exist
    t =   200.59s     Checking `Expect predicate `existsNoRetry == 1` for object "terminal-paste" Any`
    t =   200.59s         Checking existence of `"terminal-paste" Any`
    t =   200.67s Checking existence of `"terminal-paste" Any`
    t =   200.74s Find the "terminal-paste" Any
    t =   201.85s Checking `Expect predicate `enabled == 1` for object "terminal-paste" Button`
    t =   201.85s     Find the "terminal-paste" Button
    t =   201.92s Find the "terminal-paste" Button
    t =   201.99s Tap "terminal-paste" Button
    t =   201.99s     Wait for dev.meeterm.app to idle
    t =   201.99s     Find the "terminal-paste" Button
    t =   202.07s     Check for interrupting elements affecting "terminal-paste" Button
    t =   202.11s     Synthesize event
    t =   202.40s     Wait for dev.meeterm.app to idle
    t =   203.43s Checking `Expect predicate `value != "Ready 0" AND value BEGINSWITH "Ready "` for object "terminal-paste" Button`
    t =   203.43s     Find the "terminal-paste" Button
    t =   203.54s     Find the "terminal-paste" Button
    t =   203.61s Get number of matches for: Elements matching predicate 'identifier == "Paste" OR label == "Paste"'
    t =   203.64s Get number of matches for: Elements matching predicate 'identifier == "Paste" OR label == "Paste"'
    t =   203.67s Checking existence of `Button (Element at index 0)`
    t =   203.70s Find the Button (Element at index 0)
    t =   203.74s Get all elements bound by index for: Elements matching predicate 'identifier == "Terminal" OR label == "Terminal" OR label == "Terminal, cached output, read only"'
    t =   203.77s Checking existence of `Other (Element at index 0)`
    t =   203.80s Find the Other (Element at index 0)
    t =   203.84s Checking existence of `Other (Element at index 1)`
    t =   203.87s Find the Other (Element at index 1)
    t =   203.91s Find the "Terminal" Other
    t =   203.95s Checking existence of `"ssh-submit" Button`
    t =   203.99s Checking existence of `"Host" Any`
    t =   204.02s Checking existence of `"Private OpenSSH key" Any`
    t =   204.05s Checking existence of `"Terminal" Other`
    t =   204.09s Checking existence of `Keyboard (First Match)`
    t =   204.11s Checking existence of `"terminal-paste" Button`
    t =   204.18s Checking existence of `"terminal-paste" Button`
    t =   204.25s Find the "terminal-paste" Button
    t =   204.33s Checking existence of `"terminal-paste" Button`
    t =   204.40s Find the "terminal-paste" Button
    t =   204.48s Checking existence of `"terminal-paste" Button`
    t =   204.51s Find the "terminal-paste" Button
    t =   204.54s Checking existence of `"terminal-paste" Button`
    t =   204.57s Find the "terminal-paste" Button
    t =   204.60s Waiting 10.0s for Any (First Match) to exist
    t =   205.65s     Checking `Expect predicate `existsNoRetry == 1` for object Any (First Match)`
    t =   205.65s         Checking existence of `Any (First Match)`
    t =   205.70s Checking existence of `Any (First Match)`
    t =   205.76s Find the Any (First Match)
    t =   205.83s Tap "Return" Button
    t =   205.83s     Wait for dev.meeterm.app to idle
    t =   205.83s     Find the "Return" Button
    t =   205.88s     Check for interrupting elements affecting "Return" Button
    t =   205.92s     Synthesize event
    t =   206.22s     Wait for dev.meeterm.app to idle
    t =   206.22s Get all elements bound by index for: Elements matching predicate 'identifier BEGINSWITH "terminal-tab-"'
    t =   206.25s Find the Any (Element at index 0)
    t =   206.28s Checking existence of `"terminal-tab-%0" Other`
    t =   206.30s Find the "terminal-tab-%0" Other
    t =   206.32s Find the "terminal-tab-%0" Other
    t =   206.34s Get number of matches for: Elements matching predicate 'identifier == "Server connection" OR label == "Server connection"'
    t =   206.37s Waiting 8.0s for "Server connection" Any to exist
    t =   207.42s     Checking `Expect predicate `existsNoRetry == 1` for object "Server connection" Any`
    t =   207.42s         Checking existence of `"Server connection" Any`
    t =   207.45s         Capturing element debug description
    t =   208.41s     Checking `Expect predicate `existsNoRetry == 1` for object "Server connection" Any`
    t =   208.41s         Checking existence of `"Server connection" Any`
    t =   208.48s         Capturing element debug description
    t =   209.40s     Checking `Expect predicate `existsNoRetry == 1` for object "Server connection" Any`
    t =   209.40s         Checking existence of `"Server connection" Any`
    t =   209.46s         Capturing element debug description
    t =   210.39s     Checking `Expect predicate `existsNoRetry == 1` for object "Server connection" Any`
    t =   210.39s         Checking existence of `"Server connection" Any`
    t =   210.43s         Capturing element debug description
    t =   211.37s     Checking `Expect predicate `existsNoRetry == 1` for object "Server connection" Any`
    t =   211.38s         Checking existence of `"Server connection" Any`
    t =   211.43s         Capturing element debug description
    t =   212.39s     Checking `Expect predicate `existsNoRetry == 1` for object "Server connection" Any`
    t =   212.39s         Checking existence of `"Server connection" Any`
    t =   212.44s         Capturing element debug description
    t =   213.47s     Checking `Expect predicate `existsNoRetry == 1` for object "Server connection" Any`
    t =   213.47s         Checking existence of `"Server connection" Any`
    t =   213.50s         Capturing element debug description
    t =   214.38s     Checking `Expect predicate `existsNoRetry == 1` for object "Server connection" Any`
    t =   214.39s         Checking existence of `"Server connection" Any`
    t =   214.44s         Capturing element debug description
    t =   214.44s     Checking existence of `"Server connection" Any`
    t =   214.48s Collecting debug information to assist test failure triage
    t =   214.48s     Requesting snapshot of accessibility hierarchy for app with pid 54452
    t =   214.52s Get number of matches for: Elements matching predicate 'identifier == "Back to workspaces" OR label == "Back to workspaces"'
    t =   214.55s Get number of matches for: Elements matching predicate 'identifier == "Back to workspaces" OR label == "Back to workspaces"'
    t =   214.58s Checking existence of `Button (Element at index 0)`
    t =   214.61s Find the Button (Element at index 0)
    t =   214.66s Waiting 5.0s for "Back to workspaces" Button to exist
    t =   215.70s     Checking `Expect predicate `existsNoRetry == 1` for object "Back to workspaces" Button`
    t =   215.70s         Checking existence of `"Back to workspaces" Button`
    t =   215.75s Checking existence of `"Back to workspaces" Button`
    t =   215.78s Find the "Back to workspaces" Button
    t =   215.82s Tap "Back to workspaces" Button
    t =   215.82s     Wait for dev.meeterm.app to idle
    t =   215.82s     Find the "Back to workspaces" Button
    t =   215.86s     Check for interrupting elements affecting "Back to workspaces" Button
    t =   215.89s     Synthesize event
    t =   216.19s     Wait for dev.meeterm.app to idle
    t =   216.54s Get number of matches for: Elements matching predicate 'identifier == "Server connection" OR label == "Server connection"'
    t =   216.56s Get number of matches for: Elements matching predicate 'identifier == "Server connection" OR label == "Server connection"'
    t =   216.58s Checking existence of `Button (Element at index 0)`
    t =   216.60s Find the Button (Element at index 0)
    t =   216.63s Waiting 10.0s for "Server connection" Button to exist
    t =   217.67s     Checking `Expect predicate `existsNoRetry == 1` for object "Server connection" Button`
    t =   217.67s         Checking existence of `"Server connection" Button`
    t =   217.69s Checking existence of `"Server connection" Button`
    t =   217.71s Find the "Server connection" Button
    t =   217.74s Tap "Server connection" Button
    t =   217.74s     Wait for dev.meeterm.app to idle
    t =   217.74s     Find the "Server connection" Button
    t =   217.76s     Check for interrupting elements affecting "Server connection" Button
    t =   217.78s     Synthesize event
    t =   218.09s     Wait for dev.meeterm.app to idle
    t =   218.41s Get number of matches for: Elements matching predicate 'identifier == "Saved servers" OR label == "Saved servers"'
    t =   218.44s Get number of matches for: Elements matching predicate 'identifier == "Saved servers" OR label == "Saved servers"'
    t =   218.46s Checking existence of `Button (Element at index 0)`
    t =   218.48s Find the Button (Element at index 0)
    t =   218.51s Waiting 15.0s for "Saved servers" Button to exist
    t =   219.57s     Checking `Expect predicate `existsNoRetry == 1` for object "Saved servers" Button`
    t =   219.57s         Checking existence of `"Saved servers" Button`
    t =   219.59s Checking existence of `"Saved servers" Button`
    t =   219.61s Find the "Saved servers" Button
    t =   219.65s Tap "Saved servers" Button
    t =   219.65s     Wait for dev.meeterm.app to idle
    t =   219.65s     Find the "Saved servers" Button
    t =   219.68s     Check for interrupting elements affecting "Saved servers" Button
    t =   219.71s     Synthesize event
    t =   220.02s     Wait for dev.meeterm.app to idle
    t =   220.02s Get number of matches for: Elements matching predicate 'identifier == "Add server" OR label == "Add server"'
    t =   220.05s Get number of matches for: Elements matching predicate 'identifier == "Add server" OR label == "Add server"'
    t =   220.07s Checking existence of `Button (Element at index 0)`
    t =   220.09s Find the Button (Element at index 0)
    t =   220.12s Waiting 15.0s for "Add server" Button to exist
    t =   221.15s     Checking `Expect predicate `existsNoRetry == 1` for object "Add server" Button`
    t =   221.15s         Checking existence of `"Add server" Button`
    t =   221.17s Checking existence of `"Add server" Button`
    t =   221.19s Find the "Add server" Button
    t =   221.22s Tap "Add server" Button
    t =   221.22s     Wait for dev.meeterm.app to idle
    t =   221.23s     Find the "Add server" Button
    t =   221.25s     Check for interrupting elements affecting "Add server" Button
    t =   221.27s     Synthesize event
    t =   221.57s     Wait for dev.meeterm.app to idle
    t =   221.91s Checking existence of `"Host" TextField`
    t =   221.93s Checking existence of `"Host" TextView`
    t =   221.98s Checking existence of `"Host" SecureTextField`
    t =   222.01s Checking existence of `"Host" Any`
    t =   222.06s Waiting 15.0s for "Host" Any to exist
    t =   223.10s     Checking `Expect predicate `existsNoRetry == 1` for object "Host" Any`
    t =   223.10s         Checking existence of `"Host" Any`
    t =   223.14s Checking existence of `"Host" TextField`
    t =   223.18s Waiting 10.0s for "Host" TextField to exist
    t =   224.22s     Checking `Expect predicate `existsNoRetry == 1` for object "Host" TextField`
    t =   224.22s         Checking existence of `"Host" TextField`
    t =   224.26s Checking existence of `"Host" TextField`
    t =   224.29s Find the "Host" TextField
    t =   224.34s Tap "ssh-host" TextField[0.95, 0.50]
    t =   224.34s     Wait for dev.meeterm.app to idle
    t =   224.34s     Find the "ssh-host" TextField
    t =   224.37s     Check for interrupting elements affecting "ssh-host" TextField
    t =   224.40s     Synthesize event
    t =   224.41s         Find the "ssh-host" TextField
    t =   224.44s         Find the "ssh-host" TextField
    t =   224.48s         Find the "ssh-host" TextField
    t =   224.81s     Wait for dev.meeterm.app to idle
    t =   225.11s Find the "ssh-host" TextField
    t =   225.16s Find the "ssh-host" TextField
    t =   225.20s Type '127.0.0.1' into "ssh-host" TextField
    t =   225.20s     Wait for dev.meeterm.app to idle
    t =   225.21s     Find the "ssh-host" TextField
    t =   225.25s     Check for interrupting elements affecting "ssh-host" TextField
    t =   225.29s     Synthesize event
    t =   225.66s     Wait for dev.meeterm.app to idle
    t =   226.67s Checking `Expect predicate `BLOCKPREDICATE(0x1163a6d30)` for object "ssh-host" TextField`
    t =   226.67s     Find the "ssh-host" TextField
    t =   226.72s     Find the "ssh-host" TextField
    t =   226.77s Checking existence of `"Port" TextField`
    t =   226.81s Waiting 10.0s for "Port" TextField to exist
    t =   227.86s     Checking `Expect predicate `existsNoRetry == 1` for object "Port" TextField`
    t =   227.86s         Checking existence of `"Port" TextField`
    t =   227.90s Checking existence of `"Port" TextField`
    t =   227.94s Find the "Port" TextField
    t =   228.00s Tap "ssh-port" TextField[0.95, 0.50]
    t =   228.00s     Wait for dev.meeterm.app to idle
    t =   228.00s     Find the "ssh-port" TextField
    t =   228.05s     Check for interrupting elements affecting "ssh-port" TextField
    t =   228.09s     Synthesize event
    t =   228.09s         Find the "ssh-port" TextField
    t =   228.14s         Find the "ssh-port" TextField
    t =   228.20s         Find the "ssh-port" TextField
    t =   228.53s     Wait for dev.meeterm.app to idle
    t =   228.92s Find the "ssh-port" TextField
    t =   228.96s Find the "ssh-port" TextField
    t =   229.00s Type '' into "ssh-port" TextField
    t =   229.00s     Wait for dev.meeterm.app to idle
    t =   229.00s     Find the "ssh-port" TextField
    t =   229.04s     Check for interrupting elements affecting "ssh-port" TextField
    t =   229.08s     Synthesize event
    t =   229.33s     Wait for dev.meeterm.app to idle
    t =   229.33s Find the "ssh-port" TextField
    t =   229.37s Type '64614' into "ssh-port" TextField
    t =   229.37s     Wait for dev.meeterm.app to idle
    t =   229.37s     Find the "ssh-port" TextField
    t =   229.42s     Check for interrupting elements affecting "ssh-port" TextField
    t =   229.45s     Synthesize event
    t =   229.75s     Wait for dev.meeterm.app to idle
    t =   230.80s Checking `Expect predicate `BLOCKPREDICATE(0x1163a63a0)` for object "ssh-port" TextField`
    t =   230.80s     Find the "ssh-port" TextField
    t =   230.85s     Find the "ssh-port" TextField
    t =   230.89s Checking existence of `"Username" TextField`
    t =   230.93s Waiting 10.0s for "Username" TextField to exist
    t =   231.95s     Checking `Expect predicate `existsNoRetry == 1` for object "Username" TextField`
    t =   231.95s         Checking existence of `"Username" TextField`
    t =   231.99s Checking existence of `"Username" TextField`
    t =   232.03s Find the "Username" TextField
    t =   232.08s Tap "ssh-username" TextField[0.95, 0.50]
    t =   232.08s     Wait for dev.meeterm.app to idle
    t =   232.08s     Find the "ssh-username" TextField
    t =   232.13s     Check for interrupting elements affecting "ssh-username" TextField
    t =   232.16s     Synthesize event
    t =   232.17s         Find the "ssh-username" TextField
    t =   232.22s         Find the "ssh-username" TextField
    t =   232.26s         Find the "ssh-username" TextField
    t =   232.59s     Wait for dev.meeterm.app to idle
    t =   232.97s Find the "ssh-username" TextField
    t =   233.01s Find the "ssh-username" TextField
    t =   233.05s Type 'd' into "ssh-username" TextField
    t =   233.05s     Wait for dev.meeterm.app to idle
    t =   233.06s     Find the "ssh-username" TextField
    t =   233.10s     Check for interrupting elements affecting "ssh-username" TextField
    t =   233.14s     Synthesize event
    t =   233.37s     Wait for dev.meeterm.app to idle
    t =   234.40s Checking `Expect predicate `BLOCKPREDICATE(0x1163a60d0)` for object "ssh-username" TextField`
    t =   234.40s     Find the "ssh-username" TextField
    t =   234.45s     Find the "ssh-username" TextField
    t =   234.50s Type 'e' into "ssh-username" TextField
    t =   234.50s     Wait for dev.meeterm.app to idle
    t =   234.51s     Find the "ssh-username" TextField
    t =   234.55s     Check for interrupting elements affecting "ssh-username" TextField
    t =   234.59s     Synthesize event
    t =   234.82s     Wait for dev.meeterm.app to idle
    t =   235.88s Checking `Expect predicate `BLOCKPREDICATE(0x11540e070)` for object "ssh-username" TextField`
    t =   235.88s     Find the "ssh-username" TextField
    t =   235.93s     Find the "ssh-username" TextField
    t =   235.98s Type 'v' into "ssh-username" TextField
    t =   235.98s     Wait for dev.meeterm.app to idle
    t =   235.98s     Find the "ssh-username" TextField
    t =   236.03s     Check for interrupting elements affecting "ssh-username" TextField
    t =   236.06s     Synthesize event
    t =   236.30s     Wait for dev.meeterm.app to idle
    t =   237.35s Checking `Expect predicate `BLOCKPREDICATE(0x1163a7990)` for object "ssh-username" TextField`
    t =   237.35s     Find the "ssh-username" TextField
    t =   237.40s     Find the "ssh-username" TextField
    t =   237.45s Type 'i' into "ssh-username" TextField
    t =   237.45s     Wait for dev.meeterm.app to idle
    t =   237.45s     Find the "ssh-username" TextField
    t =   237.49s     Check for interrupting elements affecting "ssh-username" TextField
    t =   237.53s     Synthesize event
    t =   237.75s     Wait for dev.meeterm.app to idle
    t =   238.80s Checking `Expect predicate `BLOCKPREDICATE(0x1163a7030)` for object "ssh-username" TextField`
    t =   238.80s     Find the "ssh-username" TextField
    t =   238.85s     Find the "ssh-username" TextField
    t =   238.90s Type 'n' into "ssh-username" TextField
    t =   238.90s     Wait for dev.meeterm.app to idle
    t =   238.90s     Find the "ssh-username" TextField
    t =   238.94s     Check for interrupting elements affecting "ssh-username" TextField
    t =   238.98s     Synthesize event
    t =   239.22s     Wait for dev.meeterm.app to idle
    t =   240.25s Checking `Expect predicate `BLOCKPREDICATE(0x1163a69a0)` for object "ssh-username" TextField`
    t =   240.25s     Find the "ssh-username" TextField
    t =   240.30s     Find the "ssh-username" TextField
    t =   241.37s Checking `Expect predicate `BLOCKPREDICATE(0x11540ef70)` for object "ssh-username" TextField`
    t =   241.37s     Find the "ssh-username" TextField
    t =   241.43s     Find the "ssh-username" TextField
    t =   241.48s Checking existence of `"Server name" TextField`
    t =   241.52s Checking existence of `"Server name" TextField`
    t =   241.57s Find the "Server name" TextField
    t =   241.61s Find the "server-profile-name" TextField
    t =   241.93s Checking existence of `"server-profile-name" TextField`
    t =   241.97s Find the "server-profile-name" TextField
    t =   242.02s Find the "server-profile-name" TextField
    t =   242.34s Checking existence of `"server-profile-name" TextField`
    t =   242.38s Find the "server-profile-name" TextField
    t =   242.42s Find the "server-profile-name" TextField
    t =   242.74s Checking existence of `"server-profile-name" TextField`
    t =   242.78s Find the "server-profile-name" TextField
    t =   242.83s Find the "server-profile-name" TextField
    t =   242.87s Find the "server-profile-name" TextField
    t =   242.93s Checking existence of `ScrollView (First Match)`
    t =   243.04s Find the ScrollView (First Match)
    t =   243.14s Checking existence of `Keyboard (First Match)`
    t =   243.16s Find the Keyboard (First Match)
    t =   243.19s Find the Target Application 'dev.meeterm.app'
    t =   243.22s Checking existence of `ScrollView at {{0.0, 122.0}, {440.0, 576.0}}`
    t =   243.32s Find the Target Application 'dev.meeterm.app'
    t =   243.35s Checking existence of `ScrollView at {{0.0, 122.0}, {440.0, 576.0}}`
    t =   243.45s Find the ScrollView at {{0.0, 122.0}, {440.0, 576.0}}
    t =   243.55s Find the Target Application 'dev.meeterm.app'
    t =   243.58s Checking existence of `Keyboard (First Match)`
    t =   243.60s Find the Keyboard (First Match)
    t =   243.64s Find the Keyboard at {{0.0, 653.0}, {440.0, 245.0}}
    t =   243.66s Checking existence of `"server-profile-name" TextField`
    t =   243.71s Find the "server-profile-name" TextField
    t =   243.76s Press Target Application 'dev.meeterm.app'[0.00, 0.00] -> (8.0, 520.2) for 0.1 seconds, then drag to Target Application 'dev.meeterm.app'[0.00, 0.00] -> (8.0, 254.8) with velocity of 250.00 pixels per second, and then hold for 0.2 seconds 
    t =   243.76s     Wait for dev.meeterm.app to idle
    t =   243.76s     Find the Target Application 'dev.meeterm.app'
    t =   243.79s     Check for interrupting elements affecting "meeterm" Application
    t =   243.83s     Synthesize event
    t =   243.83s         Find the Target Application 'dev.meeterm.app'
    t =   243.86s         Find the Target Application 'dev.meeterm.app'
    t =   243.89s         Find the Target Application 'dev.meeterm.app'
    t =   243.92s         Find the Target Application 'dev.meeterm.app'
    t =   243.96s         Find the Target Application 'dev.meeterm.app'
    t =   245.56s     Wait for dev.meeterm.app to idle
    t =   245.81s Checking existence of `"server-profile-name" TextField`
    t =   245.86s Find the "server-profile-name" TextField
    t =   245.91s Find the "server-profile-name" TextField
    t =   245.95s Find the "server-profile-name" TextField
    t =   246.01s Checking existence of `ScrollView at {{0.0, 122.0}, {440.0, 576.0}}`
    t =   246.12s Find the ScrollView at {{0.0, 122.0}, {440.0, 576.0}}
    t =   246.22s Checking existence of `Keyboard (First Match)`
    t =   246.24s Find the Keyboard (First Match)
    t =   246.27s Find the Target Application 'dev.meeterm.app'
    t =   246.29s Checking existence of `"server-profile-name" TextField`
    t =   246.34s Find the "server-profile-name" TextField
    t =   246.38s Find the "server-profile-name" TextField
    t =   246.68s Checking existence of `"server-profile-name" TextField`
    t =   246.73s Find the "server-profile-name" TextField
    t =   246.77s Find the "server-profile-name" TextField
    t =   247.07s Checking existence of `"server-profile-name" TextField`
    t =   247.11s Find the "server-profile-name" TextField
    t =   247.16s Find the "server-profile-name" TextField
    t =   247.46s Checking existence of `"server-profile-name" TextField`
    t =   247.51s Find the "server-profile-name" TextField
    t =   247.56s Find the "server-profile-name" TextField
    t =   247.60s Find the "server-profile-name" TextField
    t =   247.66s Checking existence of `ScrollView at {{0.0, 122.0}, {440.0, 576.0}}`
    t =   247.76s Find the ScrollView at {{0.0, 122.0}, {440.0, 576.0}}
    t =   247.87s Checking existence of `Keyboard (First Match)`
    t =   247.89s Find the Keyboard (First Match)
    t =   247.91s Find the Target Application 'dev.meeterm.app'
    t =   247.95s Checking existence of `ScrollView at {{0.0, 122.0}, {440.0, 576.0}}`
    t =   248.06s Find the Target Application 'dev.meeterm.app'
    t =   248.08s Checking existence of `ScrollView at {{0.0, 122.0}, {440.0, 576.0}}`
    t =   248.18s Find the ScrollView at {{0.0, 122.0}, {440.0, 576.0}}
    t =   248.29s Find the Target Application 'dev.meeterm.app'
    t =   248.31s Checking existence of `Keyboard (First Match)`
    t =   248.33s Find the Keyboard (First Match)
    t =   248.36s Find the Keyboard at {{0.0, 653.0}, {440.0, 245.0}}
    t =   248.39s Checking existence of `"server-profile-name" TextField`
    t =   248.43s Find the "server-profile-name" TextField
    t =   248.48s Press Target Application 'dev.meeterm.app'[0.00, 0.00] -> (8.0, 520.2) for 0.1 seconds, then drag to Target Application 'dev.meeterm.app'[0.00, 0.00] -> (8.0, 254.8) with velocity of 250.00 pixels per second, and then hold for 0.2 seconds 
    t =   248.48s     Wait for dev.meeterm.app to idle
    t =   248.48s     Find the Target Application 'dev.meeterm.app'
    t =   248.51s     Check for interrupting elements affecting "meeterm" Application
    t =   248.55s     Synthesize event
    t =   248.55s         Find the Target Application 'dev.meeterm.app'
    t =   248.58s         Find the Target Application 'dev.meeterm.app'
    t =   248.61s         Find the Target Application 'dev.meeterm.app'
    t =   248.64s         Find the Target Application 'dev.meeterm.app'
    t =   248.67s         Find the Target Application 'dev.meeterm.app'
    t =   250.26s     Wait for dev.meeterm.app to idle
    t =   250.80s Checking existence of `"server-profile-name" TextField`
    t =   250.85s Find the "server-profile-name" TextField
    t =   250.89s Find the "server-profile-name" TextField
    t =   250.94s Find the "server-profile-name" TextField
    t =   250.99s Checking existence of `ScrollView at {{0.0, 122.0}, {440.0, 576.0}}`
    t =   251.09s Find the ScrollView at {{0.0, 122.0}, {440.0, 576.0}}
    t =   251.19s Checking existence of `Keyboard (First Match)`
    t =   251.21s Find the Keyboard (First Match)
    t =   251.24s Find the Target Application 'dev.meeterm.app'
    t =   251.27s Checking existence of `"server-profile-name" TextField`
    t =   251.31s Find the "server-profile-name" TextField
    t =   251.35s Find the "server-profile-name" TextField
    t =   251.40s Checking existence of `"server-profile-name" TextField`
    t =   251.45s Checking existence of `ScrollView at {{0.0, 122.0}, {440.0, 576.0}}`
    t =   251.55s Find the ScrollView at {{0.0, 122.0}, {440.0, 576.0}}
    t =   251.67s Find the Target Application 'dev.meeterm.app'
    t =   251.70s Checking existence of `Keyboard (First Match)`
    t =   251.72s Find the Keyboard (First Match)
    t =   251.75s Find the Keyboard at {{0.0, 653.0}, {440.0, 245.0}}
    t =   251.77s Find the "server-profile-name" TextField
    t =   251.82s Checking existence of `"Server name" TextField`
    t =   251.87s Waiting 10.0s for "Server name" TextField to exist
    t =   252.87s     Checking `Expect predicate `existsNoRetry == 1` for object "Server name" TextField`
    t =   252.87s         Checking existence of `"Server name" TextField`
    t =   252.91s Checking existence of `"Server name" TextField`
    t =   252.96s Find the "Server name" TextField
    t =   253.01s Tap "server-profile-name" TextField[0.95, 0.50]
    t =   253.01s     Wait for dev.meeterm.app to idle
    t =   253.01s     Find the "server-profile-name" TextField
    t =   253.06s     Check for interrupting elements affecting "server-profile-name" TextField
    t =   253.09s     Synthesize event
    t =   253.10s         Find the "server-profile-name" TextField
    t =   253.14s         Find the "server-profile-name" TextField
    t =   253.19s         Find the "server-profile-name" TextField
    t =   253.52s     Wait for dev.meeterm.app to idle
    t =   253.88s Find the "server-profile-name" TextField
    t =   253.94s Find the "server-profile-name" TextField
    t =   253.99s Type 'Fixture Two' into "server-profile-name" TextField
    t =   253.99s     Wait for dev.meeterm.app to idle
    t =   253.99s     Find the "server-profile-name" TextField
    t =   254.04s     Check for interrupting elements affecting "server-profile-name" TextField
    t =   254.08s     Synthesize event
    t =   254.48s     Wait for dev.meeterm.app to idle
    t =   255.50s Checking `Expect predicate `BLOCKPREDICATE(0x1162942d0)` for object "server-profile-name" TextField`
    t =   255.50s     Find the "server-profile-name" TextField
    t =   255.55s     Find the "server-profile-name" TextField
    t =   255.59s Checking existence of `"Private OpenSSH key" TextField`
    t =   255.64s Checking existence of `"Private OpenSSH key" TextView`
    t =   255.68s Checking existence of `"Private OpenSSH key" TextView`
    t =   255.72s Find the "Private OpenSSH key" TextView
    t =   255.77s Find the "ssh-private-key" TextView
    t =   255.82s Checking existence of `"ssh-private-key" TextView`
    t =   255.87s Checking existence of `ScrollView (First Match)`
    t =   255.98s Find the ScrollView (First Match)
    t =   256.09s Find the Target Application 'dev.meeterm.app'
    t =   256.12s Checking existence of `Keyboard (First Match)`
    t =   256.14s Find the Keyboard (First Match)
    t =   256.17s Find the Keyboard at {{0.0, 653.0}, {440.0, 245.0}}
    t =   256.20s Find the "ssh-private-key" TextView
    t =   256.50s Checking existence of `"ssh-private-key" TextView`
    t =   256.55s Find the "ssh-private-key" TextView
    t =   256.59s Find the "ssh-private-key" TextView
    t =   256.65s Checking existence of `"ssh-private-key" TextView`
    t =   256.70s Checking existence of `ScrollView at {{0.0, 122.0}, {440.0, 549.0}}`
    t =   256.80s Find the ScrollView at {{0.0, 122.0}, {440.0, 549.0}}
    t =   256.92s Find the Target Application 'dev.meeterm.app'
    t =   256.95s Checking existence of `Keyboard (First Match)`
    t =   256.97s Find the Keyboard (First Match)
    t =   257.00s Find the Keyboard at {{0.0, 653.0}, {440.0, 245.0}}
    t =   257.03s Find the "ssh-private-key" TextView
    t =   257.33s Checking existence of `"ssh-private-key" TextView`
    t =   257.38s Find the "ssh-private-key" TextView
    t =   257.43s Find the "ssh-private-key" TextView
    t =   257.47s Find the "ssh-private-key" TextView
    t =   257.53s Checking existence of `ScrollView at {{0.0, 122.0}, {440.0, 549.0}}`
    t =   257.64s Find the ScrollView at {{0.0, 122.0}, {440.0, 549.0}}
    t =   257.75s Checking existence of `Keyboard (First Match)`
    t =   257.77s Find the Keyboard (First Match)
    t =   257.79s Find the Target Application 'dev.meeterm.app'
    t =   257.83s Checking existence of `ScrollView at {{0.0, 122.0}, {440.0, 549.0}}`
    t =   257.94s Find the Target Application 'dev.meeterm.app'
    t =   257.97s Checking existence of `ScrollView at {{0.0, 122.0}, {440.0, 549.0}}`
    t =   258.07s Find the ScrollView at {{0.0, 122.0}, {440.0, 549.0}}
    t =   258.18s Find the Target Application 'dev.meeterm.app'
    t =   258.21s Checking existence of `Keyboard (First Match)`
    t =   258.24s Find the Keyboard (First Match)
    t =   258.27s Find the Keyboard at {{0.0, 653.0}, {440.0, 245.0}}
    t =   258.30s Checking existence of `"ssh-private-key" TextView`
    t =   258.35s Find the "ssh-private-key" TextView
    t =   258.39s Press Target Application 'dev.meeterm.app'[0.00, 0.00] -> (8.0, 277.4) for 0.1 seconds, then drag to Target Application 'dev.meeterm.app'[0.00, 0.00] -> (8.0, 497.6) with velocity of 250.00 pixels per second, and then hold for 0.2 seconds 
    t =   258.39s     Wait for dev.meeterm.app to idle
    t =   258.40s     Find the Target Application 'dev.meeterm.app'
    t =   258.43s     Check for interrupting elements affecting "meeterm" Application
    t =   258.46s     Synthesize event
    t =   258.47s         Find the Target Application 'dev.meeterm.app'
    t =   258.49s         Find the Target Application 'dev.meeterm.app'
    t =   258.52s         Find the Target Application 'dev.meeterm.app'
    t =   258.55s         Find the Target Application 'dev.meeterm.app'
    t =   258.58s         Find the Target Application 'dev.meeterm.app'
    t =   260.01s     Wait for dev.meeterm.app to idle
    t =   260.27s Checking existence of `"ssh-private-key" TextView`
    t =   260.31s Find the "ssh-private-key" TextView
    t =   260.36s Find the "ssh-private-key" TextView
    t =   260.41s Find the "ssh-private-key" TextView
    t =   260.46s Checking existence of `ScrollView at {{0.0, 122.0}, {440.0, 549.0}}`
    t =   260.57s Find the ScrollView at {{0.0, 122.0}, {440.0, 549.0}}
    t =   260.68s Checking existence of `Keyboard (First Match)`
    t =   260.70s Find the Keyboard (First Match)
    t =   260.73s Find the Target Application 'dev.meeterm.app'
    t =   260.75s Checking existence of `"ssh-private-key" TextView`
    t =   260.80s Find the "ssh-private-key" TextView
    t =   260.85s Find the "ssh-private-key" TextView
    t =   260.91s Checking existence of `"ssh-private-key" TextView`
    t =   260.96s Checking existence of `ScrollView at {{0.0, 122.0}, {440.0, 549.0}}`
    t =   261.08s Find the ScrollView at {{0.0, 122.0}, {440.0, 549.0}}
    t =   261.19s Find the Target Application 'dev.meeterm.app'
    t =   261.22s Checking existence of `Keyboard (First Match)`
    t =   261.24s Find the Keyboard (First Match)
    t =   261.27s Find the Keyboard at {{0.0, 653.0}, {440.0, 245.0}}
    t =   261.30s Find the "ssh-private-key" TextView
    t =   261.34s Checking existence of `"Private OpenSSH key" TextField`
    t =   261.38s Checking existence of `"Private OpenSSH key" TextView`
    t =   261.43s Find the "Private OpenSSH key" TextView
    t =   261.48s Find the "ssh-private-key" TextView
    t =   261.54s Find the "ssh-private-key" TextView
    t =   261.59s Find the "ssh-private-key" TextView
    t =   261.65s Find the "ssh-private-key" TextView
    t =   261.70s Find the "ssh-private-key" TextView
    t =   261.76s Find the "ssh-private-key" TextView
    t =   261.81s Find the "ssh-private-key" TextView
    t =   261.87s Waiting 15.0s for "ssh-private-key" TextView to exist
    t =   262.92s     Checking `Expect predicate `existsNoRetry == 1` for object "ssh-private-key" TextView`
    t =   262.92s         Checking existence of `"ssh-private-key" TextView`
    t =   262.96s Tap "ssh-private-key" TextView
    t =   262.96s     Wait for dev.meeterm.app to idle
    t =   262.96s     Find the "ssh-private-key" TextView
    t =   263.01s     Check for interrupting elements affecting "ssh-private-key" TextView
    t =   263.05s     Synthesize event
    t =   263.35s     Wait for dev.meeterm.app to idle
    t =   263.78s Type '-----BEGIN OPENSSH...' into "ssh-private-key" TextView
    t =   263.78s     Wait for dev.meeterm.app to idle
    t =   263.78s     Find the "ssh-private-key" TextView
    t =   263.84s     Check for interrupting elements affecting "ssh-private-key" TextView
    t =   263.88s     Synthesize event
    t =   264.67s     Wait for dev.meeterm.app to idle
    t =   264.68s Checking existence of `"return" Key`
    t =   264.72s Type '
' into "ssh-private-key" TextView
    t =   264.72s     Wait for dev.meeterm.app to idle
    t =   264.72s     Find the "ssh-private-key" TextView
    t =   264.77s     Check for interrupting elements affecting "ssh-private-key" TextView
    t =   264.81s     Synthesize event
    t =   265.02s     Wait for dev.meeterm.app to idle
    t =   265.03s Type 'b3BlbnNzaC1rZXktdj...' into "ssh-private-key" TextView
    t =   265.03s     Wait for dev.meeterm.app to idle
    t =   265.03s     Find the "ssh-private-key" TextView
    t =   265.08s     Check for interrupting elements affecting "ssh-private-key" TextView
    t =   265.12s     Synthesize event
    t =   266.50s     Wait for dev.meeterm.app to idle
    t =   266.51s Checking existence of `"return" Key`
    t =   266.55s Type '
' into "ssh-private-key" TextView
    t =   266.55s     Wait for dev.meeterm.app to idle
    t =   266.55s     Find the "ssh-private-key" TextView
    t =   266.60s     Check for interrupting elements affecting "ssh-private-key" TextView
    t =   266.64s     Synthesize event
    t =   266.86s     Wait for dev.meeterm.app to idle
    t =   266.87s Type 'QyNTUxOQAAACCWO/Vn...' into "ssh-private-key" TextView
    t =   266.87s     Wait for dev.meeterm.app to idle
    t =   266.87s     Find the "ssh-private-key" TextView
    t =   266.91s     Check for interrupting elements affecting "ssh-private-key" TextView
    t =   266.95s     Synthesize event
    t =   268.32s     Wait for dev.meeterm.app to idle
    t =   268.33s Checking existence of `"return" Key`
    t =   268.37s Type '
' into "ssh-private-key" TextView
    t =   268.37s     Wait for dev.meeterm.app to idle
    t =   268.37s     Find the "ssh-private-key" TextView
    t =   268.42s     Check for interrupting elements affecting "ssh-private-key" TextView
    t =   268.46s     Synthesize event
    t =   268.69s     Wait for dev.meeterm.app to idle
    t =   268.69s Type '5gAAAAtzc2gtZWQyNT...' into "ssh-private-key" TextView
    t =   268.69s     Wait for dev.meeterm.app to idle
    t =   268.69s     Find the "ssh-private-key" TextView
    t =   268.74s     Check for interrupting elements affecting "ssh-private-key" TextView
    t =   268.78s     Synthesize event
    t =   270.16s     Wait for dev.meeterm.app to idle
    t =   270.16s Checking existence of `"return" Key`
    t =   270.20s Type '
' into "ssh-private-key" TextView
    t =   270.20s     Wait for dev.meeterm.app to idle
    t =   270.20s     Find the "ssh-private-key" TextView
    t =   270.25s     Check for interrupting elements affecting "ssh-private-key" TextView
    t =   270.29s     Synthesize event
    t =   270.51s     Wait for dev.meeterm.app to idle
    t =   270.52s Type 'AAAECDEkL4lopbp2zQ...' into "ssh-private-key" TextView
    t =   270.52s     Wait for dev.meeterm.app to idle
    t =   270.52s     Find the "ssh-private-key" TextView
    t =   270.57s     Check for interrupting elements affecting "ssh-private-key" TextView
    t =   270.60s     Synthesize event
    t =   271.98s     Wait for dev.meeterm.app to idle
    t =   271.99s Checking existence of `"return" Key`
    t =   272.04s Type '
' into "ssh-private-key" TextView
    t =   272.04s     Wait for dev.meeterm.app to idle
    t =   272.04s     Find the "ssh-private-key" TextView
    t =   272.09s     Check for interrupting elements affecting "ssh-private-key" TextView
    t =   272.12s     Synthesize event
    t =   272.36s     Wait for dev.meeterm.app to idle
    t =   272.36s Type 'GO5sB/Oi/K6lPZcL6e...' into "ssh-private-key" TextView
    t =   272.36s     Wait for dev.meeterm.app to idle
    t =   272.36s     Find the "ssh-private-key" TextView
    t =   272.41s     Check for interrupting elements affecting "ssh-private-key" TextView
    t =   272.45s     Synthesize event
    t =   273.58s     Wait for dev.meeterm.app to idle
    t =   273.59s Checking existence of `"return" Key`
    t =   273.63s Type '
' into "ssh-private-key" TextView
    t =   273.63s     Wait for dev.meeterm.app to idle
    t =   273.64s     Find the "ssh-private-key" TextView
    t =   273.68s     Check for interrupting elements affecting "ssh-private-key" TextView
    t =   273.73s     Synthesize event
    t =   273.97s     Wait for dev.meeterm.app to idle
    t =   273.97s Type '-----END OPENSSH P...' into "ssh-private-key" TextView
    t =   273.97s     Wait for dev.meeterm.app to idle
    t =   273.97s     Find the "ssh-private-key" TextView
    t =   274.02s     Check for interrupting elements affecting "ssh-private-key" TextView
    t =   274.06s     Synthesize event
    t =   274.82s     Wait for dev.meeterm.app to idle
    t =   274.82s Checking existence of `"return" Key`
    t =   274.87s Type '
' into "ssh-private-key" TextView
    t =   274.87s     Wait for dev.meeterm.app to idle
    t =   274.87s     Find the "ssh-private-key" TextView
    t =   274.91s     Check for interrupting elements affecting "ssh-private-key" TextView
    t =   274.95s     Synthesize event
    t =   275.18s     Wait for dev.meeterm.app to idle
    t =   275.19s Checking existence of `"save-credentials" Switch`
    t =   275.23s Find the "save-credentials" Switch
    t =   275.28s Find the "save-credentials" Switch
    t =   275.59s Checking existence of `"save-credentials" Switch`
    t =   275.64s Find the "save-credentials" Switch
    t =   275.68s Find the "save-credentials" Switch
    t =   275.98s Checking existence of `"save-credentials" Switch`
    t =   276.03s Find the "save-credentials" Switch
    t =   276.07s Find the "save-credentials" Switch
    t =   276.37s Checking existence of `"save-credentials" Switch`
    t =   276.42s Find the "save-credentials" Switch
    t =   276.47s Find the "save-credentials" Switch
    t =   276.51s Find the "save-credentials" Switch
    t =   276.56s Checking existence of `ScrollView (First Match)`
    t =   276.66s Find the ScrollView (First Match)
    t =   276.77s Checking existence of `Keyboard (First Match)`
    t =   276.79s Find the Keyboard (First Match)
    t =   276.82s Find the Target Application 'dev.meeterm.app'
    t =   276.85s Checking existence of `ScrollView at {{0.0, 122.0}, {440.0, 549.0}}`
    t =   276.96s Find the Target Application 'dev.meeterm.app'
    t =   276.99s Checking existence of `ScrollView at {{0.0, 122.0}, {440.0, 549.0}}`
    t =   277.09s Find the ScrollView at {{0.0, 122.0}, {440.0, 549.0}}
    t =   277.20s Find the Target Application 'dev.meeterm.app'
    t =   277.23s Checking existence of `Keyboard (First Match)`
    t =   277.25s Find the Keyboard (First Match)
    t =   277.28s Find the Keyboard at {{0.0, 653.0}, {440.0, 245.0}}
    t =   277.30s Checking existence of `"save-credentials" Switch`
    t =   277.34s Find the "save-credentials" Switch
    t =   277.38s Press Target Application 'dev.meeterm.app'[0.00, 0.00] -> (8.0, 520.2) for 0.1 seconds, then drag to Target Application 'dev.meeterm.app'[0.00, 0.00] -> (8.0, 254.8) with velocity of 250.00 pixels per second, and then hold for 0.2 seconds 
    t =   277.38s     Wait for dev.meeterm.app to idle
    t =   277.39s     Find the Target Application 'dev.meeterm.app'
    t =   277.41s     Check for interrupting elements affecting "meeterm" Application
    t =   277.45s     Synthesize event
    t =   277.46s         Find the Target Application 'dev.meeterm.app'
    t =   277.48s         Find the Target Application 'dev.meeterm.app'
    t =   277.51s         Find the Target Application 'dev.meeterm.app'
    t =   277.53s         Find the Target Application 'dev.meeterm.app'
    t =   277.56s         Find the Target Application 'dev.meeterm.app'
    t =   279.15s     Wait for dev.meeterm.app to idle
    t =   279.70s Checking existence of `"save-credentials" Switch`
    t =   279.74s Find the "save-credentials" Switch
    t =   279.79s Find the "save-credentials" Switch
    t =   279.83s Find the "save-credentials" Switch
    t =   279.89s Checking existence of `ScrollView at {{0.0, 122.0}, {440.0, 549.0}}`
    t =   279.99s Find the ScrollView at {{0.0, 122.0}, {440.0, 549.0}}
    t =   280.09s Checking existence of `Keyboard (First Match)`
    t =   280.10s Find the Keyboard (First Match)
    t =   280.13s Find the Target Application 'dev.meeterm.app'
    t =   280.16s Checking existence of `"save-credentials" Switch`
    t =   280.20s Find the "save-credentials" Switch
    t =   280.24s Find the "save-credentials" Switch
    t =   280.29s Checking existence of `"save-credentials" Switch`
    t =   280.34s Checking existence of `ScrollView at {{0.0, 122.0}, {440.0, 549.0}}`
    t =   280.44s Find the ScrollView at {{0.0, 122.0}, {440.0, 549.0}}
    t =   280.55s Find the Target Application 'dev.meeterm.app'
    t =   280.58s Checking existence of `Keyboard (First Match)`
    t =   280.60s Find the Keyboard (First Match)
    t =   280.63s Find the Keyboard at {{0.0, 653.0}, {440.0, 245.0}}
    t =   280.66s Find the "save-credentials" Switch
    t =   280.71s Find the "save-credentials" Switch
    t =   280.75s Tap "save-credentials" Switch
    t =   280.75s     Wait for dev.meeterm.app to idle
    t =   280.75s     Find the "save-credentials" Switch
    t =   280.80s     Check for interrupting elements affecting "save-credentials" Switch
    t =   280.83s     Synthesize event
    t =   281.14s     Wait for dev.meeterm.app to idle
    t =   282.37s Find the "save-credentials" Switch
    t =   282.42s Checking existence of `"ssh-submit" Button`
    t =   282.46s Find the "ssh-submit" Button
    t =   282.52s Tap "ssh-submit" Button
    t =   282.52s     Wait for dev.meeterm.app to idle
    t =   282.53s     Find the "ssh-submit" Button
    t =   282.57s     Check for interrupting elements affecting "ssh-submit" Button
    t =   282.61s     Synthesize event
    t =   282.91s     Wait for dev.meeterm.app to idle
    t =   283.26s Checking existence of `"ssh-submit" Button`
    t =   283.28s Get number of matches for: Elements matching predicate 'identifier == "Close sheet" OR label == "Close sheet"'
    t =   283.31s Get number of matches for: Elements matching predicate 'identifier == "Close sheet" OR label == "Close sheet"'
    t =   283.33s Checking existence of `Button (Element at index 0)`
    t =   283.36s Find the Button (Element at index 0)
    t =   283.40s Waiting 15.0s for "Close sheet" Button to exist
    t =   284.44s     Checking `Expect predicate `existsNoRetry == 1` for object "Close sheet" Button`
    t =   284.44s         Checking existence of `"Close sheet" Button`
    t =   284.46s Checking existence of `"Close sheet" Button`
    t =   284.49s Find the "Close sheet" Button
    t =   284.52s Tap "Close sheet" Button
    t =   284.52s     Wait for dev.meeterm.app to idle
    t =   284.52s     Find the "Close sheet" Button
    t =   284.54s     Check for interrupting elements affecting "Close sheet" Button
    t =   284.57s     Synthesize event
    t =   284.87s     Wait for dev.meeterm.app to idle
    t =   285.19s Get number of matches for: Elements matching predicate 'identifier BEGINSWITH "Switch server and session" OR label BEGINSWITH "Switch server and session"'
    t =   285.21s Get number of matches for: Elements matching predicate 'identifier BEGINSWITH "Switch server and session" OR label BEGINSWITH "Switch server and session"'
    t =   285.23s Checking existence of `Button (Element at index 0)`
    t =   285.25s Find the Button (Element at index 0)
    t =   285.28s Waiting 20.0s for "open-session-switcher" Button to exist
    t =   286.32s     Checking `Expect predicate `existsNoRetry == 1` for object "open-session-switcher" Button`
    t =   286.32s         Checking existence of `"open-session-switcher" Button`
    t =   286.34s Get number of matches for: Elements matching predicate 'identifier == "Close session switcher" OR label == "Close session switcher"'
    t =   286.36s Waiting 3.0s for "Close session switcher" Any to exist
    t =   287.37s     Checking `Expect predicate `existsNoRetry == 1` for object "Close session switcher" Any`
    t =   287.37s         Checking existence of `"Close session switcher" Any`
    t =   287.40s         Capturing element debug description
    t =   288.42s     Checking `Expect predicate `existsNoRetry == 1` for object "Close session switcher" Any`
    t =   288.42s         Checking existence of `"Close session switcher" Any`
    t =   288.45s         Capturing element debug description
    t =   289.37s     Checking `Expect predicate `existsNoRetry == 1` for object "Close session switcher" Any`
    t =   289.37s         Checking existence of `"Close session switcher" Any`
    t =   289.39s         Capturing element debug description
    t =   289.39s     Checking existence of `"Close session switcher" Any`
    t =   289.41s Collecting debug information to assist test failure triage
    t =   289.41s     Requesting snapshot of accessibility hierarchy for app with pid 54452
    t =   289.43s Get number of matches for: Elements matching predicate 'identifier BEGINSWITH "Switch server and session" OR label BEGINSWITH "Switch server and session"'
    t =   289.44s Get number of matches for: Elements matching predicate 'identifier BEGINSWITH "Switch server and session" OR label BEGINSWITH "Switch server and session"'
    t =   289.46s Checking existence of `Button (Element at index 0)`
    t =   289.47s Find the Button (Element at index 0)
    t =   289.50s Waiting 8.0s for "open-session-switcher" Button to exist
    t =   290.54s     Checking `Expect predicate `existsNoRetry == 1` for object "open-session-switcher" Button`
    t =   290.54s         Checking existence of `"open-session-switcher" Button`
    t =   290.56s Waiting 15.0s for "open-session-switcher" Button to exist
    t =   291.61s     Checking `Expect predicate `existsNoRetry == 1` for object "open-session-switcher" Button`
    t =   291.61s         Checking existence of `"open-session-switcher" Button`
    t =   291.63s Checking existence of `"open-session-switcher" Button`
    t =   291.64s Find the "open-session-switcher" Button
    t =   291.67s Tap "open-session-switcher" Button
    t =   291.67s     Wait for dev.meeterm.app to idle
    t =   291.67s     Find the "open-session-switcher" Button
    t =   291.69s     Check for interrupting elements affecting "open-session-switcher" Button
    t =   291.71s     Synthesize event
    t =   292.01s     Wait for dev.meeterm.app to idle
    t =   292.35s Get number of matches for: Elements matching predicate 'identifier == "Close session switcher" OR label == "Close session switcher"'
    t =   292.39s Get number of matches for: Elements matching predicate 'identifier == "Close session switcher" OR label == "Close session switcher"'
    t =   292.42s Checking existence of `Button (Element at index 0)`
    t =   292.44s Find the Button (Element at index 0)
    t =   292.48s Waiting 20.0s for "Close session switcher" Button to exist
    t =   293.54s     Checking `Expect predicate `existsNoRetry == 1` for object "Close session switcher" Button`
    t =   293.54s         Checking existence of `"Close session switcher" Button`
    t =   293.67s Waiting 20.0s for Button (First Match) to exist
    t =   294.71s     Checking `Expect predicate `existsNoRetry == 1` for object Button (First Match)`
    t =   294.71s         Checking existence of `Button (First Match)`
    t =   294.79s Waiting 60.0s for Button (First Match) to exist
    t =   295.81s     Checking `Expect predicate `existsNoRetry == 1` for object Button (First Match)`
    t =   295.81s         Checking existence of `Button (First Match)`
    t =   295.86s Checking existence of `Button (First Match)`
    t =   295.91s Find the Button (First Match)
    t =   297.03s Find the "runtime-row-tmux-runtime-3-1-tmux-0" Button
    t =   297.08s Tap "runtime-row-tmux-runtime-3-1-tmux-0" Button
    t =   297.08s     Wait for dev.meeterm.app to idle
    t =   297.09s     Find the "runtime-row-tmux-runtime-3-1-tmux-0" Button
    t =   297.13s     Check for interrupting elements affecting "runtime-row-tmux-runtime-3-1-tmux-0" Button
    t =   297.16s     Synthesize event
    t =   297.46s     Wait for dev.meeterm.app to idle
    t =   298.59s Get number of matches for: Elements matching predicate 'identifier == "Close session switcher" OR label == "Close session switcher"'
    t =   298.61s Checking existence of `"Close session switcher" Any`
    t =   298.62s Get all elements bound by index for: Elements matching predicate 'identifier == "Terminal" OR label == "Terminal" OR label == "Terminal, cached output, read only"'
    t =   298.89s Get all elements bound by index for: Elements matching predicate 'identifier == "Terminal" OR label == "Terminal" OR label == "Terminal, cached output, read only"'
    t =   299.17s Get all elements bound by index for: Elements matching predicate 'identifier == "Terminal" OR label == "Terminal" OR label == "Terminal, cached output, read only"'
    t =   299.45s Get all elements bound by index for: Elements matching predicate 'identifier == "Terminal" OR label == "Terminal" OR label == "Terminal, cached output, read only"'
    t =   299.75s Get all elements bound by index for: Elements matching predicate 'identifier == "Terminal" OR label == "Terminal" OR label == "Terminal, cached output, read only"'
    t =   300.04s Get all elements bound by index for: Elements matching predicate 'identifier == "Terminal" OR label == "Terminal" OR label == "Terminal, cached output, read only"'
    t =   300.32s Get all elements bound by index for: Elements matching predicate 'identifier == "Terminal" OR label == "Terminal" OR label == "Terminal, cached output, read only"'
    t =   300.58s Get all elements bound by index for: Elements matching predicate 'identifier == "Terminal" OR label == "Terminal" OR label == "Terminal, cached output, read only"'
    t =   300.86s Get all elements bound by index for: Elements matching predicate 'identifier == "Terminal" OR label == "Terminal" OR label == "Terminal, cached output, read only"'
    t =   301.16s Get all elements bound by index for: Elements matching predicate 'identifier == "Terminal" OR label == "Terminal" OR label == "Terminal, cached output, read only"'
    t =   301.45s Get all elements bound by index for: Elements matching predicate 'identifier == "Terminal" OR label == "Terminal" OR label == "Terminal, cached output, read only"'
    t =   301.72s Get all elements bound by index for: Elements matching predicate 'identifier == "Terminal" OR label == "Terminal" OR label == "Terminal, cached output, read only"'
    t =   302.01s Get all elements bound by index for: Elements matching predicate 'identifier == "Terminal" OR label == "Terminal" OR label == "Terminal, cached output, read only"'
    t =   302.29s Get all elements bound by index for: Elements matching predicate 'identifier == "Terminal" OR label == "Terminal" OR label == "Terminal, cached output, read only"'
    t =   302.59s Get all elements bound by index for: Elements matching predicate 'identifier == "Terminal" OR label == "Terminal" OR label == "Terminal, cached output, read only"'
    t =   302.86s Get all elements bound by index for: Elements matching predicate 'identifier == "Terminal" OR label == "Terminal" OR label == "Terminal, cached output, read only"'
    t =   303.14s Get all elements bound by index for: Elements matching predicate 'identifier == "Terminal" OR label == "Terminal" OR label == "Terminal, cached output, read only"'
    t =   303.42s Get all elements bound by index for: Elements matching predicate 'identifier == "Terminal" OR label == "Terminal" OR label == "Terminal, cached output, read only"'
    t =   303.71s Get all elements bound by index for: Elements matching predicate 'identifier == "Terminal" OR label == "Terminal" OR label == "Terminal, cached output, read only"'
    t =   303.99s Get all elements bound by index for: Elements matching predicate 'identifier == "Terminal" OR label == "Terminal" OR label == "Terminal, cached output, read only"'
    t =   304.26s Get all elements bound by index for: Elements matching predicate 'identifier == "Terminal" OR label == "Terminal" OR label == "Terminal, cached output, read only"'
    t =   304.55s Get all elements bound by index for: Elements matching predicate 'identifier == "Terminal" OR label == "Terminal" OR label == "Terminal, cached output, read only"'
    t =   304.84s Get all elements bound by index for: Elements matching predicate 'identifier == "Terminal" OR label == "Terminal" OR label == "Terminal, cached output, read only"'
    t =   305.12s Get all elements bound by index for: Elements matching predicate 'identifier == "Terminal" OR label == "Terminal" OR label == "Terminal, cached output, read only"'
    t =   305.40s Get all elements bound by index for: Elements matching predicate 'identifier == "Terminal" OR label == "Terminal" OR label == "Terminal, cached output, read only"'
    t =   305.68s Get all elements bound by index for: Elements matching predicate 'identifier == "Terminal" OR label == "Terminal" OR label == "Terminal, cached output, read only"'
    t =   305.95s Get all elements bound by index for: Elements matching predicate 'identifier == "Terminal" OR label == "Terminal" OR label == "Terminal, cached output, read only"'
    t =   306.24s Get all elements bound by index for: Elements matching predicate 'identifier == "Terminal" OR label == "Terminal" OR label == "Terminal, cached output, read only"'
    t =   306.51s Get all elements bound by index for: Elements matching predicate 'identifier == "Terminal" OR label == "Terminal" OR label == "Terminal, cached output, read only"'
    t =   306.79s Get all elements bound by index for: Elements matching predicate 'identifier == "Terminal" OR label == "Terminal" OR label == "Terminal, cached output, read only"'
    t =   307.06s Get all elements bound by index for: Elements matching predicate 'identifier == "Terminal" OR label == "Terminal" OR label == "Terminal, cached output, read only"'
    t =   307.35s Get all elements bound by index for: Elements matching predicate 'identifier == "Terminal" OR label == "Terminal" OR label == "Terminal, cached output, read only"'
    t =   307.63s Get all elements bound by index for: Elements matching predicate 'identifier == "Terminal" OR label == "Terminal" OR label == "Terminal, cached output, read only"'
    t =   307.90s Get all elements bound by index for: Elements matching predicate 'identifier == "Terminal" OR label == "Terminal" OR label == "Terminal, cached output, read only"'
    t =   308.17s Get all elements bound by index for: Elements matching predicate 'identifier == "Terminal" OR label == "Terminal" OR label == "Terminal, cached output, read only"'
    t =   308.47s Get all elements bound by index for: Elements matching predicate 'identifier == "Terminal" OR label == "Terminal" OR label == "Terminal, cached output, read only"'
    t =   308.75s Get all elements bound by index for: Elements matching predicate 'identifier == "Terminal" OR label == "Terminal" OR label == "Terminal, cached output, read only"'
    t =   309.02s Get all elements bound by index for: Elements matching predicate 'identifier == "Terminal" OR label == "Terminal" OR label == "Terminal, cached output, read only"'
    t =   309.29s Get all elements bound by index for: Elements matching predicate 'identifier == "Terminal" OR label == "Terminal" OR label == "Terminal, cached output, read only"'
    t =   309.58s Get all elements bound by index for: Elements matching predicate 'identifier == "Terminal" OR label == "Terminal" OR label == "Terminal, cached output, read only"'
    t =   309.89s Get all elements bound by index for: Elements matching predicate 'identifier == "Terminal" OR label == "Terminal" OR label == "Terminal, cached output, read only"'
    t =   310.16s Get all elements bound by index for: Elements matching predicate 'identifier == "Terminal" OR label == "Terminal" OR label == "Terminal, cached output, read only"'
    t =   310.44s Get all elements bound by index for: Elements matching predicate 'identifier == "Terminal" OR label == "Terminal" OR label == "Terminal, cached output, read only"'
    t =   310.72s Get all elements bound by index for: Elements matching predicate 'identifier == "Terminal" OR label == "Terminal" OR label == "Terminal, cached output, read only"'
    t =   311.01s Get all elements bound by index for: Elements matching predicate 'identifier == "Terminal" OR label == "Terminal" OR label == "Terminal, cached output, read only"'
    t =   311.30s Get all elements bound by index for: Elements matching predicate 'identifier == "Terminal" OR label == "Terminal" OR label == "Terminal, cached output, read only"'
    t =   311.57s Get all elements bound by index for: Elements matching predicate 'identifier == "Terminal" OR label == "Terminal" OR label == "Terminal, cached output, read only"'
    t =   311.85s Get all elements bound by index for: Elements matching predicate 'identifier == "Terminal" OR label == "Terminal" OR label == "Terminal, cached output, read only"'
    t =   312.14s Get all elements bound by index for: Elements matching predicate 'identifier == "Terminal" OR label == "Terminal" OR label == "Terminal, cached output, read only"'
    t =   312.42s Get all elements bound by index for: Elements matching predicate 'identifier == "Terminal" OR label == "Terminal" OR label == "Terminal, cached output, read only"'
    t =   312.70s Get all elements bound by index for: Elements matching predicate 'identifier == "Terminal" OR label == "Terminal" OR label == "Terminal, cached output, read only"'
    t =   312.97s Get all elements bound by index for: Elements matching predicate 'identifier == "Terminal" OR label == "Terminal" OR label == "Terminal, cached output, read only"'
    t =   313.25s Get all elements bound by index for: Elements matching predicate 'identifier == "Terminal" OR label == "Terminal" OR label == "Terminal, cached output, read only"'
    t =   313.54s Get all elements bound by index for: Elements matching predicate 'identifier == "Terminal" OR label == "Terminal" OR label == "Terminal, cached output, read only"'
    t =   313.80s Get all elements bound by index for: Elements matching predicate 'identifier == "Terminal" OR label == "Terminal" OR label == "Terminal, cached output, read only"'
    t =   314.08s Get all elements bound by index for: Elements matching predicate 'identifier == "Terminal" OR label == "Terminal" OR label == "Terminal, cached output, read only"'
    t =   314.34s Get all elements bound by index for: Elements matching predicate 'identifier == "Terminal" OR label == "Terminal" OR label == "Terminal, cached output, read only"'
    t =   314.62s Get all elements bound by index for: Elements matching predicate 'identifier == "Terminal" OR label == "Terminal" OR label == "Terminal, cached output, read only"'
    t =   314.88s Get all elements bound by index for: Elements matching predicate 'identifier == "Terminal" OR label == "Terminal" OR label == "Terminal, cached output, read only"'
    t =   315.15s Get all elements bound by index for: Elements matching predicate 'identifier == "Terminal" OR label == "Terminal" OR label == "Terminal, cached output, read only"'
    t =   315.45s Get all elements bound by index for: Elements matching predicate 'identifier == "Terminal" OR label == "Terminal" OR label == "Terminal, cached output, read only"'
    t =   315.75s Get all elements bound by index for: Elements matching predicate 'identifier == "Terminal" OR label == "Terminal" OR label == "Terminal, cached output, read only"'
    t =   316.04s Get all elements bound by index for: Elements matching predicate 'identifier == "Terminal" OR label == "Terminal" OR label == "Terminal, cached output, read only"'
    t =   316.31s Get all elements bound by index for: Elements matching predicate 'identifier == "Terminal" OR label == "Terminal" OR label == "Terminal, cached output, read only"'
    t =   316.59s Get all elements bound by index for: Elements matching predicate 'identifier == "Terminal" OR label == "Terminal" OR label == "Terminal, cached output, read only"'
    t =   316.87s Get all elements bound by index for: Elements matching predicate 'identifier == "Terminal" OR label == "Terminal" OR label == "Terminal, cached output, read only"'
    t =   317.17s Get all elements bound by index for: Elements matching predicate 'identifier == "Terminal" OR label == "Terminal" OR label == "Terminal, cached output, read only"'
    t =   317.44s Get all elements bound by index for: Elements matching predicate 'identifier == "Terminal" OR label == "Terminal" OR label == "Terminal, cached output, read only"'
    t =   317.72s Get all elements bound by index for: Elements matching predicate 'identifier == "Terminal" OR label == "Terminal" OR label == "Terminal, cached output, read only"'
    t =   318.01s Get all elements bound by index for: Elements matching predicate 'identifier == "Terminal" OR label == "Terminal" OR label == "Terminal, cached output, read only"'
    t =   318.31s Get all elements bound by index for: Elements matching predicate 'identifier == "Terminal" OR label == "Terminal" OR label == "Terminal, cached output, read only"'
    t =   318.58s Get all elements bound by index for: Elements matching predicate 'identifier == "Terminal" OR label == "Terminal" OR label == "Terminal, cached output, read only"'
    t =   318.85s Get all elements bound by index for: Elements matching predicate 'identifier == "Terminal" OR label == "Terminal" OR label == "Terminal, cached output, read only"'
    t =   319.13s Get all elements bound by index for: Elements matching predicate 'identifier == "Terminal" OR label == "Terminal" OR label == "Terminal, cached output, read only"'
    t =   319.40s Get all elements bound by index for: Elements matching predicate 'identifier == "Terminal" OR label == "Terminal" OR label == "Terminal, cached output, read only"'
    t =   319.68s Get all elements bound by index for: Elements matching predicate 'identifier == "Terminal" OR label == "Terminal" OR label == "Terminal, cached output, read only"'
    t =   319.95s Get all elements bound by index for: Elements matching predicate 'identifier == "Terminal" OR label == "Terminal" OR label == "Terminal, cached output, read only"'
    t =   320.22s Get all elements bound by index for: Elements matching predicate 'identifier == "Terminal" OR label == "Terminal" OR label == "Terminal, cached output, read only"'
    t =   320.50s Get all elements bound by index for: Elements matching predicate 'identifier == "Terminal" OR label == "Terminal" OR label == "Terminal, cached output, read only"'
    t =   320.78s Get all elements bound by index for: Elements matching predicate 'identifier == "Terminal" OR label == "Terminal" OR label == "Terminal, cached output, read only"'
    t =   321.04s Get all elements bound by index for: Elements matching predicate 'identifier == "Terminal" OR label == "Terminal" OR label == "Terminal, cached output, read only"'
    t =   321.32s Get all elements bound by index for: Elements matching predicate 'identifier == "Terminal" OR label == "Terminal" OR label == "Terminal, cached output, read only"'
    t =   321.60s Get all elements bound by index for: Elements matching predicate 'identifier == "Terminal" OR label == "Terminal" OR label == "Terminal, cached output, read only"'
    t =   321.88s Get all elements bound by index for: Elements matching predicate 'identifier == "Terminal" OR label == "Terminal" OR label == "Terminal, cached output, read only"'
    t =   322.16s Get all elements bound by index for: Elements matching predicate 'identifier == "Terminal" OR label == "Terminal" OR label == "Terminal, cached output, read only"'
    t =   322.42s Get all elements bound by index for: Elements matching predicate 'identifier == "Terminal" OR label == "Terminal" OR label == "Terminal, cached output, read only"'
    t =   322.70s Get all elements bound by index for: Elements matching predicate 'identifier == "Terminal" OR label == "Terminal" OR label == "Terminal, cached output, read only"'
    t =   322.99s Get all elements bound by index for: Elements matching predicate 'identifier == "Terminal" OR label == "Terminal" OR label == "Terminal, cached output, read only"'
    t =   323.26s Get all elements bound by index for: Elements matching predicate 'identifier == "Terminal" OR label == "Terminal" OR label == "Terminal, cached output, read only"'
    t =   323.54s Get all elements bound by index for: Elements matching predicate 'identifier == "Terminal" OR label == "Terminal" OR label == "Terminal, cached output, read only"'
    t =   323.81s Get all elements bound by index for: Elements matching predicate 'identifier == "Terminal" OR label == "Terminal" OR label == "Terminal, cached output, read only"'
    t =   324.08s Get all elements bound by index for: Elements matching predicate 'identifier == "Terminal" OR label == "Terminal" OR label == "Terminal, cached output, read only"'
    t =   324.37s Get all elements bound by index for: Elements matching predicate 'identifier == "Terminal" OR label == "Terminal" OR label == "Terminal, cached output, read only"'
    t =   324.65s Get all elements bound by index for: Elements matching predicate 'identifier == "Terminal" OR label == "Terminal" OR label == "Terminal, cached output, read only"'
    t =   324.94s Get all elements bound by index for: Elements matching predicate 'identifier == "Terminal" OR label == "Terminal" OR label == "Terminal, cached output, read only"'
    t =   325.22s Get all elements bound by index for: Elements matching predicate 'identifier == "Terminal" OR label == "Terminal" OR label == "Terminal, cached output, read only"'
    t =   325.51s Get all elements bound by index for: Elements matching predicate 'identifier == "Terminal" OR label == "Terminal" OR label == "Terminal, cached output, read only"'
    t =   325.79s Get all elements bound by index for: Elements matching predicate 'identifier == "Terminal" OR label == "Terminal" OR label == "Terminal, cached output, read only"'
    t =   326.05s Get all elements bound by index for: Elements matching predicate 'identifier == "Terminal" OR label == "Terminal" OR label == "Terminal, cached output, read only"'
    t =   326.32s Get all elements bound by index for: Elements matching predicate 'identifier == "Terminal" OR label == "Terminal" OR label == "Terminal, cached output, read only"'
    t =   326.60s Get all elements bound by index for: Elements matching predicate 'identifier == "Terminal" OR label == "Terminal" OR label == "Terminal, cached output, read only"'
    t =   326.86s Get all elements bound by index for: Elements matching predicate 'identifier == "Terminal" OR label == "Terminal" OR label == "Terminal, cached output, read only"'
    t =   327.13s Get all elements bound by index for: Elements matching predicate 'identifier == "Terminal" OR label == "Terminal" OR label == "Terminal, cached output, read only"'
    t =   327.42s Get all elements bound by index for: Elements matching predicate 'identifier == "Terminal" OR label == "Terminal" OR label == "Terminal, cached output, read only"'
    t =   327.72s Get all elements bound by index for: Elements matching predicate 'identifier == "Terminal" OR label == "Terminal" OR label == "Terminal, cached output, read only"'
    t =   328.02s Get all elements bound by index for: Elements matching predicate 'identifier == "Terminal" OR label == "Terminal" OR label == "Terminal, cached output, read only"'
    t =   328.29s Get all elements bound by index for: Elements matching predicate 'identifier == "Terminal" OR label == "Terminal" OR label == "Terminal, cached output, read only"'
    t =   328.57s Get all elements bound by index for: Elements matching predicate 'identifier == "Terminal" OR label == "Terminal" OR label == "Terminal, cached output, read only"'
    t =   328.87s Get all elements bound by index for: Elements matching predicate 'identifier == "Terminal" OR label == "Terminal" OR label == "Terminal, cached output, read only"'
    t =   329.16s Get all elements bound by index for: Elements matching predicate 'identifier == "Terminal" OR label == "Terminal" OR label == "Terminal, cached output, read only"'
    t =   329.44s Get all elements bound by index for: Elements matching predicate 'identifier == "Terminal" OR label == "Terminal" OR label == "Terminal, cached output, read only"'
    t =   329.71s Get all elements bound by index for: Elements matching predicate 'identifier == "Terminal" OR label == "Terminal" OR label == "Terminal, cached output, read only"'
    t =   330.01s Get all elements bound by index for: Elements matching predicate 'identifier == "Terminal" OR label == "Terminal" OR label == "Terminal, cached output, read only"'
    t =   330.31s Get all elements bound by index for: Elements matching predicate 'identifier == "Terminal" OR label == "Terminal" OR label == "Terminal, cached output, read only"'
    t =   330.59s Get all elements bound by index for: Elements matching predicate 'identifier == "Terminal" OR label == "Terminal" OR label == "Terminal, cached output, read only"'
    t =   330.87s Get all elements bound by index for: Elements matching predicate 'identifier == "Terminal" OR label == "Terminal" OR label == "Terminal, cached output, read only"'
    t =   331.13s Get all elements bound by index for: Elements matching predicate 'identifier == "Terminal" OR label == "Terminal" OR label == "Terminal, cached output, read only"'
    t =   331.42s Get all elements bound by index for: Elements matching predicate 'identifier == "Terminal" OR label == "Terminal" OR label == "Terminal, cached output, read only"'
    t =   331.71s Get all elements bound by index for: Elements matching predicate 'identifier == "Terminal" OR label == "Terminal" OR label == "Terminal, cached output, read only"'
    t =   331.98s Get all elements bound by index for: Elements matching predicate 'identifier == "Terminal" OR label == "Terminal" OR label == "Terminal, cached output, read only"'
    t =   332.25s Get all elements bound by index for: Elements matching predicate 'identifier == "Terminal" OR label == "Terminal" OR label == "Terminal, cached output, read only"'
    t =   332.54s Get all elements bound by index for: Elements matching predicate 'identifier == "Terminal" OR label == "Terminal" OR label == "Terminal, cached output, read only"'
    t =   332.82s Get all elements bound by index for: Elements matching predicate 'identifier == "Terminal" OR label == "Terminal" OR label == "Terminal, cached output, read only"'
    t =   333.12s Get all elements bound by index for: Elements matching predicate 'identifier == "Terminal" OR label == "Terminal" OR label == "Terminal, cached output, read only"'
    t =   333.40s Get all elements bound by index for: Elements matching predicate 'identifier == "Terminal" OR label == "Terminal" OR label == "Terminal, cached output, read only"'
    t =   333.69s Get all elements bound by index for: Elements matching predicate 'identifier == "Terminal" OR label == "Terminal" OR label == "Terminal, cached output, read only"'
    t =   333.97s Get all elements bound by index for: Elements matching predicate 'identifier == "Terminal" OR label == "Terminal" OR label == "Terminal, cached output, read only"'
    t =   334.25s Get all elements bound by index for: Elements matching predicate 'identifier == "Terminal" OR label == "Terminal" OR label == "Terminal, cached output, read only"'
    t =   334.52s Get all elements bound by index for: Elements matching predicate 'identifier == "Terminal" OR label == "Terminal" OR label == "Terminal, cached output, read only"'
    t =   334.81s Get all elements bound by index for: Elements matching predicate 'identifier == "Terminal" OR label == "Terminal" OR label == "Terminal, cached output, read only"'
    t =   335.10s Get all elements bound by index for: Elements matching predicate 'identifier == "Terminal" OR label == "Terminal" OR label == "Terminal, cached output, read only"'
    t =   335.40s Get all elements bound by index for: Elements matching predicate 'identifier == "Terminal" OR label == "Terminal" OR label == "Terminal, cached output, read only"'
    t =   335.67s Get all elements bound by index for: Elements matching predicate 'identifier == "Terminal" OR label == "Terminal" OR label == "Terminal, cached output, read only"'
    t =   335.95s Get all elements bound by index for: Elements matching predicate 'identifier == "Terminal" OR label == "Terminal" OR label == "Terminal, cached output, read only"'
    t =   336.23s Get all elements bound by index for: Elements matching predicate 'identifier == "Terminal" OR label == "Terminal" OR label == "Terminal, cached output, read only"'
    t =   336.50s Get all elements bound by index for: Elements matching predicate 'identifier == "Terminal" OR label == "Terminal" OR label == "Terminal, cached output, read only"'
    t =   336.78s Get all elements bound by index for: Elements matching predicate 'identifier == "Terminal" OR label == "Terminal" OR label == "Terminal, cached output, read only"'
    t =   337.05s Get all elements bound by index for: Elements matching predicate 'identifier == "Terminal" OR label == "Terminal" OR label == "Terminal, cached output, read only"'
    t =   337.34s Get all elements bound by index for: Elements matching predicate 'identifier == "Terminal" OR label == "Terminal" OR label == "Terminal, cached output, read only"'
    t =   337.60s Get all elements bound by index for: Elements matching predicate 'identifier == "Terminal" OR label == "Terminal" OR label == "Terminal, cached output, read only"'
    t =   337.89s Get all elements bound by index for: Elements matching predicate 'identifier == "Terminal" OR label == "Terminal" OR label == "Terminal, cached output, read only"'
    t =   338.16s Get all elements bound by index for: Elements matching predicate 'identifier == "Terminal" OR label == "Terminal" OR label == "Terminal, cached output, read only"'
    t =   338.45s Get all elements bound by index for: Elements matching predicate 'identifier == "Terminal" OR label == "Terminal" OR label == "Terminal, cached output, read only"'
    t =   338.74s Get all elements bound by index for: Elements matching predicate 'identifier == "Terminal" OR label == "Terminal" OR label == "Terminal, cached output, read only"'
    t =   339.02s Get all elements bound by index for: Elements matching predicate 'identifier == "Terminal" OR label == "Terminal" OR label == "Terminal, cached output, read only"'
    t =   339.29s Get all elements bound by index for: Elements matching predicate 'identifier == "Terminal" OR label == "Terminal" OR label == "Terminal, cached output, read only"'
    t =   339.57s Get all elements bound by index for: Elements matching predicate 'identifier == "Terminal" OR label == "Terminal" OR label == "Terminal, cached output, read only"'
    t =   339.85s Get all elements bound by index for: Elements matching predicate 'identifier == "Terminal" OR label == "Terminal" OR label == "Terminal, cached output, read only"'
    t =   340.15s Get all elements bound by index for: Elements matching predicate 'identifier == "Terminal" OR label == "Terminal" OR label == "Terminal, cached output, read only"'
    t =   340.42s Get all elements bound by index for: Elements matching predicate 'identifier == "Terminal" OR label == "Terminal" OR label == "Terminal, cached output, read only"'
    t =   340.70s Get all elements bound by index for: Elements matching predicate 'identifier == "Terminal" OR label == "Terminal" OR label == "Terminal, cached output, read only"'
    t =   340.99s Get all elements bound by index for: Elements matching predicate 'identifier == "Terminal" OR label == "Terminal" OR label == "Terminal, cached output, read only"'
    t =   341.26s Get all elements bound by index for: Elements matching predicate 'identifier == "Terminal" OR label == "Terminal" OR label == "Terminal, cached output, read only"'
    t =   341.54s Get all elements bound by index for: Elements matching predicate 'identifier == "Terminal" OR label == "Terminal" OR label == "Terminal, cached output, read only"'
    t =   341.82s Get all elements bound by index for: Elements matching predicate 'identifier == "Terminal" OR label == "Terminal" OR label == "Terminal, cached output, read only"'
    t =   342.10s Get all elements bound by index for: Elements matching predicate 'identifier == "Terminal" OR label == "Terminal" OR label == "Terminal, cached output, read only"'
    t =   342.40s Get all elements bound by index for: Elements matching predicate 'identifier == "Terminal" OR label == "Terminal" OR label == "Terminal, cached output, read only"'
    t =   342.69s Get all elements bound by index for: Elements matching predicate 'identifier == "Terminal" OR label == "Terminal" OR label == "Terminal, cached output, read only"'
    t =   342.95s Get all elements bound by index for: Elements matching predicate 'identifier == "Terminal" OR label == "Terminal" OR label == "Terminal, cached output, read only"'
    t =   343.23s Get all elements bound by index for: Elements matching predicate 'identifier == "Terminal" OR label == "Terminal" OR label == "Terminal, cached output, read only"'
    t =   343.50s Get all elements bound by index for: Elements matching predicate 'identifier == "Terminal" OR label == "Terminal" OR label == "Terminal, cached output, read only"'
    t =   343.78s Get all elements bound by index for: Elements matching predicate 'identifier == "Terminal" OR label == "Terminal" OR label == "Terminal, cached output, read only"'
    t =   344.05s Get all elements bound by index for: Elements matching predicate 'identifier == "Terminal" OR label == "Terminal" OR label == "Terminal, cached output, read only"'
    t =   344.34s Get all elements bound by index for: Elements matching predicate 'identifier == "Terminal" OR label == "Terminal" OR label == "Terminal, cached output, read only"'
    t =   344.60s Get all elements bound by index for: Elements matching predicate 'identifier == "Terminal" OR label == "Terminal" OR label == "Terminal, cached output, read only"'
    t =   344.87s Get all elements bound by index for: Elements matching predicate 'identifier == "Terminal" OR label == "Terminal" OR label == "Terminal, cached output, read only"'
    t =   345.15s Get all elements bound by index for: Elements matching predicate 'identifier == "Terminal" OR label == "Terminal" OR label == "Terminal, cached output, read only"'
    t =   345.42s Get all elements bound by index for: Elements matching predicate 'identifier == "Terminal" OR label == "Terminal" OR label == "Terminal, cached output, read only"'
    t =   345.70s Get all elements bound by index for: Elements matching predicate 'identifier == "Terminal" OR label == "Terminal" OR label == "Terminal, cached output, read only"'
    t =   345.97s Get all elements bound by index for: Elements matching predicate 'identifier == "Terminal" OR label == "Terminal" OR label == "Terminal, cached output, read only"'
    t =   346.24s Get all elements bound by index for: Elements matching predicate 'identifier == "Terminal" OR label == "Terminal" OR label == "Terminal, cached output, read only"'
    t =   346.51s Get all elements bound by index for: Elements matching predicate 'identifier == "Terminal" OR label == "Terminal" OR label == "Terminal, cached output, read only"'
    t =   346.78s Get all elements bound by index for: Elements matching predicate 'identifier == "Terminal" OR label == "Terminal" OR label == "Terminal, cached output, read only"'
    t =   347.05s Get all elements bound by index for: Elements matching predicate 'identifier == "Terminal" OR label == "Terminal" OR label == "Terminal, cached output, read only"'
    t =   347.33s Get all elements bound by index for: Elements matching predicate 'identifier == "Terminal" OR label == "Terminal" OR label == "Terminal, cached output, read only"'
    t =   347.60s Get all elements bound by index for: Elements matching predicate 'identifier == "Terminal" OR label == "Terminal" OR label == "Terminal, cached output, read only"'
    t =   347.87s Get all elements bound by index for: Elements matching predicate 'identifier == "Terminal" OR label == "Terminal" OR label == "Terminal, cached output, read only"'
    t =   348.14s Get all elements bound by index for: Elements matching predicate 'identifier == "Terminal" OR label == "Terminal" OR label == "Terminal, cached output, read only"'
    t =   348.41s Get all elements bound by index for: Elements matching predicate 'identifier == "Terminal" OR label == "Terminal" OR label == "Terminal, cached output, read only"'
    t =   348.69s Get all elements bound by index for: Elements matching predicate 'identifier == "Terminal" OR label == "Terminal" OR label == "Terminal, cached output, read only"'
    t =   348.95s Get all elements bound by index for: Elements matching predicate 'identifier == "Terminal" OR label == "Terminal" OR label == "Terminal, cached output, read only"'
    t =   349.22s Get all elements bound by index for: Elements matching predicate 'identifier == "Terminal" OR label == "Terminal" OR label == "Terminal, cached output, read only"'
    t =   349.49s Get all elements bound by index for: Elements matching predicate 'identifier == "Terminal" OR label == "Terminal" OR label == "Terminal, cached output, read only"'
    t =   349.75s Get all elements bound by index for: Elements matching predicate 'identifier == "Terminal" OR label == "Terminal" OR label == "Terminal, cached output, read only"'
    t =   350.03s Get all elements bound by index for: Elements matching predicate 'identifier == "Terminal" OR label == "Terminal" OR label == "Terminal, cached output, read only"'
    t =   350.30s Get all elements bound by index for: Elements matching predicate 'identifier == "Terminal" OR label == "Terminal" OR label == "Terminal, cached output, read only"'
    t =   350.57s Get all elements bound by index for: Elements matching predicate 'identifier == "Terminal" OR label == "Terminal" OR label == "Terminal, cached output, read only"'
    t =   350.83s Get all elements bound by index for: Elements matching predicate 'identifier == "Terminal" OR label == "Terminal" OR label == "Terminal, cached output, read only"'
    t =   351.10s Get all elements bound by index for: Elements matching predicate 'identifier == "Terminal" OR label == "Terminal" OR label == "Terminal, cached output, read only"'
    t =   351.37s Get all elements bound by index for: Elements matching predicate 'identifier == "Terminal" OR label == "Terminal" OR label == "Terminal, cached output, read only"'
    t =   351.64s Get all elements bound by index for: Elements matching predicate 'identifier == "Terminal" OR label == "Terminal" OR label == "Terminal, cached output, read only"'
    t =   351.92s Get all elements bound by index for: Elements matching predicate 'identifier == "Terminal" OR label == "Terminal" OR label == "Terminal, cached output, read only"'
    t =   352.19s Get all elements bound by index for: Elements matching predicate 'identifier == "Terminal" OR label == "Terminal" OR label == "Terminal, cached output, read only"'
    t =   352.45s Get all elements bound by index for: Elements matching predicate 'identifier == "Terminal" OR label == "Terminal" OR label == "Terminal, cached output, read only"'
    t =   352.72s Get all elements bound by index for: Elements matching predicate 'identifier == "Terminal" OR label == "Terminal" OR label == "Terminal, cached output, read only"'
    t =   353.00s Get all elements bound by index for: Elements matching predicate 'identifier == "Terminal" OR label == "Terminal" OR label == "Terminal, cached output, read only"'
    t =   353.27s Get all elements bound by index for: Elements matching predicate 'identifier == "Terminal" OR label == "Terminal" OR label == "Terminal, cached output, read only"'
    t =   353.54s Get all elements bound by index for: Elements matching predicate 'identifier == "Terminal" OR label == "Terminal" OR label == "Terminal, cached output, read only"'
    t =   353.81s Get all elements bound by index for: Elements matching predicate 'identifier == "Terminal" OR label == "Terminal" OR label == "Terminal, cached output, read only"'
    t =   354.08s Get all elements bound by index for: Elements matching predicate 'identifier == "Terminal" OR label == "Terminal" OR label == "Terminal, cached output, read only"'
    t =   354.35s Get all elements bound by index for: Elements matching predicate 'identifier == "Terminal" OR label == "Terminal" OR label == "Terminal, cached output, read only"'
    t =   354.62s Get all elements bound by index for: Elements matching predicate 'identifier == "Terminal" OR label == "Terminal" OR label == "Terminal, cached output, read only"'
    t =   354.90s Get all elements bound by index for: Elements matching predicate 'identifier == "Terminal" OR label == "Terminal" OR label == "Terminal, cached output, read only"'
    t =   355.17s Get all elements bound by index for: Elements matching predicate 'identifier == "Terminal" OR label == "Terminal" OR label == "Terminal, cached output, read only"'
    t =   355.44s Get all elements bound by index for: Elements matching predicate 'identifier == "Terminal" OR label == "Terminal" OR label == "Terminal, cached output, read only"'
    t =   355.70s Get all elements bound by index for: Elements matching predicate 'identifier == "Terminal" OR label == "Terminal" OR label == "Terminal, cached output, read only"'
    t =   355.97s Get all elements bound by index for: Elements matching predicate 'identifier == "Terminal" OR label == "Terminal" OR label == "Terminal, cached output, read only"'
    t =   356.25s Get all elements bound by index for: Elements matching predicate 'identifier == "Terminal" OR label == "Terminal" OR label == "Terminal, cached output, read only"'
    t =   356.52s Get all elements bound by index for: Elements matching predicate 'identifier == "Terminal" OR label == "Terminal" OR label == "Terminal, cached output, read only"'
    t =   356.78s Get all elements bound by index for: Elements matching predicate 'identifier == "Terminal" OR label == "Terminal" OR label == "Terminal, cached output, read only"'
    t =   357.05s Get all elements bound by index for: Elements matching predicate 'identifier == "Terminal" OR label == "Terminal" OR label == "Terminal, cached output, read only"'
    t =   357.32s Get all elements bound by index for: Elements matching predicate 'identifier == "Terminal" OR label == "Terminal" OR label == "Terminal, cached output, read only"'
    t =   357.59s Get all elements bound by index for: Elements matching predicate 'identifier == "Terminal" OR label == "Terminal" OR label == "Terminal, cached output, read only"'
    t =   357.86s Get all elements bound by index for: Elements matching predicate 'identifier == "Terminal" OR label == "Terminal" OR label == "Terminal, cached output, read only"'
    t =   358.13s Get all elements bound by index for: Elements matching predicate 'identifier == "Terminal" OR label == "Terminal" OR label == "Terminal, cached output, read only"'
    t =   358.40s Get all elements bound by index for: Elements matching predicate 'identifier == "Terminal" OR label == "Terminal" OR label == "Terminal, cached output, read only"'
    t =   358.67s Get all elements bound by index for: Elements matching predicate 'identifier == "Terminal" OR label == "Terminal" OR label == "Terminal, cached output, read only"'
    t =   358.69s Get number of matches for: Elements matching predicate 'identifier BEGINSWITH "workspace-row-" AND label BEGINSWITH "Workspace "'
    t =   358.70s Find the Button (Element at index 0)
    t =   358.71s Get all elements bound by index for: Elements matching predicate 'identifier == "Terminal" OR label == "Terminal" OR label == "Terminal, cached output, read only"'
    t =   358.99s Get all elements bound by index for: Elements matching predicate 'identifier == "Terminal" OR label == "Terminal" OR label == "Terminal, cached output, read only"'
    t =   359.25s Get all elements bound by index for: Elements matching predicate 'identifier == "Terminal" OR label == "Terminal" OR label == "Terminal, cached output, read only"'
    t =   359.53s Get all elements bound by index for: Elements matching predicate 'identifier == "Terminal" OR label == "Terminal" OR label == "Terminal, cached output, read only"'
    t =   359.80s Get all elements bound by index for: Elements matching predicate 'identifier == "Terminal" OR label == "Terminal" OR label == "Terminal, cached output, read only"'
    t =   360.07s Get all elements bound by index for: Elements matching predicate 'identifier == "Terminal" OR label == "Terminal" OR label == "Terminal, cached output, read only"'
    t =   360.34s Get all elements bound by index for: Elements matching predicate 'identifier == "Terminal" OR label == "Terminal" OR label == "Terminal, cached output, read only"'
    t =   360.61s Get all elements bound by index for: Elements matching predicate 'identifier == "Terminal" OR label == "Terminal" OR label == "Terminal, cached output, read only"'
    t =   360.88s Get all elements bound by index for: Elements matching predicate 'identifier == "Terminal" OR label == "Terminal" OR label == "Terminal, cached output, read only"'
    t =   361.15s Get all elements bound by index for: Elements matching predicate 'identifier == "Terminal" OR label == "Terminal" OR label == "Terminal, cached output, read only"'
    t =   361.42s Get all elements bound by index for: Elements matching predicate 'identifier == "Terminal" OR label == "Terminal" OR label == "Terminal, cached output, read only"'
    t =   361.69s Get all elements bound by index for: Elements matching predicate 'identifier == "Terminal" OR label == "Terminal" OR label == "Terminal, cached output, read only"'
    t =   361.97s Get all elements bound by index for: Elements matching predicate 'identifier == "Terminal" OR label == "Terminal" OR label == "Terminal, cached output, read only"'
    t =   362.24s Get all elements bound by index for: Elements matching predicate 'identifier == "Terminal" OR label == "Terminal" OR label == "Terminal, cached output, read only"'
    t =   362.51s Get all elements bound by index for: Elements matching predicate 'identifier == "Terminal" OR label == "Terminal" OR label == "Terminal, cached output, read only"'
    t =   362.78s Get all elements bound by index for: Elements matching predicate 'identifier == "Terminal" OR label == "Terminal" OR label == "Terminal, cached output, read only"'
    t =   363.05s Get all elements bound by index for: Elements matching predicate 'identifier == "Terminal" OR label == "Terminal" OR label == "Terminal, cached output, read only"'
    t =   363.32s Get all elements bound by index for: Elements matching predicate 'identifier == "Terminal" OR label == "Terminal" OR label == "Terminal, cached output, read only"'
    t =   363.59s Get all elements bound by index for: Elements matching predicate 'identifier == "Terminal" OR label == "Terminal" OR label == "Terminal, cached output, read only"'
    t =   363.86s Get all elements bound by index for: Elements matching predicate 'identifier == "Terminal" OR label == "Terminal" OR label == "Terminal, cached output, read only"'
    t =   364.13s Get all elements bound by index for: Elements matching predicate 'identifier == "Terminal" OR label == "Terminal" OR label == "Terminal, cached output, read only"'
    t =   364.40s Get all elements bound by index for: Elements matching predicate 'identifier == "Terminal" OR label == "Terminal" OR label == "Terminal, cached output, read only"'
    t =   364.67s Get all elements bound by index for: Elements matching predicate 'identifier == "Terminal" OR label == "Terminal" OR label == "Terminal, cached output, read only"'
    t =   364.94s Get all elements bound by index for: Elements matching predicate 'identifier == "Terminal" OR label == "Terminal" OR label == "Terminal, cached output, read only"'
    t =   365.21s Get all elements bound by index for: Elements matching predicate 'identifier == "Terminal" OR label == "Terminal" OR label == "Terminal, cached output, read only"'
    t =   365.48s Get all elements bound by index for: Elements matching predicate 'identifier == "Terminal" OR label == "Terminal" OR label == "Terminal, cached output, read only"'
    t =   365.75s Get all elements bound by index for: Elements matching predicate 'identifier == "Terminal" OR label == "Terminal" OR label == "Terminal, cached output, read only"'
    t =   366.02s Get all elements bound by index for: Elements matching predicate 'identifier == "Terminal" OR label == "Terminal" OR label == "Terminal, cached output, read only"'
    t =   366.30s Get all elements bound by index for: Elements matching predicate 'identifier == "Terminal" OR label == "Terminal" OR label == "Terminal, cached output, read only"'
    t =   366.57s Get all elements bound by index for: Elements matching predicate 'identifier == "Terminal" OR label == "Terminal" OR label == "Terminal, cached output, read only"'
    t =   366.84s Get all elements bound by index for: Elements matching predicate 'identifier == "Terminal" OR label == "Terminal" OR label == "Terminal, cached output, read only"'
    t =   367.10s Get all elements bound by index for: Elements matching predicate 'identifier == "Terminal" OR label == "Terminal" OR label == "Terminal, cached output, read only"'
    t =   367.38s Get all elements bound by index for: Elements matching predicate 'identifier == "Terminal" OR label == "Terminal" OR label == "Terminal, cached output, read only"'
    t =   367.65s Get all elements bound by index for: Elements matching predicate 'identifier == "Terminal" OR label == "Terminal" OR label == "Terminal, cached output, read only"'
    t =   367.92s Get all elements bound by index for: Elements matching predicate 'identifier == "Terminal" OR label == "Terminal" OR label == "Terminal, cached output, read only"'
    t =   368.20s Get all elements bound by index for: Elements matching predicate 'identifier == "Terminal" OR label == "Terminal" OR label == "Terminal, cached output, read only"'
    t =   368.47s Get all elements bound by index for: Elements matching predicate 'identifier == "Terminal" OR label == "Terminal" OR label == "Terminal, cached output, read only"'
    t =   368.74s Get all elements bound by index for: Elements matching predicate 'identifier == "Terminal" OR label == "Terminal" OR label == "Terminal, cached output, read only"'
    t =   368.75s Get number of matches for: Elements matching predicate 'identifier BEGINSWITH "workspace-row-" AND label BEGINSWITH "Workspace "'
    t =   368.77s Find the Button (Element at index 0)
    t =   368.79s Get number of matches for: Elements matching predicate 'identifier == "Workspace alt-main" OR label == "Workspace alt-main"'
    t =   368.81s Get number of matches for: Elements matching predicate 'identifier == "Workspace alt-main" OR label == "Workspace alt-main"'
    t =   368.82s Checking existence of `Button (Element at index 0)`
    t =   368.84s Find the Button (Element at index 0)
    t =   368.87s Waiting 15.0s for "workspace-row-@1" Button to exist
    t =   369.90s     Checking `Expect predicate `existsNoRetry == 1` for object "workspace-row-@1" Button`
    t =   369.90s         Checking existence of `"workspace-row-@1" Button`
    t =   369.92s Checking existence of `"workspace-row-@1" Button`
    t =   369.94s Find the "workspace-row-@1" Button
    t =   369.96s Tap "workspace-row-@1" Button
    t =   369.96s     Wait for dev.meeterm.app to idle
    t =   369.97s     Find the "workspace-row-@1" Button
    t =   369.99s     Check for interrupting elements affecting "workspace-row-@1" Button
    t =   370.01s     Synthesize event
    t =   370.31s     Wait for dev.meeterm.app to idle
    t =   370.65s Get all elements bound by index for: Elements matching predicate 'identifier == "Terminal" OR label == "Terminal" OR label == "Terminal, cached output, read only"'
    t =   370.67s Checking existence of `Other (Element at index 0)`
    t =   370.69s Find the Other (Element at index 0)
    t =   370.72s Checking existence of `Other (Element at index 1)`
    t =   370.74s Find the Other (Element at index 1)
    t =   370.76s Find the "Terminal" Other
    t =   370.79s Waiting 30.0s for StaticText (First Match) to exist
    t =   371.83s     Checking `Expect predicate `existsNoRetry == 1` for object StaticText (First Match)`
    t =   371.83s         Checking existence of `StaticText (First Match)`
    t =   371.86s Get all elements bound by index for: Elements matching predicate 'identifier BEGINSWITH "terminal-tab-"'
    t =   371.87s Find the Any (Element at index 0)
    t =   371.88s Checking existence of `"terminal-tab-%1" Other`
    t =   371.90s Find the "terminal-tab-%1" Other
    t =   371.91s Find the "terminal-tab-%1" Other
    t =   371.92s Get all elements bound by index for: Elements matching predicate 'identifier BEGINSWITH "terminal-tab-"'
    t =   371.94s Find the Any (Element at index 0)
    t =   371.95s Checking existence of `"terminal-tab-%1" Other`
    t =   371.97s Find the "terminal-tab-%1" Other
    t =   371.98s Get all elements bound by index for: Elements matching predicate 'identifier == "Terminal" OR label == "Terminal" OR label == "Terminal, cached output, read only"'
    t =   371.99s Checking existence of `Other (Element at index 0)`
    t =   372.00s Find the Other (Element at index 0)
    t =   372.02s Checking existence of `Other (Element at index 1)`
    t =   372.04s Find the Other (Element at index 1)
    t =   372.06s Find the "Terminal" Other
    t =   372.08s Checking existence of `StaticText (First Match)`
    t =   372.11s Checking existence of `StaticText (First Match)`
    t =   372.15s Checking existence of `Button (First Match)`
    t =   372.20s Checking existence of `Any (First Match)`
    t =   372.25s Checking existence of `"terminal-tab-%1" Other`
    t =   372.26s Find the "terminal-tab-%1" Other
    t =   372.28s Checking existence of `"Terminal" Other`
    t =   372.29s Find the "Terminal" Other
    t =   372.30s Get all elements bound by index for: Elements matching predicate 'identifier == "Terminal" OR label == "Terminal" OR label == "Terminal, cached output, read only"'
    t =   372.32s Checking existence of `Other (Element at index 0)`
    t =   372.33s Find the Other (Element at index 0)
    t =   372.35s Checking existence of `Other (Element at index 1)`
    t =   372.36s Find the Other (Element at index 1)
    t =   372.38s Find the "Terminal" Other
    t =   372.41s Tap "Terminal" Other
    t =   372.41s     Wait for dev.meeterm.app to idle
    t =   372.41s     Find the "Terminal" Other
    t =   372.43s     Check for interrupting elements affecting "Terminal" Other
    t =   372.45s     Synthesize event
    t =   372.75s     Wait for dev.meeterm.app to idle
    t =   373.05s Checking existence of `"Speed up your typing by sliding your finger across the letters to compose a word." StaticText`
    t =   373.10s Waiting 10.0s for "p" Key to exist
    t =   374.18s     Checking `Expect predicate `existsNoRetry == 1` for object "p" Key`
    t =   374.18s         Checking existence of `"p" Key`
    t =   374.21s Tap "p" Key
    t =   374.21s     Wait for dev.meeterm.app to idle
    t =   374.21s     Find the "p" Key
    t =   374.25s     Check for interrupting elements affecting "p" Key
    t =   374.28s     Synthesize event
    t =   374.58s     Wait for dev.meeterm.app to idle
    t =   374.58s Waiting 10.0s for "r" Key to exist
    t =   375.64s     Checking `Expect predicate `existsNoRetry == 1` for object "r" Key`
    t =   375.64s         Checking existence of `"r" Key`
    t =   375.68s Tap "r" Key
    t =   375.68s     Wait for dev.meeterm.app to idle
    t =   375.69s     Find the "r" Key
    t =   375.72s     Check for interrupting elements affecting "r" Key
    t =   375.75s     Synthesize event
    t =   376.06s     Wait for dev.meeterm.app to idle
    t =   376.06s Waiting 10.0s for "i" Key to exist
    t =   377.12s     Checking `Expect predicate `existsNoRetry == 1` for object "i" Key`
    t =   377.12s         Checking existence of `"i" Key`
    t =   377.15s Tap "i" Key
    t =   377.15s     Wait for dev.meeterm.app to idle
    t =   377.15s     Find the "i" Key
    t =   377.19s     Check for interrupting elements affecting "i" Key
    t =   377.22s     Synthesize event
    t =   377.52s     Wait for dev.meeterm.app to idle
    t =   377.52s Waiting 10.0s for "n" Key to exist
    t =   378.57s     Checking `Expect predicate `existsNoRetry == 1` for object "n" Key`
    t =   378.57s         Checking existence of `"n" Key`
    t =   378.60s Tap "n" Key
    t =   378.60s     Wait for dev.meeterm.app to idle
    t =   378.60s     Find the "n" Key
    t =   378.64s     Check for interrupting elements affecting "n" Key
    t =   378.67s     Synthesize event
    t =   378.97s     Wait for dev.meeterm.app to idle
    t =   378.98s Waiting 10.0s for "t" Key to exist
    t =   380.02s     Checking `Expect predicate `existsNoRetry == 1` for object "t" Key`
    t =   380.02s         Checking existence of `"t" Key`
    t =   380.05s Tap "t" Key
    t =   380.05s     Wait for dev.meeterm.app to idle
    t =   380.05s     Find the "t" Key
    t =   380.09s     Check for interrupting elements affecting "t" Key
    t =   380.12s     Synthesize event
    t =   380.41s     Wait for dev.meeterm.app to idle
    t =   380.41s Waiting 10.0s for "f" Key to exist
    t =   381.47s     Checking `Expect predicate `existsNoRetry == 1` for object "f" Key`
    t =   381.47s         Checking existence of `"f" Key`
    t =   381.53s Tap "f" Key
    t =   381.53s     Wait for dev.meeterm.app to idle
    t =   381.53s     Find the "f" Key
    t =   381.57s     Check for interrupting elements affecting "f" Key
    t =   381.59s     Synthesize event
    t =   381.90s     Wait for dev.meeterm.app to idle
    t =   381.90s Waiting 10.0s for "terminal-paste" Any to exist
    t =   382.97s     Checking `Expect predicate `existsNoRetry == 1` for object "terminal-paste" Any`
    t =   382.97s         Checking existence of `"terminal-paste" Any`
    t =   383.07s Checking existence of `"terminal-paste" Any`
    t =   383.14s Find the "terminal-paste" Any
    t =   384.28s Checking `Expect predicate `enabled == 1` for object "terminal-paste" Button`
    t =   384.28s     Find the "terminal-paste" Button
    t =   384.36s Find the "terminal-paste" Button
    t =   384.43s Tap "terminal-paste" Button
    t =   384.43s     Wait for dev.meeterm.app to idle
    t =   384.43s     Find the "terminal-paste" Button
    t =   384.50s     Check for interrupting elements affecting "terminal-paste" Button
    t =   384.54s     Synthesize event
    t =   384.84s     Wait for dev.meeterm.app to idle
    t =   385.90s Checking `Expect predicate `value != "Ready 0" AND value BEGINSWITH "Ready "` for object "terminal-paste" Button`
    t =   385.90s     Find the "terminal-paste" Button
    t =   385.98s     Find the "terminal-paste" Button
    t =   386.06s Get number of matches for: Elements matching predicate 'identifier == "Paste" OR label == "Paste"'
    t =   386.10s Get number of matches for: Elements matching predicate 'identifier == "Paste" OR label == "Paste"'
    t =   386.13s Checking existence of `Button (Element at index 0)`
    t =   386.16s Find the Button (Element at index 0)
    t =   386.21s Get all elements bound by index for: Elements matching predicate 'identifier == "Terminal" OR label == "Terminal" OR label == "Terminal, cached output, read only"'
    t =   386.24s Checking existence of `Other (Element at index 0)`
    t =   386.27s Find the Other (Element at index 0)
    t =   386.31s Checking existence of `Other (Element at index 1)`
    t =   386.35s Find the Other (Element at index 1)
    t =   386.39s Find the "Terminal" Other
    t =   386.44s Checking existence of `"ssh-submit" Button`
    t =   386.47s Checking existence of `"Host" Any`
    t =   386.51s Checking existence of `"Private OpenSSH key" Any`
    t =   386.55s Checking existence of `"Terminal" Other`
    t =   386.59s Checking existence of `Keyboard (First Match)`
    t =   386.60s Checking existence of `"terminal-paste" Button`
    t =   386.68s Checking existence of `"terminal-paste" Button`
    t =   386.76s Find the "terminal-paste" Button
    t =   386.86s Checking existence of `"terminal-paste" Button`
    t =   386.93s Find the "terminal-paste" Button
    t =   387.03s Checking existence of `"terminal-paste" Button`
    t =   387.07s Find the "terminal-paste" Button
    t =   387.10s Checking existence of `"terminal-paste" Button`
    t =   387.13s Find the "terminal-paste" Button
    t =   387.17s Waiting 10.0s for Any (First Match) to exist
    t =   388.22s     Checking `Expect predicate `existsNoRetry == 1` for object Any (First Match)`
    t =   388.22s         Checking existence of `Any (First Match)`
    t =   388.28s Checking existence of `Any (First Match)`
    t =   388.33s Find the Any (First Match)
    t =   388.40s Tap "Return" Button
    t =   388.40s     Wait for dev.meeterm.app to idle
    t =   388.41s     Find the "Return" Button
    t =   388.48s     Check for interrupting elements affecting "Return" Button
    t =   388.51s     Synthesize event
    t =   388.81s     Wait for dev.meeterm.app to idle
    t =   388.91s Get number of matches for: Elements matching predicate 'identifier == "Close session switcher" OR label == "Close session switcher"'
    t =   388.94s Waiting 3.0s for "Close session switcher" Any to exist
    t =   389.97s     Checking `Expect predicate `existsNoRetry == 1` for object "Close session switcher" Any`
    t =   389.97s         Checking existence of `"Close session switcher" Any`
    t =   390.00s         Capturing element debug description
    t =   390.95s     Checking `Expect predicate `existsNoRetry == 1` for object "Close session switcher" Any`
    t =   390.95s         Checking existence of `"Close session switcher" Any`
    t =   390.98s         Capturing element debug description
    t =   391.95s     Checking `Expect predicate `existsNoRetry == 1` for object "Close session switcher" Any`
    t =   391.95s         Checking existence of `"Close session switcher" Any`
    t =   391.99s         Capturing element debug description
    t =   391.99s     Checking existence of `"Close session switcher" Any`
    t =   392.02s Collecting debug information to assist test failure triage
    t =   392.03s     Requesting snapshot of accessibility hierarchy for app with pid 54452
    t =   392.07s Get number of matches for: Elements matching predicate 'identifier BEGINSWITH "Switch server and session" OR label BEGINSWITH "Switch server and session"'
    t =   392.10s Waiting 8.0s for Any (First Match) to exist
    t =   393.15s     Checking `Expect predicate `existsNoRetry == 1` for object Any (First Match)`
    t =   393.15s         Checking existence of `Any (First Match)`
    t =   393.33s         Capturing element debug description
    t =   394.16s     Checking `Expect predicate `existsNoRetry == 1` for object Any (First Match)`
    t =   394.16s         Checking existence of `Any (First Match)`
    t =   394.33s         Capturing element debug description
    t =   395.16s     Checking `Expect predicate `existsNoRetry == 1` for object Any (First Match)`
    t =   395.16s         Checking existence of `Any (First Match)`
    t =   395.34s         Capturing element debug description
    t =   396.18s     Checking `Expect predicate `existsNoRetry == 1` for object Any (First Match)`
    t =   396.18s         Checking existence of `Any (First Match)`
    t =   396.35s         Capturing element debug description
    t =   397.19s     Checking `Expect predicate `existsNoRetry == 1` for object Any (First Match)`
    t =   397.19s         Checking existence of `Any (First Match)`
    t =   397.36s         Capturing element debug description
    t =   398.11s     Checking `Expect predicate `existsNoRetry == 1` for object Any (First Match)`
    t =   398.11s         Checking existence of `Any (First Match)`
    t =   398.29s         Capturing element debug description
    t =   399.12s     Checking `Expect predicate `existsNoRetry == 1` for object Any (First Match)`
    t =   399.12s         Checking existence of `Any (First Match)`
    t =   399.30s         Capturing element debug description
    t =   400.11s     Checking `Expect predicate `existsNoRetry == 1` for object Any (First Match)`
    t =   400.11s         Checking existence of `Any (First Match)`
    t =   400.29s         Capturing element debug description
    t =   400.29s     Checking existence of `Any (First Match)`
    t =   400.47s Collecting debug information to assist test failure triage
    t =   400.47s     Requesting snapshot of accessibility hierarchy for app with pid 54452
    t =   400.51s Get number of matches for: Elements matching predicate 'identifier == "Back to workspaces" OR label == "Back to workspaces"'
    t =   400.54s Get number of matches for: Elements matching predicate 'identifier == "Back to workspaces" OR label == "Back to workspaces"'
    t =   400.57s Checking existence of `Button (Element at index 0)`
    t =   400.61s Find the Button (Element at index 0)
    t =   400.65s Waiting 5.0s for "Back to workspaces" Button to exist
    t =   401.70s     Checking `Expect predicate `existsNoRetry == 1` for object "Back to workspaces" Button`
    t =   401.70s         Checking existence of `"Back to workspaces" Button`
    t =   401.73s Checking existence of `"Back to workspaces" Button`
    t =   401.76s Find the "Back to workspaces" Button
    t =   401.81s Tap "Back to workspaces" Button
    t =   401.81s     Wait for dev.meeterm.app to idle
    t =   401.81s     Find the "Back to workspaces" Button
    t =   401.84s     Check for interrupting elements affecting "Back to workspaces" Button
    t =   401.87s     Synthesize event
    t =   402.18s     Wait for dev.meeterm.app to idle
    t =   402.52s Get number of matches for: Elements matching predicate 'identifier BEGINSWITH "Switch server and session" OR label BEGINSWITH "Switch server and session"'
    t =   402.54s Get number of matches for: Elements matching predicate 'identifier BEGINSWITH "Switch server and session" OR label BEGINSWITH "Switch server and session"'
    t =   402.56s Checking existence of `Button (Element at index 0)`
    t =   402.58s Find the Button (Element at index 0)
    t =   402.60s Waiting 15.0s for "open-session-switcher" Button to exist
    t =   403.65s     Checking `Expect predicate `existsNoRetry == 1` for object "open-session-switcher" Button`
    t =   403.65s         Checking existence of `"open-session-switcher" Button`
    t =   403.68s Checking existence of `"open-session-switcher" Button`
    t =   403.70s Find the "open-session-switcher" Button
    t =   403.72s Tap "open-session-switcher" Button
    t =   403.72s     Wait for dev.meeterm.app to idle
    t =   403.73s     Find the "open-session-switcher" Button
    t =   403.75s     Check for interrupting elements affecting "open-session-switcher" Button
    t =   403.78s     Synthesize event
    t =   404.11s     Wait for dev.meeterm.app to idle
    t =   404.46s Get number of matches for: Elements matching predicate 'identifier == "Close session switcher" OR label == "Close session switcher"'
    t =   404.49s Get number of matches for: Elements matching predicate 'identifier == "Close session switcher" OR label == "Close session switcher"'
    t =   404.52s Checking existence of `Button (Element at index 0)`
    t =   404.54s Find the Button (Element at index 0)
    t =   404.58s Waiting 20.0s for "Close session switcher" Button to exist
    t =   405.63s     Checking `Expect predicate `existsNoRetry == 1` for object "Close session switcher" Button`
    t =   405.64s         Checking existence of `"Close session switcher" Button`
    t =   405.67s Waiting 60.0s for Button (First Match) to exist
    t =   406.72s     Checking `Expect predicate `existsNoRetry == 1` for object Button (First Match)`
    t =   406.72s         Checking existence of `Button (First Match)`
    t =   406.85s Get number of matches for: Elements matching predicate 'identifier == "Close session switcher" OR label == "Close session switcher"'
    t =   406.88s Get number of matches for: Elements matching predicate 'identifier == "Close session switcher" OR label == "Close session switcher"'
    t =   406.90s Checking existence of `Button (Element at index 0)`
    t =   406.93s Find the Button (Element at index 0)
    t =   406.97s Checking existence of `"Close session switcher" Button`
    t =   407.00s Find the "Close session switcher" Button
    t =   407.04s Tap "Close session switcher" Button
    t =   407.04s     Wait for dev.meeterm.app to idle
    t =   407.04s     Find the "Close session switcher" Button
    t =   407.07s     Check for interrupting elements affecting "Close session switcher" Button
    t =   407.10s     Synthesize event
    t =   407.41s     Wait for dev.meeterm.app to idle
    t =   407.75s Checking existence of `"Close session switcher" Button`
    t =   407.77s Get all elements bound by index for: Elements matching predicate 'identifier == "Terminal" OR label == "Terminal" OR label == "Terminal, cached output, read only"'
    t =   408.04s Get all elements bound by index for: Elements matching predicate 'identifier == "Terminal" OR label == "Terminal" OR label == "Terminal, cached output, read only"'
    t =   408.32s Get all elements bound by index for: Elements matching predicate 'identifier == "Terminal" OR label == "Terminal" OR label == "Terminal, cached output, read only"'
    t =   408.59s Get all elements bound by index for: Elements matching predicate 'identifier == "Terminal" OR label == "Terminal" OR label == "Terminal, cached output, read only"'
    t =   408.86s Get all elements bound by index for: Elements matching predicate 'identifier == "Terminal" OR label == "Terminal" OR label == "Terminal, cached output, read only"'
    t =   409.13s Get all elements bound by index for: Elements matching predicate 'identifier == "Terminal" OR label == "Terminal" OR label == "Terminal, cached output, read only"'
    t =   409.40s Get all elements bound by index for: Elements matching predicate 'identifier == "Terminal" OR label == "Terminal" OR label == "Terminal, cached output, read only"'
    t =   409.68s Get all elements bound by index for: Elements matching predicate 'identifier == "Terminal" OR label == "Terminal" OR label == "Terminal, cached output, read only"'
    t =   409.95s Get all elements bound by index for: Elements matching predicate 'identifier == "Terminal" OR label == "Terminal" OR label == "Terminal, cached output, read only"'
    t =   410.22s Get all elements bound by index for: Elements matching predicate 'identifier == "Terminal" OR label == "Terminal" OR label == "Terminal, cached output, read only"'
    t =   410.50s Get all elements bound by index for: Elements matching predicate 'identifier == "Terminal" OR label == "Terminal" OR label == "Terminal, cached output, read only"'
    t =   410.77s Get all elements bound by index for: Elements matching predicate 'identifier == "Terminal" OR label == "Terminal" OR label == "Terminal, cached output, read only"'
    t =   411.04s Get all elements bound by index for: Elements matching predicate 'identifier == "Terminal" OR label == "Terminal" OR label == "Terminal, cached output, read only"'
    t =   411.32s Get all elements bound by index for: Elements matching predicate 'identifier == "Terminal" OR label == "Terminal" OR label == "Terminal, cached output, read only"'
    t =   411.60s Get all elements bound by index for: Elements matching predicate 'identifier == "Terminal" OR label == "Terminal" OR label == "Terminal, cached output, read only"'
    t =   411.87s Get all elements bound by index for: Elements matching predicate 'identifier == "Terminal" OR label == "Terminal" OR label == "Terminal, cached output, read only"'
    t =   412.15s Get all elements bound by index for: Elements matching predicate 'identifier == "Terminal" OR label == "Terminal" OR label == "Terminal, cached output, read only"'
    t =   412.42s Get all elements bound by index for: Elements matching predicate 'identifier == "Terminal" OR label == "Terminal" OR label == "Terminal, cached output, read only"'
    t =   412.69s Get all elements bound by index for: Elements matching predicate 'identifier == "Terminal" OR label == "Terminal" OR label == "Terminal, cached output, read only"'
    t =   412.97s Get all elements bound by index for: Elements matching predicate 'identifier == "Terminal" OR label == "Terminal" OR label == "Terminal, cached output, read only"'
    t =   413.25s Get all elements bound by index for: Elements matching predicate 'identifier == "Terminal" OR label == "Terminal" OR label == "Terminal, cached output, read only"'
    t =   413.53s Get all elements bound by index for: Elements matching predicate 'identifier == "Terminal" OR label == "Terminal" OR label == "Terminal, cached output, read only"'
    t =   413.80s Get all elements bound by index for: Elements matching predicate 'identifier == "Terminal" OR label == "Terminal" OR label == "Terminal, cached output, read only"'
    t =   414.07s Get all elements bound by index for: Elements matching predicate 'identifier == "Terminal" OR label == "Terminal" OR label == "Terminal, cached output, read only"'
    t =   414.34s Get all elements bound by index for: Elements matching predicate 'identifier == "Terminal" OR label == "Terminal" OR label == "Terminal, cached output, read only"'
    t =   414.61s Get all elements bound by index for: Elements matching predicate 'identifier == "Terminal" OR label == "Terminal" OR label == "Terminal, cached output, read only"'
    t =   414.88s Get all elements bound by index for: Elements matching predicate 'identifier == "Terminal" OR label == "Terminal" OR label == "Terminal, cached output, read only"'
    t =   415.15s Get all elements bound by index for: Elements matching predicate 'identifier == "Terminal" OR label == "Terminal" OR label == "Terminal, cached output, read only"'
    t =   415.42s Get all elements bound by index for: Elements matching predicate 'identifier == "Terminal" OR label == "Terminal" OR label == "Terminal, cached output, read only"'
    t =   415.70s Get all elements bound by index for: Elements matching predicate 'identifier == "Terminal" OR label == "Terminal" OR label == "Terminal, cached output, read only"'
    t =   415.97s Get all elements bound by index for: Elements matching predicate 'identifier == "Terminal" OR label == "Terminal" OR label == "Terminal, cached output, read only"'
    t =   416.23s Get all elements bound by index for: Elements matching predicate 'identifier == "Terminal" OR label == "Terminal" OR label == "Terminal, cached output, read only"'
    t =   416.50s Get all elements bound by index for: Elements matching predicate 'identifier == "Terminal" OR label == "Terminal" OR label == "Terminal, cached output, read only"'
    t =   416.77s Get all elements bound by index for: Elements matching predicate 'identifier == "Terminal" OR label == "Terminal" OR label == "Terminal, cached output, read only"'
    t =   417.04s Get all elements bound by index for: Elements matching predicate 'identifier == "Terminal" OR label == "Terminal" OR label == "Terminal, cached output, read only"'
    t =   417.31s Get all elements bound by index for: Elements matching predicate 'identifier == "Terminal" OR label == "Terminal" OR label == "Terminal, cached output, read only"'
    t =   417.58s Get all elements bound by index for: Elements matching predicate 'identifier == "Terminal" OR label == "Terminal" OR label == "Terminal, cached output, read only"'
    t =   417.85s Get all elements bound by index for: Elements matching predicate 'identifier == "Terminal" OR label == "Terminal" OR label == "Terminal, cached output, read only"'
    t =   417.87s Get number of matches for: Elements matching predicate 'identifier BEGINSWITH "workspace-row-" AND label BEGINSWITH "Workspace "'
    t =   417.88s Find the Button (Element at index 0)
    t =   417.90s Get number of matches for: Elements matching predicate 'identifier == "Workspace alt-main" OR label == "Workspace alt-main"'
    t =   417.92s Get number of matches for: Elements matching predicate 'identifier == "Workspace alt-main" OR label == "Workspace alt-main"'
    t =   417.93s Checking existence of `Button (Element at index 0)`
    t =   417.95s Find the Button (Element at index 0)
    t =   417.98s Waiting 15.0s for "workspace-row-@1" Button to exist
    t =   419.01s     Checking `Expect predicate `existsNoRetry == 1` for object "workspace-row-@1" Button`
    t =   419.01s         Checking existence of `"workspace-row-@1" Button`
    t =   419.03s Checking existence of `"workspace-row-@1" Button`
    t =   419.05s Find the "workspace-row-@1" Button
    t =   419.07s Tap "workspace-row-@1" Button
    t =   419.07s     Wait for dev.meeterm.app to idle
    t =   419.08s     Find the "workspace-row-@1" Button
    t =   419.10s     Check for interrupting elements affecting "workspace-row-@1" Button
    t =   419.12s     Synthesize event
    t =   419.43s     Wait for dev.meeterm.app to idle
    t =   419.77s Get all elements bound by index for: Elements matching predicate 'identifier == "Terminal" OR label == "Terminal" OR label == "Terminal, cached output, read only"'
    t =   419.79s Checking existence of `Other (Element at index 0)`
    t =   419.81s Find the Other (Element at index 0)
    t =   419.83s Checking existence of `Other (Element at index 1)`
    t =   419.84s Find the Other (Element at index 1)
    t =   419.87s Find the "Terminal, cached output, read only" Other
    t =   419.89s Waiting 30.0s for StaticText (First Match) to exist
    t =   420.95s     Checking `Expect predicate `existsNoRetry == 1` for object StaticText (First Match)`
    t =   420.95s         Checking existence of `StaticText (First Match)`
    t =   420.98s Get all elements bound by index for: Elements matching predicate 'identifier BEGINSWITH "terminal-tab-"'
    t =   420.99s Find the Any (Element at index 0)
    t =   421.01s Checking existence of `"terminal-tab-%1" Other`
    t =   421.02s Find the "terminal-tab-%1" Other
    t =   421.04s Find the "terminal-tab-%1" Other
    t =   421.06s Get number of matches for: Elements matching predicate 'identifier == "Close session switcher" OR label == "Close session switcher"'
    t =   421.08s Waiting 3.0s for "Close session switcher" Any to exist
    t =   422.15s     Checking `Expect predicate `existsNoRetry == 1` for object "Close session switcher" Any`
    t =   422.15s         Checking existence of `"Close session switcher" Any`
    t =   422.17s         Capturing element debug description
    t =   423.11s     Checking `Expect predicate `existsNoRetry == 1` for object "Close session switcher" Any`
    t =   423.11s         Checking existence of `"Close session switcher" Any`
    t =   423.15s         Capturing element debug description
    t =   424.09s     Checking `Expect predicate `existsNoRetry == 1` for object "Close session switcher" Any`
    t =   424.09s         Checking existence of `"Close session switcher" Any`
    t =   424.12s         Capturing element debug description
    t =   424.13s     Checking existence of `"Close session switcher" Any`
    t =   424.15s Collecting debug information to assist test failure triage
    t =   424.15s     Requesting snapshot of accessibility hierarchy for app with pid 54452
    t =   424.17s Get number of matches for: Elements matching predicate 'identifier BEGINSWITH "Switch server and session" OR label BEGINSWITH "Switch server and session"'
    t =   424.18s Waiting 8.0s for Any (First Match) to exist
    t =   425.22s     Checking `Expect predicate `existsNoRetry == 1` for object Any (First Match)`
    t =   425.22s         Checking existence of `Any (First Match)`
    t =   425.32s         Capturing element debug description
    t =   426.26s     Checking `Expect predicate `existsNoRetry == 1` for object Any (First Match)`
    t =   426.26s         Checking existence of `Any (First Match)`
    t =   426.35s         Capturing element debug description
    t =   427.19s     Checking `Expect predicate `existsNoRetry == 1` for object Any (First Match)`
    t =   427.19s         Checking existence of `Any (First Match)`
    t =   427.26s         Capturing element debug description
    t =   428.21s     Checking `Expect predicate `existsNoRetry == 1` for object Any (First Match)`
    t =   428.21s         Checking existence of `Any (First Match)`
    t =   428.28s         Capturing element debug description
    t =   429.23s     Checking `Expect predicate `existsNoRetry == 1` for object Any (First Match)`
    t =   429.23s         Checking existence of `Any (First Match)`
    t =   429.31s         Capturing element debug description
    t =   430.19s     Checking `Expect predicate `existsNoRetry == 1` for object Any (First Match)`
    t =   430.19s         Checking existence of `Any (First Match)`
    t =   430.26s         Capturing element debug description
    t =   431.20s     Checking `Expect predicate `existsNoRetry == 1` for object Any (First Match)`
    t =   431.21s         Checking existence of `Any (First Match)`
    t =   431.30s         Capturing element debug description
    t =   432.19s     Checking `Expect predicate `existsNoRetry == 1` for object Any (First Match)`
    t =   432.19s         Checking existence of `Any (First Match)`
    t =   432.25s         Capturing element debug description
    t =   432.26s     Checking existence of `Any (First Match)`
    t =   432.32s Collecting debug information to assist test failure triage
    t =   432.32s     Requesting snapshot of accessibility hierarchy for app with pid 54452
    t =   432.34s Get number of matches for: Elements matching predicate 'identifier == "Back to workspaces" OR label == "Back to workspaces"'
    t =   432.36s Get number of matches for: Elements matching predicate 'identifier == "Back to workspaces" OR label == "Back to workspaces"'
    t =   432.37s Checking existence of `Button (Element at index 0)`
    t =   432.39s Find the Button (Element at index 0)
    t =   432.41s Waiting 5.0s for "Back to workspaces" Button to exist
    t =   433.45s     Checking `Expect predicate `existsNoRetry == 1` for object "Back to workspaces" Button`
    t =   433.46s         Checking existence of `"Back to workspaces" Button`
    t =   433.48s Checking existence of `"Back to workspaces" Button`
    t =   433.50s Find the "Back to workspaces" Button
    t =   433.52s Tap "Back to workspaces" Button
    t =   433.52s     Wait for dev.meeterm.app to idle
    t =   433.53s     Find the "Back to workspaces" Button
    t =   433.54s     Check for interrupting elements affecting "Back to workspaces" Button
    t =   433.56s     Synthesize event
    t =   433.86s     Wait for dev.meeterm.app to idle
    t =   434.19s Get number of matches for: Elements matching predicate 'identifier BEGINSWITH "Switch server and session" OR label BEGINSWITH "Switch server and session"'
    t =   434.21s Get number of matches for: Elements matching predicate 'identifier BEGINSWITH "Switch server and session" OR label BEGINSWITH "Switch server and session"'
    t =   434.22s Checking existence of `Button (Element at index 0)`
    t =   434.24s Find the Button (Element at index 0)
    t =   434.27s Waiting 15.0s for "open-session-switcher" Button to exist
    t =   435.33s     Checking `Expect predicate `existsNoRetry == 1` for object "open-session-switcher" Button`
    t =   435.33s         Checking existence of `"open-session-switcher" Button`
    t =   435.37s Checking existence of `"open-session-switcher" Button`
    t =   435.39s Find the "open-session-switcher" Button
    t =   435.42s Tap "open-session-switcher" Button
    t =   435.42s     Wait for dev.meeterm.app to idle
    t =   435.42s     Find the "open-session-switcher" Button
    t =   435.44s     Check for interrupting elements affecting "open-session-switcher" Button
    t =   435.47s     Synthesize event
    t =   435.77s     Wait for dev.meeterm.app to idle
    t =   436.11s Get number of matches for: Elements matching predicate 'identifier == "Close session switcher" OR label == "Close session switcher"'
    t =   436.14s Get number of matches for: Elements matching predicate 'identifier == "Close session switcher" OR label == "Close session switcher"'
    t =   436.17s Checking existence of `Button (Element at index 0)`
    t =   436.20s Find the Button (Element at index 0)
    t =   436.24s Waiting 20.0s for "Close session switcher" Button to exist
    t =   437.27s     Checking `Expect predicate `existsNoRetry == 1` for object "Close session switcher" Button`
    t =   437.27s         Checking existence of `"Close session switcher" Button`
    t =   437.39s Waiting 20.0s for Button (First Match) to exist
    t =   438.44s     Checking `Expect predicate `existsNoRetry == 1` for object Button (First Match)`
    t =   438.44s         Checking existence of `Button (First Match)`
    t =   438.57s         Capturing element debug description
    t =   439.42s     Checking `Expect predicate `existsNoRetry == 1` for object Button (First Match)`
    t =   439.42s         Checking existence of `Button (First Match)`
    t =   439.55s         Capturing element debug description
    t =   440.40s     Checking `Expect predicate `existsNoRetry == 1` for object Button (First Match)`
    t =   440.40s         Checking existence of `Button (First Match)`
    t =   440.53s         Capturing element debug description
    t =   441.47s     Checking `Expect predicate `existsNoRetry == 1` for object Button (First Match)`
    t =   441.47s         Checking existence of `Button (First Match)`
    t =   441.61s         Capturing element debug description
    t =   442.46s     Checking `Expect predicate `existsNoRetry == 1` for object Button (First Match)`
    t =   442.46s         Checking existence of `Button (First Match)`
    t =   442.61s         Capturing element debug description
    t =   443.45s     Checking `Expect predicate `existsNoRetry == 1` for object Button (First Match)`
    t =   443.45s         Checking existence of `Button (First Match)`
    t =   443.58s         Capturing element debug description
    t =   444.41s     Checking `Expect predicate `existsNoRetry == 1` for object Button (First Match)`
    t =   444.41s         Checking existence of `Button (First Match)`
    t =   444.54s         Capturing element debug description
    t =   445.47s     Checking `Expect predicate `existsNoRetry == 1` for object Button (First Match)`
    t =   445.47s         Checking existence of `Button (First Match)`
    t =   445.60s         Capturing element debug description
    t =   446.44s     Checking `Expect predicate `existsNoRetry == 1` for object Button (First Match)`
    t =   446.44s         Checking existence of `Button (First Match)`
    t =   446.57s         Capturing element debug description
    t =   447.40s     Checking `Expect predicate `existsNoRetry == 1` for object Button (First Match)`
    t =   447.40s         Checking existence of `Button (First Match)`
    t =   447.54s         Capturing element debug description
    t =   448.47s     Checking `Expect predicate `existsNoRetry == 1` for object Button (First Match)`
    t =   448.47s         Checking existence of `Button (First Match)`
    t =   448.60s         Capturing element debug description
    t =   449.44s     Checking `Expect predicate `existsNoRetry == 1` for object Button (First Match)`
    t =   449.44s         Checking existence of `Button (First Match)`
    t =   449.58s         Capturing element debug description
    t =   450.41s     Checking `Expect predicate `existsNoRetry == 1` for object Button (First Match)`
    t =   450.41s         Checking existence of `Button (First Match)`
    t =   450.53s         Capturing element debug description
    t =   451.47s     Checking `Expect predicate `existsNoRetry == 1` for object Button (First Match)`
    t =   451.47s         Checking existence of `Button (First Match)`
    t =   451.60s         Capturing element debug description
    t =   452.43s     Checking `Expect predicate `existsNoRetry == 1` for object Button (First Match)`
    t =   452.44s         Checking existence of `Button (First Match)`
    t =   452.58s         Capturing element debug description
    t =   453.45s     Checking `Expect predicate `existsNoRetry == 1` for object Button (First Match)`
    t =   453.45s         Checking existence of `Button (First Match)`
    t =   453.60s         Capturing element debug description
    t =   454.44s     Checking `Expect predicate `existsNoRetry == 1` for object Button (First Match)`
    t =   454.44s         Checking existence of `Button (First Match)`
    t =   454.59s         Capturing element debug description
    t =   455.43s     Checking `Expect predicate `existsNoRetry == 1` for object Button (First Match)`
    t =   455.44s         Checking existence of `Button (First Match)`
    t =   455.57s         Capturing element debug description
    t =   456.40s     Checking `Expect predicate `existsNoRetry == 1` for object Button (First Match)`
    t =   456.41s         Checking existence of `Button (First Match)`
    t =   456.53s         Capturing element debug description
    t =   457.40s     Checking `Expect predicate `existsNoRetry == 1` for object Button (First Match)`
    t =   457.40s         Checking existence of `Button (First Match)`
    t =   457.53s         Capturing element debug description
    t =   457.53s     Checking existence of `Button (First Match)`
    t =   457.66s Collecting debug information to assist test failure triage
    t =   457.66s     Requesting snapshot of accessibility hierarchy for app with pid 54452
    t =   457.70s Get number of matches for: Elements matching predicate 'identifier == "Server Fixture Two" OR label == "Server Fixture Two"'
    t =   457.73s Get number of matches for: Elements matching predicate 'identifier == "Server Fixture Two" OR label == "Server Fixture Two"'
    t =   457.75s Checking existence of `Button (Element at index 0)`
    t =   457.78s Find the Button (Element at index 0)
    t =   457.81s Waiting 15.0s for "switcher-server-c35cb408-11fd-4848-ac1b-c76738ffd322" Button to exist
    t =   458.85s     Checking `Expect predicate `existsNoRetry == 1` for object "switcher-server-c35cb408-11fd-4848-ac1b-c76738ffd322" Button`
    t =   458.85s         Checking existence of `"switcher-server-c35cb408-11fd-4848-ac1b-c76738ffd322" Button`
    t =   458.89s Checking existence of `"switcher-server-c35cb408-11fd-4848-ac1b-c76738ffd322" Button`
    t =   458.91s Find the "switcher-server-c35cb408-11fd-4848-ac1b-c76738ffd322" Button
    t =   458.95s Tap "switcher-server-c35cb408-11fd-4848-ac1b-c76738ffd322" Button
    t =   458.95s     Wait for dev.meeterm.app to idle
    t =   458.96s     Find the "switcher-server-c35cb408-11fd-4848-ac1b-c76738ffd322" Button
    t =   458.98s     Check for interrupting elements affecting "switcher-server-c35cb408-11fd-4848-ac1b-c76738ffd322" Button
    t =   459.01s     Synthesize event
    t =   459.31s     Wait for dev.meeterm.app to idle
    t =   460.03s Waiting 20.0s for Alert (First Match) to exist
    t =   461.08s     Checking `Expect predicate `existsNoRetry == 1` for object Alert (First Match)`
    t =   461.09s         Checking existence of `Alert (First Match)`
    t =   461.21s         Capturing element debug description
    t =   462.07s     Checking `Expect predicate `existsNoRetry == 1` for object Alert (First Match)`
    t =   462.07s         Checking existence of `Alert (First Match)`
    t =   462.22s         Capturing element debug description
    t =   463.05s     Checking `Expect predicate `existsNoRetry == 1` for object Alert (First Match)`
    t =   463.05s         Checking existence of `Alert (First Match)`
    t =   463.16s         Capturing element debug description
    t =   464.10s     Checking `Expect predicate `existsNoRetry == 1` for object Alert (First Match)`
    t =   464.11s         Checking existence of `Alert (First Match)`
    t =   464.23s         Capturing element debug description
    t =   465.07s     Checking `Expect predicate `existsNoRetry == 1` for object Alert (First Match)`
    t =   465.07s         Checking existence of `Alert (First Match)`
    t =   465.18s         Capturing element debug description
    t =   466.03s     Checking `Expect predicate `existsNoRetry == 1` for object Alert (First Match)`
    t =   466.03s         Checking existence of `Alert (First Match)`
    t =   466.14s         Capturing element debug description
    t =   467.09s     Checking `Expect predicate `existsNoRetry == 1` for object Alert (First Match)`
    t =   467.09s         Checking existence of `Alert (First Match)`
    t =   467.21s         Capturing element debug description
    t =   468.05s     Checking `Expect predicate `existsNoRetry == 1` for object Alert (First Match)`
    t =   468.05s         Checking existence of `Alert (First Match)`
    t =   468.20s         Capturing element debug description
    t =   469.05s     Checking `Expect predicate `existsNoRetry == 1` for object Alert (First Match)`
    t =   469.05s         Checking existence of `Alert (First Match)`
    t =   469.17s         Capturing element debug description
    t =   470.03s     Checking `Expect predicate `existsNoRetry == 1` for object Alert (First Match)`
    t =   470.04s         Checking existence of `Alert (First Match)`
    t =   470.17s         Capturing element debug description
    t =   471.12s     Checking `Expect predicate `existsNoRetry == 1` for object Alert (First Match)`
    t =   471.12s         Checking existence of `Alert (First Match)`
    t =   471.23s         Capturing element debug description
    t =   472.09s     Checking `Expect predicate `existsNoRetry == 1` for object Alert (First Match)`
    t =   472.09s         Checking existence of `Alert (First Match)`
    t =   472.20s         Capturing element debug description
    t =   473.04s     Checking `Expect predicate `existsNoRetry == 1` for object Alert (First Match)`
    t =   473.04s         Checking existence of `Alert (First Match)`
    t =   473.17s         Capturing element debug description
    t =   474.04s     Checking `Expect predicate `existsNoRetry == 1` for object Alert (First Match)`
    t =   474.04s         Checking existence of `Alert (First Match)`
    t =   474.19s         Capturing element debug description
    t =   475.05s     Checking `Expect predicate `existsNoRetry == 1` for object Alert (First Match)`
    t =   475.05s         Checking existence of `Alert (First Match)`
    t =   475.21s         Capturing element debug description
    t =   476.04s     Checking `Expect predicate `existsNoRetry == 1` for object Alert (First Match)`
    t =   476.04s         Checking existence of `Alert (First Match)`
    t =   476.17s         Capturing element debug description
    t =   477.04s     Checking `Expect predicate `existsNoRetry == 1` for object Alert (First Match)`
    t =   477.04s         Checking existence of `Alert (First Match)`
    t =   477.15s         Capturing element debug description
    t =   478.11s     Checking `Expect predicate `existsNoRetry == 1` for object Alert (First Match)`
    t =   478.11s         Checking existence of `Alert (First Match)`
    t =   478.22s         Capturing element debug description
    t =   479.07s     Checking `Expect predicate `existsNoRetry == 1` for object Alert (First Match)`
    t =   479.07s         Checking existence of `Alert (First Match)`
    t =   479.19s         Capturing element debug description
    t =   480.04s     Checking `Expect predicate `existsNoRetry == 1` for object Alert (First Match)`
    t =   480.04s         Checking existence of `Alert (First Match)`
    t =   480.18s         Capturing element debug description
    t =   480.18s     Checking existence of `Alert (First Match)`
    t =   480.29s Collecting debug information to assist test failure triage
    t =   480.29s     Requesting snapshot of accessibility hierarchy for app with pid 54452
    t =   480.33s Waiting 60.0s for Button (First Match) to exist
    t =   481.37s     Checking `Expect predicate `existsNoRetry == 1` for object Button (First Match)`
    t =   481.37s         Checking existence of `Button (First Match)`
    t =   481.45s Checking existence of `Button (First Match)`
    t =   481.50s Find the Button (First Match)
    t =   482.62s Find the "runtime-row-tmux-runtime-6-1-tmux-0" Button
    t =   482.68s Tap "runtime-row-tmux-runtime-6-1-tmux-0" Button
    t =   482.68s     Wait for dev.meeterm.app to idle
    t =   482.68s     Find the "runtime-row-tmux-runtime-6-1-tmux-0" Button
    t =   482.73s     Check for interrupting elements affecting "runtime-row-tmux-runtime-6-1-tmux-0" Button
    t =   482.76s     Synthesize event
    t =   483.06s     Wait for dev.meeterm.app to idle
    t =   484.19s Get number of matches for: Elements matching predicate 'identifier == "Close session switcher" OR label == "Close session switcher"'
    t =   484.21s Checking existence of `"Close session switcher" Any`
    t =   484.22s Get all elements bound by index for: Elements matching predicate 'identifier == "Terminal" OR label == "Terminal" OR label == "Terminal, cached output, read only"'
    t =   484.49s Get all elements bound by index for: Elements matching predicate 'identifier == "Terminal" OR label == "Terminal" OR label == "Terminal, cached output, read only"'
    t =   484.77s Get all elements bound by index for: Elements matching predicate 'identifier == "Terminal" OR label == "Terminal" OR label == "Terminal, cached output, read only"'
    t =   485.05s Get all elements bound by index for: Elements matching predicate 'identifier == "Terminal" OR label == "Terminal" OR label == "Terminal, cached output, read only"'
    t =   485.35s Get all elements bound by index for: Elements matching predicate 'identifier == "Terminal" OR label == "Terminal" OR label == "Terminal, cached output, read only"'
    t =   485.63s Get all elements bound by index for: Elements matching predicate 'identifier == "Terminal" OR label == "Terminal" OR label == "Terminal, cached output, read only"'
    t =   485.92s Get all elements bound by index for: Elements matching predicate 'identifier == "Terminal" OR label == "Terminal" OR label == "Terminal, cached output, read only"'
    t =   486.20s Get all elements bound by index for: Elements matching predicate 'identifier == "Terminal" OR label == "Terminal" OR label == "Terminal, cached output, read only"'
    t =   486.50s Get all elements bound by index for: Elements matching predicate 'identifier == "Terminal" OR label == "Terminal" OR label == "Terminal, cached output, read only"'
    t =   486.79s Get all elements bound by index for: Elements matching predicate 'identifier == "Terminal" OR label == "Terminal" OR label == "Terminal, cached output, read only"'
    t =   487.06s Get all elements bound by index for: Elements matching predicate 'identifier == "Terminal" OR label == "Terminal" OR label == "Terminal, cached output, read only"'
    t =   487.35s Get all elements bound by index for: Elements matching predicate 'identifier == "Terminal" OR label == "Terminal" OR label == "Terminal, cached output, read only"'
    t =   487.63s Get all elements bound by index for: Elements matching predicate 'identifier == "Terminal" OR label == "Terminal" OR label == "Terminal, cached output, read only"'
    t =   487.92s Get all elements bound by index for: Elements matching predicate 'identifier == "Terminal" OR label == "Terminal" OR label == "Terminal, cached output, read only"'
    t =   488.19s Get all elements bound by index for: Elements matching predicate 'identifier == "Terminal" OR label == "Terminal" OR label == "Terminal, cached output, read only"'
    t =   488.49s Get all elements bound by index for: Elements matching predicate 'identifier == "Terminal" OR label == "Terminal" OR label == "Terminal, cached output, read only"'
    t =   488.77s Get all elements bound by index for: Elements matching predicate 'identifier == "Terminal" OR label == "Terminal" OR label == "Terminal, cached output, read only"'
    t =   489.07s Get all elements bound by index for: Elements matching predicate 'identifier == "Terminal" OR label == "Terminal" OR label == "Terminal, cached output, read only"'
    t =   489.34s Get all elements bound by index for: Elements matching predicate 'identifier == "Terminal" OR label == "Terminal" OR label == "Terminal, cached output, read only"'
    t =   489.64s Get all elements bound by index for: Elements matching predicate 'identifier == "Terminal" OR label == "Terminal" OR label == "Terminal, cached output, read only"'
    t =   489.94s Get all elements bound by index for: Elements matching predicate 'identifier == "Terminal" OR label == "Terminal" OR label == "Terminal, cached output, read only"'
    t =   490.24s Get all elements bound by index for: Elements matching predicate 'identifier == "Terminal" OR label == "Terminal" OR label == "Terminal, cached output, read only"'
    t =   490.51s Get all elements bound by index for: Elements matching predicate 'identifier == "Terminal" OR label == "Terminal" OR label == "Terminal, cached output, read only"'
    t =   490.79s Get all elements bound by index for: Elements matching predicate 'identifier == "Terminal" OR label == "Terminal" OR label == "Terminal, cached output, read only"'
    t =   491.09s Get all elements bound by index for: Elements matching predicate 'identifier == "Terminal" OR label == "Terminal" OR label == "Terminal, cached output, read only"'
    t =   491.39s Get all elements bound by index for: Elements matching predicate 'identifier == "Terminal" OR label == "Terminal" OR label == "Terminal, cached output, read only"'
    t =   491.67s Get all elements bound by index for: Elements matching predicate 'identifier == "Terminal" OR label == "Terminal" OR label == "Terminal, cached output, read only"'
    t =   491.96s Get all elements bound by index for: Elements matching predicate 'identifier == "Terminal" OR label == "Terminal" OR label == "Terminal, cached output, read only"'
    t =   492.23s Get all elements bound by index for: Elements matching predicate 'identifier == "Terminal" OR label == "Terminal" OR label == "Terminal, cached output, read only"'
    t =   492.51s Get all elements bound by index for: Elements matching predicate 'identifier == "Terminal" OR label == "Terminal" OR label == "Terminal, cached output, read only"'
    t =   492.79s Get all elements bound by index for: Elements matching predicate 'identifier == "Terminal" OR label == "Terminal" OR label == "Terminal, cached output, read only"'
    t =   493.07s Get all elements bound by index for: Elements matching predicate 'identifier == "Terminal" OR label == "Terminal" OR label == "Terminal, cached output, read only"'
    t =   493.36s Get all elements bound by index for: Elements matching predicate 'identifier == "Terminal" OR label == "Terminal" OR label == "Terminal, cached output, read only"'
    t =   493.65s Get all elements bound by index for: Elements matching predicate 'identifier == "Terminal" OR label == "Terminal" OR label == "Terminal, cached output, read only"'
    t =   493.94s Get all elements bound by index for: Elements matching predicate 'identifier == "Terminal" OR label == "Terminal" OR label == "Terminal, cached output, read only"'
    t =   494.21s Get all elements bound by index for: Elements matching predicate 'identifier == "Terminal" OR label == "Terminal" OR label == "Terminal, cached output, read only"'
    t =   494.49s Get all elements bound by index for: Elements matching predicate 'identifier == "Terminal" OR label == "Terminal" OR label == "Terminal, cached output, read only"'
    t =   494.78s Get all elements bound by index for: Elements matching predicate 'identifier == "Terminal" OR label == "Terminal" OR label == "Terminal, cached output, read only"'
    t =   495.07s Get all elements bound by index for: Elements matching predicate 'identifier == "Terminal" OR label == "Terminal" OR label == "Terminal, cached output, read only"'
    t =   495.34s Get all elements bound by index for: Elements matching predicate 'identifier == "Terminal" OR label == "Terminal" OR label == "Terminal, cached output, read only"'
    t =   495.62s Get all elements bound by index for: Elements matching predicate 'identifier == "Terminal" OR label == "Terminal" OR label == "Terminal, cached output, read only"'
    t =   495.89s Get all elements bound by index for: Elements matching predicate 'identifier == "Terminal" OR label == "Terminal" OR label == "Terminal, cached output, read only"'
    t =   496.17s Get all elements bound by index for: Elements matching predicate 'identifier == "Terminal" OR label == "Terminal" OR label == "Terminal, cached output, read only"'
    t =   496.44s Get all elements bound by index for: Elements matching predicate 'identifier == "Terminal" OR label == "Terminal" OR label == "Terminal, cached output, read only"'
    t =   496.71s Get all elements bound by index for: Elements matching predicate 'identifier == "Terminal" OR label == "Terminal" OR label == "Terminal, cached output, read only"'
    t =   496.99s Get all elements bound by index for: Elements matching predicate 'identifier == "Terminal" OR label == "Terminal" OR label == "Terminal, cached output, read only"'
    t =   497.29s Get all elements bound by index for: Elements matching predicate 'identifier == "Terminal" OR label == "Terminal" OR label == "Terminal, cached output, read only"'
    t =   497.58s Get all elements bound by index for: Elements matching predicate 'identifier == "Terminal" OR label == "Terminal" OR label == "Terminal, cached output, read only"'
    t =   497.85s Get all elements bound by index for: Elements matching predicate 'identifier == "Terminal" OR label == "Terminal" OR label == "Terminal, cached output, read only"'
    t =   498.14s Get all elements bound by index for: Elements matching predicate 'identifier == "Terminal" OR label == "Terminal" OR label == "Terminal, cached output, read only"'
    t =   498.43s Get all elements bound by index for: Elements matching predicate 'identifier == "Terminal" OR label == "Terminal" OR label == "Terminal, cached output, read only"'
    t =   498.75s Get all elements bound by index for: Elements matching predicate 'identifier == "Terminal" OR label == "Terminal" OR label == "Terminal, cached output, read only"'
    t =   499.02s Get all elements bound by index for: Elements matching predicate 'identifier == "Terminal" OR label == "Terminal" OR label == "Terminal, cached output, read only"'
    t =   499.29s Get all elements bound by index for: Elements matching predicate 'identifier == "Terminal" OR label == "Terminal" OR label == "Terminal, cached output, read only"'
    t =   499.56s Get all elements bound by index for: Elements matching predicate 'identifier == "Terminal" OR label == "Terminal" OR label == "Terminal, cached output, read only"'
    t =   499.84s Get all elements bound by index for: Elements matching predicate 'identifier == "Terminal" OR label == "Terminal" OR label == "Terminal, cached output, read only"'
    t =   500.11s Get all elements bound by index for: Elements matching predicate 'identifier == "Terminal" OR label == "Terminal" OR label == "Terminal, cached output, read only"'
    t =   500.38s Get all elements bound by index for: Elements matching predicate 'identifier == "Terminal" OR label == "Terminal" OR label == "Terminal, cached output, read only"'
    t =   500.65s Get all elements bound by index for: Elements matching predicate 'identifier == "Terminal" OR label == "Terminal" OR label == "Terminal, cached output, read only"'
    t =   500.93s Get all elements bound by index for: Elements matching predicate 'identifier == "Terminal" OR label == "Terminal" OR label == "Terminal, cached output, read only"'
    t =   501.21s Get all elements bound by index for: Elements matching predicate 'identifier == "Terminal" OR label == "Terminal" OR label == "Terminal, cached output, read only"'
    t =   501.48s Get all elements bound by index for: Elements matching predicate 'identifier == "Terminal" OR label == "Terminal" OR label == "Terminal, cached output, read only"'
    t =   501.75s Get all elements bound by index for: Elements matching predicate 'identifier == "Terminal" OR label == "Terminal" OR label == "Terminal, cached output, read only"'
    t =   502.02s Get all elements bound by index for: Elements matching predicate 'identifier == "Terminal" OR label == "Terminal" OR label == "Terminal, cached output, read only"'
    t =   502.30s Get all elements bound by index for: Elements matching predicate 'identifier == "Terminal" OR label == "Terminal" OR label == "Terminal, cached output, read only"'
    t =   502.57s Get all elements bound by index for: Elements matching predicate 'identifier == "Terminal" OR label == "Terminal" OR label == "Terminal, cached output, read only"'
    t =   502.85s Get all elements bound by index for: Elements matching predicate 'identifier == "Terminal" OR label == "Terminal" OR label == "Terminal, cached output, read only"'
    t =   503.12s Get all elements bound by index for: Elements matching predicate 'identifier == "Terminal" OR label == "Terminal" OR label == "Terminal, cached output, read only"'
    t =   503.40s Get all elements bound by index for: Elements matching predicate 'identifier == "Terminal" OR label == "Terminal" OR label == "Terminal, cached output, read only"'
    t =   503.67s Get all elements bound by index for: Elements matching predicate 'identifier == "Terminal" OR label == "Terminal" OR label == "Terminal, cached output, read only"'
    t =   503.93s Get all elements bound by index for: Elements matching predicate 'identifier == "Terminal" OR label == "Terminal" OR label == "Terminal, cached output, read only"'
    t =   504.21s Get all elements bound by index for: Elements matching predicate 'identifier == "Terminal" OR label == "Terminal" OR label == "Terminal, cached output, read only"'
    t =   504.47s Get all elements bound by index for: Elements matching predicate 'identifier == "Terminal" OR label == "Terminal" OR label == "Terminal, cached output, read only"'
    t =   504.74s Get all elements bound by index for: Elements matching predicate 'identifier == "Terminal" OR label == "Terminal" OR label == "Terminal, cached output, read only"'
    t =   505.02s Get all elements bound by index for: Elements matching predicate 'identifier == "Terminal" OR label == "Terminal" OR label == "Terminal, cached output, read only"'
    t =   505.30s Get all elements bound by index for: Elements matching predicate 'identifier == "Terminal" OR label == "Terminal" OR label == "Terminal, cached output, read only"'
    t =   505.58s Get all elements bound by index for: Elements matching predicate 'identifier == "Terminal" OR label == "Terminal" OR label == "Terminal, cached output, read only"'
    t =   505.86s Get all elements bound by index for: Elements matching predicate 'identifier == "Terminal" OR label == "Terminal" OR label == "Terminal, cached output, read only"'
    t =   506.14s Get all elements bound by index for: Elements matching predicate 'identifier == "Terminal" OR label == "Terminal" OR label == "Terminal, cached output, read only"'
    t =   506.40s Get all elements bound by index for: Elements matching predicate 'identifier == "Terminal" OR label == "Terminal" OR label == "Terminal, cached output, read only"'
    t =   506.68s Get all elements bound by index for: Elements matching predicate 'identifier == "Terminal" OR label == "Terminal" OR label == "Terminal, cached output, read only"'
    t =   506.95s Get all elements bound by index for: Elements matching predicate 'identifier == "Terminal" OR label == "Terminal" OR label == "Terminal, cached output, read only"'
    t =   507.23s Get all elements bound by index for: Elements matching predicate 'identifier == "Terminal" OR label == "Terminal" OR label == "Terminal, cached output, read only"'
    t =   507.50s Get all elements bound by index for: Elements matching predicate 'identifier == "Terminal" OR label == "Terminal" OR label == "Terminal, cached output, read only"'
    t =   507.78s Get all elements bound by index for: Elements matching predicate 'identifier == "Terminal" OR label == "Terminal" OR label == "Terminal, cached output, read only"'
    t =   508.05s Get all elements bound by index for: Elements matching predicate 'identifier == "Terminal" OR label == "Terminal" OR label == "Terminal, cached output, read only"'
    t =   508.32s Get all elements bound by index for: Elements matching predicate 'identifier == "Terminal" OR label == "Terminal" OR label == "Terminal, cached output, read only"'
    t =   508.59s Get all elements bound by index for: Elements matching predicate 'identifier == "Terminal" OR label == "Terminal" OR label == "Terminal, cached output, read only"'
    t =   508.87s Get all elements bound by index for: Elements matching predicate 'identifier == "Terminal" OR label == "Terminal" OR label == "Terminal, cached output, read only"'
    t =   509.14s Get all elements bound by index for: Elements matching predicate 'identifier == "Terminal" OR label == "Terminal" OR label == "Terminal, cached output, read only"'
    t =   509.40s Get all elements bound by index for: Elements matching predicate 'identifier == "Terminal" OR label == "Terminal" OR label == "Terminal, cached output, read only"'
    t =   509.67s Get all elements bound by index for: Elements matching predicate 'identifier == "Terminal" OR label == "Terminal" OR label == "Terminal, cached output, read only"'
    t =   509.95s Get all elements bound by index for: Elements matching predicate 'identifier == "Terminal" OR label == "Terminal" OR label == "Terminal, cached output, read only"'
    t =   510.22s Get all elements bound by index for: Elements matching predicate 'identifier == "Terminal" OR label == "Terminal" OR label == "Terminal, cached output, read only"'
    t =   510.50s Get all elements bound by index for: Elements matching predicate 'identifier == "Terminal" OR label == "Terminal" OR label == "Terminal, cached output, read only"'
    t =   510.78s Get all elements bound by index for: Elements matching predicate 'identifier == "Terminal" OR label == "Terminal" OR label == "Terminal, cached output, read only"'
    t =   511.05s Get all elements bound by index for: Elements matching predicate 'identifier == "Terminal" OR label == "Terminal" OR label == "Terminal, cached output, read only"'
    t =   511.33s Get all elements bound by index for: Elements matching predicate 'identifier == "Terminal" OR label == "Terminal" OR label == "Terminal, cached output, read only"'
    t =   511.60s Get all elements bound by index for: Elements matching predicate 'identifier == "Terminal" OR label == "Terminal" OR label == "Terminal, cached output, read only"'
    t =   511.87s Get all elements bound by index for: Elements matching predicate 'identifier == "Terminal" OR label == "Terminal" OR label == "Terminal, cached output, read only"'
    t =   512.15s Get all elements bound by index for: Elements matching predicate 'identifier == "Terminal" OR label == "Terminal" OR label == "Terminal, cached output, read only"'
    t =   512.42s Get all elements bound by index for: Elements matching predicate 'identifier == "Terminal" OR label == "Terminal" OR label == "Terminal, cached output, read only"'
    t =   512.69s Get all elements bound by index for: Elements matching predicate 'identifier == "Terminal" OR label == "Terminal" OR label == "Terminal, cached output, read only"'
    t =   512.97s Get all elements bound by index for: Elements matching predicate 'identifier == "Terminal" OR label == "Terminal" OR label == "Terminal, cached output, read only"'
    t =   513.24s Get all elements bound by index for: Elements matching predicate 'identifier == "Terminal" OR label == "Terminal" OR label == "Terminal, cached output, read only"'
    t =   513.51s Get all elements bound by index for: Elements matching predicate 'identifier == "Terminal" OR label == "Terminal" OR label == "Terminal, cached output, read only"'
    t =   513.77s Get all elements bound by index for: Elements matching predicate 'identifier == "Terminal" OR label == "Terminal" OR label == "Terminal, cached output, read only"'
    t =   514.05s Get all elements bound by index for: Elements matching predicate 'identifier == "Terminal" OR label == "Terminal" OR label == "Terminal, cached output, read only"'
    t =   514.33s Get all elements bound by index for: Elements matching predicate 'identifier == "Terminal" OR label == "Terminal" OR label == "Terminal, cached output, read only"'
    t =   514.60s Get all elements bound by index for: Elements matching predicate 'identifier == "Terminal" OR label == "Terminal" OR label == "Terminal, cached output, read only"'
    t =   514.87s Get all elements bound by index for: Elements matching predicate 'identifier == "Terminal" OR label == "Terminal" OR label == "Terminal, cached output, read only"'
    t =   515.14s Get all elements bound by index for: Elements matching predicate 'identifier == "Terminal" OR label == "Terminal" OR label == "Terminal, cached output, read only"'
    t =   515.40s Get all elements bound by index for: Elements matching predicate 'identifier == "Terminal" OR label == "Terminal" OR label == "Terminal, cached output, read only"'
    t =   515.67s Get all elements bound by index for: Elements matching predicate 'identifier == "Terminal" OR label == "Terminal" OR label == "Terminal, cached output, read only"'
    t =   515.94s Get all elements bound by index for: Elements matching predicate 'identifier == "Terminal" OR label == "Terminal" OR label == "Terminal, cached output, read only"'
    t =   516.21s Get all elements bound by index for: Elements matching predicate 'identifier == "Terminal" OR label == "Terminal" OR label == "Terminal, cached output, read only"'
    t =   516.48s Get all elements bound by index for: Elements matching predicate 'identifier == "Terminal" OR label == "Terminal" OR label == "Terminal, cached output, read only"'
    t =   516.75s Get all elements bound by index for: Elements matching predicate 'identifier == "Terminal" OR label == "Terminal" OR label == "Terminal, cached output, read only"'
    t =   517.03s Get all elements bound by index for: Elements matching predicate 'identifier == "Terminal" OR label == "Terminal" OR label == "Terminal, cached output, read only"'
    t =   517.30s Get all elements bound by index for: Elements matching predicate 'identifier == "Terminal" OR label == "Terminal" OR label == "Terminal, cached output, read only"'
    t =   517.58s Get all elements bound by index for: Elements matching predicate 'identifier == "Terminal" OR label == "Terminal" OR label == "Terminal, cached output, read only"'
    t =   517.85s Get all elements bound by index for: Elements matching predicate 'identifier == "Terminal" OR label == "Terminal" OR label == "Terminal, cached output, read only"'
    t =   518.12s Get all elements bound by index for: Elements matching predicate 'identifier == "Terminal" OR label == "Terminal" OR label == "Terminal, cached output, read only"'
    t =   518.39s Get all elements bound by index for: Elements matching predicate 'identifier == "Terminal" OR label == "Terminal" OR label == "Terminal, cached output, read only"'
    t =   518.66s Get all elements bound by index for: Elements matching predicate 'identifier == "Terminal" OR label == "Terminal" OR label == "Terminal, cached output, read only"'
    t =   518.93s Get all elements bound by index for: Elements matching predicate 'identifier == "Terminal" OR label == "Terminal" OR label == "Terminal, cached output, read only"'
    t =   519.20s Get all elements bound by index for: Elements matching predicate 'identifier == "Terminal" OR label == "Terminal" OR label == "Terminal, cached output, read only"'
    t =   519.47s Get all elements bound by index for: Elements matching predicate 'identifier == "Terminal" OR label == "Terminal" OR label == "Terminal, cached output, read only"'
    t =   519.74s Get all elements bound by index for: Elements matching predicate 'identifier == "Terminal" OR label == "Terminal" OR label == "Terminal, cached output, read only"'
    t =   520.00s Get all elements bound by index for: Elements matching predicate 'identifier == "Terminal" OR label == "Terminal" OR label == "Terminal, cached output, read only"'
    t =   520.27s Get all elements bound by index for: Elements matching predicate 'identifier == "Terminal" OR label == "Terminal" OR label == "Terminal, cached output, read only"'
    t =   520.54s Get all elements bound by index for: Elements matching predicate 'identifier == "Terminal" OR label == "Terminal" OR label == "Terminal, cached output, read only"'
    t =   520.81s Get all elements bound by index for: Elements matching predicate 'identifier == "Terminal" OR label == "Terminal" OR label == "Terminal, cached output, read only"'
    t =   521.07s Get all elements bound by index for: Elements matching predicate 'identifier == "Terminal" OR label == "Terminal" OR label == "Terminal, cached output, read only"'
    t =   521.35s Get all elements bound by index for: Elements matching predicate 'identifier == "Terminal" OR label == "Terminal" OR label == "Terminal, cached output, read only"'
    t =   521.62s Get all elements bound by index for: Elements matching predicate 'identifier == "Terminal" OR label == "Terminal" OR label == "Terminal, cached output, read only"'
    t =   521.89s Get all elements bound by index for: Elements matching predicate 'identifier == "Terminal" OR label == "Terminal" OR label == "Terminal, cached output, read only"'
    t =   522.15s Get all elements bound by index for: Elements matching predicate 'identifier == "Terminal" OR label == "Terminal" OR label == "Terminal, cached output, read only"'
    t =   522.42s Get all elements bound by index for: Elements matching predicate 'identifier == "Terminal" OR label == "Terminal" OR label == "Terminal, cached output, read only"'
    t =   522.70s Get all elements bound by index for: Elements matching predicate 'identifier == "Terminal" OR label == "Terminal" OR label == "Terminal, cached output, read only"'
    t =   522.97s Get all elements bound by index for: Elements matching predicate 'identifier == "Terminal" OR label == "Terminal" OR label == "Terminal, cached output, read only"'
    t =   523.24s Get all elements bound by index for: Elements matching predicate 'identifier == "Terminal" OR label == "Terminal" OR label == "Terminal, cached output, read only"'
    t =   523.50s Get all elements bound by index for: Elements matching predicate 'identifier == "Terminal" OR label == "Terminal" OR label == "Terminal, cached output, read only"'
    t =   523.77s Get all elements bound by index for: Elements matching predicate 'identifier == "Terminal" OR label == "Terminal" OR label == "Terminal, cached output, read only"'
    t =   524.04s Get all elements bound by index for: Elements matching predicate 'identifier == "Terminal" OR label == "Terminal" OR label == "Terminal, cached output, read only"'
    t =   524.31s Get all elements bound by index for: Elements matching predicate 'identifier == "Terminal" OR label == "Terminal" OR label == "Terminal, cached output, read only"'
    t =   524.58s Get all elements bound by index for: Elements matching predicate 'identifier == "Terminal" OR label == "Terminal" OR label == "Terminal, cached output, read only"'
    t =   524.85s Get all elements bound by index for: Elements matching predicate 'identifier == "Terminal" OR label == "Terminal" OR label == "Terminal, cached output, read only"'
    t =   525.12s Get all elements bound by index for: Elements matching predicate 'identifier == "Terminal" OR label == "Terminal" OR label == "Terminal, cached output, read only"'
    t =   525.39s Get all elements bound by index for: Elements matching predicate 'identifier == "Terminal" OR label == "Terminal" OR label == "Terminal, cached output, read only"'
    t =   525.66s Get all elements bound by index for: Elements matching predicate 'identifier == "Terminal" OR label == "Terminal" OR label == "Terminal, cached output, read only"'
    t =   525.94s Get all elements bound by index for: Elements matching predicate 'identifier == "Terminal" OR label == "Terminal" OR label == "Terminal, cached output, read only"'
    t =   526.20s Get all elements bound by index for: Elements matching predicate 'identifier == "Terminal" OR label == "Terminal" OR label == "Terminal, cached output, read only"'
    t =   526.47s Get all elements bound by index for: Elements matching predicate 'identifier == "Terminal" OR label == "Terminal" OR label == "Terminal, cached output, read only"'
    t =   526.74s Get all elements bound by index for: Elements matching predicate 'identifier == "Terminal" OR label == "Terminal" OR label == "Terminal, cached output, read only"'
    t =   527.01s Get all elements bound by index for: Elements matching predicate 'identifier == "Terminal" OR label == "Terminal" OR label == "Terminal, cached output, read only"'
    t =   527.28s Get all elements bound by index for: Elements matching predicate 'identifier == "Terminal" OR label == "Terminal" OR label == "Terminal, cached output, read only"'
    t =   527.55s Get all elements bound by index for: Elements matching predicate 'identifier == "Terminal" OR label == "Terminal" OR label == "Terminal, cached output, read only"'
    t =   527.83s Get all elements bound by index for: Elements matching predicate 'identifier == "Terminal" OR label == "Terminal" OR label == "Terminal, cached output, read only"'
    t =   528.10s Get all elements bound by index for: Elements matching predicate 'identifier == "Terminal" OR label == "Terminal" OR label == "Terminal, cached output, read only"'
    t =   528.38s Get all elements bound by index for: Elements matching predicate 'identifier == "Terminal" OR label == "Terminal" OR label == "Terminal, cached output, read only"'
    t =   528.65s Get all elements bound by index for: Elements matching predicate 'identifier == "Terminal" OR label == "Terminal" OR label == "Terminal, cached output, read only"'
    t =   528.93s Get all elements bound by index for: Elements matching predicate 'identifier == "Terminal" OR label == "Terminal" OR label == "Terminal, cached output, read only"'
    t =   529.20s Get all elements bound by index for: Elements matching predicate 'identifier == "Terminal" OR label == "Terminal" OR label == "Terminal, cached output, read only"'
    t =   529.47s Get all elements bound by index for: Elements matching predicate 'identifier == "Terminal" OR label == "Terminal" OR label == "Terminal, cached output, read only"'
    t =   529.74s Get all elements bound by index for: Elements matching predicate 'identifier == "Terminal" OR label == "Terminal" OR label == "Terminal, cached output, read only"'
    t =   530.01s Get all elements bound by index for: Elements matching predicate 'identifier == "Terminal" OR label == "Terminal" OR label == "Terminal, cached output, read only"'
    t =   530.28s Get all elements bound by index for: Elements matching predicate 'identifier == "Terminal" OR label == "Terminal" OR label == "Terminal, cached output, read only"'
    t =   530.55s Get all elements bound by index for: Elements matching predicate 'identifier == "Terminal" OR label == "Terminal" OR label == "Terminal, cached output, read only"'
    t =   530.82s Get all elements bound by index for: Elements matching predicate 'identifier == "Terminal" OR label == "Terminal" OR label == "Terminal, cached output, read only"'
    t =   531.10s Get all elements bound by index for: Elements matching predicate 'identifier == "Terminal" OR label == "Terminal" OR label == "Terminal, cached output, read only"'
    t =   531.38s Get all elements bound by index for: Elements matching predicate 'identifier == "Terminal" OR label == "Terminal" OR label == "Terminal, cached output, read only"'
    t =   531.65s Get all elements bound by index for: Elements matching predicate 'identifier == "Terminal" OR label == "Terminal" OR label == "Terminal, cached output, read only"'
    t =   531.92s Get all elements bound by index for: Elements matching predicate 'identifier == "Terminal" OR label == "Terminal" OR label == "Terminal, cached output, read only"'
    t =   532.20s Get all elements bound by index for: Elements matching predicate 'identifier == "Terminal" OR label == "Terminal" OR label == "Terminal, cached output, read only"'
    t =   532.48s Get all elements bound by index for: Elements matching predicate 'identifier == "Terminal" OR label == "Terminal" OR label == "Terminal, cached output, read only"'
    t =   532.75s Get all elements bound by index for: Elements matching predicate 'identifier == "Terminal" OR label == "Terminal" OR label == "Terminal, cached output, read only"'
    t =   533.02s Get all elements bound by index for: Elements matching predicate 'identifier == "Terminal" OR label == "Terminal" OR label == "Terminal, cached output, read only"'
    t =   533.29s Get all elements bound by index for: Elements matching predicate 'identifier == "Terminal" OR label == "Terminal" OR label == "Terminal, cached output, read only"'
    t =   533.56s Get all elements bound by index for: Elements matching predicate 'identifier == "Terminal" OR label == "Terminal" OR label == "Terminal, cached output, read only"'
    t =   533.84s Get all elements bound by index for: Elements matching predicate 'identifier == "Terminal" OR label == "Terminal" OR label == "Terminal, cached output, read only"'
    t =   534.10s Get all elements bound by index for: Elements matching predicate 'identifier == "Terminal" OR label == "Terminal" OR label == "Terminal, cached output, read only"'
    t =   534.38s Get all elements bound by index for: Elements matching predicate 'identifier == "Terminal" OR label == "Terminal" OR label == "Terminal, cached output, read only"'
    t =   534.65s Get all elements bound by index for: Elements matching predicate 'identifier == "Terminal" OR label == "Terminal" OR label == "Terminal, cached output, read only"'
    t =   534.92s Get all elements bound by index for: Elements matching predicate 'identifier == "Terminal" OR label == "Terminal" OR label == "Terminal, cached output, read only"'
    t =   535.19s Get all elements bound by index for: Elements matching predicate 'identifier == "Terminal" OR label == "Terminal" OR label == "Terminal, cached output, read only"'
    t =   535.46s Get all elements bound by index for: Elements matching predicate 'identifier == "Terminal" OR label == "Terminal" OR label == "Terminal, cached output, read only"'
    t =   535.73s Get all elements bound by index for: Elements matching predicate 'identifier == "Terminal" OR label == "Terminal" OR label == "Terminal, cached output, read only"'
    t =   536.00s Get all elements bound by index for: Elements matching predicate 'identifier == "Terminal" OR label == "Terminal" OR label == "Terminal, cached output, read only"'
    t =   536.27s Get all elements bound by index for: Elements matching predicate 'identifier == "Terminal" OR label == "Terminal" OR label == "Terminal, cached output, read only"'
    t =   536.54s Get all elements bound by index for: Elements matching predicate 'identifier == "Terminal" OR label == "Terminal" OR label == "Terminal, cached output, read only"'
    t =   536.80s Get all elements bound by index for: Elements matching predicate 'identifier == "Terminal" OR label == "Terminal" OR label == "Terminal, cached output, read only"'
    t =   537.07s Get all elements bound by index for: Elements matching predicate 'identifier == "Terminal" OR label == "Terminal" OR label == "Terminal, cached output, read only"'
    t =   537.34s Get all elements bound by index for: Elements matching predicate 'identifier == "Terminal" OR label == "Terminal" OR label == "Terminal, cached output, read only"'
    t =   537.61s Get all elements bound by index for: Elements matching predicate 'identifier == "Terminal" OR label == "Terminal" OR label == "Terminal, cached output, read only"'
    t =   537.88s Get all elements bound by index for: Elements matching predicate 'identifier == "Terminal" OR label == "Terminal" OR label == "Terminal, cached output, read only"'
    t =   538.15s Get all elements bound by index for: Elements matching predicate 'identifier == "Terminal" OR label == "Terminal" OR label == "Terminal, cached output, read only"'
    t =   538.42s Get all elements bound by index for: Elements matching predicate 'identifier == "Terminal" OR label == "Terminal" OR label == "Terminal, cached output, read only"'
    t =   538.69s Get all elements bound by index for: Elements matching predicate 'identifier == "Terminal" OR label == "Terminal" OR label == "Terminal, cached output, read only"'
    t =   538.96s Get all elements bound by index for: Elements matching predicate 'identifier == "Terminal" OR label == "Terminal" OR label == "Terminal, cached output, read only"'
    t =   539.23s Get all elements bound by index for: Elements matching predicate 'identifier == "Terminal" OR label == "Terminal" OR label == "Terminal, cached output, read only"'
    t =   539.50s Get all elements bound by index for: Elements matching predicate 'identifier == "Terminal" OR label == "Terminal" OR label == "Terminal, cached output, read only"'
    t =   539.79s Get all elements bound by index for: Elements matching predicate 'identifier == "Terminal" OR label == "Terminal" OR label == "Terminal, cached output, read only"'
    t =   540.05s Get all elements bound by index for: Elements matching predicate 'identifier == "Terminal" OR label == "Terminal" OR label == "Terminal, cached output, read only"'
    t =   540.32s Get all elements bound by index for: Elements matching predicate 'identifier == "Terminal" OR label == "Terminal" OR label == "Terminal, cached output, read only"'
    t =   540.60s Get all elements bound by index for: Elements matching predicate 'identifier == "Terminal" OR label == "Terminal" OR label == "Terminal, cached output, read only"'
    t =   540.89s Get all elements bound by index for: Elements matching predicate 'identifier == "Terminal" OR label == "Terminal" OR label == "Terminal, cached output, read only"'
    t =   541.18s Get all elements bound by index for: Elements matching predicate 'identifier == "Terminal" OR label == "Terminal" OR label == "Terminal, cached output, read only"'
    t =   541.46s Get all elements bound by index for: Elements matching predicate 'identifier == "Terminal" OR label == "Terminal" OR label == "Terminal, cached output, read only"'
    t =   541.74s Get all elements bound by index for: Elements matching predicate 'identifier == "Terminal" OR label == "Terminal" OR label == "Terminal, cached output, read only"'
    t =   542.04s Get all elements bound by index for: Elements matching predicate 'identifier == "Terminal" OR label == "Terminal" OR label == "Terminal, cached output, read only"'
    t =   542.33s Get all elements bound by index for: Elements matching predicate 'identifier == "Terminal" OR label == "Terminal" OR label == "Terminal, cached output, read only"'
    t =   542.60s Get all elements bound by index for: Elements matching predicate 'identifier == "Terminal" OR label == "Terminal" OR label == "Terminal, cached output, read only"'
    t =   542.88s Get all elements bound by index for: Elements matching predicate 'identifier == "Terminal" OR label == "Terminal" OR label == "Terminal, cached output, read only"'
    t =   543.15s Get all elements bound by index for: Elements matching predicate 'identifier == "Terminal" OR label == "Terminal" OR label == "Terminal, cached output, read only"'
    t =   543.42s Get all elements bound by index for: Elements matching predicate 'identifier == "Terminal" OR label == "Terminal" OR label == "Terminal, cached output, read only"'
    t =   543.69s Get all elements bound by index for: Elements matching predicate 'identifier == "Terminal" OR label == "Terminal" OR label == "Terminal, cached output, read only"'
    t =   543.97s Get all elements bound by index for: Elements matching predicate 'identifier == "Terminal" OR label == "Terminal" OR label == "Terminal, cached output, read only"'
    t =   544.27s Get all elements bound by index for: Elements matching predicate 'identifier == "Terminal" OR label == "Terminal" OR label == "Terminal, cached output, read only"'
    t =   544.32s Get number of matches for: Elements matching predicate 'identifier BEGINSWITH "workspace-row-" AND label BEGINSWITH "Workspace "'
    t =   544.34s Find the Button (Element at index 0)
    t =   544.35s Get all elements bound by index for: Elements matching predicate 'identifier == "Terminal" OR label == "Terminal" OR label == "Terminal, cached output, read only"'
    t =   544.62s Get all elements bound by index for: Elements matching predicate 'identifier == "Terminal" OR label == "Terminal" OR label == "Terminal, cached output, read only"'
    t =   544.89s Get all elements bound by index for: Elements matching predicate 'identifier == "Terminal" OR label == "Terminal" OR label == "Terminal, cached output, read only"'
    t =   545.16s Get all elements bound by index for: Elements matching predicate 'identifier == "Terminal" OR label == "Terminal" OR label == "Terminal, cached output, read only"'
    t =   545.44s Get all elements bound by index for: Elements matching predicate 'identifier == "Terminal" OR label == "Terminal" OR label == "Terminal, cached output, read only"'
    t =   545.73s Get all elements bound by index for: Elements matching predicate 'identifier == "Terminal" OR label == "Terminal" OR label == "Terminal, cached output, read only"'
    t =   546.02s Get all elements bound by index for: Elements matching predicate 'identifier == "Terminal" OR label == "Terminal" OR label == "Terminal, cached output, read only"'
    t =   546.29s Get all elements bound by index for: Elements matching predicate 'identifier == "Terminal" OR label == "Terminal" OR label == "Terminal, cached output, read only"'
    t =   546.57s Get all elements bound by index for: Elements matching predicate 'identifier == "Terminal" OR label == "Terminal" OR label == "Terminal, cached output, read only"'
    t =   546.85s Get all elements bound by index for: Elements matching predicate 'identifier == "Terminal" OR label == "Terminal" OR label == "Terminal, cached output, read only"'
    t =   547.12s Get all elements bound by index for: Elements matching predicate 'identifier == "Terminal" OR label == "Terminal" OR label == "Terminal, cached output, read only"'
    t =   547.39s Get all elements bound by index for: Elements matching predicate 'identifier == "Terminal" OR label == "Terminal" OR label == "Terminal, cached output, read only"'
    t =   547.65s Get all elements bound by index for: Elements matching predicate 'identifier == "Terminal" OR label == "Terminal" OR label == "Terminal, cached output, read only"'
    t =   547.93s Get all elements bound by index for: Elements matching predicate 'identifier == "Terminal" OR label == "Terminal" OR label == "Terminal, cached output, read only"'
    t =   548.21s Get all elements bound by index for: Elements matching predicate 'identifier == "Terminal" OR label == "Terminal" OR label == "Terminal, cached output, read only"'
    t =   548.48s Get all elements bound by index for: Elements matching predicate 'identifier == "Terminal" OR label == "Terminal" OR label == "Terminal, cached output, read only"'
    t =   548.76s Get all elements bound by index for: Elements matching predicate 'identifier == "Terminal" OR label == "Terminal" OR label == "Terminal, cached output, read only"'
    t =   549.04s Get all elements bound by index for: Elements matching predicate 'identifier == "Terminal" OR label == "Terminal" OR label == "Terminal, cached output, read only"'
    t =   549.32s Get all elements bound by index for: Elements matching predicate 'identifier == "Terminal" OR label == "Terminal" OR label == "Terminal, cached output, read only"'
    t =   549.61s Get all elements bound by index for: Elements matching predicate 'identifier == "Terminal" OR label == "Terminal" OR label == "Terminal, cached output, read only"'
    t =   549.89s Get all elements bound by index for: Elements matching predicate 'identifier == "Terminal" OR label == "Terminal" OR label == "Terminal, cached output, read only"'
    t =   550.16s Get all elements bound by index for: Elements matching predicate 'identifier == "Terminal" OR label == "Terminal" OR label == "Terminal, cached output, read only"'
    t =   550.44s Get all elements bound by index for: Elements matching predicate 'identifier == "Terminal" OR label == "Terminal" OR label == "Terminal, cached output, read only"'
    t =   550.74s Get all elements bound by index for: Elements matching predicate 'identifier == "Terminal" OR label == "Terminal" OR label == "Terminal, cached output, read only"'
    t =   551.01s Get all elements bound by index for: Elements matching predicate 'identifier == "Terminal" OR label == "Terminal" OR label == "Terminal, cached output, read only"'
    t =   551.29s Get all elements bound by index for: Elements matching predicate 'identifier == "Terminal" OR label == "Terminal" OR label == "Terminal, cached output, read only"'
    t =   551.56s Get all elements bound by index for: Elements matching predicate 'identifier == "Terminal" OR label == "Terminal" OR label == "Terminal, cached output, read only"'
    t =   551.88s Get all elements bound by index for: Elements matching predicate 'identifier == "Terminal" OR label == "Terminal" OR label == "Terminal, cached output, read only"'
    t =   552.14s Get all elements bound by index for: Elements matching predicate 'identifier == "Terminal" OR label == "Terminal" OR label == "Terminal, cached output, read only"'
    t =   552.42s Get all elements bound by index for: Elements matching predicate 'identifier == "Terminal" OR label == "Terminal" OR label == "Terminal, cached output, read only"'
    t =   552.69s Get all elements bound by index for: Elements matching predicate 'identifier == "Terminal" OR label == "Terminal" OR label == "Terminal, cached output, read only"'
    t =   552.99s Get all elements bound by index for: Elements matching predicate 'identifier == "Terminal" OR label == "Terminal" OR label == "Terminal, cached output, read only"'
    t =   553.25s Get all elements bound by index for: Elements matching predicate 'identifier == "Terminal" OR label == "Terminal" OR label == "Terminal, cached output, read only"'
    t =   553.53s Get all elements bound by index for: Elements matching predicate 'identifier == "Terminal" OR label == "Terminal" OR label == "Terminal, cached output, read only"'
    t =   553.80s Get all elements bound by index for: Elements matching predicate 'identifier == "Terminal" OR label == "Terminal" OR label == "Terminal, cached output, read only"'
    t =   554.09s Get all elements bound by index for: Elements matching predicate 'identifier == "Terminal" OR label == "Terminal" OR label == "Terminal, cached output, read only"'
    t =   554.36s Get all elements bound by index for: Elements matching predicate 'identifier == "Terminal" OR label == "Terminal" OR label == "Terminal, cached output, read only"'
    t =   554.37s Get number of matches for: Elements matching predicate 'identifier BEGINSWITH "workspace-row-" AND label BEGINSWITH "Workspace "'
    t =   554.39s Find the Button (Element at index 0)
    t =   554.40s Get number of matches for: Elements matching predicate 'identifier == "Workspace two-main" OR label == "Workspace two-main"'
    t =   554.42s Get number of matches for: Elements matching predicate 'identifier == "Workspace two-main" OR label == "Workspace two-main"'
    t =   554.43s Checking existence of `Button (Element at index 0)`
    t =   554.45s Find the Button (Element at index 0)
    t =   554.48s Waiting 15.0s for "workspace-row-@0" Button to exist
    t =   555.52s     Checking `Expect predicate `existsNoRetry == 1` for object "workspace-row-@0" Button`
    t =   555.52s         Checking existence of `"workspace-row-@0" Button`
    t =   555.54s Checking existence of `"workspace-row-@0" Button`
    t =   555.56s Find the "workspace-row-@0" Button
    t =   555.58s Tap "workspace-row-@0" Button
    t =   555.58s     Wait for dev.meeterm.app to idle
    t =   555.59s     Find the "workspace-row-@0" Button
    t =   555.61s     Check for interrupting elements affecting "workspace-row-@0" Button
    t =   555.63s     Synthesize event
    t =   555.93s     Wait for dev.meeterm.app to idle
    t =   556.25s Get all elements bound by index for: Elements matching predicate 'identifier == "Terminal" OR label == "Terminal" OR label == "Terminal, cached output, read only"'
    t =   556.27s Checking existence of `Other (Element at index 0)`
    t =   556.29s Find the Other (Element at index 0)
    t =   556.31s Checking existence of `Other (Element at index 1)`
    t =   556.33s Find the Other (Element at index 1)
    t =   556.36s Find the "Terminal, cached output, read only" Other
    t =   556.38s Waiting 30.0s for StaticText (First Match) to exist
    t =   557.44s     Checking `Expect predicate `existsNoRetry == 1` for object StaticText (First Match)`
    t =   557.44s         Checking existence of `StaticText (First Match)`
    t =   557.47s Get all elements bound by index for: Elements matching predicate 'identifier BEGINSWITH "terminal-tab-"'
    t =   557.48s Find the Any (Element at index 0)
    t =   557.50s Checking existence of `"terminal-tab-%0" Other`
    t =   557.51s Find the "terminal-tab-%0" Other
    t =   557.53s Find the "terminal-tab-%0" Other
    t =   557.54s Get all elements bound by index for: Elements matching predicate 'identifier BEGINSWITH "terminal-tab-"'
    t =   557.56s Find the Any (Element at index 0)
    t =   557.58s Checking existence of `"terminal-tab-%0" Other`
    t =   557.59s Find the "terminal-tab-%0" Other
    t =   557.60s Get all elements bound by index for: Elements matching predicate 'identifier == "Terminal" OR label == "Terminal" OR label == "Terminal, cached output, read only"'
    t =   557.62s Checking existence of `Other (Element at index 0)`
    t =   557.63s Find the Other (Element at index 0)
    t =   557.65s Checking existence of `Other (Element at index 1)`
    t =   557.67s Find the Other (Element at index 1)
    t =   557.69s Find the "Terminal" Other
    t =   557.72s Checking existence of `StaticText (First Match)`
    t =   557.74s Checking existence of `StaticText (First Match)`
    t =   557.80s Checking existence of `Button (First Match)`
    t =   557.86s Checking existence of `Any (First Match)`
    t =   557.92s Checking existence of `"terminal-tab-%0" Other`
    t =   557.93s Find the "terminal-tab-%0" Other
    t =   557.95s Checking existence of `"Terminal" Other`
    t =   557.96s Find the "Terminal" Other
    t =   557.98s Get all elements bound by index for: Elements matching predicate 'identifier == "Terminal" OR label == "Terminal" OR label == "Terminal, cached output, read only"'
    t =   558.00s Checking existence of `Other (Element at index 0)`
    t =   558.02s Find the Other (Element at index 0)
    t =   558.03s Checking existence of `Other (Element at index 1)`
    t =   558.05s Find the Other (Element at index 1)
    t =   558.07s Find the "Terminal" Other
    t =   558.10s Tap "Terminal" Other
    t =   558.10s     Wait for dev.meeterm.app to idle
    t =   558.10s     Find the "Terminal" Other
    t =   558.12s     Check for interrupting elements affecting "Terminal" Other
    t =   558.15s     Synthesize event
    t =   558.44s     Wait for dev.meeterm.app to idle
    t =   558.75s Checking existence of `"Speed up your typing by sliding your finger across the letters to compose a word." StaticText`
    t =   558.79s Waiting 10.0s for "p" Key to exist
    t =   559.83s     Checking `Expect predicate `existsNoRetry == 1` for object "p" Key`
    t =   559.83s         Checking existence of `"p" Key`
    t =   559.87s Tap "p" Key
    t =   559.87s     Wait for dev.meeterm.app to idle
    t =   559.87s     Find the "p" Key
    t =   559.91s     Check for interrupting elements affecting "p" Key
    t =   559.94s     Synthesize event
    t =   560.24s     Wait for dev.meeterm.app to idle
    t =   560.24s Waiting 10.0s for "r" Key to exist
    t =   561.29s     Checking `Expect predicate `existsNoRetry == 1` for object "r" Key`
    t =   561.29s         Checking existence of `"r" Key`
    t =   561.33s Tap "r" Key
    t =   561.33s     Wait for dev.meeterm.app to idle
    t =   561.33s     Find the "r" Key
    t =   561.37s     Check for interrupting elements affecting "r" Key
    t =   561.40s     Synthesize event
    t =   561.70s     Wait for dev.meeterm.app to idle
    t =   561.71s Waiting 10.0s for "i" Key to exist
    t =   562.76s     Checking `Expect predicate `existsNoRetry == 1` for object "i" Key`
    t =   562.76s         Checking existence of `"i" Key`
    t =   562.80s Tap "i" Key
    t =   562.80s     Wait for dev.meeterm.app to idle
    t =   562.81s     Find the "i" Key
    t =   562.84s     Check for interrupting elements affecting "i" Key
    t =   562.87s     Synthesize event
    t =   563.18s     Wait for dev.meeterm.app to idle
    t =   563.18s Waiting 10.0s for "n" Key to exist
    t =   564.20s     Checking `Expect predicate `existsNoRetry == 1` for object "n" Key`
    t =   564.20s         Checking existence of `"n" Key`
    t =   564.24s Tap "n" Key
    t =   564.24s     Wait for dev.meeterm.app to idle
    t =   564.24s     Find the "n" Key
    t =   564.28s     Check for interrupting elements affecting "n" Key
    t =   564.30s     Synthesize event
    t =   564.61s     Wait for dev.meeterm.app to idle
    t =   564.61s Waiting 10.0s for "t" Key to exist
    t =   565.65s     Checking `Expect predicate `existsNoRetry == 1` for object "t" Key`
    t =   565.66s         Checking existence of `"t" Key`
    t =   565.69s Tap "t" Key
    t =   565.69s     Wait for dev.meeterm.app to idle
    t =   565.69s     Find the "t" Key
    t =   565.73s     Check for interrupting elements affecting "t" Key
    t =   565.77s     Synthesize event
    t =   566.07s     Wait for dev.meeterm.app to idle
    t =   566.07s Waiting 10.0s for "f" Key to exist
    t =   567.12s     Checking `Expect predicate `existsNoRetry == 1` for object "f" Key`
    t =   567.12s         Checking existence of `"f" Key`
    t =   567.15s Tap "f" Key
    t =   567.15s     Wait for dev.meeterm.app to idle
    t =   567.16s     Find the "f" Key
    t =   567.19s     Check for interrupting elements affecting "f" Key
    t =   567.22s     Synthesize event
    t =   567.53s     Wait for dev.meeterm.app to idle
    t =   567.53s Waiting 10.0s for "terminal-paste" Any to exist
    t =   568.57s     Checking `Expect predicate `existsNoRetry == 1` for object "terminal-paste" Any`
    t =   568.57s         Checking existence of `"terminal-paste" Any`
    t =   568.65s Checking existence of `"terminal-paste" Any`
    t =   568.72s Find the "terminal-paste" Any
    t =   569.84s Checking `Expect predicate `enabled == 1` for object "terminal-paste" Button`
    t =   569.84s     Find the "terminal-paste" Button
    t =   569.93s Find the "terminal-paste" Button
    t =   570.00s Tap "terminal-paste" Button
    t =   570.00s     Wait for dev.meeterm.app to idle
    t =   570.01s     Find the "terminal-paste" Button
    t =   570.08s     Check for interrupting elements affecting "terminal-paste" Button
    t =   570.13s     Synthesize event
    t =   570.42s     Wait for dev.meeterm.app to idle
    t =   571.47s Checking `Expect predicate `value != "Ready 0" AND value BEGINSWITH "Ready "` for object "terminal-paste" Button`
    t =   571.47s     Find the "terminal-paste" Button
    t =   571.56s     Find the "terminal-paste" Button
    t =   571.63s Get number of matches for: Elements matching predicate 'identifier == "Paste" OR label == "Paste"'
    t =   571.66s Get number of matches for: Elements matching predicate 'identifier == "Paste" OR label == "Paste"'
    t =   571.69s Checking existence of `Button (Element at index 0)`
    t =   571.72s Find the Button (Element at index 0)
    t =   571.77s Get all elements bound by index for: Elements matching predicate 'identifier == "Terminal" OR label == "Terminal" OR label == "Terminal, cached output, read only"'
    t =   571.80s Checking existence of `Other (Element at index 0)`
    t =   571.83s Find the Other (Element at index 0)
    t =   571.86s Checking existence of `Other (Element at index 1)`
    t =   571.89s Find the Other (Element at index 1)
    t =   571.93s Find the "Terminal" Other
    t =   571.97s Checking existence of `"ssh-submit" Button`
    t =   572.00s Checking existence of `"Host" Any`
    t =   572.03s Checking existence of `"Private OpenSSH key" Any`
    t =   572.07s Checking existence of `"Terminal" Other`
    t =   572.10s Checking existence of `Keyboard (First Match)`
    t =   572.12s Checking existence of `"terminal-paste" Button`
    t =   572.19s Checking existence of `"terminal-paste" Button`
    t =   572.26s Find the "terminal-paste" Button
    t =   572.35s Checking existence of `"terminal-paste" Button`
    t =   572.41s Find the "terminal-paste" Button
    t =   572.49s Checking existence of `"terminal-paste" Button`
    t =   572.52s Find the "terminal-paste" Button
    t =   572.55s Checking existence of `"terminal-paste" Button`
    t =   572.58s Find the "terminal-paste" Button
    t =   572.62s Waiting 10.0s for Any (First Match) to exist
    t =   573.67s     Checking `Expect predicate `existsNoRetry == 1` for object Any (First Match)`
    t =   573.67s         Checking existence of `Any (First Match)`
    t =   573.76s Checking existence of `Any (First Match)`
    t =   573.81s Find the Any (First Match)
    t =   573.87s Tap "Return" Button
    t =   573.87s     Wait for dev.meeterm.app to idle
    t =   573.88s     Find the "Return" Button
    t =   573.94s     Check for interrupting elements affecting "Return" Button
    t =   573.97s     Synthesize event
    t =   574.27s     Wait for dev.meeterm.app to idle
    t =   574.35s Get number of matches for: Elements matching predicate 'identifier == "Close session switcher" OR label == "Close session switcher"'
    t =   574.38s Waiting 3.0s for "Close session switcher" Any to exist
    t =   575.44s     Checking `Expect predicate `existsNoRetry == 1` for object "Close session switcher" Any`
    t =   575.44s         Checking existence of `"Close session switcher" Any`
    t =   575.48s         Capturing element debug description
    t =   576.40s     Checking `Expect predicate `existsNoRetry == 1` for object "Close session switcher" Any`
    t =   576.40s         Checking existence of `"Close session switcher" Any`
    t =   576.43s         Capturing element debug description
    t =   577.39s     Checking `Expect predicate `existsNoRetry == 1` for object "Close session switcher" Any`
    t =   577.39s         Checking existence of `"Close session switcher" Any`
    t =   577.43s         Capturing element debug description
    t =   577.43s     Checking existence of `"Close session switcher" Any`
    t =   577.46s Collecting debug information to assist test failure triage
    t =   577.46s     Requesting snapshot of accessibility hierarchy for app with pid 54452
    t =   577.50s Get number of matches for: Elements matching predicate 'identifier BEGINSWITH "Switch server and session" OR label BEGINSWITH "Switch server and session"'
    t =   577.53s Waiting 8.0s for Any (First Match) to exist
    t =   578.59s     Checking `Expect predicate `existsNoRetry == 1` for object Any (First Match)`
    t =   578.59s         Checking existence of `Any (First Match)`
    t =   578.79s         Capturing element debug description
    t =   579.62s     Checking `Expect predicate `existsNoRetry == 1` for object Any (First Match)`
    t =   579.62s         Checking existence of `Any (First Match)`
    t =   579.82s         Capturing element debug description
    t =   580.57s     Checking `Expect predicate `existsNoRetry == 1` for object Any (First Match)`
    t =   580.57s         Checking existence of `Any (First Match)`
    t =   580.75s         Capturing element debug description
    t =   581.60s     Checking `Expect predicate `existsNoRetry == 1` for object Any (First Match)`
    t =   581.61s         Checking existence of `Any (First Match)`
    t =   581.81s         Capturing element debug description
    t =   582.55s     Checking `Expect predicate `existsNoRetry == 1` for object Any (First Match)`
    t =   582.55s         Checking existence of `Any (First Match)`
    t =   582.73s         Capturing element debug description
    t =   583.57s     Checking `Expect predicate `existsNoRetry == 1` for object Any (First Match)`
    t =   583.57s         Checking existence of `Any (First Match)`
    t =   583.75s         Capturing element debug description
    t =   584.59s     Checking `Expect predicate `existsNoRetry == 1` for object Any (First Match)`
    t =   584.59s         Checking existence of `Any (First Match)`
    t =   584.79s         Capturing element debug description
    t =   585.54s     Checking `Expect predicate `existsNoRetry == 1` for object Any (First Match)`
    t =   585.54s         Checking existence of `Any (First Match)`
    t =   585.74s         Capturing element debug description
    t =   585.74s     Checking existence of `Any (First Match)`
    t =   585.92s Collecting debug information to assist test failure triage
    t =   585.92s     Requesting snapshot of accessibility hierarchy for app with pid 54452
    t =   585.96s Get number of matches for: Elements matching predicate 'identifier == "Back to workspaces" OR label == "Back to workspaces"'
    t =   585.99s Get number of matches for: Elements matching predicate 'identifier == "Back to workspaces" OR label == "Back to workspaces"'
    t =   586.02s Checking existence of `Button (Element at index 0)`
    t =   586.06s Find the Button (Element at index 0)
    t =   586.10s Waiting 5.0s for "Back to workspaces" Button to exist
    t =   587.16s     Checking `Expect predicate `existsNoRetry == 1` for object "Back to workspaces" Button`
    t =   587.16s         Checking existence of `"Back to workspaces" Button`
    t =   587.20s Checking existence of `"Back to workspaces" Button`
    t =   587.23s Find the "Back to workspaces" Button
    t =   587.27s Tap "Back to workspaces" Button
    t =   587.27s     Wait for dev.meeterm.app to idle
    t =   587.27s     Find the "Back to workspaces" Button
    t =   587.31s     Check for interrupting elements affecting "Back to workspaces" Button
    t =   587.33s     Synthesize event
    t =   587.65s     Wait for dev.meeterm.app to idle
    t =   587.99s Get number of matches for: Elements matching predicate 'identifier BEGINSWITH "Switch server and session" OR label BEGINSWITH "Switch server and session"'
    t =   588.01s Get number of matches for: Elements matching predicate 'identifier BEGINSWITH "Switch server and session" OR label BEGINSWITH "Switch server and session"'
    t =   588.02s Checking existence of `Button (Element at index 0)`
    t =   588.04s Find the Button (Element at index 0)
    t =   588.06s Waiting 15.0s for "open-session-switcher" Button to exist
    t =   589.09s     Checking `Expect predicate `existsNoRetry == 1` for object "open-session-switcher" Button`
    t =   589.09s         Checking existence of `"open-session-switcher" Button`
    t =   589.11s Checking existence of `"open-session-switcher" Button`
    t =   589.13s Find the "open-session-switcher" Button
    t =   589.16s Tap "open-session-switcher" Button
    t =   589.16s     Wait for dev.meeterm.app to idle
    t =   589.16s     Find the "open-session-switcher" Button
    t =   589.18s     Check for interrupting elements affecting "open-session-switcher" Button
    t =   589.21s     Synthesize event
    t =   589.51s     Wait for dev.meeterm.app to idle
    t =   589.86s Get number of matches for: Elements matching predicate 'identifier == "Close session switcher" OR label == "Close session switcher"'
    t =   589.89s Get number of matches for: Elements matching predicate 'identifier == "Close session switcher" OR label == "Close session switcher"'
    t =   589.93s Checking existence of `Button (Element at index 0)`
    t =   589.96s Find the Button (Element at index 0)
    t =   590.00s Waiting 20.0s for "Close session switcher" Button to exist
    t =   591.04s     Checking `Expect predicate `existsNoRetry == 1` for object "Close session switcher" Button`
    t =   591.04s         Checking existence of `"Close session switcher" Button`
    t =   591.07s Get number of matches for: Elements matching predicate 'identifier == "Server Fixture One" OR label == "Server Fixture One"'
    t =   591.10s Get number of matches for: Elements matching predicate 'identifier == "Server Fixture One" OR label == "Server Fixture One"'
    t =   591.13s Checking existence of `Button (Element at index 0)`
    t =   591.17s Find the Button (Element at index 0)
    t =   591.21s Waiting 10.0s for "switcher-server-723e729d-c73b-46b4-b19e-800dd0e078a7" Button to exist
    t =   592.24s     Checking `Expect predicate `existsNoRetry == 1` for object "switcher-server-723e729d-c73b-46b4-b19e-800dd0e078a7" Button`
    t =   592.24s         Checking existence of `"switcher-server-723e729d-c73b-46b4-b19e-800dd0e078a7" Button`
    t =   592.27s Checking existence of `"switcher-server-723e729d-c73b-46b4-b19e-800dd0e078a7" Button`
    t =   592.30s Find the "switcher-server-723e729d-c73b-46b4-b19e-800dd0e078a7" Button
    t =   592.34s Tap "switcher-server-723e729d-c73b-46b4-b19e-800dd0e078a7" Button
    t =   592.34s     Wait for dev.meeterm.app to idle
    t =   592.34s     Find the "switcher-server-723e729d-c73b-46b4-b19e-800dd0e078a7" Button
    t =   592.38s     Check for interrupting elements affecting "switcher-server-723e729d-c73b-46b4-b19e-800dd0e078a7" Button
    t =   592.41s     Synthesize event
    t =   592.71s     Wait for dev.meeterm.app to idle
    t =   593.43s Waiting 60.0s for Button (First Match) to exist
    t =   594.50s     Checking `Expect predicate `existsNoRetry == 1` for object Button (First Match)`
    t =   594.50s         Checking existence of `Button (First Match)`
    t =   594.64s Get number of matches for: Elements matching predicate 'identifier == "Close session switcher" OR label == "Close session switcher"'
    t =   594.67s Get number of matches for: Elements matching predicate 'identifier == "Close session switcher" OR label == "Close session switcher"'
    t =   594.70s Checking existence of `Button (Element at index 0)`
    t =   594.73s Find the Button (Element at index 0)
    t =   594.78s Checking existence of `"Close session switcher" Button`
    t =   594.80s Find the "Close session switcher" Button
    t =   594.85s Tap "Close session switcher" Button
    t =   594.85s     Wait for dev.meeterm.app to idle
    t =   594.85s     Find the "Close session switcher" Button
    t =   594.88s     Check for interrupting elements affecting "Close session switcher" Button
    t =   594.91s     Synthesize event
    t =   595.21s     Wait for dev.meeterm.app to idle
    t =   595.59s Checking existence of `"Close session switcher" Button`
    t =   595.61s Get all elements bound by index for: Elements matching predicate 'identifier == "Terminal" OR label == "Terminal" OR label == "Terminal, cached output, read only"'
    t =   595.89s Get all elements bound by index for: Elements matching predicate 'identifier == "Terminal" OR label == "Terminal" OR label == "Terminal, cached output, read only"'
    t =   596.15s Get all elements bound by index for: Elements matching predicate 'identifier == "Terminal" OR label == "Terminal" OR label == "Terminal, cached output, read only"'
    t =   596.42s Get all elements bound by index for: Elements matching predicate 'identifier == "Terminal" OR label == "Terminal" OR label == "Terminal, cached output, read only"'
    t =   596.69s Get all elements bound by index for: Elements matching predicate 'identifier == "Terminal" OR label == "Terminal" OR label == "Terminal, cached output, read only"'
    t =   596.96s Get all elements bound by index for: Elements matching predicate 'identifier == "Terminal" OR label == "Terminal" OR label == "Terminal, cached output, read only"'
    t =   597.23s Get all elements bound by index for: Elements matching predicate 'identifier == "Terminal" OR label == "Terminal" OR label == "Terminal, cached output, read only"'
    t =   597.51s Get all elements bound by index for: Elements matching predicate 'identifier == "Terminal" OR label == "Terminal" OR label == "Terminal, cached output, read only"'
    t =   597.78s Get all elements bound by index for: Elements matching predicate 'identifier == "Terminal" OR label == "Terminal" OR label == "Terminal, cached output, read only"'
    t =   598.05s Get all elements bound by index for: Elements matching predicate 'identifier == "Terminal" OR label == "Terminal" OR label == "Terminal, cached output, read only"'
    t =   598.32s Get all elements bound by index for: Elements matching predicate 'identifier == "Terminal" OR label == "Terminal" OR label == "Terminal, cached output, read only"'
    t =   598.58s Get all elements bound by index for: Elements matching predicate 'identifier == "Terminal" OR label == "Terminal" OR label == "Terminal, cached output, read only"'
    t =   598.85s Get all elements bound by index for: Elements matching predicate 'identifier == "Terminal" OR label == "Terminal" OR label == "Terminal, cached output, read only"'
    t =   599.13s Get all elements bound by index for: Elements matching predicate 'identifier == "Terminal" OR label == "Terminal" OR label == "Terminal, cached output, read only"'
    t =   599.40s Get all elements bound by index for: Elements matching predicate 'identifier == "Terminal" OR label == "Terminal" OR label == "Terminal, cached output, read only"'
    t =   599.67s Get all elements bound by index for: Elements matching predicate 'identifier == "Terminal" OR label == "Terminal" OR label == "Terminal, cached output, read only"'
    t =   599.94s Get all elements bound by index for: Elements matching predicate 'identifier == "Terminal" OR label == "Terminal" OR label == "Terminal, cached output, read only"'
    t =   600.21s Get all elements bound by index for: Elements matching predicate 'identifier == "Terminal" OR label == "Terminal" OR label == "Terminal, cached output, read only"'
    t =   600.48s Get all elements bound by index for: Elements matching predicate 'identifier == "Terminal" OR label == "Terminal" OR label == "Terminal, cached output, read only"'
    t =   600.75s Get all elements bound by index for: Elements matching predicate 'identifier == "Terminal" OR label == "Terminal" OR label == "Terminal, cached output, read only"'
    t =   601.03s Get all elements bound by index for: Elements matching predicate 'identifier == "Terminal" OR label == "Terminal" OR label == "Terminal, cached output, read only"'
    t =   601.30s Get all elements bound by index for: Elements matching predicate 'identifier == "Terminal" OR label == "Terminal" OR label == "Terminal, cached output, read only"'
    t =   601.57s Get all elements bound by index for: Elements matching predicate 'identifier == "Terminal" OR label == "Terminal" OR label == "Terminal, cached output, read only"'
    t =   601.84s Get all elements bound by index for: Elements matching predicate 'identifier == "Terminal" OR label == "Terminal" OR label == "Terminal, cached output, read only"'
    t =   602.11s Get all elements bound by index for: Elements matching predicate 'identifier == "Terminal" OR label == "Terminal" OR label == "Terminal, cached output, read only"'
    t =   602.38s Get all elements bound by index for: Elements matching predicate 'identifier == "Terminal" OR label == "Terminal" OR label == "Terminal, cached output, read only"'
    t =   602.65s Get all elements bound by index for: Elements matching predicate 'identifier == "Terminal" OR label == "Terminal" OR label == "Terminal, cached output, read only"'
    t =   602.92s Get all elements bound by index for: Elements matching predicate 'identifier == "Terminal" OR label == "Terminal" OR label == "Terminal, cached output, read only"'
    t =   603.19s Get all elements bound by index for: Elements matching predicate 'identifier == "Terminal" OR label == "Terminal" OR label == "Terminal, cached output, read only"'
    t =   603.45s Get all elements bound by index for: Elements matching predicate 'identifier == "Terminal" OR label == "Terminal" OR label == "Terminal, cached output, read only"'
    t =   603.72s Get all elements bound by index for: Elements matching predicate 'identifier == "Terminal" OR label == "Terminal" OR label == "Terminal, cached output, read only"'
    t =   604.00s Get all elements bound by index for: Elements matching predicate 'identifier == "Terminal" OR label == "Terminal" OR label == "Terminal, cached output, read only"'
    t =   604.28s Get all elements bound by index for: Elements matching predicate 'identifier == "Terminal" OR label == "Terminal" OR label == "Terminal, cached output, read only"'
    t =   604.55s Get all elements bound by index for: Elements matching predicate 'identifier == "Terminal" OR label == "Terminal" OR label == "Terminal, cached output, read only"'
    t =   604.82s Get all elements bound by index for: Elements matching predicate 'identifier == "Terminal" OR label == "Terminal" OR label == "Terminal, cached output, read only"'
    t =   605.10s Get all elements bound by index for: Elements matching predicate 'identifier == "Terminal" OR label == "Terminal" OR label == "Terminal, cached output, read only"'
    t =   605.37s Get all elements bound by index for: Elements matching predicate 'identifier == "Terminal" OR label == "Terminal" OR label == "Terminal, cached output, read only"'
    t =   605.65s Get all elements bound by index for: Elements matching predicate 'identifier == "Terminal" OR label == "Terminal" OR label == "Terminal, cached output, read only"'
    t =   605.67s Get number of matches for: Elements matching predicate 'identifier BEGINSWITH "workspace-row-" AND label BEGINSWITH "Workspace "'
    t =   605.69s Find the Button (Element at index 0)
    t =   605.70s Get number of matches for: Elements matching predicate 'identifier == "Workspace two-main" OR label == "Workspace two-main"'
    t =   605.72s Get number of matches for: Elements matching predicate 'identifier == "Workspace two-main" OR label == "Workspace two-main"'
    t =   605.73s Checking existence of `Button (Element at index 0)`
    t =   605.75s Find the Button (Element at index 0)
    t =   605.78s Waiting 15.0s for "workspace-row-@0" Button to exist
    t =   606.84s     Checking `Expect predicate `existsNoRetry == 1` for object "workspace-row-@0" Button`
    t =   606.84s         Checking existence of `"workspace-row-@0" Button`
    t =   606.85s Checking existence of `"workspace-row-@0" Button`
    t =   606.87s Find the "workspace-row-@0" Button
    t =   606.90s Tap "workspace-row-@0" Button
    t =   606.90s     Wait for dev.meeterm.app to idle
    t =   606.90s     Find the "workspace-row-@0" Button
    t =   606.92s     Check for interrupting elements affecting "workspace-row-@0" Button
    t =   606.94s     Synthesize event
    t =   607.25s     Wait for dev.meeterm.app to idle
    t =   607.59s Get all elements bound by index for: Elements matching predicate 'identifier == "Terminal" OR label == "Terminal" OR label == "Terminal, cached output, read only"'
    t =   607.60s Checking existence of `Other (Element at index 0)`
    t =   607.62s Find the Other (Element at index 0)
    t =   607.64s Checking existence of `Other (Element at index 1)`
    t =   607.66s Find the Other (Element at index 1)
    t =   607.68s Find the "Terminal, cached output, read only" Other
    t =   607.71s Waiting 30.0s for StaticText (First Match) to exist
    t =   608.77s     Checking `Expect predicate `existsNoRetry == 1` for object StaticText (First Match)`
    t =   608.77s         Checking existence of `StaticText (First Match)`
    t =   608.79s Get all elements bound by index for: Elements matching predicate 'identifier BEGINSWITH "terminal-tab-"'
    t =   608.81s Find the Any (Element at index 0)
    t =   608.82s Checking existence of `"terminal-tab-%0" Other`
    t =   608.84s Find the "terminal-tab-%0" Other
    t =   608.86s Find the "terminal-tab-%0" Other
    t =   608.87s Get number of matches for: Elements matching predicate 'identifier == "Close session switcher" OR label == "Close session switcher"'
    t =   608.88s Waiting 3.0s for "Close session switcher" Any to exist
    t =   609.94s     Checking `Expect predicate `existsNoRetry == 1` for object "Close session switcher" Any`
    t =   609.94s         Checking existence of `"Close session switcher" Any`
    t =   609.96s         Capturing element debug description
    t =   610.91s     Checking `Expect predicate `existsNoRetry == 1` for object "Close session switcher" Any`
    t =   610.91s         Checking existence of `"Close session switcher" Any`
    t =   610.93s         Capturing element debug description
    t =   611.89s     Checking `Expect predicate `existsNoRetry == 1` for object "Close session switcher" Any`
    t =   611.89s         Checking existence of `"Close session switcher" Any`
    t =   611.90s         Capturing element debug description
    t =   611.90s     Checking existence of `"Close session switcher" Any`
    t =   611.92s Collecting debug information to assist test failure triage
    t =   611.92s     Requesting snapshot of accessibility hierarchy for app with pid 54452
    t =   611.94s Get number of matches for: Elements matching predicate 'identifier BEGINSWITH "Switch server and session" OR label BEGINSWITH "Switch server and session"'
    t =   611.95s Waiting 8.0s for Any (First Match) to exist
    t =   613.00s     Checking `Expect predicate `existsNoRetry == 1` for object Any (First Match)`
    t =   613.00s         Checking existence of `Any (First Match)`
    t =   613.08s         Capturing element debug description
    t =   614.02s     Checking `Expect predicate `existsNoRetry == 1` for object Any (First Match)`
    t =   614.02s         Checking existence of `Any (First Match)`
    t =   614.10s         Capturing element debug description
    t =   615.00s     Checking `Expect predicate `existsNoRetry == 1` for object Any (First Match)`
    t =   615.01s         Checking existence of `Any (First Match)`
    t =   615.08s         Capturing element debug description
    t =   616.02s     Checking `Expect predicate `existsNoRetry == 1` for object Any (First Match)`
    t =   616.02s         Checking existence of `Any (First Match)`
    t =   616.11s         Capturing element debug description
    t =   616.95s     Checking `Expect predicate `existsNoRetry == 1` for object Any (First Match)`
    t =   616.95s         Checking existence of `Any (First Match)`
    t =   617.03s         Capturing element debug description
    t =   617.97s     Checking `Expect predicate `existsNoRetry == 1` for object Any (First Match)`
    t =   617.97s         Checking existence of `Any (First Match)`
    t =   618.05s         Capturing element debug description
    t =   618.97s     Checking `Expect predicate `existsNoRetry == 1` for object Any (First Match)`
    t =   618.97s         Checking existence of `Any (First Match)`
    t =   619.05s         Capturing element debug description
    t =   619.95s     Checking `Expect predicate `existsNoRetry == 1` for object Any (First Match)`
    t =   619.95s         Checking existence of `Any (First Match)`
    t =   620.03s         Capturing element debug description
    t =   620.03s     Checking existence of `Any (First Match)`
    t =   620.11s Collecting debug information to assist test failure triage
    t =   620.11s     Requesting snapshot of accessibility hierarchy for app with pid 54452
    t =   620.14s Get number of matches for: Elements matching predicate 'identifier == "Back to workspaces" OR label == "Back to workspaces"'
    t =   620.15s Get number of matches for: Elements matching predicate 'identifier == "Back to workspaces" OR label == "Back to workspaces"'
    t =   620.17s Checking existence of `Button (Element at index 0)`
    t =   620.18s Find the Button (Element at index 0)
    t =   620.21s Waiting 5.0s for "Back to workspaces" Button to exist
    t =   621.24s     Checking `Expect predicate `existsNoRetry == 1` for object "Back to workspaces" Button`
    t =   621.24s         Checking existence of `"Back to workspaces" Button`
    t =   621.26s Checking existence of `"Back to workspaces" Button`
    t =   621.27s Find the "Back to workspaces" Button
    t =   621.30s Tap "Back to workspaces" Button
    t =   621.30s     Wait for dev.meeterm.app to idle
    t =   621.31s     Find the "Back to workspaces" Button
    t =   621.32s     Check for interrupting elements affecting "Back to workspaces" Button
    t =   621.35s     Synthesize event
    t =   621.66s     Wait for dev.meeterm.app to idle
    t =   621.97s Get number of matches for: Elements matching predicate 'identifier BEGINSWITH "Switch server and session" OR label BEGINSWITH "Switch server and session"'
    t =   621.99s Get number of matches for: Elements matching predicate 'identifier BEGINSWITH "Switch server and session" OR label BEGINSWITH "Switch server and session"'
    t =   622.01s Checking existence of `Button (Element at index 0)`
    t =   622.03s Find the Button (Element at index 0)
    t =   622.05s Waiting 15.0s for "open-session-switcher" Button to exist
    t =   623.10s     Checking `Expect predicate `existsNoRetry == 1` for object "open-session-switcher" Button`
    t =   623.10s         Checking existence of `"open-session-switcher" Button`
    t =   623.12s Checking existence of `"open-session-switcher" Button`
    t =   623.14s Find the "open-session-switcher" Button
    t =   623.16s Tap "open-session-switcher" Button
    t =   623.16s     Wait for dev.meeterm.app to idle
    t =   623.17s     Find the "open-session-switcher" Button
    t =   623.19s     Check for interrupting elements affecting "open-session-switcher" Button
    t =   623.21s     Synthesize event
    t =   623.51s     Wait for dev.meeterm.app to idle
    t =   623.84s Get number of matches for: Elements matching predicate 'identifier == "Close session switcher" OR label == "Close session switcher"'
    t =   623.88s Get number of matches for: Elements matching predicate 'identifier == "Close session switcher" OR label == "Close session switcher"'
    t =   623.91s Checking existence of `Button (Element at index 0)`
    t =   623.94s Find the Button (Element at index 0)
    t =   623.98s Waiting 20.0s for "Close session switcher" Button to exist
    t =   625.02s     Checking `Expect predicate `existsNoRetry == 1` for object "Close session switcher" Button`
    t =   625.02s         Checking existence of `"Close session switcher" Button`
    t =   625.05s Get number of matches for: Elements matching predicate 'identifier == "Server Fixture One" OR label == "Server Fixture One"'
    t =   625.07s Get number of matches for: Elements matching predicate 'identifier == "Server Fixture One" OR label == "Server Fixture One"'
    t =   625.10s Checking existence of `Button (Element at index 0)`
    t =   625.13s Find the Button (Element at index 0)
    t =   625.17s Waiting 10.0s for "switcher-server-723e729d-c73b-46b4-b19e-800dd0e078a7" Button to exist
    t =   626.24s     Checking `Expect predicate `existsNoRetry == 1` for object "switcher-server-723e729d-c73b-46b4-b19e-800dd0e078a7" Button`
    t =   626.24s         Checking existence of `"switcher-server-723e729d-c73b-46b4-b19e-800dd0e078a7" Button`
    t =   626.27s Checking existence of `"switcher-server-723e729d-c73b-46b4-b19e-800dd0e078a7" Button`
    t =   626.29s Find the "switcher-server-723e729d-c73b-46b4-b19e-800dd0e078a7" Button
    t =   626.33s Tap "switcher-server-723e729d-c73b-46b4-b19e-800dd0e078a7" Button
    t =   626.33s     Wait for dev.meeterm.app to idle
    t =   626.33s     Find the "switcher-server-723e729d-c73b-46b4-b19e-800dd0e078a7" Button
    t =   626.36s     Check for interrupting elements affecting "switcher-server-723e729d-c73b-46b4-b19e-800dd0e078a7" Button
    t =   626.39s     Synthesize event
    t =   626.69s     Wait for dev.meeterm.app to idle
    t =   628.40s Get number of matches for: Elements matching predicate 'identifier == "Close session switcher" OR label == "Close session switcher"'
    t =   628.46s Get number of matches for: Elements matching predicate 'identifier == "Close session switcher" OR label == "Close session switcher"'
    t =   628.49s Checking existence of `Button (Element at index 0)`
    t =   628.52s Find the Button (Element at index 0)
    t =   628.56s Checking existence of `"Close session switcher" Button`
    t =   628.58s Find the "Close session switcher" Button
    t =   628.63s Tap "Close session switcher" Button
    t =   628.63s     Wait for dev.meeterm.app to idle
    t =   628.63s     Find the "Close session switcher" Button
    t =   628.66s     Check for interrupting elements affecting "Close session switcher" Button
    t =   628.69s     Synthesize event
    t =   628.99s     Wait for dev.meeterm.app to idle
    t =   629.34s Checking existence of `"Close session switcher" Button`
    t =   629.36s Get all elements bound by index for: Elements matching predicate 'identifier == "Terminal" OR label == "Terminal" OR label == "Terminal, cached output, read only"'
    t =   629.63s Get all elements bound by index for: Elements matching predicate 'identifier == "Terminal" OR label == "Terminal" OR label == "Terminal, cached output, read only"'
    t =   629.92s Get all elements bound by index for: Elements matching predicate 'identifier == "Terminal" OR label == "Terminal" OR label == "Terminal, cached output, read only"'
    t =   630.19s Get all elements bound by index for: Elements matching predicate 'identifier == "Terminal" OR label == "Terminal" OR label == "Terminal, cached output, read only"'
    t =   630.48s Get all elements bound by index for: Elements matching predicate 'identifier == "Terminal" OR label == "Terminal" OR label == "Terminal, cached output, read only"'
    t =   630.77s Get all elements bound by index for: Elements matching predicate 'identifier == "Terminal" OR label == "Terminal" OR label == "Terminal, cached output, read only"'
    t =   631.06s Get all elements bound by index for: Elements matching predicate 'identifier == "Terminal" OR label == "Terminal" OR label == "Terminal, cached output, read only"'
    t =   631.34s Get all elements bound by index for: Elements matching predicate 'identifier == "Terminal" OR label == "Terminal" OR label == "Terminal, cached output, read only"'
    t =   631.61s Get all elements bound by index for: Elements matching predicate 'identifier == "Terminal" OR label == "Terminal" OR label == "Terminal, cached output, read only"'
    t =   631.89s Get all elements bound by index for: Elements matching predicate 'identifier == "Terminal" OR label == "Terminal" OR label == "Terminal, cached output, read only"'
    t =   632.17s Get all elements bound by index for: Elements matching predicate 'identifier == "Terminal" OR label == "Terminal" OR label == "Terminal, cached output, read only"'
    t =   632.44s Get all elements bound by index for: Elements matching predicate 'identifier == "Terminal" OR label == "Terminal" OR label == "Terminal, cached output, read only"'
    t =   632.72s Get all elements bound by index for: Elements matching predicate 'identifier == "Terminal" OR label == "Terminal" OR label == "Terminal, cached output, read only"'
    t =   633.01s Get all elements bound by index for: Elements matching predicate 'identifier == "Terminal" OR label == "Terminal" OR label == "Terminal, cached output, read only"'
    t =   633.31s Get all elements bound by index for: Elements matching predicate 'identifier == "Terminal" OR label == "Terminal" OR label == "Terminal, cached output, read only"'
    t =   633.59s Get all elements bound by index for: Elements matching predicate 'identifier == "Terminal" OR label == "Terminal" OR label == "Terminal, cached output, read only"'
    t =   633.86s Get all elements bound by index for: Elements matching predicate 'identifier == "Terminal" OR label == "Terminal" OR label == "Terminal, cached output, read only"'
    t =   634.15s Get all elements bound by index for: Elements matching predicate 'identifier == "Terminal" OR label == "Terminal" OR label == "Terminal, cached output, read only"'
    t =   634.43s Get all elements bound by index for: Elements matching predicate 'identifier == "Terminal" OR label == "Terminal" OR label == "Terminal, cached output, read only"'
    t =   634.70s Get all elements bound by index for: Elements matching predicate 'identifier == "Terminal" OR label == "Terminal" OR label == "Terminal, cached output, read only"'
    t =   634.97s Get all elements bound by index for: Elements matching predicate 'identifier == "Terminal" OR label == "Terminal" OR label == "Terminal, cached output, read only"'
    t =   635.26s Get all elements bound by index for: Elements matching predicate 'identifier == "Terminal" OR label == "Terminal" OR label == "Terminal, cached output, read only"'
    t =   635.56s Get all elements bound by index for: Elements matching predicate 'identifier == "Terminal" OR label == "Terminal" OR label == "Terminal, cached output, read only"'
    t =   635.86s Get all elements bound by index for: Elements matching predicate 'identifier == "Terminal" OR label == "Terminal" OR label == "Terminal, cached output, read only"'
    t =   636.14s Get all elements bound by index for: Elements matching predicate 'identifier == "Terminal" OR label == "Terminal" OR label == "Terminal, cached output, read only"'
    t =   636.42s Get all elements bound by index for: Elements matching predicate 'identifier == "Terminal" OR label == "Terminal" OR label == "Terminal, cached output, read only"'
    t =   636.71s Get all elements bound by index for: Elements matching predicate 'identifier == "Terminal" OR label == "Terminal" OR label == "Terminal, cached output, read only"'
    t =   637.00s Get all elements bound by index for: Elements matching predicate 'identifier == "Terminal" OR label == "Terminal" OR label == "Terminal, cached output, read only"'
    t =   637.27s Get all elements bound by index for: Elements matching predicate 'identifier == "Terminal" OR label == "Terminal" OR label == "Terminal, cached output, read only"'
    t =   637.54s Get all elements bound by index for: Elements matching predicate 'identifier == "Terminal" OR label == "Terminal" OR label == "Terminal, cached output, read only"'
    t =   637.81s Get all elements bound by index for: Elements matching predicate 'identifier == "Terminal" OR label == "Terminal" OR label == "Terminal, cached output, read only"'
    t =   638.10s Get all elements bound by index for: Elements matching predicate 'identifier == "Terminal" OR label == "Terminal" OR label == "Terminal, cached output, read only"'
    t =   638.38s Get all elements bound by index for: Elements matching predicate 'identifier == "Terminal" OR label == "Terminal" OR label == "Terminal, cached output, read only"'
    t =   638.65s Get all elements bound by index for: Elements matching predicate 'identifier == "Terminal" OR label == "Terminal" OR label == "Terminal, cached output, read only"'
    t =   638.94s Get all elements bound by index for: Elements matching predicate 'identifier == "Terminal" OR label == "Terminal" OR label == "Terminal, cached output, read only"'
    t =   639.20s Get all elements bound by index for: Elements matching predicate 'identifier == "Terminal" OR label == "Terminal" OR label == "Terminal, cached output, read only"'
    t =   639.48s Get all elements bound by index for: Elements matching predicate 'identifier == "Terminal" OR label == "Terminal" OR label == "Terminal, cached output, read only"'
    t =   639.50s Get number of matches for: Elements matching predicate 'identifier BEGINSWITH "workspace-row-" AND label BEGINSWITH "Workspace "'
    t =   639.51s Find the Button (Element at index 0)
    t =   639.53s Get number of matches for: Elements matching predicate 'identifier == "Workspace two-main" OR label == "Workspace two-main"'
    t =   639.54s Get number of matches for: Elements matching predicate 'identifier == "Workspace two-main" OR label == "Workspace two-main"'
    t =   639.56s Checking existence of `Button (Element at index 0)`
    t =   639.57s Find the Button (Element at index 0)
    t =   639.60s Waiting 15.0s for "workspace-row-@0" Button to exist
    t =   640.61s     Checking `Expect predicate `existsNoRetry == 1` for object "workspace-row-@0" Button`
    t =   640.61s         Checking existence of `"workspace-row-@0" Button`
    t =   640.63s Checking existence of `"workspace-row-@0" Button`
    t =   640.64s Find the "workspace-row-@0" Button
    t =   640.67s Tap "workspace-row-@0" Button
    t =   640.67s     Wait for dev.meeterm.app to idle
    t =   640.67s     Find the "workspace-row-@0" Button
    t =   640.69s     Check for interrupting elements affecting "workspace-row-@0" Button
    t =   640.71s     Synthesize event
    t =   641.01s     Wait for dev.meeterm.app to idle
    t =   641.36s Get all elements bound by index for: Elements matching predicate 'identifier == "Terminal" OR label == "Terminal" OR label == "Terminal, cached output, read only"'
    t =   641.37s Checking existence of `Other (Element at index 0)`
    t =   641.39s Find the Other (Element at index 0)
    t =   641.41s Checking existence of `Other (Element at index 1)`
    t =   641.42s Find the Other (Element at index 1)
    t =   641.44s Find the "Terminal" Other
    t =   641.47s Waiting 30.0s for StaticText (First Match) to exist
    t =   642.53s     Checking `Expect predicate `existsNoRetry == 1` for object StaticText (First Match)`
    t =   642.53s         Checking existence of `StaticText (First Match)`
    t =   642.59s Get all elements bound by index for: Elements matching predicate 'identifier BEGINSWITH "terminal-tab-"'
    t =   642.60s Find the Any (Element at index 0)
    t =   642.62s Checking existence of `"terminal-tab-%0" Other`
    t =   642.63s Find the "terminal-tab-%0" Other
    t =   642.64s Find the "terminal-tab-%0" Other
    t =   642.65s Get all elements bound by index for: Elements matching predicate 'identifier == "Terminal" OR label == "Terminal" OR label == "Terminal, cached output, read only"'
    t =   642.67s Checking existence of `Other (Element at index 0)`
    t =   642.68s Find the Other (Element at index 0)
    t =   642.70s Checking existence of `Other (Element at index 1)`
    t =   642.71s Find the Other (Element at index 1)
    t =   642.73s Find the "Terminal" Other
    t =   642.76s Tap "Terminal" Other
    t =   642.76s     Wait for dev.meeterm.app to idle
    t =   642.76s     Find the "Terminal" Other
    t =   642.78s     Check for interrupting elements affecting "Terminal" Other
    t =   642.80s     Synthesize event
    t =   643.10s     Wait for dev.meeterm.app to idle
    t =   643.40s Checking existence of `"Speed up your typing by sliding your finger across the letters to compose a word." StaticText`
    t =   643.44s Waiting 10.0s for "p" Key to exist
    t =   644.51s     Checking `Expect predicate `existsNoRetry == 1` for object "p" Key`
    t =   644.51s         Checking existence of `"p" Key`
    t =   644.55s Tap "p" Key
    t =   644.55s     Wait for dev.meeterm.app to idle
    t =   644.55s     Find the "p" Key
    t =   644.59s     Check for interrupting elements affecting "p" Key
    t =   644.62s     Synthesize event
    t =   644.91s     Wait for dev.meeterm.app to idle
    t =   644.91s Waiting 10.0s for "r" Key to exist
    t =   645.97s     Checking `Expect predicate `existsNoRetry == 1` for object "r" Key`
    t =   645.97s         Checking existence of `"r" Key`
    t =   646.03s Tap "r" Key
    t =   646.03s     Wait for dev.meeterm.app to idle
    t =   646.03s     Find the "r" Key
    t =   646.07s     Check for interrupting elements affecting "r" Key
    t =   646.10s     Synthesize event
    t =   646.40s     Wait for dev.meeterm.app to idle
    t =   646.41s Waiting 10.0s for "i" Key to exist
    t =   647.45s     Checking `Expect predicate `existsNoRetry == 1` for object "i" Key`
    t =   647.46s         Checking existence of `"i" Key`
    t =   647.52s Tap "i" Key
    t =   647.52s     Wait for dev.meeterm.app to idle
    t =   647.52s     Find the "i" Key
    t =   647.56s     Check for interrupting elements affecting "i" Key
    t =   647.59s     Synthesize event
    t =   647.88s     Wait for dev.meeterm.app to idle
    t =   647.88s Waiting 10.0s for "n" Key to exist
    t =   648.94s     Checking `Expect predicate `existsNoRetry == 1` for object "n" Key`
    t =   648.94s         Checking existence of `"n" Key`
    t =   648.97s Tap "n" Key
    t =   648.97s     Wait for dev.meeterm.app to idle
    t =   648.97s     Find the "n" Key
    t =   649.01s     Check for interrupting elements affecting "n" Key
    t =   649.04s     Synthesize event
    t =   649.34s     Wait for dev.meeterm.app to idle
    t =   649.34s Waiting 10.0s for "t" Key to exist
    t =   650.39s     Checking `Expect predicate `existsNoRetry == 1` for object "t" Key`
    t =   650.39s         Checking existence of `"t" Key`
    t =   650.42s Tap "t" Key
    t =   650.42s     Wait for dev.meeterm.app to idle
    t =   650.42s     Find the "t" Key
    t =   650.46s     Check for interrupting elements affecting "t" Key
    t =   650.49s     Synthesize event
    t =   650.79s     Wait for dev.meeterm.app to idle
    t =   650.79s Waiting 10.0s for "f" Key to exist
    t =   651.83s     Checking `Expect predicate `existsNoRetry == 1` for object "f" Key`
    t =   651.83s         Checking existence of `"f" Key`
    t =   651.87s Tap "f" Key
    t =   651.87s     Wait for dev.meeterm.app to idle
    t =   651.87s     Find the "f" Key
    t =   651.90s     Check for interrupting elements affecting "f" Key
    t =   651.93s     Synthesize event
    t =   652.24s     Wait for dev.meeterm.app to idle
    t =   652.24s Waiting 10.0s for "terminal-paste" Any to exist
    t =   653.29s     Checking `Expect predicate `existsNoRetry == 1` for object "terminal-paste" Any`
    t =   653.29s         Checking existence of `"terminal-paste" Any`
    t =   653.36s Checking existence of `"terminal-paste" Any`
    t =   653.43s Find the "terminal-paste" Any
    t =   654.56s Checking `Expect predicate `enabled == 1` for object "terminal-paste" Button`
    t =   654.56s     Find the "terminal-paste" Button
    t =   654.64s Find the "terminal-paste" Button
    t =   654.71s Tap "terminal-paste" Button
    t =   654.71s     Wait for dev.meeterm.app to idle
    t =   654.72s     Find the "terminal-paste" Button
    t =   654.79s     Check for interrupting elements affecting "terminal-paste" Button
    t =   654.83s     Synthesize event
    t =   655.13s     Wait for dev.meeterm.app to idle
    t =   656.17s Checking `Expect predicate `value != "Ready 0" AND value BEGINSWITH "Ready "` for object "terminal-paste" Button`
    t =   656.18s     Find the "terminal-paste" Button
    t =   656.28s     Find the "terminal-paste" Button
    t =   656.35s Get number of matches for: Elements matching predicate 'identifier == "Paste" OR label == "Paste"'
    t =   656.38s Get number of matches for: Elements matching predicate 'identifier == "Paste" OR label == "Paste"'
    t =   656.42s Checking existence of `Button (Element at index 0)`
    t =   656.45s Find the Button (Element at index 0)
    t =   656.49s Get all elements bound by index for: Elements matching predicate 'identifier == "Terminal" OR label == "Terminal" OR label == "Terminal, cached output, read only"'
    t =   656.52s Checking existence of `Other (Element at index 0)`
    t =   656.55s Find the Other (Element at index 0)
    t =   656.58s Checking existence of `Other (Element at index 1)`
    t =   656.61s Find the Other (Element at index 1)
    t =   656.65s Find the "Terminal" Other
    t =   656.69s Checking existence of `"ssh-submit" Button`
    t =   656.72s Checking existence of `"Host" Any`
    t =   656.76s Checking existence of `"Private OpenSSH key" Any`
    t =   656.80s Checking existence of `"Terminal" Other`
    t =   656.83s Checking existence of `Keyboard (First Match)`
    t =   656.85s Checking existence of `"terminal-paste" Button`
    t =   656.91s Checking existence of `"terminal-paste" Button`
    t =   656.99s Find the "terminal-paste" Button
    t =   657.06s Checking existence of `"terminal-paste" Button`
    t =   657.14s Find the "terminal-paste" Button
    t =   657.21s Checking existence of `"terminal-paste" Button`
    t =   657.24s Find the "terminal-paste" Button
    t =   657.27s Checking existence of `"terminal-paste" Button`
    t =   657.30s Find the "terminal-paste" Button
    t =   657.34s Waiting 10.0s for Any (First Match) to exist
    t =   658.41s     Checking `Expect predicate `existsNoRetry == 1` for object Any (First Match)`
    t =   658.41s         Checking existence of `Any (First Match)`
    t =   658.46s Checking existence of `Any (First Match)`
    t =   658.51s Find the Any (First Match)
    t =   658.58s Tap "Return" Button
    t =   658.58s     Wait for dev.meeterm.app to idle
    t =   658.58s     Find the "Return" Button
    t =   658.65s     Check for interrupting elements affecting "Return" Button
    t =   658.68s     Synthesize event
    t =   658.99s     Wait for dev.meeterm.app to idle
    t =   659.07s Get number of matches for: Elements matching predicate 'identifier == "Disconnect" OR label == "Disconnect"'
    t =   659.11s Waiting 30.0s for "Disconnect" Any to exist
    t =   660.17s     Checking `Expect predicate `existsNoRetry == 1` for object "Disconnect" Any`
    t =   660.17s         Checking existence of `"Disconnect" Any`
    t =   660.23s         Capturing element debug description
    t =   661.19s     Checking `Expect predicate `existsNoRetry == 1` for object "Disconnect" Any`
    t =   661.19s         Checking existence of `"Disconnect" Any`
    t =   661.22s         Capturing element debug description
    t =   662.17s     Checking `Expect predicate `existsNoRetry == 1` for object "Disconnect" Any`
    t =   662.17s         Checking existence of `"Disconnect" Any`
    t =   662.21s         Capturing element debug description
    t =   663.16s     Checking `Expect predicate `existsNoRetry == 1` for object "Disconnect" Any`
    t =   663.16s         Checking existence of `"Disconnect" Any`
    t =   663.23s         Capturing element debug description
    t =   664.18s     Checking `Expect predicate `existsNoRetry == 1` for object "Disconnect" Any`
    t =   664.18s         Checking existence of `"Disconnect" Any`
    t =   664.22s         Capturing element debug description
    t =   665.16s     Checking `Expect predicate `existsNoRetry == 1` for object "Disconnect" Any`
    t =   665.16s         Checking existence of `"Disconnect" Any`
    t =   665.20s         Capturing element debug description
    t =   666.14s     Checking `Expect predicate `existsNoRetry == 1` for object "Disconnect" Any`
    t =   666.14s         Checking existence of `"Disconnect" Any`
    t =   666.17s         Capturing element debug description
    t =   667.21s     Checking `Expect predicate `existsNoRetry == 1` for object "Disconnect" Any`
    t =   667.21s         Checking existence of `"Disconnect" Any`
    t =   667.28s         Capturing element debug description
    t =   668.12s     Checking `Expect predicate `existsNoRetry == 1` for object "Disconnect" Any`
    t =   668.12s         Checking existence of `"Disconnect" Any`
    t =   668.19s         Capturing element debug description
    t =   669.14s     Checking `Expect predicate `existsNoRetry == 1` for object "Disconnect" Any`
    t =   669.14s         Checking existence of `"Disconnect" Any`
    t =   669.18s         Capturing element debug description
    t =   670.14s     Checking `Expect predicate `existsNoRetry == 1` for object "Disconnect" Any`
    t =   670.14s         Checking existence of `"Disconnect" Any`
    t =   670.17s         Capturing element debug description
    t =   671.12s     Checking `Expect predicate `existsNoRetry == 1` for object "Disconnect" Any`
    t =   671.13s         Checking existence of `"Disconnect" Any`
    t =   671.20s         Capturing element debug description
    t =   672.13s     Checking `Expect predicate `existsNoRetry == 1` for object "Disconnect" Any`
    t =   672.13s         Checking existence of `"Disconnect" Any`
    t =   672.17s         Capturing element debug description
    t =   673.11s     Checking `Expect predicate `existsNoRetry == 1` for object "Disconnect" Any`
    t =   673.11s         Checking existence of `"Disconnect" Any`
    t =   673.14s         Capturing element debug description
    t =   674.20s     Checking `Expect predicate `existsNoRetry == 1` for object "Disconnect" Any`
    t =   674.21s         Checking existence of `"Disconnect" Any`
    t =   674.24s         Capturing element debug description
    t =   675.17s     Checking `Expect predicate `existsNoRetry == 1` for object "Disconnect" Any`
    t =   675.17s         Checking existence of `"Disconnect" Any`
    t =   675.20s         Capturing element debug description
    t =   676.14s     Checking `Expect predicate `existsNoRetry == 1` for object "Disconnect" Any`
    t =   676.14s         Checking existence of `"Disconnect" Any`
    t =   676.17s         Capturing element debug description
    t =   677.11s     Checking `Expect predicate `existsNoRetry == 1` for object "Disconnect" Any`
    t =   677.11s         Checking existence of `"Disconnect" Any`
    t =   677.15s         Capturing element debug description
    t =   678.19s     Checking `Expect predicate `existsNoRetry == 1` for object "Disconnect" Any`
    t =   678.19s         Checking existence of `"Disconnect" Any`
    t =   678.22s         Capturing element debug description
    t =   679.17s     Checking `Expect predicate `existsNoRetry == 1` for object "Disconnect" Any`
    t =   679.17s         Checking existence of `"Disconnect" Any`
    t =   679.21s         Capturing element debug description
    t =   680.14s     Checking `Expect predicate `existsNoRetry == 1` for object "Disconnect" Any`
    t =   680.14s         Checking existence of `"Disconnect" Any`
    t =   680.17s         Capturing element debug description
    t =   681.12s     Checking `Expect predicate `existsNoRetry == 1` for object "Disconnect" Any`
    t =   681.12s         Checking existence of `"Disconnect" Any`
    t =   681.15s         Capturing element debug description
    t =   682.19s     Checking `Expect predicate `existsNoRetry == 1` for object "Disconnect" Any`
    t =   682.19s         Checking existence of `"Disconnect" Any`
    t =   682.23s         Capturing element debug description
    t =   683.19s     Checking `Expect predicate `existsNoRetry == 1` for object "Disconnect" Any`
    t =   683.19s         Checking existence of `"Disconnect" Any`
    t =   683.24s         Capturing element debug description
    t =   684.18s     Checking `Expect predicate `existsNoRetry == 1` for object "Disconnect" Any`
    t =   684.18s         Checking existence of `"Disconnect" Any`
    t =   684.23s         Capturing element debug description
    t =   685.17s     Checking `Expect predicate `existsNoRetry == 1` for object "Disconnect" Any`
    t =   685.17s         Checking existence of `"Disconnect" Any`
    t =   685.21s         Capturing element debug description
    t =   686.17s     Checking `Expect predicate `existsNoRetry == 1` for object "Disconnect" Any`
    t =   686.17s         Checking existence of `"Disconnect" Any`
    t =   686.20s         Capturing element debug description
    t =   687.12s     Checking `Expect predicate `existsNoRetry == 1` for object "Disconnect" Any`
    t =   687.12s         Checking existence of `"Disconnect" Any`
    t =   687.16s         Capturing element debug description
    t =   688.20s     Checking `Expect predicate `existsNoRetry == 1` for object "Disconnect" Any`
    t =   688.20s         Checking existence of `"Disconnect" Any`
    t =   688.24s         Capturing element debug description
    t =   689.12s     Checking `Expect predicate `existsNoRetry == 1` for object "Disconnect" Any`
    t =   689.12s         Checking existence of `"Disconnect" Any`
    t =   689.16s         Capturing element debug description
    t =   689.16s     Checking existence of `"Disconnect" Any`
    t =   689.20s Collecting debug information to assist test failure triage
    t =   689.20s     Requesting snapshot of accessibility hierarchy for app with pid 54452
    t =   689.25s Get number of matches for: Elements matching predicate 'identifier == "Server connection" OR label == "Server connection"'
    t =   689.28s Waiting 10.0s for "Server connection" Any to exist
    t =   690.35s     Checking `Expect predicate `existsNoRetry == 1` for object "Server connection" Any`
    t =   690.35s         Checking existence of `"Server connection" Any`
    t =   690.39s         Capturing element debug description
    t =   691.34s     Checking `Expect predicate `existsNoRetry == 1` for object "Server connection" Any`
    t =   691.34s         Checking existence of `"Server connection" Any`
    t =   691.40s         Capturing element debug description
    t =   692.36s     Checking `Expect predicate `existsNoRetry == 1` for object "Server connection" Any`
    t =   692.36s         Checking existence of `"Server connection" Any`
    t =   692.41s         Capturing element debug description
    t =   693.36s     Checking `Expect predicate `existsNoRetry == 1` for object "Server connection" Any`
    t =   693.36s         Checking existence of `"Server connection" Any`
    t =   693.40s         Capturing element debug description
    t =   694.34s     Checking `Expect predicate `existsNoRetry == 1` for object "Server connection" Any`
    t =   694.34s         Checking existence of `"Server connection" Any`
    t =   694.37s         Capturing element debug description
    t =   695.34s     Checking `Expect predicate `existsNoRetry == 1` for object "Server connection" Any`
    t =   695.34s         Checking existence of `"Server connection" Any`
    t =   695.37s         Capturing element debug description
    t =   696.34s     Checking `Expect predicate `existsNoRetry == 1` for object "Server connection" Any`
    t =   696.34s         Checking existence of `"Server connection" Any`
    t =   696.41s         Capturing element debug description
    t =   697.37s     Checking `Expect predicate `existsNoRetry == 1` for object "Server connection" Any`
    t =   697.37s         Checking existence of `"Server connection" Any`
    t =   697.41s         Capturing element debug description
    t =   698.35s     Checking `Expect predicate `existsNoRetry == 1` for object "Server connection" Any`
    t =   698.35s         Checking existence of `"Server connection" Any`
    t =   698.39s         Capturing element debug description
    t =   699.30s     Checking `Expect predicate `existsNoRetry == 1` for object "Server connection" Any`
    t =   699.30s         Checking existence of `"Server connection" Any`
    t =   699.33s         Capturing element debug description
    t =   699.33s     Checking existence of `"Server connection" Any`
    t =   699.37s Collecting debug information to assist test failure triage
    t =   699.37s     Requesting snapshot of accessibility hierarchy for app with pid 54452
    t =   699.42s Get number of matches for: Elements matching predicate 'identifier == "Terminal menu" OR label == "Terminal menu"'
    t =   699.45s Get number of matches for: Elements matching predicate 'identifier == "Terminal menu" OR label == "Terminal menu"'
    t =   699.48s Checking existence of `Button (Element at index 0)`
    t =   699.51s Find the Button (Element at index 0)
    t =   699.56s Waiting 10.0s for "Terminal menu" Button to exist
    t =   700.61s     Checking `Expect predicate `existsNoRetry == 1` for object "Terminal menu" Button`
    t =   700.61s         Checking existence of `"Terminal menu" Button`
    t =   700.65s Get number of matches for: Elements matching predicate 'identifier == "Terminal menu" OR label == "Terminal menu"'
    t =   700.68s Get number of matches for: Elements matching predicate 'identifier == "Terminal menu" OR label == "Terminal menu"'
    t =   700.71s Checking existence of `Button (Element at index 0)`
    t =   700.74s Find the Button (Element at index 0)
    t =   700.78s Tap "Terminal menu" Button
    t =   700.78s     Wait for dev.meeterm.app to idle
    t =   700.79s     Find the "Terminal menu" Button
    t =   700.82s     Check for interrupting elements affecting "Terminal menu" Button
    t =   700.85s     Synthesize event
    t =   701.15s     Wait for dev.meeterm.app to idle
    t =   701.52s Get number of matches for: Elements matching predicate 'identifier == "Disconnect" OR label == "Disconnect"'
    t =   701.55s Get number of matches for: Elements matching predicate 'identifier == "Disconnect" OR label == "Disconnect"'
    t =   701.57s Checking existence of `Button (Element at index 0)`
    t =   701.59s Find the Button (Element at index 0)
    t =   701.63s Waiting 10.0s for "Disconnect" Button to exist
    t =   702.71s     Checking `Expect predicate `existsNoRetry == 1` for object "Disconnect" Button`
    t =   702.71s         Checking existence of `"Disconnect" Button`
    t =   702.73s Get number of matches for: Elements matching predicate 'identifier == "Disconnect" OR label == "Disconnect"'
    t =   702.75s Get number of matches for: Elements matching predicate 'identifier == "Disconnect" OR label == "Disconnect"'
    t =   702.77s Checking existence of `Button (Element at index 0)`
    t =   702.79s Find the Button (Element at index 0)
    t =   702.82s Tap "Disconnect" Button
    t =   702.82s     Wait for dev.meeterm.app to idle
    t =   702.83s     Find the "Disconnect" Button
    t =   702.85s     Check for interrupting elements affecting "Disconnect" Button
    t =   702.88s     Synthesize event
    t =   703.19s     Wait for dev.meeterm.app to idle
    t =   703.52s Checking existence of `"Not connected" StaticText`
    t =   703.54s Terminate dev.meeterm.app:54452
    t =   704.67s Tear Down
Test Case '-[meetermTests.MeetermSmokeUITests testIssue27SessionSwitcherDrive]' passed (705.277 seconds).
Test Suite 'MeetermSmokeUITests' passed at 2026-09-23 21:17:24.302.
	 Executed 1 test, with 0 failures (0 unexpected) in 705.277 (705.283) seconds
Test Suite 'meetermTests.xctest' passed at 2026-09-23 21:17:24.303.
	 Executed 1 test, with 0 failures (0 unexpected) in 705.277 (705.284) seconds
Test Suite 'Selected tests' passed at 2026-09-23 21:17:24.303.
	 Executed 1 test, with 0 failures (0 unexpected) in 705.277 (705.285) seconds
2026-09-23 21:18:14.246 xcodebuild[54407:391854] [MT] IDETestOperationsObserverDebug: 758.542 elapsed -- Testing started completed.
2026-09-23 21:18:14.246 xcodebuild[54407:391854] [MT] IDETestOperationsObserverDebug: 0.000 sec, +0.000 sec -- start
2026-09-23 21:18:14.246 xcodebuild[54407:391854] [MT] IDETestOperationsObserverDebug: 758.542 sec, +758.542 sec -- end

Test session results, code coverage, and logs:
	/Users/devin/runner-temp/meeterm-ios-switcher-drive.xcresult

** TEST EXECUTE SUCCEEDED **

Testing started
