=== 14:42:47.830283469 SOCKET /home/ubuntu/meeterm-ssh-fixture-kkdkxg3q/tmux/tmux-1000/default ===
--- 14:42:47.834888305
@0 smoke %0 36833 0 act=1 40x24 L=0 T=0 R=39 B=23 wact=1 zoom=0
@0 smoke %1 36837 1 act=0 39x24 L=41 T=0 R=79 B=23 wact=1 zoom=0
@1 handoff %2 36841 0 act=0 40x24 L=0 T=0 R=39 B=23 wact=0 zoom=0
@1 handoff %3 36845 1 act=1 39x24 L=41 T=0 R=79 B=23 wact=0 zoom=0
@0 smoke 80x24 zoom=0 layout=8205,80x24,0,0{40x24,0,0,0,39x24,41,0,1}
@1 handoff 80x24 zoom=0 layout=820e,80x24,0,0{40x24,0,0,2,39x24,41,0,3}
--- 14:42:49.349744776
@0 smoke %0 36833 0 act=1 40x24 L=0 T=0 R=39 B=23 wact=1 zoom=0
@0 smoke %1 36837 1 act=0 39x24 L=41 T=0 R=79 B=23 wact=1 zoom=0
@1 handoff %2 36841 0 act=0 40x24 L=0 T=0 R=39 B=23 wact=0 zoom=0
@1 handoff %3 36845 1 act=1 39x24 L=41 T=0 R=79 B=23 wact=0 zoom=0
@0 smoke 80x24 zoom=0 layout=8205,80x24,0,0{40x24,0,0,0,39x24,41,0,1}
@1 handoff 80x24 zoom=0 layout=820e,80x24,0,0{40x24,0,0,2,39x24,41,0,3}
--- 14:42:50.871927174
@0 smoke %0 36833 0 act=1 40x24 L=0 T=0 R=39 B=23 wact=1 zoom=0
@0 smoke %1 36837 1 act=0 39x24 L=41 T=0 R=79 B=23 wact=1 zoom=0
@1 handoff %2 36841 0 act=0 40x24 L=0 T=0 R=39 B=23 wact=0 zoom=0
@1 handoff %3 36845 1 act=1 39x24 L=41 T=0 R=79 B=23 wact=0 zoom=0
@0 smoke 80x24 zoom=0 layout=8205,80x24,0,0{40x24,0,0,0,39x24,41,0,1}
@1 handoff 80x24 zoom=0 layout=820e,80x24,0,0{40x24,0,0,2,39x24,41,0,3}
--- 14:42:52.391357078
@0 smoke %0 36833 0 act=1 40x24 L=0 T=0 R=39 B=23 wact=1 zoom=0
@0 smoke %1 36837 1 act=0 39x24 L=41 T=0 R=79 B=23 wact=1 zoom=0
@1 handoff %2 36841 0 act=0 40x24 L=0 T=0 R=39 B=23 wact=0 zoom=0
@1 handoff %3 36845 1 act=1 39x24 L=41 T=0 R=79 B=23 wact=0 zoom=0
@0 smoke 80x24 zoom=0 layout=8205,80x24,0,0{40x24,0,0,0,39x24,41,0,1}
@1 handoff 80x24 zoom=0 layout=820e,80x24,0,0{40x24,0,0,2,39x24,41,0,3}
--- 14:42:53.904119174
@0 smoke %0 36833 0 act=1 40x24 L=0 T=0 R=39 B=23 wact=1 zoom=0
@0 smoke %1 36837 1 act=0 39x24 L=41 T=0 R=79 B=23 wact=1 zoom=0
@1 handoff %2 36841 0 act=0 40x24 L=0 T=0 R=39 B=23 wact=0 zoom=0
@1 handoff %3 36845 1 act=1 39x24 L=41 T=0 R=79 B=23 wact=0 zoom=0
@0 smoke 80x24 zoom=0 layout=8205,80x24,0,0{40x24,0,0,0,39x24,41,0,1}
@1 handoff 80x24 zoom=0 layout=820e,80x24,0,0{40x24,0,0,2,39x24,41,0,3}
--- 14:42:55.416891813
@0 smoke %0 36833 0 act=1 40x24 L=0 T=0 R=39 B=23 wact=1 zoom=0
@0 smoke %1 36837 1 act=0 39x24 L=41 T=0 R=79 B=23 wact=1 zoom=0
@1 handoff %2 36841 0 act=0 40x24 L=0 T=0 R=39 B=23 wact=0 zoom=0
@1 handoff %3 36845 1 act=1 39x24 L=41 T=0 R=79 B=23 wact=0 zoom=0
@0 smoke 80x24 zoom=0 layout=8205,80x24,0,0{40x24,0,0,0,39x24,41,0,1}
@1 handoff 80x24 zoom=0 layout=820e,80x24,0,0{40x24,0,0,2,39x24,41,0,3}
--- 14:42:56.929843847
@0 smoke %0 36833 0 act=1 40x24 L=0 T=0 R=39 B=23 wact=1 zoom=0
@0 smoke %1 36837 1 act=0 39x24 L=41 T=0 R=79 B=23 wact=1 zoom=0
@1 handoff %2 36841 0 act=0 40x24 L=0 T=0 R=39 B=23 wact=0 zoom=0
@1 handoff %3 36845 1 act=1 39x24 L=41 T=0 R=79 B=23 wact=0 zoom=0
@0 smoke 80x24 zoom=0 layout=8205,80x24,0,0{40x24,0,0,0,39x24,41,0,1}
@1 handoff 80x24 zoom=0 layout=820e,80x24,0,0{40x24,0,0,2,39x24,41,0,3}
--- 14:42:58.443020021
@0 smoke %0 36833 0 act=1 40x24 L=0 T=0 R=39 B=23 wact=1 zoom=0
@0 smoke %1 36837 1 act=0 39x24 L=41 T=0 R=79 B=23 wact=1 zoom=0
@1 handoff %2 36841 0 act=0 40x24 L=0 T=0 R=39 B=23 wact=0 zoom=0
@1 handoff %3 36845 1 act=1 39x24 L=41 T=0 R=79 B=23 wact=0 zoom=0
@0 smoke 80x24 zoom=0 layout=8205,80x24,0,0{40x24,0,0,0,39x24,41,0,1}
@1 handoff 80x24 zoom=0 layout=820e,80x24,0,0{40x24,0,0,2,39x24,41,0,3}
--- 14:42:59.964947775
@0 smoke %0 36833 0 act=1 40x24 L=0 T=0 R=39 B=23 wact=1 zoom=0
@0 smoke %1 36837 1 act=0 39x24 L=41 T=0 R=79 B=23 wact=1 zoom=0
@1 handoff %2 36841 0 act=0 40x24 L=0 T=0 R=39 B=23 wact=0 zoom=0
@1 handoff %3 36845 1 act=1 39x24 L=41 T=0 R=79 B=23 wact=0 zoom=0
@0 smoke 80x24 zoom=0 layout=8205,80x24,0,0{40x24,0,0,0,39x24,41,0,1}
@1 handoff 80x24 zoom=0 layout=820e,80x24,0,0{40x24,0,0,2,39x24,41,0,3}
--- 14:43:01.481272831
@0 smoke %0 36833 0 act=1 40x24 L=0 T=0 R=39 B=23 wact=1 zoom=0
@0 smoke %1 36837 1 act=0 39x24 L=41 T=0 R=79 B=23 wact=1 zoom=0
@1 handoff %2 36841 0 act=0 40x24 L=0 T=0 R=39 B=23 wact=0 zoom=0
@1 handoff %3 36845 1 act=1 39x24 L=41 T=0 R=79 B=23 wact=0 zoom=0
@0 smoke 80x24 zoom=0 layout=8205,80x24,0,0{40x24,0,0,0,39x24,41,0,1}
@1 handoff 80x24 zoom=0 layout=820e,80x24,0,0{40x24,0,0,2,39x24,41,0,3}
--- 14:43:02.993966856
@0 smoke %0 36833 0 act=1 40x24 L=0 T=0 R=39 B=23 wact=1 zoom=0
@0 smoke %1 36837 1 act=0 39x24 L=41 T=0 R=79 B=23 wact=1 zoom=0
@1 handoff %2 36841 0 act=0 40x24 L=0 T=0 R=39 B=23 wact=0 zoom=0
@1 handoff %3 36845 1 act=1 39x24 L=41 T=0 R=79 B=23 wact=0 zoom=0
@0 smoke 80x24 zoom=0 layout=8205,80x24,0,0{40x24,0,0,0,39x24,41,0,1}
@1 handoff 80x24 zoom=0 layout=820e,80x24,0,0{40x24,0,0,2,39x24,41,0,3}
--- 14:43:04.506683404
@0 smoke %0 36833 0 act=1 40x24 L=0 T=0 R=39 B=23 wact=1 zoom=0
@0 smoke %1 36837 1 act=0 39x24 L=41 T=0 R=79 B=23 wact=1 zoom=0
@1 handoff %2 36841 0 act=0 40x24 L=0 T=0 R=39 B=23 wact=0 zoom=0
@1 handoff %3 36845 1 act=1 39x24 L=41 T=0 R=79 B=23 wact=0 zoom=0
@0 smoke 80x24 zoom=0 layout=8205,80x24,0,0{40x24,0,0,0,39x24,41,0,1}
@1 handoff 80x24 zoom=0 layout=820e,80x24,0,0{40x24,0,0,2,39x24,41,0,3}
--- 14:43:06.022162649
@0 smoke %0 36833 0 act=1 40x24 L=0 T=0 R=39 B=23 wact=1 zoom=0
@0 smoke %1 36837 1 act=0 39x24 L=41 T=0 R=79 B=23 wact=1 zoom=0
@1 handoff %2 36841 0 act=0 40x24 L=0 T=0 R=39 B=23 wact=0 zoom=0
@1 handoff %3 36845 1 act=1 39x24 L=41 T=0 R=79 B=23 wact=0 zoom=0
@0 smoke 80x24 zoom=0 layout=8205,80x24,0,0{40x24,0,0,0,39x24,41,0,1}
@1 handoff 80x24 zoom=0 layout=820e,80x24,0,0{40x24,0,0,2,39x24,41,0,3}
--- 14:43:07.536688126
@0 smoke %0 36833 0 act=1 40x24 L=0 T=0 R=39 B=23 wact=1 zoom=0
@0 smoke %1 36837 1 act=0 39x24 L=41 T=0 R=79 B=23 wact=1 zoom=0
@1 handoff %2 36841 0 act=0 40x24 L=0 T=0 R=39 B=23 wact=0 zoom=0
@1 handoff %3 36845 1 act=1 39x24 L=41 T=0 R=79 B=23 wact=0 zoom=0
@0 smoke 80x24 zoom=0 layout=8205,80x24,0,0{40x24,0,0,0,39x24,41,0,1}
@1 handoff 80x24 zoom=0 layout=820e,80x24,0,0{40x24,0,0,2,39x24,41,0,3}
--- 14:43:09.049538280
@0 smoke %0 36833 0 act=1 40x24 L=0 T=0 R=39 B=23 wact=1 zoom=0
@0 smoke %1 36837 1 act=0 39x24 L=41 T=0 R=79 B=23 wact=1 zoom=0
@1 handoff %2 36841 0 act=0 40x24 L=0 T=0 R=39 B=23 wact=0 zoom=0
@1 handoff %3 36845 1 act=1 39x24 L=41 T=0 R=79 B=23 wact=0 zoom=0
@0 smoke 80x24 zoom=0 layout=8205,80x24,0,0{40x24,0,0,0,39x24,41,0,1}
@1 handoff 80x24 zoom=0 layout=820e,80x24,0,0{40x24,0,0,2,39x24,41,0,3}
--- 14:43:10.563030988
@0 smoke %0 36833 0 act=1 40x24 L=0 T=0 R=39 B=23 wact=1 zoom=0
@0 smoke %1 36837 1 act=0 39x24 L=41 T=0 R=79 B=23 wact=1 zoom=0
@1 handoff %2 36841 0 act=0 40x24 L=0 T=0 R=39 B=23 wact=0 zoom=0
@1 handoff %3 36845 1 act=1 39x24 L=41 T=0 R=79 B=23 wact=0 zoom=0
@0 smoke 80x24 zoom=0 layout=8205,80x24,0,0{40x24,0,0,0,39x24,41,0,1}
@1 handoff 80x24 zoom=0 layout=820e,80x24,0,0{40x24,0,0,2,39x24,41,0,3}
--- 14:43:12.075927106
@0 smoke %0 36833 0 act=1 40x24 L=0 T=0 R=39 B=23 wact=1 zoom=0
@0 smoke %1 36837 1 act=0 39x24 L=41 T=0 R=79 B=23 wact=1 zoom=0
@1 handoff %2 36841 0 act=0 40x24 L=0 T=0 R=39 B=23 wact=0 zoom=0
@1 handoff %3 36845 1 act=1 39x24 L=41 T=0 R=79 B=23 wact=0 zoom=0
@0 smoke 80x24 zoom=0 layout=8205,80x24,0,0{40x24,0,0,0,39x24,41,0,1}
@1 handoff 80x24 zoom=0 layout=820e,80x24,0,0{40x24,0,0,2,39x24,41,0,3}
--- 14:43:13.588901681
@0 smoke %0 36833 0 act=1 40x24 L=0 T=0 R=39 B=23 wact=1 zoom=0
@0 smoke %1 36837 1 act=0 39x24 L=41 T=0 R=79 B=23 wact=1 zoom=0
@1 handoff %2 36841 0 act=0 40x24 L=0 T=0 R=39 B=23 wact=0 zoom=0
@1 handoff %3 36845 1 act=1 39x24 L=41 T=0 R=79 B=23 wact=0 zoom=0
@0 smoke 80x24 zoom=0 layout=8205,80x24,0,0{40x24,0,0,0,39x24,41,0,1}
@1 handoff 80x24 zoom=0 layout=820e,80x24,0,0{40x24,0,0,2,39x24,41,0,3}
--- 14:43:15.103065989
@0 smoke %0 36833 0 act=1 40x24 L=0 T=0 R=39 B=23 wact=1 zoom=0
@0 smoke %1 36837 1 act=0 39x24 L=41 T=0 R=79 B=23 wact=1 zoom=0
@1 handoff %2 36841 0 act=0 40x24 L=0 T=0 R=39 B=23 wact=0 zoom=0
@1 handoff %3 36845 1 act=1 39x24 L=41 T=0 R=79 B=23 wact=0 zoom=0
@0 smoke 80x24 zoom=0 layout=8205,80x24,0,0{40x24,0,0,0,39x24,41,0,1}
@1 handoff 80x24 zoom=0 layout=820e,80x24,0,0{40x24,0,0,2,39x24,41,0,3}
--- 14:43:16.619642483
@0 smoke %0 36833 0 act=1 40x24 L=0 T=0 R=39 B=23 wact=1 zoom=0
@0 smoke %1 36837 1 act=0 39x24 L=41 T=0 R=79 B=23 wact=1 zoom=0
@1 handoff %2 36841 0 act=0 40x24 L=0 T=0 R=39 B=23 wact=0 zoom=0
@1 handoff %3 36845 1 act=1 39x24 L=41 T=0 R=79 B=23 wact=0 zoom=0
@0 smoke 80x24 zoom=0 layout=8205,80x24,0,0{40x24,0,0,0,39x24,41,0,1}
@1 handoff 80x24 zoom=0 layout=820e,80x24,0,0{40x24,0,0,2,39x24,41,0,3}
--- 14:43:18.144999034
@0 smoke %0 36833 0 act=1 40x24 L=0 T=0 R=39 B=23 wact=1 zoom=0
@0 smoke %1 36837 1 act=0 39x24 L=41 T=0 R=79 B=23 wact=1 zoom=0
@1 handoff %2 36841 0 act=0 40x24 L=0 T=0 R=39 B=23 wact=0 zoom=0
@1 handoff %3 36845 1 act=1 39x24 L=41 T=0 R=79 B=23 wact=0 zoom=0
@0 smoke 80x24 zoom=0 layout=8205,80x24,0,0{40x24,0,0,0,39x24,41,0,1}
@1 handoff 80x24 zoom=0 layout=820e,80x24,0,0{40x24,0,0,2,39x24,41,0,3}
--- 14:43:19.664691102
@0 smoke %0 36833 0 act=1 40x24 L=0 T=0 R=39 B=23 wact=1 zoom=0
@0 smoke %1 36837 1 act=0 39x24 L=41 T=0 R=79 B=23 wact=1 zoom=0
@1 handoff %2 36841 0 act=0 40x24 L=0 T=0 R=39 B=23 wact=0 zoom=0
@1 handoff %3 36845 1 act=1 39x24 L=41 T=0 R=79 B=23 wact=0 zoom=0
@0 smoke 80x24 zoom=0 layout=8205,80x24,0,0{40x24,0,0,0,39x24,41,0,1}
@1 handoff 80x24 zoom=0 layout=820e,80x24,0,0{40x24,0,0,2,39x24,41,0,3}
--- 14:43:21.182159724
@0 smoke %0 36833 0 act=1 40x24 L=0 T=0 R=39 B=23 wact=1 zoom=0
@0 smoke %1 36837 1 act=0 39x24 L=41 T=0 R=79 B=23 wact=1 zoom=0
@1 handoff %2 36841 0 act=0 40x24 L=0 T=0 R=39 B=23 wact=0 zoom=0
@1 handoff %3 36845 1 act=1 39x24 L=41 T=0 R=79 B=23 wact=0 zoom=0
@0 smoke 80x24 zoom=0 layout=8205,80x24,0,0{40x24,0,0,0,39x24,41,0,1}
@1 handoff 80x24 zoom=0 layout=820e,80x24,0,0{40x24,0,0,2,39x24,41,0,3}
--- 14:43:22.696280232
@0 smoke %0 36833 0 act=1 40x24 L=0 T=0 R=39 B=23 wact=1 zoom=0
@0 smoke %1 36837 1 act=0 39x24 L=41 T=0 R=79 B=23 wact=1 zoom=0
@1 handoff %2 36841 0 act=0 40x24 L=0 T=0 R=39 B=23 wact=0 zoom=0
@1 handoff %3 36845 1 act=1 39x24 L=41 T=0 R=79 B=23 wact=0 zoom=0
@0 smoke 80x24 zoom=0 layout=8205,80x24,0,0{40x24,0,0,0,39x24,41,0,1}
@1 handoff 80x24 zoom=0 layout=820e,80x24,0,0{40x24,0,0,2,39x24,41,0,3}
--- 14:43:24.216680423
@0 smoke %0 36833 0 act=1 40x24 L=0 T=0 R=39 B=23 wact=1 zoom=0
@0 smoke %1 36837 1 act=0 39x24 L=41 T=0 R=79 B=23 wact=1 zoom=0
@1 handoff %2 36841 0 act=0 40x24 L=0 T=0 R=39 B=23 wact=0 zoom=0
@1 handoff %3 36845 1 act=1 39x24 L=41 T=0 R=79 B=23 wact=0 zoom=0
@0 smoke 80x24 zoom=0 layout=8205,80x24,0,0{40x24,0,0,0,39x24,41,0,1}
@1 handoff 80x24 zoom=0 layout=820e,80x24,0,0{40x24,0,0,2,39x24,41,0,3}
--- 14:43:25.734549044
@0 smoke %0 36833 0 act=1 40x24 L=0 T=0 R=39 B=23 wact=1 zoom=0
@0 smoke %1 36837 1 act=0 39x24 L=41 T=0 R=79 B=23 wact=1 zoom=0
@1 handoff %2 36841 0 act=0 40x24 L=0 T=0 R=39 B=23 wact=0 zoom=0
@1 handoff %3 36845 1 act=1 39x24 L=41 T=0 R=79 B=23 wact=0 zoom=0
@0 smoke 80x24 zoom=0 layout=8205,80x24,0,0{40x24,0,0,0,39x24,41,0,1}
@1 handoff 80x24 zoom=0 layout=820e,80x24,0,0{40x24,0,0,2,39x24,41,0,3}
--- 14:43:27.247494701
@0 smoke %0 36833 0 act=1 40x24 L=0 T=0 R=39 B=23 wact=1 zoom=0
@0 smoke %1 36837 1 act=0 39x24 L=41 T=0 R=79 B=23 wact=1 zoom=0
@1 handoff %2 36841 0 act=0 40x24 L=0 T=0 R=39 B=23 wact=0 zoom=0
@1 handoff %3 36845 1 act=1 39x24 L=41 T=0 R=79 B=23 wact=0 zoom=0
@0 smoke 80x24 zoom=0 layout=8205,80x24,0,0{40x24,0,0,0,39x24,41,0,1}
@1 handoff 80x24 zoom=0 layout=820e,80x24,0,0{40x24,0,0,2,39x24,41,0,3}
--- 14:43:28.766424300
@0 smoke %0 36833 0 act=1 40x24 L=0 T=0 R=39 B=23 wact=1 zoom=0
@0 smoke %1 36837 1 act=0 39x24 L=41 T=0 R=79 B=23 wact=1 zoom=0
@1 handoff %2 36841 0 act=0 40x24 L=0 T=0 R=39 B=23 wact=0 zoom=0
@1 handoff %3 36845 1 act=1 39x24 L=41 T=0 R=79 B=23 wact=0 zoom=0
@0 smoke 80x24 zoom=0 layout=8205,80x24,0,0{40x24,0,0,0,39x24,41,0,1}
@1 handoff 80x24 zoom=0 layout=820e,80x24,0,0{40x24,0,0,2,39x24,41,0,3}
--- 14:43:30.293913836
@0 smoke %0 36833 0 act=1 40x24 L=0 T=0 R=39 B=23 wact=1 zoom=0
@0 smoke %1 36837 1 act=0 39x24 L=41 T=0 R=79 B=23 wact=1 zoom=0
@1 handoff %2 36841 0 act=0 40x24 L=0 T=0 R=39 B=23 wact=0 zoom=0
@1 handoff %3 36845 1 act=1 39x24 L=41 T=0 R=79 B=23 wact=0 zoom=0
@0 smoke 80x24 zoom=0 layout=8205,80x24,0,0{40x24,0,0,0,39x24,41,0,1}
@1 handoff 80x24 zoom=0 layout=820e,80x24,0,0{40x24,0,0,2,39x24,41,0,3}
--- 14:43:31.806778601
@0 smoke %0 36833 0 act=1 40x24 L=0 T=0 R=39 B=23 wact=1 zoom=0
@0 smoke %1 36837 1 act=0 39x24 L=41 T=0 R=79 B=23 wact=1 zoom=0
@1 handoff %2 36841 0 act=0 40x24 L=0 T=0 R=39 B=23 wact=0 zoom=0
@1 handoff %3 36845 1 act=1 39x24 L=41 T=0 R=79 B=23 wact=0 zoom=0
@0 smoke 80x24 zoom=0 layout=8205,80x24,0,0{40x24,0,0,0,39x24,41,0,1}
@1 handoff 80x24 zoom=0 layout=820e,80x24,0,0{40x24,0,0,2,39x24,41,0,3}
--- 14:43:33.319478176
@0 smoke %0 36833 0 act=1 40x24 L=0 T=0 R=39 B=23 wact=1 zoom=0
@0 smoke %1 36837 1 act=0 39x24 L=41 T=0 R=79 B=23 wact=1 zoom=0
@1 handoff %2 36841 0 act=0 40x24 L=0 T=0 R=39 B=23 wact=0 zoom=0
@1 handoff %3 36845 1 act=1 39x24 L=41 T=0 R=79 B=23 wact=0 zoom=0
@0 smoke 80x24 zoom=0 layout=8205,80x24,0,0{40x24,0,0,0,39x24,41,0,1}
@1 handoff 80x24 zoom=0 layout=820e,80x24,0,0{40x24,0,0,2,39x24,41,0,3}
--- 14:43:34.832952785
@0 smoke %0 36833 0 act=1 40x24 L=0 T=0 R=39 B=23 wact=1 zoom=0
@0 smoke %1 36837 1 act=0 39x24 L=41 T=0 R=79 B=23 wact=1 zoom=0
@1 handoff %2 36841 0 act=0 40x24 L=0 T=0 R=39 B=23 wact=0 zoom=0
@1 handoff %3 36845 1 act=1 39x24 L=41 T=0 R=79 B=23 wact=0 zoom=0
@0 smoke 80x24 zoom=0 layout=8205,80x24,0,0{40x24,0,0,0,39x24,41,0,1}
@1 handoff 80x24 zoom=0 layout=820e,80x24,0,0{40x24,0,0,2,39x24,41,0,3}
--- 14:43:36.346200885
@0 smoke %0 36833 0 act=1 40x24 L=0 T=0 R=39 B=23 wact=1 zoom=0
@0 smoke %1 36837 1 act=0 39x24 L=41 T=0 R=79 B=23 wact=1 zoom=0
@1 handoff %2 36841 0 act=0 40x24 L=0 T=0 R=39 B=23 wact=0 zoom=0
@1 handoff %3 36845 1 act=1 39x24 L=41 T=0 R=79 B=23 wact=0 zoom=0
@0 smoke 80x24 zoom=0 layout=8205,80x24,0,0{40x24,0,0,0,39x24,41,0,1}
@1 handoff 80x24 zoom=0 layout=820e,80x24,0,0{40x24,0,0,2,39x24,41,0,3}
--- 14:43:37.858952885
@0 smoke %0 36833 0 act=1 40x24 L=0 T=0 R=39 B=23 wact=1 zoom=0
@0 smoke %1 36837 1 act=0 39x24 L=41 T=0 R=79 B=23 wact=1 zoom=0
@1 handoff %2 36841 0 act=0 40x24 L=0 T=0 R=39 B=23 wact=0 zoom=0
@1 handoff %3 36845 1 act=1 39x24 L=41 T=0 R=79 B=23 wact=0 zoom=0
@0 smoke 80x24 zoom=0 layout=8205,80x24,0,0{40x24,0,0,0,39x24,41,0,1}
@1 handoff 80x24 zoom=0 layout=820e,80x24,0,0{40x24,0,0,2,39x24,41,0,3}
--- 14:43:39.371731415
@0 smoke %0 36833 0 act=1 40x24 L=0 T=0 R=39 B=23 wact=1 zoom=0
@0 smoke %1 36837 1 act=0 39x24 L=41 T=0 R=79 B=23 wact=1 zoom=0
@1 handoff %2 36841 0 act=0 40x24 L=0 T=0 R=39 B=23 wact=0 zoom=0
@1 handoff %3 36845 1 act=1 39x24 L=41 T=0 R=79 B=23 wact=0 zoom=0
@0 smoke 80x24 zoom=0 layout=8205,80x24,0,0{40x24,0,0,0,39x24,41,0,1}
@1 handoff 80x24 zoom=0 layout=820e,80x24,0,0{40x24,0,0,2,39x24,41,0,3}
--- 14:43:40.890401604
@0 smoke %0 36833 0 act=1 40x24 L=0 T=0 R=39 B=23 wact=1 zoom=0
@0 smoke %1 36837 1 act=0 39x24 L=41 T=0 R=79 B=23 wact=1 zoom=0
@1 handoff %2 36841 0 act=0 40x24 L=0 T=0 R=39 B=23 wact=0 zoom=0
@1 handoff %3 36845 1 act=1 39x24 L=41 T=0 R=79 B=23 wact=0 zoom=0
@0 smoke 80x24 zoom=0 layout=8205,80x24,0,0{40x24,0,0,0,39x24,41,0,1}
@1 handoff 80x24 zoom=0 layout=820e,80x24,0,0{40x24,0,0,2,39x24,41,0,3}
--- 14:43:42.409581783
@0 smoke %0 36833 0 act=1 40x24 L=0 T=0 R=39 B=23 wact=1 zoom=0
@0 smoke %1 36837 1 act=0 39x24 L=41 T=0 R=79 B=23 wact=1 zoom=0
@1 handoff %2 36841 0 act=0 40x24 L=0 T=0 R=39 B=23 wact=0 zoom=0
@1 handoff %3 36845 1 act=1 39x24 L=41 T=0 R=79 B=23 wact=0 zoom=0
@0 smoke 80x24 zoom=0 layout=8205,80x24,0,0{40x24,0,0,0,39x24,41,0,1}
@1 handoff 80x24 zoom=0 layout=820e,80x24,0,0{40x24,0,0,2,39x24,41,0,3}
--- 14:43:43.922565901
@0 smoke %0 36833 0 act=1 40x24 L=0 T=0 R=39 B=23 wact=1 zoom=0
@0 smoke %1 36837 1 act=0 39x24 L=41 T=0 R=79 B=23 wact=1 zoom=0
@1 handoff %2 36841 0 act=0 40x24 L=0 T=0 R=39 B=23 wact=0 zoom=0
@1 handoff %3 36845 1 act=1 39x24 L=41 T=0 R=79 B=23 wact=0 zoom=0
@0 smoke 80x24 zoom=0 layout=8205,80x24,0,0{40x24,0,0,0,39x24,41,0,1}
@1 handoff 80x24 zoom=0 layout=820e,80x24,0,0{40x24,0,0,2,39x24,41,0,3}
--- 14:43:45.435537011
@0 smoke %0 36833 0 act=1 40x24 L=0 T=0 R=39 B=23 wact=1 zoom=0
@0 smoke %1 36837 1 act=0 39x24 L=41 T=0 R=79 B=23 wact=1 zoom=0
@1 handoff %2 36841 0 act=0 40x24 L=0 T=0 R=39 B=23 wact=0 zoom=0
@1 handoff %3 36845 1 act=1 39x24 L=41 T=0 R=79 B=23 wact=0 zoom=0
@0 smoke 80x24 zoom=0 layout=8205,80x24,0,0{40x24,0,0,0,39x24,41,0,1}
@1 handoff 80x24 zoom=0 layout=820e,80x24,0,0{40x24,0,0,2,39x24,41,0,3}
--- 14:43:46.948580165
@0 smoke %0 36833 0 act=1 40x24 L=0 T=0 R=39 B=23 wact=1 zoom=0
@0 smoke %1 36837 1 act=0 39x24 L=41 T=0 R=79 B=23 wact=1 zoom=0
@1 handoff %2 36841 0 act=0 40x24 L=0 T=0 R=39 B=23 wact=0 zoom=0
@1 handoff %3 36845 1 act=1 39x24 L=41 T=0 R=79 B=23 wact=0 zoom=0
@0 smoke 80x24 zoom=0 layout=8205,80x24,0,0{40x24,0,0,0,39x24,41,0,1}
@1 handoff 80x24 zoom=0 layout=820e,80x24,0,0{40x24,0,0,2,39x24,41,0,3}
--- 14:43:48.462212086
@0 smoke %0 36833 0 act=1 40x24 L=0 T=0 R=39 B=23 wact=1 zoom=0
@0 smoke %1 36837 1 act=0 39x24 L=41 T=0 R=79 B=23 wact=1 zoom=0
@1 handoff %2 36841 0 act=0 40x24 L=0 T=0 R=39 B=23 wact=0 zoom=0
@1 handoff %3 36845 1 act=1 39x24 L=41 T=0 R=79 B=23 wact=0 zoom=0
@0 smoke 80x24 zoom=0 layout=8205,80x24,0,0{40x24,0,0,0,39x24,41,0,1}
@1 handoff 80x24 zoom=0 layout=820e,80x24,0,0{40x24,0,0,2,39x24,41,0,3}
--- 14:43:49.977727886
@0 smoke %0 36833 0 act=1 40x24 L=0 T=0 R=39 B=23 wact=1 zoom=0
@0 smoke %1 36837 1 act=0 39x24 L=41 T=0 R=79 B=23 wact=1 zoom=0
@1 handoff %2 36841 0 act=0 40x24 L=0 T=0 R=39 B=23 wact=0 zoom=0
@1 handoff %3 36845 1 act=1 39x24 L=41 T=0 R=79 B=23 wact=0 zoom=0
@0 smoke 80x24 zoom=0 layout=8205,80x24,0,0{40x24,0,0,0,39x24,41,0,1}
@1 handoff 80x24 zoom=0 layout=820e,80x24,0,0{40x24,0,0,2,39x24,41,0,3}
--- 14:43:51.490463060
@0 smoke %0 36833 0 act=1 40x24 L=0 T=0 R=39 B=23 wact=1 zoom=0
@0 smoke %1 36837 1 act=0 39x24 L=41 T=0 R=79 B=23 wact=1 zoom=0
@1 handoff %2 36841 0 act=0 40x24 L=0 T=0 R=39 B=23 wact=0 zoom=0
@1 handoff %3 36845 1 act=1 39x24 L=41 T=0 R=79 B=23 wact=0 zoom=0
@0 smoke 80x24 zoom=0 layout=8205,80x24,0,0{40x24,0,0,0,39x24,41,0,1}
@1 handoff 80x24 zoom=0 layout=820e,80x24,0,0{40x24,0,0,2,39x24,41,0,3}
--- 14:43:53.003921199
@0 smoke %0 36833 0 act=1 40x24 L=0 T=0 R=39 B=23 wact=1 zoom=0
@0 smoke %1 36837 1 act=0 39x24 L=41 T=0 R=79 B=23 wact=1 zoom=0
@1 handoff %2 36841 0 act=0 40x24 L=0 T=0 R=39 B=23 wact=0 zoom=0
@1 handoff %3 36845 1 act=1 39x24 L=41 T=0 R=79 B=23 wact=0 zoom=0
@0 smoke 80x24 zoom=0 layout=8205,80x24,0,0{40x24,0,0,0,39x24,41,0,1}
@1 handoff 80x24 zoom=0 layout=820e,80x24,0,0{40x24,0,0,2,39x24,41,0,3}
--- 14:43:54.517636262
@0 smoke %0 36833 0 act=1 40x24 L=0 T=0 R=39 B=23 wact=1 zoom=0
@0 smoke %1 36837 1 act=0 39x24 L=41 T=0 R=79 B=23 wact=1 zoom=0
@1 handoff %2 36841 0 act=0 40x24 L=0 T=0 R=39 B=23 wact=0 zoom=0
@1 handoff %3 36845 1 act=1 39x24 L=41 T=0 R=79 B=23 wact=0 zoom=0
@0 smoke 80x24 zoom=0 layout=8205,80x24,0,0{40x24,0,0,0,39x24,41,0,1}
@1 handoff 80x24 zoom=0 layout=820e,80x24,0,0{40x24,0,0,2,39x24,41,0,3}
--- 14:43:56.030736512
@0 smoke %0 36833 0 act=1 40x24 L=0 T=0 R=39 B=23 wact=1 zoom=0
@0 smoke %1 36837 1 act=0 39x24 L=41 T=0 R=79 B=23 wact=1 zoom=0
@1 handoff %2 36841 0 act=0 40x24 L=0 T=0 R=39 B=23 wact=0 zoom=0
@1 handoff %3 36845 1 act=1 39x24 L=41 T=0 R=79 B=23 wact=0 zoom=0
@0 smoke 80x24 zoom=0 layout=8205,80x24,0,0{40x24,0,0,0,39x24,41,0,1}
@1 handoff 80x24 zoom=0 layout=820e,80x24,0,0{40x24,0,0,2,39x24,41,0,3}
--- 14:43:57.543722673
@0 smoke %0 36833 0 act=1 40x24 L=0 T=0 R=39 B=23 wact=1 zoom=0
@0 smoke %1 36837 1 act=0 39x24 L=41 T=0 R=79 B=23 wact=1 zoom=0
@1 handoff %2 36841 0 act=0 40x24 L=0 T=0 R=39 B=23 wact=0 zoom=0
@1 handoff %3 36845 1 act=1 39x24 L=41 T=0 R=79 B=23 wact=0 zoom=0
@0 smoke 80x24 zoom=0 layout=8205,80x24,0,0{40x24,0,0,0,39x24,41,0,1}
@1 handoff 80x24 zoom=0 layout=820e,80x24,0,0{40x24,0,0,2,39x24,41,0,3}
--- 14:43:59.056638828
@0 smoke %0 36833 0 act=1 40x24 L=0 T=0 R=39 B=23 wact=1 zoom=0
@0 smoke %1 36837 1 act=0 39x24 L=41 T=0 R=79 B=23 wact=1 zoom=0
@1 handoff %2 36841 0 act=0 40x24 L=0 T=0 R=39 B=23 wact=0 zoom=0
@1 handoff %3 36845 1 act=1 39x24 L=41 T=0 R=79 B=23 wact=0 zoom=0
@0 smoke 80x24 zoom=0 layout=8205,80x24,0,0{40x24,0,0,0,39x24,41,0,1}
@1 handoff 80x24 zoom=0 layout=820e,80x24,0,0{40x24,0,0,2,39x24,41,0,3}
--- 14:44:00.569514936
@0 smoke %0 36833 0 act=1 40x24 L=0 T=0 R=39 B=23 wact=1 zoom=0
@0 smoke %1 36837 1 act=0 39x24 L=41 T=0 R=79 B=23 wact=1 zoom=0
@1 handoff %2 36841 0 act=0 40x24 L=0 T=0 R=39 B=23 wact=0 zoom=0
@1 handoff %3 36845 1 act=1 39x24 L=41 T=0 R=79 B=23 wact=0 zoom=0
@0 smoke 80x24 zoom=0 layout=8205,80x24,0,0{40x24,0,0,0,39x24,41,0,1}
@1 handoff 80x24 zoom=0 layout=820e,80x24,0,0{40x24,0,0,2,39x24,41,0,3}
--- 14:44:02.082072447
@0 smoke %0 36833 0 act=1 40x24 L=0 T=0 R=39 B=23 wact=1 zoom=0
@0 smoke %1 36837 1 act=0 39x24 L=41 T=0 R=79 B=23 wact=1 zoom=0
@1 handoff %2 36841 0 act=0 40x24 L=0 T=0 R=39 B=23 wact=0 zoom=0
@1 handoff %3 36845 1 act=1 39x24 L=41 T=0 R=79 B=23 wact=0 zoom=0
@0 smoke 80x24 zoom=0 layout=8205,80x24,0,0{40x24,0,0,0,39x24,41,0,1}
@1 handoff 80x24 zoom=0 layout=820e,80x24,0,0{40x24,0,0,2,39x24,41,0,3}
--- 14:44:03.596262357
@0 smoke %0 36833 0 act=1 40x24 L=0 T=0 R=39 B=23 wact=1 zoom=0
@0 smoke %1 36837 1 act=0 39x24 L=41 T=0 R=79 B=23 wact=1 zoom=0
@1 handoff %2 36841 0 act=0 40x24 L=0 T=0 R=39 B=23 wact=0 zoom=0
@1 handoff %3 36845 1 act=1 39x24 L=41 T=0 R=79 B=23 wact=0 zoom=0
@0 smoke 80x24 zoom=0 layout=8205,80x24,0,0{40x24,0,0,0,39x24,41,0,1}
@1 handoff 80x24 zoom=0 layout=820e,80x24,0,0{40x24,0,0,2,39x24,41,0,3}
--- 14:44:05.130750694
@0 smoke %0 36833 0 act=1 40x24 L=0 T=0 R=39 B=23 wact=1 zoom=0
@0 smoke %1 36837 1 act=0 39x24 L=41 T=0 R=79 B=23 wact=1 zoom=0
@1 handoff %2 36841 0 act=0 40x24 L=0 T=0 R=39 B=23 wact=0 zoom=0
@1 handoff %3 36845 1 act=1 39x24 L=41 T=0 R=79 B=23 wact=0 zoom=0
@0 smoke 80x24 zoom=0 layout=8205,80x24,0,0{40x24,0,0,0,39x24,41,0,1}
@1 handoff 80x24 zoom=0 layout=820e,80x24,0,0{40x24,0,0,2,39x24,41,0,3}
--- 14:44:06.643606931
@0 smoke %0 36833 0 act=1 40x24 L=0 T=0 R=39 B=23 wact=1 zoom=0
@0 smoke %1 36837 1 act=0 39x24 L=41 T=0 R=79 B=23 wact=1 zoom=0
@1 handoff %2 36841 0 act=0 40x24 L=0 T=0 R=39 B=23 wact=0 zoom=0
@1 handoff %3 36845 1 act=1 39x24 L=41 T=0 R=79 B=23 wact=0 zoom=0
@0 smoke 80x24 zoom=0 layout=8205,80x24,0,0{40x24,0,0,0,39x24,41,0,1}
@1 handoff 80x24 zoom=0 layout=820e,80x24,0,0{40x24,0,0,2,39x24,41,0,3}
--- 14:44:08.156286766
@0 smoke %0 36833 0 act=1 40x24 L=0 T=0 R=39 B=23 wact=1 zoom=0
@0 smoke %1 36837 1 act=0 39x24 L=41 T=0 R=79 B=23 wact=1 zoom=0
@1 handoff %2 36841 0 act=0 40x24 L=0 T=0 R=39 B=23 wact=0 zoom=0
@1 handoff %3 36845 1 act=1 39x24 L=41 T=0 R=79 B=23 wact=0 zoom=0
@0 smoke 80x24 zoom=0 layout=8205,80x24,0,0{40x24,0,0,0,39x24,41,0,1}
@1 handoff 80x24 zoom=0 layout=820e,80x24,0,0{40x24,0,0,2,39x24,41,0,3}
--- 14:44:09.669816502
@0 smoke %0 36833 0 act=1 40x24 L=0 T=0 R=39 B=23 wact=1 zoom=0
@0 smoke %1 36837 1 act=0 39x24 L=41 T=0 R=79 B=23 wact=1 zoom=0
@1 handoff %2 36841 0 act=0 40x24 L=0 T=0 R=39 B=23 wact=0 zoom=0
@1 handoff %3 36845 1 act=1 39x24 L=41 T=0 R=79 B=23 wact=0 zoom=0
@0 smoke 80x24 zoom=0 layout=8205,80x24,0,0{40x24,0,0,0,39x24,41,0,1}
@1 handoff 80x24 zoom=0 layout=820e,80x24,0,0{40x24,0,0,2,39x24,41,0,3}
--- 14:44:11.182828763
@0 smoke %0 36833 0 act=1 40x24 L=0 T=0 R=39 B=23 wact=1 zoom=0
@0 smoke %1 36837 1 act=0 39x24 L=41 T=0 R=79 B=23 wact=1 zoom=0
@1 handoff %2 36841 0 act=0 40x24 L=0 T=0 R=39 B=23 wact=0 zoom=0
@1 handoff %3 36845 1 act=1 39x24 L=41 T=0 R=79 B=23 wact=0 zoom=0
@0 smoke 80x24 zoom=0 layout=8205,80x24,0,0{40x24,0,0,0,39x24,41,0,1}
@1 handoff 80x24 zoom=0 layout=820e,80x24,0,0{40x24,0,0,2,39x24,41,0,3}
--- 14:44:12.696411107
@0 smoke %0 36833 0 act=1 40x24 L=0 T=0 R=39 B=23 wact=1 zoom=0
@0 smoke %1 36837 1 act=0 39x24 L=41 T=0 R=79 B=23 wact=1 zoom=0
@1 handoff %2 36841 0 act=0 40x24 L=0 T=0 R=39 B=23 wact=0 zoom=0
@1 handoff %3 36845 1 act=1 39x24 L=41 T=0 R=79 B=23 wact=0 zoom=0
@0 smoke 80x24 zoom=0 layout=8205,80x24,0,0{40x24,0,0,0,39x24,41,0,1}
@1 handoff 80x24 zoom=0 layout=820e,80x24,0,0{40x24,0,0,2,39x24,41,0,3}
--- 14:44:14.211112323
@0 smoke %0 36833 0 act=1 40x24 L=0 T=0 R=39 B=23 wact=1 zoom=0
@0 smoke %1 36837 1 act=0 39x24 L=41 T=0 R=79 B=23 wact=1 zoom=0
@1 handoff %2 36841 0 act=0 40x24 L=0 T=0 R=39 B=23 wact=0 zoom=0
@1 handoff %3 36845 1 act=1 39x24 L=41 T=0 R=79 B=23 wact=0 zoom=0
@0 smoke 80x24 zoom=0 layout=8205,80x24,0,0{40x24,0,0,0,39x24,41,0,1}
@1 handoff 80x24 zoom=0 layout=820e,80x24,0,0{40x24,0,0,2,39x24,41,0,3}
--- 14:44:15.725257801
@0 smoke %0 36833 0 act=1 40x24 L=0 T=0 R=39 B=23 wact=1 zoom=0
@0 smoke %1 36837 1 act=0 39x24 L=41 T=0 R=79 B=23 wact=1 zoom=0
@1 handoff %2 36841 0 act=0 40x24 L=0 T=0 R=39 B=23 wact=0 zoom=0
@1 handoff %3 36845 1 act=1 39x24 L=41 T=0 R=79 B=23 wact=0 zoom=0
@0 smoke 80x24 zoom=0 layout=8205,80x24,0,0{40x24,0,0,0,39x24,41,0,1}
@1 handoff 80x24 zoom=0 layout=820e,80x24,0,0{40x24,0,0,2,39x24,41,0,3}
--- 14:44:17.238330138
@0 smoke %0 36833 0 act=1 40x24 L=0 T=0 R=39 B=23 wact=1 zoom=0
@0 smoke %1 36837 1 act=0 39x24 L=41 T=0 R=79 B=23 wact=1 zoom=0
@1 handoff %2 36841 0 act=0 40x24 L=0 T=0 R=39 B=23 wact=0 zoom=0
@1 handoff %3 36845 1 act=1 39x24 L=41 T=0 R=79 B=23 wact=0 zoom=0
@0 smoke 80x24 zoom=0 layout=8205,80x24,0,0{40x24,0,0,0,39x24,41,0,1}
@1 handoff 80x24 zoom=0 layout=820e,80x24,0,0{40x24,0,0,2,39x24,41,0,3}
--- 14:44:18.751396295
@0 smoke %0 36833 0 act=1 40x24 L=0 T=0 R=39 B=23 wact=1 zoom=0
@0 smoke %1 36837 1 act=0 39x24 L=41 T=0 R=79 B=23 wact=1 zoom=0
@1 handoff %2 36841 0 act=0 40x24 L=0 T=0 R=39 B=23 wact=0 zoom=0
@1 handoff %3 36845 1 act=1 39x24 L=41 T=0 R=79 B=23 wact=0 zoom=0
@0 smoke 80x24 zoom=0 layout=8205,80x24,0,0{40x24,0,0,0,39x24,41,0,1}
@1 handoff 80x24 zoom=0 layout=820e,80x24,0,0{40x24,0,0,2,39x24,41,0,3}
--- 14:44:20.263960686
@0 smoke %0 36833 0 act=1 40x24 L=0 T=0 R=39 B=23 wact=1 zoom=0
@0 smoke %1 36837 1 act=0 39x24 L=41 T=0 R=79 B=23 wact=1 zoom=0
@1 handoff %2 36841 0 act=0 40x24 L=0 T=0 R=39 B=23 wact=0 zoom=0
@1 handoff %3 36845 1 act=1 39x24 L=41 T=0 R=79 B=23 wact=0 zoom=0
@0 smoke 80x24 zoom=0 layout=8205,80x24,0,0{40x24,0,0,0,39x24,41,0,1}
@1 handoff 80x24 zoom=0 layout=820e,80x24,0,0{40x24,0,0,2,39x24,41,0,3}
--- 14:44:21.784864700
@0 smoke %0 36833 0 act=1 40x24 L=0 T=0 R=39 B=23 wact=1 zoom=0
@0 smoke %1 36837 1 act=0 39x24 L=41 T=0 R=79 B=23 wact=1 zoom=0
@1 handoff %2 36841 0 act=0 40x24 L=0 T=0 R=39 B=23 wact=0 zoom=0
@1 handoff %3 36845 1 act=1 39x24 L=41 T=0 R=79 B=23 wact=0 zoom=0
@0 smoke 80x24 zoom=0 layout=8205,80x24,0,0{40x24,0,0,0,39x24,41,0,1}
@1 handoff 80x24 zoom=0 layout=820e,80x24,0,0{40x24,0,0,2,39x24,41,0,3}
--- 14:44:23.308459606
@0 smoke %0 36833 0 act=1 40x24 L=0 T=0 R=39 B=23 wact=1 zoom=0
@0 smoke %1 36837 1 act=0 39x24 L=41 T=0 R=79 B=23 wact=1 zoom=0
@1 handoff %2 36841 0 act=0 40x24 L=0 T=0 R=39 B=23 wact=0 zoom=0
@1 handoff %3 36845 1 act=1 39x24 L=41 T=0 R=79 B=23 wact=0 zoom=0
@0 smoke 80x24 zoom=0 layout=8205,80x24,0,0{40x24,0,0,0,39x24,41,0,1}
@1 handoff 80x24 zoom=0 layout=820e,80x24,0,0{40x24,0,0,2,39x24,41,0,3}
--- 14:44:24.821446540
@0 smoke %0 36833 0 act=1 40x24 L=0 T=0 R=39 B=23 wact=1 zoom=0
@0 smoke %1 36837 1 act=0 39x24 L=41 T=0 R=79 B=23 wact=1 zoom=0
@1 handoff %2 36841 0 act=0 40x24 L=0 T=0 R=39 B=23 wact=0 zoom=0
@1 handoff %3 36845 1 act=1 39x24 L=41 T=0 R=79 B=23 wact=0 zoom=0
@0 smoke 80x24 zoom=0 layout=8205,80x24,0,0{40x24,0,0,0,39x24,41,0,1}
@1 handoff 80x24 zoom=0 layout=820e,80x24,0,0{40x24,0,0,2,39x24,41,0,3}
--- 14:44:26.336882024
@0 smoke %0 36833 0 act=1 40x24 L=0 T=0 R=39 B=23 wact=1 zoom=0
@0 smoke %1 36837 1 act=0 39x24 L=41 T=0 R=79 B=23 wact=1 zoom=0
@1 handoff %2 36841 0 act=0 40x24 L=0 T=0 R=39 B=23 wact=0 zoom=0
@1 handoff %3 36845 1 act=1 39x24 L=41 T=0 R=79 B=23 wact=0 zoom=0
@0 smoke 80x24 zoom=0 layout=8205,80x24,0,0{40x24,0,0,0,39x24,41,0,1}
@1 handoff 80x24 zoom=0 layout=820e,80x24,0,0{40x24,0,0,2,39x24,41,0,3}
--- 14:44:27.852584347
@0 smoke %0 36833 0 act=1 40x24 L=0 T=0 R=39 B=23 wact=1 zoom=0
@0 smoke %1 36837 1 act=0 39x24 L=41 T=0 R=79 B=23 wact=1 zoom=0
@1 handoff %2 36841 0 act=0 40x24 L=0 T=0 R=39 B=23 wact=0 zoom=0
@1 handoff %3 36845 1 act=1 39x24 L=41 T=0 R=79 B=23 wact=0 zoom=0
@0 smoke 80x24 zoom=0 layout=8205,80x24,0,0{40x24,0,0,0,39x24,41,0,1}
@1 handoff 80x24 zoom=0 layout=820e,80x24,0,0{40x24,0,0,2,39x24,41,0,3}
--- 14:44:29.365559900
@0 smoke %0 36833 0 act=1 40x24 L=0 T=0 R=39 B=23 wact=1 zoom=0
@0 smoke %1 36837 1 act=0 39x24 L=41 T=0 R=79 B=23 wact=1 zoom=0
@1 handoff %2 36841 0 act=0 40x24 L=0 T=0 R=39 B=23 wact=0 zoom=0
@1 handoff %3 36845 1 act=1 39x24 L=41 T=0 R=79 B=23 wact=0 zoom=0
@0 smoke 80x24 zoom=0 layout=8205,80x24,0,0{40x24,0,0,0,39x24,41,0,1}
@1 handoff 80x24 zoom=0 layout=820e,80x24,0,0{40x24,0,0,2,39x24,41,0,3}
--- 14:44:30.880102443
@0 smoke %0 36833 0 act=1 40x24 L=0 T=0 R=39 B=23 wact=1 zoom=0
@0 smoke %1 36837 1 act=0 39x24 L=41 T=0 R=79 B=23 wact=1 zoom=0
@1 handoff %2 36841 0 act=0 40x24 L=0 T=0 R=39 B=23 wact=0 zoom=0
@1 handoff %3 36845 1 act=1 39x24 L=41 T=0 R=79 B=23 wact=0 zoom=0
@0 smoke 80x24 zoom=0 layout=8205,80x24,0,0{40x24,0,0,0,39x24,41,0,1}
@1 handoff 80x24 zoom=0 layout=820e,80x24,0,0{40x24,0,0,2,39x24,41,0,3}
--- 14:44:32.397071008
@0 smoke %0 36833 0 act=1 40x24 L=0 T=0 R=39 B=23 wact=1 zoom=0
@0 smoke %1 36837 1 act=0 39x24 L=41 T=0 R=79 B=23 wact=1 zoom=0
@1 handoff %2 36841 0 act=0 40x24 L=0 T=0 R=39 B=23 wact=0 zoom=0
@1 handoff %3 36845 1 act=1 39x24 L=41 T=0 R=79 B=23 wact=0 zoom=0
@0 smoke 80x24 zoom=0 layout=8205,80x24,0,0{40x24,0,0,0,39x24,41,0,1}
@1 handoff 80x24 zoom=0 layout=820e,80x24,0,0{40x24,0,0,2,39x24,41,0,3}
--- 14:44:33.917160915
@0 smoke %0 36833 0 act=1 40x24 L=0 T=0 R=39 B=23 wact=1 zoom=0
@0 smoke %1 36837 1 act=0 39x24 L=41 T=0 R=79 B=23 wact=1 zoom=0
@1 handoff %2 36841 0 act=0 40x24 L=0 T=0 R=39 B=23 wact=0 zoom=0
@1 handoff %3 36845 1 act=1 39x24 L=41 T=0 R=79 B=23 wact=0 zoom=0
@0 smoke 80x24 zoom=0 layout=8205,80x24,0,0{40x24,0,0,0,39x24,41,0,1}
@1 handoff 80x24 zoom=0 layout=820e,80x24,0,0{40x24,0,0,2,39x24,41,0,3}
--- 14:44:35.430250730
@0 smoke %0 36833 0 act=1 40x24 L=0 T=0 R=39 B=23 wact=1 zoom=0
@0 smoke %1 36837 1 act=0 39x24 L=41 T=0 R=79 B=23 wact=1 zoom=0
@1 handoff %2 36841 0 act=0 40x24 L=0 T=0 R=39 B=23 wact=0 zoom=0
@1 handoff %3 36845 1 act=1 39x24 L=41 T=0 R=79 B=23 wact=0 zoom=0
@0 smoke 80x24 zoom=0 layout=8205,80x24,0,0{40x24,0,0,0,39x24,41,0,1}
@1 handoff 80x24 zoom=0 layout=820e,80x24,0,0{40x24,0,0,2,39x24,41,0,3}
--- 14:44:36.943568777
@0 smoke %0 36833 0 act=1 40x24 L=0 T=0 R=39 B=23 wact=1 zoom=0
@0 smoke %1 36837 1 act=0 39x24 L=41 T=0 R=79 B=23 wact=1 zoom=0
@1 handoff %2 36841 0 act=0 40x24 L=0 T=0 R=39 B=23 wact=0 zoom=0
@1 handoff %3 36845 1 act=1 39x24 L=41 T=0 R=79 B=23 wact=0 zoom=0
@0 smoke 80x24 zoom=0 layout=8205,80x24,0,0{40x24,0,0,0,39x24,41,0,1}
@1 handoff 80x24 zoom=0 layout=820e,80x24,0,0{40x24,0,0,2,39x24,41,0,3}
--- 14:44:38.456774842
@0 smoke %0 36833 0 act=1 40x24 L=0 T=0 R=39 B=23 wact=1 zoom=0
@0 smoke %1 36837 1 act=0 39x24 L=41 T=0 R=79 B=23 wact=1 zoom=0
@1 handoff %2 36841 0 act=0 40x24 L=0 T=0 R=39 B=23 wact=0 zoom=0
@1 handoff %3 36845 1 act=1 39x24 L=41 T=0 R=79 B=23 wact=0 zoom=0
@0 smoke 80x24 zoom=0 layout=8205,80x24,0,0{40x24,0,0,0,39x24,41,0,1}
@1 handoff 80x24 zoom=0 layout=820e,80x24,0,0{40x24,0,0,2,39x24,41,0,3}
--- 14:44:39.969875868
@0 smoke %0 36833 0 act=1 40x24 L=0 T=0 R=39 B=23 wact=1 zoom=0
@0 smoke %1 36837 1 act=0 39x24 L=41 T=0 R=79 B=23 wact=1 zoom=0
@1 handoff %2 36841 0 act=0 40x24 L=0 T=0 R=39 B=23 wact=0 zoom=0
@1 handoff %3 36845 1 act=1 39x24 L=41 T=0 R=79 B=23 wact=0 zoom=0
@0 smoke 80x24 zoom=0 layout=8205,80x24,0,0{40x24,0,0,0,39x24,41,0,1}
@1 handoff 80x24 zoom=0 layout=820e,80x24,0,0{40x24,0,0,2,39x24,41,0,3}
--- 14:44:41.482660675
@0 smoke %0 36833 0 act=1 40x24 L=0 T=0 R=39 B=23 wact=1 zoom=0
@0 smoke %1 36837 1 act=0 39x24 L=41 T=0 R=79 B=23 wact=1 zoom=0
@1 handoff %2 36841 0 act=0 40x24 L=0 T=0 R=39 B=23 wact=0 zoom=0
@1 handoff %3 36845 1 act=1 39x24 L=41 T=0 R=79 B=23 wact=0 zoom=0
@0 smoke 80x24 zoom=0 layout=8205,80x24,0,0{40x24,0,0,0,39x24,41,0,1}
@1 handoff 80x24 zoom=0 layout=820e,80x24,0,0{40x24,0,0,2,39x24,41,0,3}
--- 14:44:42.996647697
@0 smoke %0 36833 0 act=1 40x24 L=0 T=0 R=39 B=23 wact=1 zoom=0
@0 smoke %1 36837 1 act=0 39x24 L=41 T=0 R=79 B=23 wact=1 zoom=0
@1 handoff %2 36841 0 act=0 40x24 L=0 T=0 R=39 B=23 wact=0 zoom=0
@1 handoff %3 36845 1 act=1 39x24 L=41 T=0 R=79 B=23 wact=0 zoom=0
@0 smoke 80x24 zoom=0 layout=8205,80x24,0,0{40x24,0,0,0,39x24,41,0,1}
@1 handoff 80x24 zoom=0 layout=820e,80x24,0,0{40x24,0,0,2,39x24,41,0,3}
--- 14:44:44.509801314
@0 smoke %0 36833 0 act=1 40x24 L=0 T=0 R=39 B=23 wact=1 zoom=0
@0 smoke %1 36837 1 act=0 39x24 L=41 T=0 R=79 B=23 wact=1 zoom=0
@1 handoff %2 36841 0 act=0 40x24 L=0 T=0 R=39 B=23 wact=0 zoom=0
@1 handoff %3 36845 1 act=1 39x24 L=41 T=0 R=79 B=23 wact=0 zoom=0
@0 smoke 80x24 zoom=0 layout=8205,80x24,0,0{40x24,0,0,0,39x24,41,0,1}
@1 handoff 80x24 zoom=0 layout=820e,80x24,0,0{40x24,0,0,2,39x24,41,0,3}
--- 14:44:46.022766268
@0 smoke %0 36833 0 act=1 40x24 L=0 T=0 R=39 B=23 wact=1 zoom=0
@0 smoke %1 36837 1 act=0 39x24 L=41 T=0 R=79 B=23 wact=1 zoom=0
@1 handoff %2 36841 0 act=0 40x24 L=0 T=0 R=39 B=23 wact=0 zoom=0
@1 handoff %3 36845 1 act=1 39x24 L=41 T=0 R=79 B=23 wact=0 zoom=0
@0 smoke 80x24 zoom=0 layout=8205,80x24,0,0{40x24,0,0,0,39x24,41,0,1}
@1 handoff 80x24 zoom=0 layout=820e,80x24,0,0{40x24,0,0,2,39x24,41,0,3}
--- 14:44:47.536509448
@0 smoke %0 36833 0 act=1 40x24 L=0 T=0 R=39 B=23 wact=1 zoom=0
@0 smoke %1 36837 1 act=0 39x24 L=41 T=0 R=79 B=23 wact=1 zoom=0
@1 handoff %2 36841 0 act=0 40x24 L=0 T=0 R=39 B=23 wact=0 zoom=0
@1 handoff %3 36845 1 act=1 39x24 L=41 T=0 R=79 B=23 wact=0 zoom=0
@0 smoke 80x24 zoom=0 layout=8205,80x24,0,0{40x24,0,0,0,39x24,41,0,1}
@1 handoff 80x24 zoom=0 layout=820e,80x24,0,0{40x24,0,0,2,39x24,41,0,3}
--- 14:44:49.050802969
@0 smoke %0 36833 0 act=1 40x24 L=0 T=0 R=39 B=23 wact=1 zoom=0
@0 smoke %1 36837 1 act=0 39x24 L=41 T=0 R=79 B=23 wact=1 zoom=0
@1 handoff %2 36841 0 act=0 40x24 L=0 T=0 R=39 B=23 wact=0 zoom=0
@1 handoff %3 36845 1 act=1 39x24 L=41 T=0 R=79 B=23 wact=0 zoom=0
@0 smoke 80x24 zoom=0 layout=8205,80x24,0,0{40x24,0,0,0,39x24,41,0,1}
@1 handoff 80x24 zoom=0 layout=820e,80x24,0,0{40x24,0,0,2,39x24,41,0,3}
--- 14:44:50.564387599
@0 smoke %0 36833 0 act=1 40x24 L=0 T=0 R=39 B=23 wact=1 zoom=0
@0 smoke %1 36837 1 act=0 39x24 L=41 T=0 R=79 B=23 wact=1 zoom=0
@1 handoff %2 36841 0 act=0 40x24 L=0 T=0 R=39 B=23 wact=0 zoom=0
@1 handoff %3 36845 1 act=1 39x24 L=41 T=0 R=79 B=23 wact=0 zoom=0
@0 smoke 80x24 zoom=0 layout=8205,80x24,0,0{40x24,0,0,0,39x24,41,0,1}
@1 handoff 80x24 zoom=0 layout=820e,80x24,0,0{40x24,0,0,2,39x24,41,0,3}
--- 14:44:52.078158105
@0 smoke %0 36833 0 act=1 40x24 L=0 T=0 R=39 B=23 wact=1 zoom=0
@0 smoke %1 36837 1 act=0 39x24 L=41 T=0 R=79 B=23 wact=1 zoom=0
@1 handoff %2 36841 0 act=0 40x24 L=0 T=0 R=39 B=23 wact=0 zoom=0
@1 handoff %3 36845 1 act=1 39x24 L=41 T=0 R=79 B=23 wact=0 zoom=0
@0 smoke 80x24 zoom=0 layout=8205,80x24,0,0{40x24,0,0,0,39x24,41,0,1}
@1 handoff 80x24 zoom=0 layout=820e,80x24,0,0{40x24,0,0,2,39x24,41,0,3}
--- 14:44:53.590669591
@0 smoke %0 36833 0 act=1 40x24 L=0 T=0 R=39 B=23 wact=1 zoom=0
@0 smoke %1 36837 1 act=0 39x24 L=41 T=0 R=79 B=23 wact=1 zoom=0
@1 handoff %2 36841 0 act=0 40x24 L=0 T=0 R=39 B=23 wact=0 zoom=0
@1 handoff %3 36845 1 act=1 39x24 L=41 T=0 R=79 B=23 wact=0 zoom=0
@0 smoke 80x24 zoom=0 layout=8205,80x24,0,0{40x24,0,0,0,39x24,41,0,1}
@1 handoff 80x24 zoom=0 layout=820e,80x24,0,0{40x24,0,0,2,39x24,41,0,3}
--- 14:44:55.103664543
@0 smoke %0 36833 0 act=1 40x24 L=0 T=0 R=39 B=23 wact=1 zoom=0
@0 smoke %1 36837 1 act=0 39x24 L=41 T=0 R=79 B=23 wact=1 zoom=0
@1 handoff %2 36841 0 act=0 40x24 L=0 T=0 R=39 B=23 wact=0 zoom=0
@1 handoff %3 36845 1 act=1 39x24 L=41 T=0 R=79 B=23 wact=0 zoom=0
@0 smoke 80x24 zoom=0 layout=8205,80x24,0,0{40x24,0,0,0,39x24,41,0,1}
@1 handoff 80x24 zoom=0 layout=820e,80x24,0,0{40x24,0,0,2,39x24,41,0,3}
--- 14:44:56.616942833
@0 smoke %0 36833 0 act=1 40x24 L=0 T=0 R=39 B=23 wact=1 zoom=0
@0 smoke %1 36837 1 act=0 39x24 L=41 T=0 R=79 B=23 wact=1 zoom=0
@1 handoff %2 36841 0 act=0 40x24 L=0 T=0 R=39 B=23 wact=0 zoom=0
@1 handoff %3 36845 1 act=1 39x24 L=41 T=0 R=79 B=23 wact=0 zoom=0
@0 smoke 80x24 zoom=0 layout=8205,80x24,0,0{40x24,0,0,0,39x24,41,0,1}
@1 handoff 80x24 zoom=0 layout=820e,80x24,0,0{40x24,0,0,2,39x24,41,0,3}
--- 14:44:58.129958375
@0 smoke %0 36833 0 act=1 40x24 L=0 T=0 R=39 B=23 wact=1 zoom=0
@0 smoke %1 36837 1 act=0 39x24 L=41 T=0 R=79 B=23 wact=1 zoom=0
@1 handoff %2 36841 0 act=0 40x24 L=0 T=0 R=39 B=23 wact=0 zoom=0
@1 handoff %3 36845 1 act=1 39x24 L=41 T=0 R=79 B=23 wact=0 zoom=0
@0 smoke 80x24 zoom=0 layout=8205,80x24,0,0{40x24,0,0,0,39x24,41,0,1}
@1 handoff 80x24 zoom=0 layout=820e,80x24,0,0{40x24,0,0,2,39x24,41,0,3}
--- 14:44:59.643628332
@0 smoke %0 36833 0 act=1 40x24 L=0 T=0 R=39 B=23 wact=1 zoom=0
@0 smoke %1 36837 1 act=0 39x24 L=41 T=0 R=79 B=23 wact=1 zoom=0
@1 handoff %2 36841 0 act=0 40x24 L=0 T=0 R=39 B=23 wact=0 zoom=0
@1 handoff %3 36845 1 act=1 39x24 L=41 T=0 R=79 B=23 wact=0 zoom=0
@0 smoke 80x24 zoom=0 layout=8205,80x24,0,0{40x24,0,0,0,39x24,41,0,1}
@1 handoff 80x24 zoom=0 layout=820e,80x24,0,0{40x24,0,0,2,39x24,41,0,3}
--- 14:45:01.158269556
@0 smoke %0 36833 0 act=1 40x24 L=0 T=0 R=39 B=23 wact=1 zoom=0
@0 smoke %1 36837 1 act=0 39x24 L=41 T=0 R=79 B=23 wact=1 zoom=0
@1 handoff %2 36841 0 act=0 40x24 L=0 T=0 R=39 B=23 wact=0 zoom=0
@1 handoff %3 36845 1 act=1 39x24 L=41 T=0 R=79 B=23 wact=0 zoom=0
@0 smoke 80x24 zoom=0 layout=8205,80x24,0,0{40x24,0,0,0,39x24,41,0,1}
@1 handoff 80x24 zoom=0 layout=820e,80x24,0,0{40x24,0,0,2,39x24,41,0,3}
--- 14:45:02.671181272
@0 smoke %0 36833 0 act=1 40x24 L=0 T=0 R=39 B=23 wact=1 zoom=0
@0 smoke %1 36837 1 act=0 39x24 L=41 T=0 R=79 B=23 wact=1 zoom=0
@1 handoff %2 36841 0 act=0 40x24 L=0 T=0 R=39 B=23 wact=0 zoom=0
@1 handoff %3 36845 1 act=1 39x24 L=41 T=0 R=79 B=23 wact=0 zoom=0
@0 smoke 80x24 zoom=0 layout=8205,80x24,0,0{40x24,0,0,0,39x24,41,0,1}
@1 handoff 80x24 zoom=0 layout=820e,80x24,0,0{40x24,0,0,2,39x24,41,0,3}
--- 14:45:04.184207046
@0 smoke %0 36833 0 act=1 40x24 L=0 T=0 R=39 B=23 wact=1 zoom=0
@0 smoke %1 36837 1 act=0 39x24 L=41 T=0 R=79 B=23 wact=1 zoom=0
@1 handoff %2 36841 0 act=0 40x24 L=0 T=0 R=39 B=23 wact=0 zoom=0
@1 handoff %3 36845 1 act=1 39x24 L=41 T=0 R=79 B=23 wact=0 zoom=0
@0 smoke 80x24 zoom=0 layout=8205,80x24,0,0{40x24,0,0,0,39x24,41,0,1}
@1 handoff 80x24 zoom=0 layout=820e,80x24,0,0{40x24,0,0,2,39x24,41,0,3}
--- 14:45:05.709935467
@0 smoke %0 36833 0 act=1 40x24 L=0 T=0 R=39 B=23 wact=1 zoom=0
@0 smoke %1 36837 1 act=0 39x24 L=41 T=0 R=79 B=23 wact=1 zoom=0
@1 handoff %2 36841 0 act=0 40x24 L=0 T=0 R=39 B=23 wact=0 zoom=0
@1 handoff %3 36845 1 act=1 39x24 L=41 T=0 R=79 B=23 wact=0 zoom=0
@0 smoke 80x24 zoom=0 layout=8205,80x24,0,0{40x24,0,0,0,39x24,41,0,1}
@1 handoff 80x24 zoom=0 layout=820e,80x24,0,0{40x24,0,0,2,39x24,41,0,3}
--- 14:45:07.232963657
@0 smoke %0 36833 0 act=1 40x24 L=0 T=0 R=39 B=23 wact=1 zoom=0
@0 smoke %1 36837 1 act=0 39x24 L=41 T=0 R=79 B=23 wact=1 zoom=0
@1 handoff %2 36841 0 act=0 40x24 L=0 T=0 R=39 B=23 wact=0 zoom=0
@1 handoff %3 36845 1 act=1 39x24 L=41 T=0 R=79 B=23 wact=0 zoom=0
@0 smoke 80x24 zoom=0 layout=8205,80x24,0,0{40x24,0,0,0,39x24,41,0,1}
@1 handoff 80x24 zoom=0 layout=820e,80x24,0,0{40x24,0,0,2,39x24,41,0,3}
--- 14:45:08.746070825
@0 smoke %0 36833 0 act=1 40x24 L=0 T=0 R=39 B=23 wact=1 zoom=0
@0 smoke %1 36837 1 act=0 39x24 L=41 T=0 R=79 B=23 wact=1 zoom=0
@1 handoff %2 36841 0 act=0 40x24 L=0 T=0 R=39 B=23 wact=0 zoom=0
@1 handoff %3 36845 1 act=1 39x24 L=41 T=0 R=79 B=23 wact=0 zoom=0
@0 smoke 80x24 zoom=0 layout=8205,80x24,0,0{40x24,0,0,0,39x24,41,0,1}
@1 handoff 80x24 zoom=0 layout=820e,80x24,0,0{40x24,0,0,2,39x24,41,0,3}
--- 14:45:10.259593869
@0 smoke %0 36833 0 act=1 40x24 L=0 T=0 R=39 B=23 wact=1 zoom=0
@0 smoke %1 36837 1 act=0 39x24 L=41 T=0 R=79 B=23 wact=1 zoom=0
@1 handoff %2 36841 0 act=0 40x24 L=0 T=0 R=39 B=23 wact=0 zoom=0
@1 handoff %3 36845 1 act=1 39x24 L=41 T=0 R=79 B=23 wact=0 zoom=0
@0 smoke 80x24 zoom=0 layout=8205,80x24,0,0{40x24,0,0,0,39x24,41,0,1}
@1 handoff 80x24 zoom=0 layout=820e,80x24,0,0{40x24,0,0,2,39x24,41,0,3}
--- 14:45:11.775918545
@0 smoke %0 36833 0 act=1 40x24 L=0 T=0 R=39 B=23 wact=1 zoom=0
@0 smoke %1 36837 1 act=0 39x24 L=41 T=0 R=79 B=23 wact=1 zoom=0
@1 handoff %2 36841 0 act=0 40x24 L=0 T=0 R=39 B=23 wact=0 zoom=0
@1 handoff %3 36845 1 act=1 39x24 L=41 T=0 R=79 B=23 wact=0 zoom=0
@0 smoke 80x24 zoom=0 layout=8205,80x24,0,0{40x24,0,0,0,39x24,41,0,1}
@1 handoff 80x24 zoom=0 layout=820e,80x24,0,0{40x24,0,0,2,39x24,41,0,3}
--- 14:45:13.289205595
@0 smoke %0 36833 0 act=1 40x24 L=0 T=0 R=39 B=23 wact=1 zoom=0
@0 smoke %1 36837 1 act=0 39x24 L=41 T=0 R=79 B=23 wact=1 zoom=0
@1 handoff %2 36841 0 act=0 40x24 L=0 T=0 R=39 B=23 wact=0 zoom=0
@1 handoff %3 36845 1 act=1 39x24 L=41 T=0 R=79 B=23 wact=0 zoom=0
@0 smoke 80x24 zoom=0 layout=8205,80x24,0,0{40x24,0,0,0,39x24,41,0,1}
@1 handoff 80x24 zoom=0 layout=820e,80x24,0,0{40x24,0,0,2,39x24,41,0,3}
--- 14:45:14.802566397
@0 smoke %0 36833 0 act=1 40x24 L=0 T=0 R=39 B=23 wact=1 zoom=0
@0 smoke %1 36837 1 act=0 39x24 L=41 T=0 R=79 B=23 wact=1 zoom=0
@1 handoff %2 36841 0 act=0 40x24 L=0 T=0 R=39 B=23 wact=0 zoom=0
@1 handoff %3 36845 1 act=1 39x24 L=41 T=0 R=79 B=23 wact=0 zoom=0
@0 smoke 80x24 zoom=0 layout=8205,80x24,0,0{40x24,0,0,0,39x24,41,0,1}
@1 handoff 80x24 zoom=0 layout=820e,80x24,0,0{40x24,0,0,2,39x24,41,0,3}
--- 14:45:16.316251378
@0 smoke %0 36833 0 act=1 40x24 L=0 T=0 R=39 B=23 wact=1 zoom=0
@0 smoke %1 36837 1 act=0 39x24 L=41 T=0 R=79 B=23 wact=1 zoom=0
@1 handoff %2 36841 0 act=0 40x24 L=0 T=0 R=39 B=23 wact=0 zoom=0
@1 handoff %3 36845 1 act=1 39x24 L=41 T=0 R=79 B=23 wact=0 zoom=0
@0 smoke 80x24 zoom=0 layout=8205,80x24,0,0{40x24,0,0,0,39x24,41,0,1}
@1 handoff 80x24 zoom=0 layout=820e,80x24,0,0{40x24,0,0,2,39x24,41,0,3}
--- 14:45:17.829492733
@0 smoke %0 36833 0 act=1 40x24 L=0 T=0 R=39 B=23 wact=1 zoom=0
@0 smoke %1 36837 1 act=0 39x24 L=41 T=0 R=79 B=23 wact=1 zoom=0
@1 handoff %2 36841 0 act=0 40x24 L=0 T=0 R=39 B=23 wact=0 zoom=0
@1 handoff %3 36845 1 act=1 39x24 L=41 T=0 R=79 B=23 wact=0 zoom=0
@0 smoke 80x24 zoom=0 layout=8205,80x24,0,0{40x24,0,0,0,39x24,41,0,1}
@1 handoff 80x24 zoom=0 layout=820e,80x24,0,0{40x24,0,0,2,39x24,41,0,3}
--- 14:45:19.343033349
@0 smoke %0 36833 0 act=1 40x24 L=0 T=0 R=39 B=23 wact=1 zoom=0
@0 smoke %1 36837 1 act=0 39x24 L=41 T=0 R=79 B=23 wact=1 zoom=0
@1 handoff %2 36841 0 act=0 40x24 L=0 T=0 R=39 B=23 wact=0 zoom=0
@1 handoff %3 36845 1 act=1 39x24 L=41 T=0 R=79 B=23 wact=0 zoom=0
@0 smoke 80x24 zoom=0 layout=8205,80x24,0,0{40x24,0,0,0,39x24,41,0,1}
@1 handoff 80x24 zoom=0 layout=820e,80x24,0,0{40x24,0,0,2,39x24,41,0,3}
--- 14:45:20.857535827
@0 smoke %0 36833 0 act=1 40x24 L=0 T=0 R=39 B=23 wact=1 zoom=0
@0 smoke %1 36837 1 act=0 39x24 L=41 T=0 R=79 B=23 wact=1 zoom=0
@1 handoff %2 36841 0 act=0 40x24 L=0 T=0 R=39 B=23 wact=0 zoom=0
@1 handoff %3 36845 1 act=1 39x24 L=41 T=0 R=79 B=23 wact=0 zoom=0
@0 smoke 80x24 zoom=0 layout=8205,80x24,0,0{40x24,0,0,0,39x24,41,0,1}
@1 handoff 80x24 zoom=0 layout=820e,80x24,0,0{40x24,0,0,2,39x24,41,0,3}
--- 14:45:22.371153101
@0 smoke %0 36833 0 act=1 40x24 L=0 T=0 R=39 B=23 wact=1 zoom=0
@0 smoke %1 36837 1 act=0 39x24 L=41 T=0 R=79 B=23 wact=1 zoom=0
@1 handoff %2 36841 0 act=0 40x24 L=0 T=0 R=39 B=23 wact=0 zoom=0
@1 handoff %3 36845 1 act=1 39x24 L=41 T=0 R=79 B=23 wact=0 zoom=0
@0 smoke 80x24 zoom=0 layout=8205,80x24,0,0{40x24,0,0,0,39x24,41,0,1}
@1 handoff 80x24 zoom=0 layout=820e,80x24,0,0{40x24,0,0,2,39x24,41,0,3}
--- 14:45:23.884144579
@0 smoke %0 36833 0 act=1 40x24 L=0 T=0 R=39 B=23 wact=1 zoom=0
@0 smoke %1 36837 1 act=0 39x24 L=41 T=0 R=79 B=23 wact=1 zoom=0
@1 handoff %2 36841 0 act=0 40x24 L=0 T=0 R=39 B=23 wact=0 zoom=0
@1 handoff %3 36845 1 act=1 39x24 L=41 T=0 R=79 B=23 wact=0 zoom=0
@0 smoke 80x24 zoom=0 layout=8205,80x24,0,0{40x24,0,0,0,39x24,41,0,1}
@1 handoff 80x24 zoom=0 layout=820e,80x24,0,0{40x24,0,0,2,39x24,41,0,3}
--- 14:45:25.398125432
@0 smoke %0 36833 0 act=1 40x24 L=0 T=0 R=39 B=23 wact=1 zoom=0
@0 smoke %1 36837 1 act=0 39x24 L=41 T=0 R=79 B=23 wact=1 zoom=0
@1 handoff %2 36841 0 act=0 40x24 L=0 T=0 R=39 B=23 wact=0 zoom=0
@1 handoff %3 36845 1 act=1 39x24 L=41 T=0 R=79 B=23 wact=0 zoom=0
@0 smoke 80x24 zoom=0 layout=8205,80x24,0,0{40x24,0,0,0,39x24,41,0,1}
@1 handoff 80x24 zoom=0 layout=820e,80x24,0,0{40x24,0,0,2,39x24,41,0,3}
--- 14:45:26.912771091
@0 smoke %0 36833 0 act=1 40x24 L=0 T=0 R=39 B=23 wact=1 zoom=0
@0 smoke %1 36837 1 act=0 39x24 L=41 T=0 R=79 B=23 wact=1 zoom=0
@1 handoff %2 36841 0 act=0 40x24 L=0 T=0 R=39 B=23 wact=0 zoom=0
@1 handoff %3 36845 1 act=1 39x24 L=41 T=0 R=79 B=23 wact=0 zoom=0
@0 smoke 80x24 zoom=0 layout=8205,80x24,0,0{40x24,0,0,0,39x24,41,0,1}
@1 handoff 80x24 zoom=0 layout=820e,80x24,0,0{40x24,0,0,2,39x24,41,0,3}
--- 14:45:28.426731504
@0 smoke %0 36833 0 act=1 40x24 L=0 T=0 R=39 B=23 wact=1 zoom=0
@0 smoke %1 36837 1 act=0 39x24 L=41 T=0 R=79 B=23 wact=1 zoom=0
@1 handoff %2 36841 0 act=0 40x24 L=0 T=0 R=39 B=23 wact=0 zoom=0
@1 handoff %3 36845 1 act=1 39x24 L=41 T=0 R=79 B=23 wact=0 zoom=0
@0 smoke 80x24 zoom=0 layout=8205,80x24,0,0{40x24,0,0,0,39x24,41,0,1}
@1 handoff 80x24 zoom=0 layout=820e,80x24,0,0{40x24,0,0,2,39x24,41,0,3}
--- 14:45:29.940590339
@0 smoke %0 36833 0 act=1 40x24 L=0 T=0 R=39 B=23 wact=1 zoom=0
@0 smoke %1 36837 1 act=0 39x24 L=41 T=0 R=79 B=23 wact=1 zoom=0
@1 handoff %2 36841 0 act=0 40x24 L=0 T=0 R=39 B=23 wact=0 zoom=0
@1 handoff %3 36845 1 act=1 39x24 L=41 T=0 R=79 B=23 wact=0 zoom=0
@0 smoke 80x24 zoom=0 layout=8205,80x24,0,0{40x24,0,0,0,39x24,41,0,1}
@1 handoff 80x24 zoom=0 layout=820e,80x24,0,0{40x24,0,0,2,39x24,41,0,3}
--- 14:45:31.453664828
@0 smoke %0 36833 0 act=1 40x24 L=0 T=0 R=39 B=23 wact=1 zoom=0
@0 smoke %1 36837 1 act=0 39x24 L=41 T=0 R=79 B=23 wact=1 zoom=0
@1 handoff %2 36841 0 act=0 40x24 L=0 T=0 R=39 B=23 wact=0 zoom=0
@1 handoff %3 36845 1 act=1 39x24 L=41 T=0 R=79 B=23 wact=0 zoom=0
@0 smoke 80x24 zoom=0 layout=8205,80x24,0,0{40x24,0,0,0,39x24,41,0,1}
@1 handoff 80x24 zoom=0 layout=820e,80x24,0,0{40x24,0,0,2,39x24,41,0,3}
--- 14:45:32.979461873
@0 smoke %0 36833 0 act=1 40x24 L=0 T=0 R=39 B=23 wact=1 zoom=0
@0 smoke %1 36837 1 act=0 39x24 L=41 T=0 R=79 B=23 wact=1 zoom=0
@1 handoff %2 36841 0 act=0 40x24 L=0 T=0 R=39 B=23 wact=0 zoom=0
@1 handoff %3 36845 1 act=1 39x24 L=41 T=0 R=79 B=23 wact=0 zoom=0
@0 smoke 80x24 zoom=0 layout=8205,80x24,0,0{40x24,0,0,0,39x24,41,0,1}
@1 handoff 80x24 zoom=0 layout=820e,80x24,0,0{40x24,0,0,2,39x24,41,0,3}
--- 14:45:34.514362340
@0 smoke %0 36833 0 act=1 40x24 L=0 T=0 R=39 B=23 wact=1 zoom=0
@0 smoke %1 36837 1 act=0 39x24 L=41 T=0 R=79 B=23 wact=1 zoom=0
@1 handoff %2 36841 0 act=0 40x24 L=0 T=0 R=39 B=23 wact=0 zoom=0
@1 handoff %3 36845 1 act=1 39x24 L=41 T=0 R=79 B=23 wact=0 zoom=0
@0 smoke 80x24 zoom=0 layout=8205,80x24,0,0{40x24,0,0,0,39x24,41,0,1}
@1 handoff 80x24 zoom=0 layout=820e,80x24,0,0{40x24,0,0,2,39x24,41,0,3}
--- 14:45:36.090510564
@0 smoke %0 36833 0 act=1 40x24 L=0 T=0 R=39 B=23 wact=1 zoom=0
@0 smoke %1 36837 1 act=0 39x24 L=41 T=0 R=79 B=23 wact=1 zoom=0
@1 handoff %2 36841 0 act=0 40x24 L=0 T=0 R=39 B=23 wact=0 zoom=0
@1 handoff %3 36845 1 act=1 39x24 L=41 T=0 R=79 B=23 wact=0 zoom=0
@0 smoke 80x24 zoom=0 layout=8205,80x24,0,0{40x24,0,0,0,39x24,41,0,1}
@1 handoff 80x24 zoom=0 layout=820e,80x24,0,0{40x24,0,0,2,39x24,41,0,3}
--- 14:45:37.603955119
@0 smoke %0 36833 0 act=1 40x24 L=0 T=0 R=39 B=23 wact=1 zoom=0
@0 smoke %1 36837 1 act=0 39x24 L=41 T=0 R=79 B=23 wact=1 zoom=0
@1 handoff %2 36841 0 act=0 40x24 L=0 T=0 R=39 B=23 wact=0 zoom=0
@1 handoff %3 36845 1 act=1 39x24 L=41 T=0 R=79 B=23 wact=0 zoom=0
@0 smoke 80x24 zoom=0 layout=8205,80x24,0,0{40x24,0,0,0,39x24,41,0,1}
@1 handoff 80x24 zoom=0 layout=820e,80x24,0,0{40x24,0,0,2,39x24,41,0,3}
--- 14:45:39.116887464
@0 smoke %0 36833 0 act=1 40x24 L=0 T=0 R=39 B=23 wact=1 zoom=0
@0 smoke %1 36837 1 act=0 39x24 L=41 T=0 R=79 B=23 wact=1 zoom=0
@1 handoff %2 36841 0 act=0 40x24 L=0 T=0 R=39 B=23 wact=0 zoom=0
@1 handoff %3 36845 1 act=1 39x24 L=41 T=0 R=79 B=23 wact=0 zoom=0
@0 smoke 80x24 zoom=0 layout=8205,80x24,0,0{40x24,0,0,0,39x24,41,0,1}
@1 handoff 80x24 zoom=0 layout=820e,80x24,0,0{40x24,0,0,2,39x24,41,0,3}
--- 14:45:40.663298240
@0 smoke %0 36833 0 act=1 40x24 L=0 T=0 R=39 B=23 wact=1 zoom=0
@0 smoke %1 36837 1 act=0 39x24 L=41 T=0 R=79 B=23 wact=1 zoom=0
@1 handoff %2 36841 0 act=0 40x24 L=0 T=0 R=39 B=23 wact=0 zoom=0
@1 handoff %3 36845 1 act=1 39x24 L=41 T=0 R=79 B=23 wact=0 zoom=0
@0 smoke 80x24 zoom=0 layout=8205,80x24,0,0{40x24,0,0,0,39x24,41,0,1}
@1 handoff 80x24 zoom=0 layout=820e,80x24,0,0{40x24,0,0,2,39x24,41,0,3}
--- 14:45:42.177122579
@0 smoke %0 36833 0 act=1 40x24 L=0 T=0 R=39 B=23 wact=1 zoom=0
@0 smoke %1 36837 1 act=0 39x24 L=41 T=0 R=79 B=23 wact=1 zoom=0
@1 handoff %2 36841 0 act=0 40x24 L=0 T=0 R=39 B=23 wact=0 zoom=0
@1 handoff %3 36845 1 act=1 39x24 L=41 T=0 R=79 B=23 wact=0 zoom=0
@0 smoke 80x24 zoom=0 layout=8205,80x24,0,0{40x24,0,0,0,39x24,41,0,1}
@1 handoff 80x24 zoom=0 layout=820e,80x24,0,0{40x24,0,0,2,39x24,41,0,3}
--- 14:45:43.690701127
@0 smoke %0 36833 0 act=1 40x24 L=0 T=0 R=39 B=23 wact=1 zoom=0
@0 smoke %1 36837 1 act=0 39x24 L=41 T=0 R=79 B=23 wact=1 zoom=0
@1 handoff %2 36841 0 act=0 40x24 L=0 T=0 R=39 B=23 wact=0 zoom=0
@1 handoff %3 36845 1 act=1 39x24 L=41 T=0 R=79 B=23 wact=0 zoom=0
@0 smoke 80x24 zoom=0 layout=8205,80x24,0,0{40x24,0,0,0,39x24,41,0,1}
@1 handoff 80x24 zoom=0 layout=820e,80x24,0,0{40x24,0,0,2,39x24,41,0,3}
--- 14:45:45.204108517
@0 smoke %0 36833 0 act=1 40x24 L=0 T=0 R=39 B=23 wact=1 zoom=0
@0 smoke %1 36837 1 act=0 39x24 L=41 T=0 R=79 B=23 wact=1 zoom=0
@1 handoff %2 36841 0 act=0 40x24 L=0 T=0 R=39 B=23 wact=0 zoom=0
@1 handoff %3 36845 1 act=1 39x24 L=41 T=0 R=79 B=23 wact=0 zoom=0
@0 smoke 80x24 zoom=0 layout=8205,80x24,0,0{40x24,0,0,0,39x24,41,0,1}
@1 handoff 80x24 zoom=0 layout=820e,80x24,0,0{40x24,0,0,2,39x24,41,0,3}
--- 14:45:46.716912035
@0 smoke %0 36833 0 act=1 40x24 L=0 T=0 R=39 B=23 wact=1 zoom=0
@0 smoke %1 36837 1 act=0 39x24 L=41 T=0 R=79 B=23 wact=1 zoom=0
@1 handoff %2 36841 0 act=0 40x24 L=0 T=0 R=39 B=23 wact=0 zoom=0
@1 handoff %3 36845 1 act=1 39x24 L=41 T=0 R=79 B=23 wact=0 zoom=0
@0 smoke 80x24 zoom=0 layout=8205,80x24,0,0{40x24,0,0,0,39x24,41,0,1}
@1 handoff 80x24 zoom=0 layout=820e,80x24,0,0{40x24,0,0,2,39x24,41,0,3}
--- 14:45:48.233108169
@0 smoke %0 36833 0 act=1 40x24 L=0 T=0 R=39 B=23 wact=1 zoom=0
@0 smoke %1 36837 1 act=0 39x24 L=41 T=0 R=79 B=23 wact=1 zoom=0
@1 handoff %2 36841 0 act=0 40x24 L=0 T=0 R=39 B=23 wact=0 zoom=0
@1 handoff %3 36845 1 act=1 39x24 L=41 T=0 R=79 B=23 wact=0 zoom=0
@0 smoke 80x24 zoom=0 layout=8205,80x24,0,0{40x24,0,0,0,39x24,41,0,1}
@1 handoff 80x24 zoom=0 layout=820e,80x24,0,0{40x24,0,0,2,39x24,41,0,3}
--- 14:45:49.754245631
@0 smoke %0 36833 0 act=1 40x24 L=0 T=0 R=39 B=23 wact=1 zoom=0
@0 smoke %1 36837 1 act=0 39x24 L=41 T=0 R=79 B=23 wact=1 zoom=0
@1 handoff %2 36841 0 act=0 40x24 L=0 T=0 R=39 B=23 wact=0 zoom=0
@1 handoff %3 36845 1 act=1 39x24 L=41 T=0 R=79 B=23 wact=0 zoom=0
@0 smoke 80x24 zoom=0 layout=8205,80x24,0,0{40x24,0,0,0,39x24,41,0,1}
@1 handoff 80x24 zoom=0 layout=820e,80x24,0,0{40x24,0,0,2,39x24,41,0,3}
--- 14:45:51.271998676
@0 smoke %0 36833 0 act=1 40x24 L=0 T=0 R=39 B=23 wact=1 zoom=0
@0 smoke %1 36837 1 act=0 39x24 L=41 T=0 R=79 B=23 wact=1 zoom=0
@1 handoff %2 36841 0 act=0 40x24 L=0 T=0 R=39 B=23 wact=0 zoom=0
@1 handoff %3 36845 1 act=1 39x24 L=41 T=0 R=79 B=23 wact=0 zoom=0
@0 smoke 80x24 zoom=0 layout=8205,80x24,0,0{40x24,0,0,0,39x24,41,0,1}
@1 handoff 80x24 zoom=0 layout=820e,80x24,0,0{40x24,0,0,2,39x24,41,0,3}
--- 14:45:52.784815732
@0 smoke %0 36833 0 act=1 40x24 L=0 T=0 R=39 B=23 wact=1 zoom=0
@0 smoke %1 36837 1 act=0 39x24 L=41 T=0 R=79 B=23 wact=1 zoom=0
@1 handoff %2 36841 0 act=0 40x24 L=0 T=0 R=39 B=23 wact=0 zoom=0
@1 handoff %3 36845 1 act=1 39x24 L=41 T=0 R=79 B=23 wact=0 zoom=0
@0 smoke 80x24 zoom=0 layout=8205,80x24,0,0{40x24,0,0,0,39x24,41,0,1}
@1 handoff 80x24 zoom=0 layout=820e,80x24,0,0{40x24,0,0,2,39x24,41,0,3}
--- 14:45:54.306598763
@0 smoke %0 36833 0 act=1 40x24 L=0 T=0 R=39 B=23 wact=1 zoom=0
@0 smoke %1 36837 1 act=0 39x24 L=41 T=0 R=79 B=23 wact=1 zoom=0
@1 handoff %2 36841 0 act=0 40x24 L=0 T=0 R=39 B=23 wact=0 zoom=0
@1 handoff %3 36845 1 act=1 39x24 L=41 T=0 R=79 B=23 wact=0 zoom=0
@0 smoke 80x24 zoom=0 layout=8205,80x24,0,0{40x24,0,0,0,39x24,41,0,1}
@1 handoff 80x24 zoom=0 layout=820e,80x24,0,0{40x24,0,0,2,39x24,41,0,3}
--- 14:45:55.833987777
@0 smoke %0 36833 0 act=1 40x24 L=0 T=0 R=39 B=23 wact=1 zoom=0
@0 smoke %1 36837 1 act=0 39x24 L=41 T=0 R=79 B=23 wact=1 zoom=0
@1 handoff %2 36841 0 act=0 40x24 L=0 T=0 R=39 B=23 wact=0 zoom=0
@1 handoff %3 36845 1 act=1 39x24 L=41 T=0 R=79 B=23 wact=0 zoom=0
@0 smoke 80x24 zoom=0 layout=8205,80x24,0,0{40x24,0,0,0,39x24,41,0,1}
@1 handoff 80x24 zoom=0 layout=820e,80x24,0,0{40x24,0,0,2,39x24,41,0,3}
--- 14:45:57.350848072
@0 smoke %0 36833 0 act=1 40x24 L=0 T=0 R=39 B=23 wact=1 zoom=0
@0 smoke %1 36837 1 act=0 39x24 L=41 T=0 R=79 B=23 wact=1 zoom=0
@1 handoff %2 36841 0 act=0 40x24 L=0 T=0 R=39 B=23 wact=0 zoom=0
@1 handoff %3 36845 1 act=1 39x24 L=41 T=0 R=79 B=23 wact=0 zoom=0
@0 smoke 80x24 zoom=0 layout=8205,80x24,0,0{40x24,0,0,0,39x24,41,0,1}
@1 handoff 80x24 zoom=0 layout=820e,80x24,0,0{40x24,0,0,2,39x24,41,0,3}
--- 14:45:58.864533799
@0 smoke %0 36833 0 act=1 40x24 L=0 T=0 R=39 B=23 wact=1 zoom=0
@0 smoke %1 36837 1 act=0 39x24 L=41 T=0 R=79 B=23 wact=1 zoom=0
@1 handoff %2 36841 0 act=0 40x24 L=0 T=0 R=39 B=23 wact=0 zoom=0
@1 handoff %3 36845 1 act=1 39x24 L=41 T=0 R=79 B=23 wact=0 zoom=0
@0 smoke 80x24 zoom=0 layout=8205,80x24,0,0{40x24,0,0,0,39x24,41,0,1}
@1 handoff 80x24 zoom=0 layout=820e,80x24,0,0{40x24,0,0,2,39x24,41,0,3}
--- 14:46:00.379640298
@0 smoke %0 36833 0 act=1 40x24 L=0 T=0 R=39 B=23 wact=1 zoom=0
@0 smoke %1 36837 1 act=0 39x24 L=41 T=0 R=79 B=23 wact=1 zoom=0
@1 handoff %2 36841 0 act=0 40x24 L=0 T=0 R=39 B=23 wact=0 zoom=0
@1 handoff %3 36845 1 act=1 39x24 L=41 T=0 R=79 B=23 wact=0 zoom=0
@0 smoke 80x24 zoom=0 layout=8205,80x24,0,0{40x24,0,0,0,39x24,41,0,1}
@1 handoff 80x24 zoom=0 layout=820e,80x24,0,0{40x24,0,0,2,39x24,41,0,3}
--- 14:46:01.895248165
@0 smoke %0 36833 0 act=1 40x24 L=0 T=0 R=39 B=23 wact=1 zoom=0
@0 smoke %1 36837 1 act=0 39x24 L=41 T=0 R=79 B=23 wact=1 zoom=0
@1 handoff %2 36841 0 act=0 40x24 L=0 T=0 R=39 B=23 wact=0 zoom=0
@1 handoff %3 36845 1 act=1 39x24 L=41 T=0 R=79 B=23 wact=0 zoom=0
@0 smoke 80x24 zoom=0 layout=8205,80x24,0,0{40x24,0,0,0,39x24,41,0,1}
@1 handoff 80x24 zoom=0 layout=820e,80x24,0,0{40x24,0,0,2,39x24,41,0,3}
--- 14:46:03.409851905
@0 smoke %0 36833 0 act=1 40x24 L=0 T=0 R=39 B=23 wact=1 zoom=0
@0 smoke %1 36837 1 act=0 39x24 L=41 T=0 R=79 B=23 wact=1 zoom=0
@1 handoff %2 36841 0 act=0 40x24 L=0 T=0 R=39 B=23 wact=0 zoom=0
@1 handoff %3 36845 1 act=1 39x24 L=41 T=0 R=79 B=23 wact=0 zoom=0
@0 smoke 80x24 zoom=0 layout=8205,80x24,0,0{40x24,0,0,0,39x24,41,0,1}
@1 handoff 80x24 zoom=0 layout=820e,80x24,0,0{40x24,0,0,2,39x24,41,0,3}
--- 14:46:04.923177866
@0 smoke %0 36833 0 act=1 40x24 L=0 T=0 R=39 B=23 wact=1 zoom=0
@0 smoke %1 36837 1 act=0 39x24 L=41 T=0 R=79 B=23 wact=1 zoom=0
@1 handoff %2 36841 0 act=0 40x24 L=0 T=0 R=39 B=23 wact=0 zoom=0
@1 handoff %3 36845 1 act=1 39x24 L=41 T=0 R=79 B=23 wact=0 zoom=0
@0 smoke 80x24 zoom=0 layout=8205,80x24,0,0{40x24,0,0,0,39x24,41,0,1}
@1 handoff 80x24 zoom=0 layout=820e,80x24,0,0{40x24,0,0,2,39x24,41,0,3}
--- 14:46:06.438638196
@0 smoke %0 36833 0 act=1 40x24 L=0 T=0 R=39 B=23 wact=1 zoom=0
@0 smoke %1 36837 1 act=0 39x24 L=41 T=0 R=79 B=23 wact=1 zoom=0
@1 handoff %2 36841 0 act=0 40x24 L=0 T=0 R=39 B=23 wact=0 zoom=0
@1 handoff %3 36845 1 act=1 39x24 L=41 T=0 R=79 B=23 wact=0 zoom=0
@0 smoke 80x24 zoom=0 layout=8205,80x24,0,0{40x24,0,0,0,39x24,41,0,1}
@1 handoff 80x24 zoom=0 layout=820e,80x24,0,0{40x24,0,0,2,39x24,41,0,3}
--- 14:46:07.951558266
@0 smoke %0 36833 0 act=1 40x24 L=0 T=0 R=39 B=23 wact=1 zoom=0
@0 smoke %1 36837 1 act=0 39x24 L=41 T=0 R=79 B=23 wact=1 zoom=0
@1 handoff %2 36841 0 act=0 40x24 L=0 T=0 R=39 B=23 wact=0 zoom=0
@1 handoff %3 36845 1 act=1 39x24 L=41 T=0 R=79 B=23 wact=0 zoom=0
@0 smoke 80x24 zoom=0 layout=8205,80x24,0,0{40x24,0,0,0,39x24,41,0,1}
@1 handoff 80x24 zoom=0 layout=820e,80x24,0,0{40x24,0,0,2,39x24,41,0,3}
--- 14:46:09.464556502
@0 smoke %0 36833 0 act=1 40x24 L=0 T=0 R=39 B=23 wact=1 zoom=0
@0 smoke %1 36837 1 act=0 39x24 L=41 T=0 R=79 B=23 wact=1 zoom=0
@1 handoff %2 36841 0 act=0 40x24 L=0 T=0 R=39 B=23 wact=0 zoom=0
@1 handoff %3 36845 1 act=1 39x24 L=41 T=0 R=79 B=23 wact=0 zoom=0
@0 smoke 80x24 zoom=0 layout=8205,80x24,0,0{40x24,0,0,0,39x24,41,0,1}
@1 handoff 80x24 zoom=0 layout=820e,80x24,0,0{40x24,0,0,2,39x24,41,0,3}
--- 14:46:10.978532571
@0 smoke %0 36833 0 act=1 40x24 L=0 T=0 R=39 B=23 wact=1 zoom=0
@0 smoke %1 36837 1 act=0 39x24 L=41 T=0 R=79 B=23 wact=1 zoom=0
@1 handoff %2 36841 0 act=0 40x24 L=0 T=0 R=39 B=23 wact=0 zoom=0
@1 handoff %3 36845 1 act=1 39x24 L=41 T=0 R=79 B=23 wact=0 zoom=0
@0 smoke 80x24 zoom=0 layout=8205,80x24,0,0{40x24,0,0,0,39x24,41,0,1}
@1 handoff 80x24 zoom=0 layout=820e,80x24,0,0{40x24,0,0,2,39x24,41,0,3}
--- 14:46:12.492296568
@0 smoke %0 36833 0 act=1 40x24 L=0 T=0 R=39 B=23 wact=1 zoom=0
@0 smoke %1 36837 1 act=0 39x24 L=41 T=0 R=79 B=23 wact=1 zoom=0
@1 handoff %2 36841 0 act=0 40x24 L=0 T=0 R=39 B=23 wact=0 zoom=0
@1 handoff %3 36845 1 act=1 39x24 L=41 T=0 R=79 B=23 wact=0 zoom=0
@0 smoke 80x24 zoom=0 layout=8205,80x24,0,0{40x24,0,0,0,39x24,41,0,1}
@1 handoff 80x24 zoom=0 layout=820e,80x24,0,0{40x24,0,0,2,39x24,41,0,3}
--- 14:46:14.005913989
@0 smoke %0 36833 0 act=1 40x24 L=0 T=0 R=39 B=23 wact=1 zoom=0
@0 smoke %1 36837 1 act=0 39x24 L=41 T=0 R=79 B=23 wact=1 zoom=0
@1 handoff %2 36841 0 act=0 40x24 L=0 T=0 R=39 B=23 wact=0 zoom=0
@1 handoff %3 36845 1 act=1 39x24 L=41 T=0 R=79 B=23 wact=0 zoom=0
@0 smoke 80x24 zoom=0 layout=8205,80x24,0,0{40x24,0,0,0,39x24,41,0,1}
@1 handoff 80x24 zoom=0 layout=820e,80x24,0,0{40x24,0,0,2,39x24,41,0,3}
--- 14:46:15.520902179
@0 smoke %0 36833 0 act=1 40x24 L=0 T=0 R=39 B=23 wact=1 zoom=0
@0 smoke %1 36837 1 act=0 39x24 L=41 T=0 R=79 B=23 wact=1 zoom=0
@1 handoff %2 36841 0 act=0 40x24 L=0 T=0 R=39 B=23 wact=0 zoom=0
@1 handoff %3 36845 1 act=1 39x24 L=41 T=0 R=79 B=23 wact=0 zoom=0
@0 smoke 80x24 zoom=0 layout=8205,80x24,0,0{40x24,0,0,0,39x24,41,0,1}
@1 handoff 80x24 zoom=0 layout=820e,80x24,0,0{40x24,0,0,2,39x24,41,0,3}
--- 14:46:17.035882219
@0 smoke %0 36833 0 act=1 40x24 L=0 T=0 R=39 B=23 wact=1 zoom=0
@0 smoke %1 36837 1 act=0 39x24 L=41 T=0 R=79 B=23 wact=1 zoom=0
@1 handoff %2 36841 0 act=0 40x24 L=0 T=0 R=39 B=23 wact=0 zoom=0
@1 handoff %3 36845 1 act=1 39x24 L=41 T=0 R=79 B=23 wact=0 zoom=0
@0 smoke 80x24 zoom=0 layout=8205,80x24,0,0{40x24,0,0,0,39x24,41,0,1}
@1 handoff 80x24 zoom=0 layout=820e,80x24,0,0{40x24,0,0,2,39x24,41,0,3}
--- 14:46:18.549065436
@0 smoke %0 36833 0 act=1 40x24 L=0 T=0 R=39 B=23 wact=1 zoom=0
@0 smoke %1 36837 1 act=0 39x24 L=41 T=0 R=79 B=23 wact=1 zoom=0
@1 handoff %2 36841 0 act=0 40x24 L=0 T=0 R=39 B=23 wact=0 zoom=0
@1 handoff %3 36845 1 act=1 39x24 L=41 T=0 R=79 B=23 wact=0 zoom=0
@0 smoke 80x24 zoom=0 layout=8205,80x24,0,0{40x24,0,0,0,39x24,41,0,1}
@1 handoff 80x24 zoom=0 layout=820e,80x24,0,0{40x24,0,0,2,39x24,41,0,3}
--- 14:46:20.062616354
@0 smoke %0 36833 0 act=1 40x24 L=0 T=0 R=39 B=23 wact=1 zoom=0
@0 smoke %1 36837 1 act=0 39x24 L=41 T=0 R=79 B=23 wact=1 zoom=0
@1 handoff %2 36841 0 act=0 40x24 L=0 T=0 R=39 B=23 wact=0 zoom=0
@1 handoff %3 36845 1 act=1 39x24 L=41 T=0 R=79 B=23 wact=0 zoom=0
@0 smoke 80x24 zoom=0 layout=8205,80x24,0,0{40x24,0,0,0,39x24,41,0,1}
@1 handoff 80x24 zoom=0 layout=820e,80x24,0,0{40x24,0,0,2,39x24,41,0,3}
--- 14:46:21.576100580
@0 smoke %0 36833 0 act=1 40x24 L=0 T=0 R=39 B=23 wact=1 zoom=0
@0 smoke %1 36837 1 act=0 39x24 L=41 T=0 R=79 B=23 wact=1 zoom=0
@1 handoff %2 36841 0 act=0 40x24 L=0 T=0 R=39 B=23 wact=0 zoom=0
@1 handoff %3 36845 1 act=1 39x24 L=41 T=0 R=79 B=23 wact=0 zoom=0
@0 smoke 80x24 zoom=0 layout=8205,80x24,0,0{40x24,0,0,0,39x24,41,0,1}
@1 handoff 80x24 zoom=0 layout=820e,80x24,0,0{40x24,0,0,2,39x24,41,0,3}
--- 14:46:23.100533278
@0 smoke %0 36833 0 act=1 40x24 L=0 T=0 R=39 B=23 wact=1 zoom=0
@0 smoke %1 36837 1 act=0 39x24 L=41 T=0 R=79 B=23 wact=1 zoom=0
@1 handoff %2 36841 0 act=0 40x24 L=0 T=0 R=39 B=23 wact=0 zoom=0
@1 handoff %3 36845 1 act=1 39x24 L=41 T=0 R=79 B=23 wact=0 zoom=0
@0 smoke 80x24 zoom=0 layout=8205,80x24,0,0{40x24,0,0,0,39x24,41,0,1}
@1 handoff 80x24 zoom=0 layout=820e,80x24,0,0{40x24,0,0,2,39x24,41,0,3}
--- 14:46:24.613802977
@0 smoke %0 36833 0 act=1 40x24 L=0 T=0 R=39 B=23 wact=1 zoom=0
@0 smoke %1 36837 1 act=0 39x24 L=41 T=0 R=79 B=23 wact=1 zoom=0
@1 handoff %2 36841 0 act=0 40x24 L=0 T=0 R=39 B=23 wact=0 zoom=0
@1 handoff %3 36845 1 act=1 39x24 L=41 T=0 R=79 B=23 wact=0 zoom=0
@0 smoke 80x24 zoom=0 layout=8205,80x24,0,0{40x24,0,0,0,39x24,41,0,1}
@1 handoff 80x24 zoom=0 layout=820e,80x24,0,0{40x24,0,0,2,39x24,41,0,3}
--- 14:46:26.128644442
@0 smoke %0 36833 0 act=1 40x24 L=0 T=0 R=39 B=23 wact=1 zoom=0
@0 smoke %1 36837 1 act=0 39x24 L=41 T=0 R=79 B=23 wact=1 zoom=0
@1 handoff %2 36841 0 act=0 40x24 L=0 T=0 R=39 B=23 wact=0 zoom=0
@1 handoff %3 36845 1 act=1 39x24 L=41 T=0 R=79 B=23 wact=0 zoom=0
@0 smoke 80x24 zoom=0 layout=8205,80x24,0,0{40x24,0,0,0,39x24,41,0,1}
@1 handoff 80x24 zoom=0 layout=820e,80x24,0,0{40x24,0,0,2,39x24,41,0,3}
--- 14:46:27.641870956
@0 smoke %0 36833 0 act=1 40x24 L=0 T=0 R=39 B=23 wact=1 zoom=0
@0 smoke %1 36837 1 act=0 39x24 L=41 T=0 R=79 B=23 wact=1 zoom=0
@1 handoff %2 36841 0 act=0 40x24 L=0 T=0 R=39 B=23 wact=0 zoom=0
@1 handoff %3 36845 1 act=1 39x24 L=41 T=0 R=79 B=23 wact=0 zoom=0
@0 smoke 80x24 zoom=0 layout=8205,80x24,0,0{40x24,0,0,0,39x24,41,0,1}
@1 handoff 80x24 zoom=0 layout=820e,80x24,0,0{40x24,0,0,2,39x24,41,0,3}
--- 14:46:29.155067204
@0 smoke %0 36833 0 act=1 40x24 L=0 T=0 R=39 B=23 wact=1 zoom=0
@0 smoke %1 36837 1 act=0 39x24 L=41 T=0 R=79 B=23 wact=1 zoom=0
@1 handoff %2 36841 0 act=0 40x24 L=0 T=0 R=39 B=23 wact=0 zoom=0
@1 handoff %3 36845 1 act=1 39x24 L=41 T=0 R=79 B=23 wact=0 zoom=0
@0 smoke 80x24 zoom=0 layout=8205,80x24,0,0{40x24,0,0,0,39x24,41,0,1}
@1 handoff 80x24 zoom=0 layout=820e,80x24,0,0{40x24,0,0,2,39x24,41,0,3}
--- 14:46:30.668328354
@0 smoke %0 36833 0 act=1 40x24 L=0 T=0 R=39 B=23 wact=1 zoom=0
@0 smoke %1 36837 1 act=0 39x24 L=41 T=0 R=79 B=23 wact=1 zoom=0
@1 handoff %2 36841 0 act=0 40x24 L=0 T=0 R=39 B=23 wact=0 zoom=0
@1 handoff %3 36845 1 act=1 39x24 L=41 T=0 R=79 B=23 wact=0 zoom=0
@0 smoke 80x24 zoom=0 layout=8205,80x24,0,0{40x24,0,0,0,39x24,41,0,1}
@1 handoff 80x24 zoom=0 layout=820e,80x24,0,0{40x24,0,0,2,39x24,41,0,3}
--- 14:46:32.188763181
@0 smoke %0 36833 0 act=1 40x24 L=0 T=0 R=39 B=23 wact=1 zoom=0
@0 smoke %1 36837 1 act=0 39x24 L=41 T=0 R=79 B=23 wact=1 zoom=0
@1 handoff %2 36841 0 act=0 40x24 L=0 T=0 R=39 B=23 wact=0 zoom=0
@1 handoff %3 36845 1 act=1 39x24 L=41 T=0 R=79 B=23 wact=0 zoom=0
@0 smoke 80x24 zoom=0 layout=8205,80x24,0,0{40x24,0,0,0,39x24,41,0,1}
@1 handoff 80x24 zoom=0 layout=820e,80x24,0,0{40x24,0,0,2,39x24,41,0,3}
--- 14:46:33.726428603
@0 smoke %0 36833 0 act=1 40x24 L=0 T=0 R=39 B=23 wact=1 zoom=0
@0 smoke %1 36837 1 act=0 39x24 L=41 T=0 R=79 B=23 wact=1 zoom=0
@1 handoff %2 36841 0 act=0 40x24 L=0 T=0 R=39 B=23 wact=0 zoom=0
@1 handoff %3 36845 1 act=1 39x24 L=41 T=0 R=79 B=23 wact=0 zoom=0
@0 smoke 80x24 zoom=0 layout=8205,80x24,0,0{40x24,0,0,0,39x24,41,0,1}
@1 handoff 80x24 zoom=0 layout=820e,80x24,0,0{40x24,0,0,2,39x24,41,0,3}
--- 14:46:35.239054718
@0 smoke %0 36833 0 act=1 40x24 L=0 T=0 R=39 B=23 wact=1 zoom=0
@0 smoke %1 36837 1 act=0 39x24 L=41 T=0 R=79 B=23 wact=1 zoom=0
@1 handoff %2 36841 0 act=0 40x24 L=0 T=0 R=39 B=23 wact=0 zoom=0
@1 handoff %3 36845 1 act=1 39x24 L=41 T=0 R=79 B=23 wact=0 zoom=0
@0 smoke 80x24 zoom=0 layout=8205,80x24,0,0{40x24,0,0,0,39x24,41,0,1}
@1 handoff 80x24 zoom=0 layout=820e,80x24,0,0{40x24,0,0,2,39x24,41,0,3}
--- 14:46:36.752957828
@0 smoke %0 36833 0 act=1 40x24 L=0 T=0 R=39 B=23 wact=1 zoom=0
@0 smoke %1 36837 1 act=0 39x24 L=41 T=0 R=79 B=23 wact=1 zoom=0
@1 handoff %2 36841 0 act=0 40x24 L=0 T=0 R=39 B=23 wact=0 zoom=0
@1 handoff %3 36845 1 act=1 39x24 L=41 T=0 R=79 B=23 wact=0 zoom=0
@0 smoke 80x24 zoom=0 layout=8205,80x24,0,0{40x24,0,0,0,39x24,41,0,1}
@1 handoff 80x24 zoom=0 layout=820e,80x24,0,0{40x24,0,0,2,39x24,41,0,3}
--- 14:46:38.267597165
@0 smoke %0 36833 0 act=1 40x24 L=0 T=0 R=39 B=23 wact=1 zoom=0
@0 smoke %1 36837 1 act=0 39x24 L=41 T=0 R=79 B=23 wact=1 zoom=0
@1 handoff %2 36841 0 act=0 40x24 L=0 T=0 R=39 B=23 wact=0 zoom=0
@1 handoff %3 36845 1 act=1 39x24 L=41 T=0 R=79 B=23 wact=0 zoom=0
@0 smoke 80x24 zoom=0 layout=8205,80x24,0,0{40x24,0,0,0,39x24,41,0,1}
@1 handoff 80x24 zoom=0 layout=820e,80x24,0,0{40x24,0,0,2,39x24,41,0,3}
--- 14:46:39.791034021
@0 smoke %0 36833 0 act=1 40x24 L=0 T=0 R=39 B=23 wact=1 zoom=0
@0 smoke %1 36837 1 act=0 39x24 L=41 T=0 R=79 B=23 wact=1 zoom=0
@1 handoff %2 36841 0 act=0 40x24 L=0 T=0 R=39 B=23 wact=0 zoom=0
@1 handoff %3 36845 1 act=1 39x24 L=41 T=0 R=79 B=23 wact=0 zoom=0
@0 smoke 80x24 zoom=0 layout=8205,80x24,0,0{40x24,0,0,0,39x24,41,0,1}
@1 handoff 80x24 zoom=0 layout=820e,80x24,0,0{40x24,0,0,2,39x24,41,0,3}
--- 14:46:41.310396231
@0 smoke %0 36833 0 act=1 40x24 L=0 T=0 R=39 B=23 wact=1 zoom=0
@0 smoke %1 36837 1 act=0 39x24 L=41 T=0 R=79 B=23 wact=1 zoom=0
@1 handoff %2 36841 0 act=0 40x24 L=0 T=0 R=39 B=23 wact=0 zoom=0
@1 handoff %3 36845 1 act=1 39x24 L=41 T=0 R=79 B=23 wact=0 zoom=0
@0 smoke 80x24 zoom=0 layout=8205,80x24,0,0{40x24,0,0,0,39x24,41,0,1}
@1 handoff 80x24 zoom=0 layout=820e,80x24,0,0{40x24,0,0,2,39x24,41,0,3}
--- 14:46:42.830023354
@0 smoke %0 36833 0 act=1 40x24 L=0 T=0 R=39 B=23 wact=1 zoom=0
@0 smoke %1 36837 1 act=0 39x24 L=41 T=0 R=79 B=23 wact=1 zoom=0
@1 handoff %2 36841 0 act=0 40x24 L=0 T=0 R=39 B=23 wact=0 zoom=0
@1 handoff %3 36845 1 act=1 39x24 L=41 T=0 R=79 B=23 wact=0 zoom=0
@0 smoke 80x24 zoom=0 layout=8205,80x24,0,0{40x24,0,0,0,39x24,41,0,1}
@1 handoff 80x24 zoom=0 layout=820e,80x24,0,0{40x24,0,0,2,39x24,41,0,3}
--- 14:46:44.367998418
@0 smoke %0 36833 0 act=1 40x24 L=0 T=0 R=39 B=23 wact=1 zoom=0
@0 smoke %1 36837 1 act=0 39x24 L=41 T=0 R=79 B=23 wact=1 zoom=0
@1 handoff %2 36841 0 act=0 40x24 L=0 T=0 R=39 B=23 wact=0 zoom=0
@1 handoff %3 36845 1 act=1 39x24 L=41 T=0 R=79 B=23 wact=0 zoom=0
@0 smoke 80x24 zoom=0 layout=8205,80x24,0,0{40x24,0,0,0,39x24,41,0,1}
@1 handoff 80x24 zoom=0 layout=820e,80x24,0,0{40x24,0,0,2,39x24,41,0,3}
--- 14:46:45.889824878
@0 smoke %0 36833 0 act=1 40x24 L=0 T=0 R=39 B=23 wact=1 zoom=0
@0 smoke %1 36837 1 act=0 39x24 L=41 T=0 R=79 B=23 wact=1 zoom=0
@1 handoff %2 36841 0 act=0 40x24 L=0 T=0 R=39 B=23 wact=0 zoom=0
@1 handoff %3 36845 1 act=1 39x24 L=41 T=0 R=79 B=23 wact=0 zoom=0
@0 smoke 80x24 zoom=0 layout=8205,80x24,0,0{40x24,0,0,0,39x24,41,0,1}
@1 handoff 80x24 zoom=0 layout=820e,80x24,0,0{40x24,0,0,2,39x24,41,0,3}
--- 14:46:47.412701118
@0 smoke %0 36833 0 act=1 40x24 L=0 T=0 R=39 B=23 wact=1 zoom=0
@0 smoke %1 36837 1 act=0 39x24 L=41 T=0 R=79 B=23 wact=1 zoom=0
@1 handoff %2 36841 0 act=0 40x24 L=0 T=0 R=39 B=23 wact=0 zoom=0
@1 handoff %3 36845 1 act=1 39x24 L=41 T=0 R=79 B=23 wact=0 zoom=0
@0 smoke 80x24 zoom=0 layout=8205,80x24,0,0{40x24,0,0,0,39x24,41,0,1}
@1 handoff 80x24 zoom=0 layout=820e,80x24,0,0{40x24,0,0,2,39x24,41,0,3}
--- 14:46:48.925494105
@0 smoke %0 36833 0 act=1 40x24 L=0 T=0 R=39 B=23 wact=1 zoom=0
@0 smoke %1 36837 1 act=0 39x24 L=41 T=0 R=79 B=23 wact=1 zoom=0
@1 handoff %2 36841 0 act=0 40x24 L=0 T=0 R=39 B=23 wact=0 zoom=0
@1 handoff %3 36845 1 act=1 39x24 L=41 T=0 R=79 B=23 wact=0 zoom=0
@0 smoke 80x24 zoom=0 layout=8205,80x24,0,0{40x24,0,0,0,39x24,41,0,1}
@1 handoff 80x24 zoom=0 layout=820e,80x24,0,0{40x24,0,0,2,39x24,41,0,3}
--- 14:46:50.438145551
@0 smoke %0 36833 0 act=1 40x24 L=0 T=0 R=39 B=23 wact=1 zoom=0
@0 smoke %1 36837 1 act=0 39x24 L=41 T=0 R=79 B=23 wact=1 zoom=0
@1 handoff %2 36841 0 act=0 40x24 L=0 T=0 R=39 B=23 wact=0 zoom=0
@1 handoff %3 36845 1 act=1 39x24 L=41 T=0 R=79 B=23 wact=0 zoom=0
@0 smoke 80x24 zoom=0 layout=8205,80x24,0,0{40x24,0,0,0,39x24,41,0,1}
@1 handoff 80x24 zoom=0 layout=820e,80x24,0,0{40x24,0,0,2,39x24,41,0,3}
--- 14:46:51.954259017
@0 smoke %0 36833 0 act=1 40x24 L=0 T=0 R=39 B=23 wact=1 zoom=0
@0 smoke %1 36837 1 act=0 39x24 L=41 T=0 R=79 B=23 wact=1 zoom=0
@1 handoff %2 36841 0 act=0 40x24 L=0 T=0 R=39 B=23 wact=0 zoom=0
@1 handoff %3 36845 1 act=1 39x24 L=41 T=0 R=79 B=23 wact=0 zoom=0
@0 smoke 80x24 zoom=0 layout=8205,80x24,0,0{40x24,0,0,0,39x24,41,0,1}
@1 handoff 80x24 zoom=0 layout=820e,80x24,0,0{40x24,0,0,2,39x24,41,0,3}
--- 14:46:53.467164728
@0 smoke %0 36833 0 act=1 40x24 L=0 T=0 R=39 B=23 wact=1 zoom=0
@0 smoke %1 36837 1 act=0 39x24 L=41 T=0 R=79 B=23 wact=1 zoom=0
@1 handoff %2 36841 0 act=0 40x24 L=0 T=0 R=39 B=23 wact=0 zoom=0
@1 handoff %3 36845 1 act=1 39x24 L=41 T=0 R=79 B=23 wact=0 zoom=0
@0 smoke 80x24 zoom=0 layout=8205,80x24,0,0{40x24,0,0,0,39x24,41,0,1}
@1 handoff 80x24 zoom=0 layout=820e,80x24,0,0{40x24,0,0,2,39x24,41,0,3}
--- 14:46:54.979713253
@0 smoke %0 36833 0 act=1 40x24 L=0 T=0 R=39 B=23 wact=1 zoom=0
@0 smoke %1 36837 1 act=0 39x24 L=41 T=0 R=79 B=23 wact=1 zoom=0
@1 handoff %2 36841 0 act=0 40x24 L=0 T=0 R=39 B=23 wact=0 zoom=0
@1 handoff %3 36845 1 act=1 39x24 L=41 T=0 R=79 B=23 wact=0 zoom=0
@0 smoke 80x24 zoom=0 layout=8205,80x24,0,0{40x24,0,0,0,39x24,41,0,1}
@1 handoff 80x24 zoom=0 layout=820e,80x24,0,0{40x24,0,0,2,39x24,41,0,3}
--- 14:46:56.492565172
@0 smoke %0 36833 0 act=1 40x24 L=0 T=0 R=39 B=23 wact=1 zoom=0
@0 smoke %1 36837 1 act=0 39x24 L=41 T=0 R=79 B=23 wact=1 zoom=0
@1 handoff %2 36841 0 act=0 40x24 L=0 T=0 R=39 B=23 wact=0 zoom=0
@1 handoff %3 36845 1 act=1 39x24 L=41 T=0 R=79 B=23 wact=0 zoom=0
@0 smoke 80x24 zoom=0 layout=8205,80x24,0,0{40x24,0,0,0,39x24,41,0,1}
@1 handoff 80x24 zoom=0 layout=820e,80x24,0,0{40x24,0,0,2,39x24,41,0,3}
--- 14:46:58.006675144
@0 smoke %0 36833 0 act=1 40x24 L=0 T=0 R=39 B=23 wact=1 zoom=0
@0 smoke %1 36837 1 act=0 39x24 L=41 T=0 R=79 B=23 wact=1 zoom=0
@1 handoff %2 36841 0 act=0 40x24 L=0 T=0 R=39 B=23 wact=0 zoom=0
@1 handoff %3 36845 1 act=1 39x24 L=41 T=0 R=79 B=23 wact=0 zoom=0
@0 smoke 80x24 zoom=0 layout=8205,80x24,0,0{40x24,0,0,0,39x24,41,0,1}
@1 handoff 80x24 zoom=0 layout=820e,80x24,0,0{40x24,0,0,2,39x24,41,0,3}
--- 14:46:59.524580006
@0 smoke %0 36833 0 act=1 40x24 L=0 T=0 R=39 B=23 wact=1 zoom=0
@0 smoke %1 36837 1 act=0 39x24 L=41 T=0 R=79 B=23 wact=1 zoom=0
@1 handoff %2 36841 0 act=0 40x24 L=0 T=0 R=39 B=23 wact=0 zoom=0
@1 handoff %3 36845 1 act=1 39x24 L=41 T=0 R=79 B=23 wact=0 zoom=0
@0 smoke 80x24 zoom=0 layout=8205,80x24,0,0{40x24,0,0,0,39x24,41,0,1}
@1 handoff 80x24 zoom=0 layout=820e,80x24,0,0{40x24,0,0,2,39x24,41,0,3}
--- 14:47:01.039679365
@0 smoke %0 36833 0 act=1 40x24 L=0 T=0 R=39 B=23 wact=1 zoom=0
@0 smoke %1 36837 1 act=0 39x24 L=41 T=0 R=79 B=23 wact=1 zoom=0
@1 handoff %2 36841 0 act=0 40x24 L=0 T=0 R=39 B=23 wact=0 zoom=0
@1 handoff %3 36845 1 act=1 39x24 L=41 T=0 R=79 B=23 wact=0 zoom=0
@0 smoke 80x24 zoom=0 layout=8205,80x24,0,0{40x24,0,0,0,39x24,41,0,1}
@1 handoff 80x24 zoom=0 layout=820e,80x24,0,0{40x24,0,0,2,39x24,41,0,3}
--- 14:47:02.552851176
@0 smoke %0 36833 0 act=1 40x24 L=0 T=0 R=39 B=23 wact=1 zoom=0
@0 smoke %1 36837 1 act=0 39x24 L=41 T=0 R=79 B=23 wact=1 zoom=0
@1 handoff %2 36841 0 act=0 40x24 L=0 T=0 R=39 B=23 wact=0 zoom=0
@1 handoff %3 36845 1 act=1 39x24 L=41 T=0 R=79 B=23 wact=0 zoom=0
@0 smoke 80x24 zoom=0 layout=8205,80x24,0,0{40x24,0,0,0,39x24,41,0,1}
@1 handoff 80x24 zoom=0 layout=820e,80x24,0,0{40x24,0,0,2,39x24,41,0,3}
--- 14:47:04.066228007
@0 smoke %0 36833 0 act=1 40x24 L=0 T=0 R=39 B=23 wact=1 zoom=0
@0 smoke %1 36837 1 act=0 39x24 L=41 T=0 R=79 B=23 wact=1 zoom=0
@1 handoff %2 36841 0 act=0 40x24 L=0 T=0 R=39 B=23 wact=0 zoom=0
@1 handoff %3 36845 1 act=1 39x24 L=41 T=0 R=79 B=23 wact=0 zoom=0
@0 smoke 80x24 zoom=0 layout=8205,80x24,0,0{40x24,0,0,0,39x24,41,0,1}
@1 handoff 80x24 zoom=0 layout=820e,80x24,0,0{40x24,0,0,2,39x24,41,0,3}
--- 14:47:05.579642362
@0 smoke %0 36833 0 act=1 40x24 L=0 T=0 R=39 B=23 wact=1 zoom=0
@0 smoke %1 36837 1 act=0 39x24 L=41 T=0 R=79 B=23 wact=1 zoom=0
@1 handoff %2 36841 0 act=0 40x24 L=0 T=0 R=39 B=23 wact=0 zoom=0
@1 handoff %3 36845 1 act=1 39x24 L=41 T=0 R=79 B=23 wact=0 zoom=0
@0 smoke 80x24 zoom=0 layout=8205,80x24,0,0{40x24,0,0,0,39x24,41,0,1}
@1 handoff 80x24 zoom=0 layout=820e,80x24,0,0{40x24,0,0,2,39x24,41,0,3}
--- 14:47:07.092587589
@0 smoke %0 36833 0 act=1 40x24 L=0 T=0 R=39 B=23 wact=1 zoom=0
@0 smoke %1 36837 1 act=0 39x24 L=41 T=0 R=79 B=23 wact=1 zoom=0
@1 handoff %2 36841 0 act=0 40x24 L=0 T=0 R=39 B=23 wact=0 zoom=0
@1 handoff %3 36845 1 act=1 39x24 L=41 T=0 R=79 B=23 wact=0 zoom=0
@0 smoke 80x24 zoom=0 layout=8205,80x24,0,0{40x24,0,0,0,39x24,41,0,1}
@1 handoff 80x24 zoom=0 layout=820e,80x24,0,0{40x24,0,0,2,39x24,41,0,3}
--- 14:47:08.605859469
@0 smoke %0 36833 0 act=1 40x24 L=0 T=0 R=39 B=23 wact=1 zoom=0
@0 smoke %1 36837 1 act=0 39x24 L=41 T=0 R=79 B=23 wact=1 zoom=0
@1 handoff %2 36841 0 act=0 40x24 L=0 T=0 R=39 B=23 wact=0 zoom=0
@1 handoff %3 36845 1 act=1 39x24 L=41 T=0 R=79 B=23 wact=0 zoom=0
@0 smoke 80x24 zoom=0 layout=8205,80x24,0,0{40x24,0,0,0,39x24,41,0,1}
@1 handoff 80x24 zoom=0 layout=820e,80x24,0,0{40x24,0,0,2,39x24,41,0,3}
--- 14:47:10.118510175
@0 smoke %0 36833 0 act=1 40x24 L=0 T=0 R=39 B=23 wact=1 zoom=0
@0 smoke %1 36837 1 act=0 39x24 L=41 T=0 R=79 B=23 wact=1 zoom=0
@1 handoff %2 36841 0 act=0 40x24 L=0 T=0 R=39 B=23 wact=0 zoom=0
@1 handoff %3 36845 1 act=1 39x24 L=41 T=0 R=79 B=23 wact=0 zoom=0
@0 smoke 80x24 zoom=0 layout=8205,80x24,0,0{40x24,0,0,0,39x24,41,0,1}
@1 handoff 80x24 zoom=0 layout=820e,80x24,0,0{40x24,0,0,2,39x24,41,0,3}
--- 14:47:11.631744420
@0 smoke %0 36833 0 act=1 40x24 L=0 T=0 R=39 B=23 wact=1 zoom=0
@0 smoke %1 36837 1 act=0 39x24 L=41 T=0 R=79 B=23 wact=1 zoom=0
@1 handoff %2 36841 0 act=0 40x24 L=0 T=0 R=39 B=23 wact=0 zoom=0
@1 handoff %3 36845 1 act=1 39x24 L=41 T=0 R=79 B=23 wact=0 zoom=0
@0 smoke 80x24 zoom=0 layout=8205,80x24,0,0{40x24,0,0,0,39x24,41,0,1}
@1 handoff 80x24 zoom=0 layout=820e,80x24,0,0{40x24,0,0,2,39x24,41,0,3}
--- 14:47:13.145234351
@0 smoke %0 36833 0 act=1 40x24 L=0 T=0 R=39 B=23 wact=1 zoom=0
@0 smoke %1 36837 1 act=0 39x24 L=41 T=0 R=79 B=23 wact=1 zoom=0
@1 handoff %2 36841 0 act=0 40x24 L=0 T=0 R=39 B=23 wact=0 zoom=0
@1 handoff %3 36845 1 act=1 39x24 L=41 T=0 R=79 B=23 wact=0 zoom=0
@0 smoke 80x24 zoom=0 layout=8205,80x24,0,0{40x24,0,0,0,39x24,41,0,1}
@1 handoff 80x24 zoom=0 layout=820e,80x24,0,0{40x24,0,0,2,39x24,41,0,3}
--- 14:47:14.659422565
@0 smoke %0 36833 0 act=1 40x24 L=0 T=0 R=39 B=23 wact=1 zoom=0
@0 smoke %1 36837 1 act=0 39x24 L=41 T=0 R=79 B=23 wact=1 zoom=0
@1 handoff %2 36841 0 act=0 40x24 L=0 T=0 R=39 B=23 wact=0 zoom=0
@1 handoff %3 36845 1 act=1 39x24 L=41 T=0 R=79 B=23 wact=0 zoom=0
@0 smoke 80x24 zoom=0 layout=8205,80x24,0,0{40x24,0,0,0,39x24,41,0,1}
@1 handoff 80x24 zoom=0 layout=820e,80x24,0,0{40x24,0,0,2,39x24,41,0,3}
--- 14:47:16.172441418
@0 smoke %0 36833 0 act=1 40x24 L=0 T=0 R=39 B=23 wact=1 zoom=0
@0 smoke %1 36837 1 act=0 39x24 L=41 T=0 R=79 B=23 wact=1 zoom=0
@1 handoff %2 36841 0 act=0 40x24 L=0 T=0 R=39 B=23 wact=0 zoom=0
@1 handoff %3 36845 1 act=1 39x24 L=41 T=0 R=79 B=23 wact=0 zoom=0
@0 smoke 80x24 zoom=0 layout=8205,80x24,0,0{40x24,0,0,0,39x24,41,0,1}
@1 handoff 80x24 zoom=0 layout=820e,80x24,0,0{40x24,0,0,2,39x24,41,0,3}
--- 14:47:17.686251233
@0 smoke %0 36833 0 act=1 40x24 L=0 T=0 R=39 B=23 wact=1 zoom=0
@0 smoke %1 36837 1 act=0 39x24 L=41 T=0 R=79 B=23 wact=1 zoom=0
@1 handoff %2 36841 0 act=0 40x24 L=0 T=0 R=39 B=23 wact=0 zoom=0
@1 handoff %3 36845 1 act=1 39x24 L=41 T=0 R=79 B=23 wact=0 zoom=0
@0 smoke 80x24 zoom=0 layout=8205,80x24,0,0{40x24,0,0,0,39x24,41,0,1}
@1 handoff 80x24 zoom=0 layout=820e,80x24,0,0{40x24,0,0,2,39x24,41,0,3}
--- 14:47:19.200086658
@0 smoke %0 36833 0 act=1 40x24 L=0 T=0 R=39 B=23 wact=1 zoom=0
@0 smoke %1 36837 1 act=0 39x24 L=41 T=0 R=79 B=23 wact=1 zoom=0
@1 handoff %2 36841 0 act=0 40x24 L=0 T=0 R=39 B=23 wact=0 zoom=0
@1 handoff %3 36845 1 act=1 39x24 L=41 T=0 R=79 B=23 wact=0 zoom=0
@0 smoke 80x24 zoom=0 layout=8205,80x24,0,0{40x24,0,0,0,39x24,41,0,1}
@1 handoff 80x24 zoom=0 layout=820e,80x24,0,0{40x24,0,0,2,39x24,41,0,3}
--- 14:47:20.719150832
@0 smoke %0 36833 0 act=1 40x24 L=0 T=0 R=39 B=23 wact=1 zoom=0
@0 smoke %1 36837 1 act=0 39x24 L=41 T=0 R=79 B=23 wact=1 zoom=0
@1 handoff %2 36841 0 act=0 40x24 L=0 T=0 R=39 B=23 wact=0 zoom=0
@1 handoff %3 36845 1 act=1 39x24 L=41 T=0 R=79 B=23 wact=0 zoom=0
@0 smoke 80x24 zoom=0 layout=8205,80x24,0,0{40x24,0,0,0,39x24,41,0,1}
@1 handoff 80x24 zoom=0 layout=820e,80x24,0,0{40x24,0,0,2,39x24,41,0,3}
--- 14:47:22.243991275
@0 smoke %0 36833 0 act=1 40x24 L=0 T=0 R=39 B=23 wact=1 zoom=0
@0 smoke %1 36837 1 act=0 39x24 L=41 T=0 R=79 B=23 wact=1 zoom=0
@1 handoff %2 36841 0 act=0 40x24 L=0 T=0 R=39 B=23 wact=0 zoom=0
@1 handoff %3 36845 1 act=1 39x24 L=41 T=0 R=79 B=23 wact=0 zoom=0
@0 smoke 80x24 zoom=0 layout=8205,80x24,0,0{40x24,0,0,0,39x24,41,0,1}
@1 handoff 80x24 zoom=0 layout=820e,80x24,0,0{40x24,0,0,2,39x24,41,0,3}
--- 14:47:23.756839547
@0 smoke %0 36833 0 act=1 40x24 L=0 T=0 R=39 B=23 wact=1 zoom=0
@0 smoke %1 36837 1 act=0 39x24 L=41 T=0 R=79 B=23 wact=1 zoom=0
@1 handoff %2 36841 0 act=0 40x24 L=0 T=0 R=39 B=23 wact=0 zoom=0
@1 handoff %3 36845 1 act=1 39x24 L=41 T=0 R=79 B=23 wact=0 zoom=0
@0 smoke 80x24 zoom=0 layout=8205,80x24,0,0{40x24,0,0,0,39x24,41,0,1}
@1 handoff 80x24 zoom=0 layout=820e,80x24,0,0{40x24,0,0,2,39x24,41,0,3}
--- 14:47:25.269773013
@0 smoke %0 36833 0 act=1 40x24 L=0 T=0 R=39 B=23 wact=1 zoom=0
@0 smoke %1 36837 1 act=0 39x24 L=41 T=0 R=79 B=23 wact=1 zoom=0
@1 handoff %2 36841 0 act=0 40x24 L=0 T=0 R=39 B=23 wact=0 zoom=0
@1 handoff %3 36845 1 act=1 39x24 L=41 T=0 R=79 B=23 wact=0 zoom=0
@0 smoke 80x24 zoom=0 layout=8205,80x24,0,0{40x24,0,0,0,39x24,41,0,1}
@1 handoff 80x24 zoom=0 layout=820e,80x24,0,0{40x24,0,0,2,39x24,41,0,3}
--- 14:47:26.782630526
@0 smoke %0 36833 0 act=1 40x24 L=0 T=0 R=39 B=23 wact=1 zoom=0
@0 smoke %1 36837 1 act=0 39x24 L=41 T=0 R=79 B=23 wact=1 zoom=0
@1 handoff %2 36841 0 act=0 40x24 L=0 T=0 R=39 B=23 wact=0 zoom=0
@1 handoff %3 36845 1 act=1 39x24 L=41 T=0 R=79 B=23 wact=0 zoom=0
@0 smoke 80x24 zoom=0 layout=8205,80x24,0,0{40x24,0,0,0,39x24,41,0,1}
@1 handoff 80x24 zoom=0 layout=820e,80x24,0,0{40x24,0,0,2,39x24,41,0,3}
--- 14:47:28.295323991
@0 smoke %0 36833 0 act=1 40x24 L=0 T=0 R=39 B=23 wact=1 zoom=0
@0 smoke %1 36837 1 act=0 39x24 L=41 T=0 R=79 B=23 wact=1 zoom=0
@1 handoff %2 36841 0 act=0 40x24 L=0 T=0 R=39 B=23 wact=0 zoom=0
@1 handoff %3 36845 1 act=1 39x24 L=41 T=0 R=79 B=23 wact=0 zoom=0
@0 smoke 80x24 zoom=0 layout=8205,80x24,0,0{40x24,0,0,0,39x24,41,0,1}
@1 handoff 80x24 zoom=0 layout=820e,80x24,0,0{40x24,0,0,2,39x24,41,0,3}
--- 14:47:29.817092808
@0 smoke %0 36833 0 act=1 40x24 L=0 T=0 R=39 B=23 wact=1 zoom=0
@0 smoke %1 36837 1 act=0 39x24 L=41 T=0 R=79 B=23 wact=1 zoom=0
@1 handoff %2 36841 0 act=0 40x24 L=0 T=0 R=39 B=23 wact=0 zoom=0
@1 handoff %3 36845 1 act=1 39x24 L=41 T=0 R=79 B=23 wact=0 zoom=0
@0 smoke 80x24 zoom=0 layout=8205,80x24,0,0{40x24,0,0,0,39x24,41,0,1}
@1 handoff 80x24 zoom=0 layout=820e,80x24,0,0{40x24,0,0,2,39x24,41,0,3}
--- 14:47:31.332875661
@0 smoke %0 36833 0 act=1 40x24 L=0 T=0 R=39 B=23 wact=1 zoom=0
@0 smoke %1 36837 1 act=0 39x24 L=41 T=0 R=79 B=23 wact=1 zoom=0
@1 handoff %2 36841 0 act=0 40x24 L=0 T=0 R=39 B=23 wact=0 zoom=0
@1 handoff %3 36845 1 act=1 39x24 L=41 T=0 R=79 B=23 wact=0 zoom=0
@0 smoke 80x24 zoom=0 layout=8205,80x24,0,0{40x24,0,0,0,39x24,41,0,1}
@1 handoff 80x24 zoom=0 layout=820e,80x24,0,0{40x24,0,0,2,39x24,41,0,3}
--- 14:47:32.846140239
@0 smoke %0 36833 0 act=1 40x24 L=0 T=0 R=39 B=23 wact=1 zoom=0
@0 smoke %1 36837 1 act=0 39x24 L=41 T=0 R=79 B=23 wact=1 zoom=0
@1 handoff %2 36841 0 act=0 40x24 L=0 T=0 R=39 B=23 wact=0 zoom=0
@1 handoff %3 36845 1 act=1 39x24 L=41 T=0 R=79 B=23 wact=0 zoom=0
@0 smoke 80x24 zoom=0 layout=8205,80x24,0,0{40x24,0,0,0,39x24,41,0,1}
@1 handoff 80x24 zoom=0 layout=820e,80x24,0,0{40x24,0,0,2,39x24,41,0,3}
--- 14:47:34.358966261
@0 smoke %0 36833 0 act=1 40x24 L=0 T=0 R=39 B=23 wact=1 zoom=0
@0 smoke %1 36837 1 act=0 39x24 L=41 T=0 R=79 B=23 wact=1 zoom=0
@1 handoff %2 36841 0 act=0 40x24 L=0 T=0 R=39 B=23 wact=0 zoom=0
@1 handoff %3 36845 1 act=1 39x24 L=41 T=0 R=79 B=23 wact=0 zoom=0
@0 smoke 80x24 zoom=0 layout=8205,80x24,0,0{40x24,0,0,0,39x24,41,0,1}
@1 handoff 80x24 zoom=0 layout=820e,80x24,0,0{40x24,0,0,2,39x24,41,0,3}
--- 14:47:35.871889241
@0 smoke %0 36833 0 act=1 40x24 L=0 T=0 R=39 B=23 wact=1 zoom=0
@0 smoke %1 36837 1 act=0 39x24 L=41 T=0 R=79 B=23 wact=1 zoom=0
@1 handoff %2 36841 0 act=0 40x24 L=0 T=0 R=39 B=23 wact=0 zoom=0
@1 handoff %3 36845 1 act=1 39x24 L=41 T=0 R=79 B=23 wact=0 zoom=0
@0 smoke 80x24 zoom=0 layout=8205,80x24,0,0{40x24,0,0,0,39x24,41,0,1}
@1 handoff 80x24 zoom=0 layout=820e,80x24,0,0{40x24,0,0,2,39x24,41,0,3}
--- 14:47:37.390924378
@0 smoke %0 36833 0 act=1 40x24 L=0 T=0 R=39 B=23 wact=1 zoom=0
@0 smoke %1 36837 1 act=0 39x24 L=41 T=0 R=79 B=23 wact=1 zoom=0
@1 handoff %2 36841 0 act=0 40x24 L=0 T=0 R=39 B=23 wact=0 zoom=0
@1 handoff %3 36845 1 act=1 39x24 L=41 T=0 R=79 B=23 wact=0 zoom=0
@0 smoke 80x24 zoom=0 layout=8205,80x24,0,0{40x24,0,0,0,39x24,41,0,1}
@1 handoff 80x24 zoom=0 layout=820e,80x24,0,0{40x24,0,0,2,39x24,41,0,3}
--- 14:47:38.907434036
@0 smoke %0 36833 0 act=1 40x24 L=0 T=0 R=39 B=23 wact=1 zoom=0
@0 smoke %1 36837 1 act=0 39x24 L=41 T=0 R=79 B=23 wact=1 zoom=0
@1 handoff %2 36841 0 act=0 40x24 L=0 T=0 R=39 B=23 wact=0 zoom=0
@1 handoff %3 36845 1 act=1 39x24 L=41 T=0 R=79 B=23 wact=0 zoom=0
@0 smoke 80x24 zoom=0 layout=8205,80x24,0,0{40x24,0,0,0,39x24,41,0,1}
@1 handoff 80x24 zoom=0 layout=820e,80x24,0,0{40x24,0,0,2,39x24,41,0,3}
--- 14:47:40.420498041
@0 smoke %0 36833 0 act=1 40x24 L=0 T=0 R=39 B=23 wact=1 zoom=0
@0 smoke %1 36837 1 act=0 39x24 L=41 T=0 R=79 B=23 wact=1 zoom=0
@1 handoff %2 36841 0 act=0 40x24 L=0 T=0 R=39 B=23 wact=0 zoom=0
@1 handoff %3 36845 1 act=1 39x24 L=41 T=0 R=79 B=23 wact=0 zoom=0
@0 smoke 80x24 zoom=0 layout=8205,80x24,0,0{40x24,0,0,0,39x24,41,0,1}
@1 handoff 80x24 zoom=0 layout=820e,80x24,0,0{40x24,0,0,2,39x24,41,0,3}
--- 14:47:41.936020873
@0 smoke %0 36833 0 act=1 40x24 L=0 T=0 R=39 B=23 wact=1 zoom=0
@0 smoke %1 36837 1 act=0 39x24 L=41 T=0 R=79 B=23 wact=1 zoom=0
@1 handoff %2 36841 0 act=0 40x24 L=0 T=0 R=39 B=23 wact=0 zoom=0
@1 handoff %3 36845 1 act=1 39x24 L=41 T=0 R=79 B=23 wact=0 zoom=0
@0 smoke 80x24 zoom=0 layout=8205,80x24,0,0{40x24,0,0,0,39x24,41,0,1}
@1 handoff 80x24 zoom=0 layout=820e,80x24,0,0{40x24,0,0,2,39x24,41,0,3}
--- 14:47:43.451025175
@0 smoke %0 36833 0 act=1 40x24 L=0 T=0 R=39 B=23 wact=1 zoom=0
@0 smoke %1 36837 1 act=0 39x24 L=41 T=0 R=79 B=23 wact=1 zoom=0
@1 handoff %2 36841 0 act=0 40x24 L=0 T=0 R=39 B=23 wact=0 zoom=0
@1 handoff %3 36845 1 act=1 39x24 L=41 T=0 R=79 B=23 wact=0 zoom=0
@0 smoke 80x24 zoom=0 layout=8205,80x24,0,0{40x24,0,0,0,39x24,41,0,1}
@1 handoff 80x24 zoom=0 layout=820e,80x24,0,0{40x24,0,0,2,39x24,41,0,3}
--- 14:47:44.963827523
@0 smoke %0 36833 0 act=1 40x24 L=0 T=0 R=39 B=23 wact=1 zoom=0
@0 smoke %1 36837 1 act=0 39x24 L=41 T=0 R=79 B=23 wact=1 zoom=0
@1 handoff %2 36841 0 act=0 40x24 L=0 T=0 R=39 B=23 wact=0 zoom=0
@1 handoff %3 36845 1 act=1 39x24 L=41 T=0 R=79 B=23 wact=0 zoom=0
@0 smoke 80x24 zoom=0 layout=8205,80x24,0,0{40x24,0,0,0,39x24,41,0,1}
@1 handoff 80x24 zoom=0 layout=820e,80x24,0,0{40x24,0,0,2,39x24,41,0,3}
--- 14:47:46.476690062
@0 smoke %0 36833 0 act=1 40x24 L=0 T=0 R=39 B=23 wact=1 zoom=0
@0 smoke %1 36837 1 act=0 39x24 L=41 T=0 R=79 B=23 wact=1 zoom=0
@1 handoff %2 36841 0 act=0 40x24 L=0 T=0 R=39 B=23 wact=0 zoom=0
@1 handoff %3 36845 1 act=1 39x24 L=41 T=0 R=79 B=23 wact=0 zoom=0
@0 smoke 80x24 zoom=0 layout=8205,80x24,0,0{40x24,0,0,0,39x24,41,0,1}
@1 handoff 80x24 zoom=0 layout=820e,80x24,0,0{40x24,0,0,2,39x24,41,0,3}
--- 14:47:47.993140052
@0 smoke %0 36833 0 act=1 40x24 L=0 T=0 R=39 B=23 wact=1 zoom=0
@0 smoke %1 36837 1 act=0 39x24 L=41 T=0 R=79 B=23 wact=1 zoom=0
@1 handoff %2 36841 0 act=0 40x24 L=0 T=0 R=39 B=23 wact=0 zoom=0
@1 handoff %3 36845 1 act=1 39x24 L=41 T=0 R=79 B=23 wact=0 zoom=0
@0 smoke 80x24 zoom=0 layout=8205,80x24,0,0{40x24,0,0,0,39x24,41,0,1}
@1 handoff 80x24 zoom=0 layout=820e,80x24,0,0{40x24,0,0,2,39x24,41,0,3}
--- 14:47:49.506976017
@0 smoke %0 36833 0 act=1 40x24 L=0 T=0 R=39 B=23 wact=1 zoom=0
@0 smoke %1 36837 1 act=0 39x24 L=41 T=0 R=79 B=23 wact=1 zoom=0
@1 handoff %2 36841 0 act=0 40x24 L=0 T=0 R=39 B=23 wact=0 zoom=0
@1 handoff %3 36845 1 act=1 39x24 L=41 T=0 R=79 B=23 wact=0 zoom=0
@0 smoke 80x24 zoom=0 layout=8205,80x24,0,0{40x24,0,0,0,39x24,41,0,1}
@1 handoff 80x24 zoom=0 layout=820e,80x24,0,0{40x24,0,0,2,39x24,41,0,3}
--- 14:47:51.020379174
@0 smoke %0 36833 0 act=1 40x24 L=0 T=0 R=39 B=23 wact=1 zoom=0
@0 smoke %1 36837 1 act=0 39x24 L=41 T=0 R=79 B=23 wact=1 zoom=0
@1 handoff %2 36841 0 act=0 40x24 L=0 T=0 R=39 B=23 wact=0 zoom=0
@1 handoff %3 36845 1 act=1 39x24 L=41 T=0 R=79 B=23 wact=0 zoom=0
@0 smoke 80x24 zoom=0 layout=8205,80x24,0,0{40x24,0,0,0,39x24,41,0,1}
@1 handoff 80x24 zoom=0 layout=820e,80x24,0,0{40x24,0,0,2,39x24,41,0,3}
--- 14:47:52.533120783
@0 smoke %0 36833 0 act=1 40x24 L=0 T=0 R=39 B=23 wact=1 zoom=0
@0 smoke %1 36837 1 act=0 39x24 L=41 T=0 R=79 B=23 wact=1 zoom=0
@1 handoff %2 36841 0 act=0 40x24 L=0 T=0 R=39 B=23 wact=0 zoom=0
@1 handoff %3 36845 1 act=1 39x24 L=41 T=0 R=79 B=23 wact=0 zoom=0
@0 smoke 80x24 zoom=0 layout=8205,80x24,0,0{40x24,0,0,0,39x24,41,0,1}
@1 handoff 80x24 zoom=0 layout=820e,80x24,0,0{40x24,0,0,2,39x24,41,0,3}
--- 14:47:54.045986675
@0 smoke %0 36833 0 act=1 40x24 L=0 T=0 R=39 B=23 wact=1 zoom=0
@0 smoke %1 36837 1 act=0 39x24 L=41 T=0 R=79 B=23 wact=1 zoom=0
@1 handoff %2 36841 0 act=0 40x24 L=0 T=0 R=39 B=23 wact=0 zoom=0
@1 handoff %3 36845 1 act=1 39x24 L=41 T=0 R=79 B=23 wact=0 zoom=0
@0 smoke 80x24 zoom=0 layout=8205,80x24,0,0{40x24,0,0,0,39x24,41,0,1}
@1 handoff 80x24 zoom=0 layout=820e,80x24,0,0{40x24,0,0,2,39x24,41,0,3}
--- 14:47:55.558466537
@0 smoke %0 36833 0 act=1 40x24 L=0 T=0 R=39 B=23 wact=1 zoom=0
@0 smoke %1 36837 1 act=0 39x24 L=41 T=0 R=79 B=23 wact=1 zoom=0
@1 handoff %2 36841 0 act=0 40x24 L=0 T=0 R=39 B=23 wact=0 zoom=0
@1 handoff %3 36845 1 act=1 39x24 L=41 T=0 R=79 B=23 wact=0 zoom=0
@0 smoke 80x24 zoom=0 layout=8205,80x24,0,0{40x24,0,0,0,39x24,41,0,1}
@1 handoff 80x24 zoom=0 layout=820e,80x24,0,0{40x24,0,0,2,39x24,41,0,3}
--- 14:47:57.072094185
@0 smoke %0 36833 0 act=1 40x24 L=0 T=0 R=39 B=23 wact=1 zoom=0
@0 smoke %1 36837 1 act=0 39x24 L=41 T=0 R=79 B=23 wact=1 zoom=0
@1 handoff %2 36841 0 act=0 40x24 L=0 T=0 R=39 B=23 wact=0 zoom=0
@1 handoff %3 36845 1 act=1 39x24 L=41 T=0 R=79 B=23 wact=0 zoom=0
@0 smoke 80x24 zoom=0 layout=8205,80x24,0,0{40x24,0,0,0,39x24,41,0,1}
@1 handoff 80x24 zoom=0 layout=820e,80x24,0,0{40x24,0,0,2,39x24,41,0,3}
--- 14:47:58.591965317
@0 smoke %0 36833 0 act=1 40x24 L=0 T=0 R=39 B=23 wact=1 zoom=0
@0 smoke %1 36837 1 act=0 39x24 L=41 T=0 R=79 B=23 wact=1 zoom=0
@1 handoff %2 36841 0 act=0 40x24 L=0 T=0 R=39 B=23 wact=0 zoom=0
@1 handoff %3 36845 1 act=1 39x24 L=41 T=0 R=79 B=23 wact=0 zoom=0
@0 smoke 80x24 zoom=0 layout=8205,80x24,0,0{40x24,0,0,0,39x24,41,0,1}
@1 handoff 80x24 zoom=0 layout=820e,80x24,0,0{40x24,0,0,2,39x24,41,0,3}
--- 14:48:00.114273535
@0 smoke %0 36833 0 act=1 40x24 L=0 T=0 R=39 B=23 wact=1 zoom=0
@0 smoke %1 36837 1 act=0 39x24 L=41 T=0 R=79 B=23 wact=1 zoom=0
@1 handoff %2 36841 0 act=0 40x24 L=0 T=0 R=39 B=23 wact=0 zoom=0
@1 handoff %3 36845 1 act=1 39x24 L=41 T=0 R=79 B=23 wact=0 zoom=0
@0 smoke 80x24 zoom=0 layout=8205,80x24,0,0{40x24,0,0,0,39x24,41,0,1}
@1 handoff 80x24 zoom=0 layout=820e,80x24,0,0{40x24,0,0,2,39x24,41,0,3}
--- 14:48:01.628437852
@0 smoke %0 36833 0 act=1 40x24 L=0 T=0 R=39 B=23 wact=1 zoom=0
@0 smoke %1 36837 1 act=0 39x24 L=41 T=0 R=79 B=23 wact=1 zoom=0
@1 handoff %2 36841 0 act=0 40x24 L=0 T=0 R=39 B=23 wact=0 zoom=0
@1 handoff %3 36845 1 act=1 39x24 L=41 T=0 R=79 B=23 wact=0 zoom=0
@0 smoke 80x24 zoom=0 layout=8205,80x24,0,0{40x24,0,0,0,39x24,41,0,1}
@1 handoff 80x24 zoom=0 layout=820e,80x24,0,0{40x24,0,0,2,39x24,41,0,3}
--- 14:48:03.143600817
@0 smoke %0 36833 0 act=1 40x24 L=0 T=0 R=39 B=23 wact=1 zoom=0
@0 smoke %1 36837 1 act=0 39x24 L=41 T=0 R=79 B=23 wact=1 zoom=0
@1 handoff %2 36841 0 act=0 40x24 L=0 T=0 R=39 B=23 wact=0 zoom=0
@1 handoff %3 36845 1 act=1 39x24 L=41 T=0 R=79 B=23 wact=0 zoom=0
@0 smoke 80x24 zoom=0 layout=8205,80x24,0,0{40x24,0,0,0,39x24,41,0,1}
@1 handoff 80x24 zoom=0 layout=820e,80x24,0,0{40x24,0,0,2,39x24,41,0,3}
--- 14:48:04.659163680
@0 smoke %0 36833 0 act=1 40x24 L=0 T=0 R=39 B=23 wact=1 zoom=0
@0 smoke %1 36837 1 act=0 39x24 L=41 T=0 R=79 B=23 wact=1 zoom=0
@1 handoff %2 36841 0 act=0 40x24 L=0 T=0 R=39 B=23 wact=0 zoom=0
@1 handoff %3 36845 1 act=1 39x24 L=41 T=0 R=79 B=23 wact=0 zoom=0
@0 smoke 80x24 zoom=0 layout=8205,80x24,0,0{40x24,0,0,0,39x24,41,0,1}
@1 handoff 80x24 zoom=0 layout=820e,80x24,0,0{40x24,0,0,2,39x24,41,0,3}
--- 14:48:06.172162089
@0 smoke %0 36833 0 act=1 40x24 L=0 T=0 R=39 B=23 wact=1 zoom=0
@0 smoke %1 36837 1 act=0 39x24 L=41 T=0 R=79 B=23 wact=1 zoom=0
@1 handoff %2 36841 0 act=0 40x24 L=0 T=0 R=39 B=23 wact=0 zoom=0
@1 handoff %3 36845 1 act=1 39x24 L=41 T=0 R=79 B=23 wact=0 zoom=0
@0 smoke 80x24 zoom=0 layout=8205,80x24,0,0{40x24,0,0,0,39x24,41,0,1}
@1 handoff 80x24 zoom=0 layout=820e,80x24,0,0{40x24,0,0,2,39x24,41,0,3}
--- 14:48:07.686204220
@0 smoke %0 36833 0 act=1 40x24 L=0 T=0 R=39 B=23 wact=1 zoom=0
@0 smoke %1 36837 1 act=0 39x24 L=41 T=0 R=79 B=23 wact=1 zoom=0
@1 handoff %2 36841 0 act=0 40x24 L=0 T=0 R=39 B=23 wact=0 zoom=0
@1 handoff %3 36845 1 act=1 39x24 L=41 T=0 R=79 B=23 wact=0 zoom=0
@0 smoke 80x24 zoom=0 layout=8205,80x24,0,0{40x24,0,0,0,39x24,41,0,1}
@1 handoff 80x24 zoom=0 layout=820e,80x24,0,0{40x24,0,0,2,39x24,41,0,3}
--- 14:48:09.199150567
@0 smoke %0 36833 0 act=1 40x24 L=0 T=0 R=39 B=23 wact=1 zoom=0
@0 smoke %1 36837 1 act=0 39x24 L=41 T=0 R=79 B=23 wact=1 zoom=0
@1 handoff %2 36841 0 act=0 40x24 L=0 T=0 R=39 B=23 wact=0 zoom=0
@1 handoff %3 36845 1 act=1 39x24 L=41 T=0 R=79 B=23 wact=0 zoom=0
@0 smoke 80x24 zoom=0 layout=8205,80x24,0,0{40x24,0,0,0,39x24,41,0,1}
@1 handoff 80x24 zoom=0 layout=820e,80x24,0,0{40x24,0,0,2,39x24,41,0,3}
--- 14:48:10.711950091
@0 smoke %0 36833 0 act=1 40x24 L=0 T=0 R=39 B=23 wact=1 zoom=0
@0 smoke %1 36837 1 act=0 39x24 L=41 T=0 R=79 B=23 wact=1 zoom=0
@1 handoff %2 36841 0 act=0 40x24 L=0 T=0 R=39 B=23 wact=0 zoom=0
@1 handoff %3 36845 1 act=1 39x24 L=41 T=0 R=79 B=23 wact=0 zoom=0
@0 smoke 80x24 zoom=0 layout=8205,80x24,0,0{40x24,0,0,0,39x24,41,0,1}
@1 handoff 80x24 zoom=0 layout=820e,80x24,0,0{40x24,0,0,2,39x24,41,0,3}
--- 14:48:12.229072803
@0 smoke %0 36833 0 act=1 40x24 L=0 T=0 R=39 B=23 wact=1 zoom=0
@0 smoke %1 36837 1 act=0 39x24 L=41 T=0 R=79 B=23 wact=1 zoom=0
@1 handoff %2 36841 0 act=0 40x24 L=0 T=0 R=39 B=23 wact=0 zoom=0
@1 handoff %3 36845 1 act=1 39x24 L=41 T=0 R=79 B=23 wact=0 zoom=0
@0 smoke 80x24 zoom=0 layout=8205,80x24,0,0{40x24,0,0,0,39x24,41,0,1}
@1 handoff 80x24 zoom=0 layout=820e,80x24,0,0{40x24,0,0,2,39x24,41,0,3}
--- 14:48:13.744143416
@0 smoke %0 36833 0 act=1 40x24 L=0 T=0 R=39 B=23 wact=1 zoom=0
@0 smoke %1 36837 1 act=0 39x24 L=41 T=0 R=79 B=23 wact=1 zoom=0
@1 handoff %2 36841 0 act=0 40x24 L=0 T=0 R=39 B=23 wact=0 zoom=0
@1 handoff %3 36845 1 act=1 39x24 L=41 T=0 R=79 B=23 wact=0 zoom=0
@0 smoke 80x24 zoom=0 layout=8205,80x24,0,0{40x24,0,0,0,39x24,41,0,1}
@1 handoff 80x24 zoom=0 layout=820e,80x24,0,0{40x24,0,0,2,39x24,41,0,3}
--- 14:48:15.269620437
@0 smoke %0 36833 0 act=1 40x24 L=0 T=0 R=39 B=23 wact=1 zoom=0
@0 smoke %1 36837 1 act=0 39x24 L=41 T=0 R=79 B=23 wact=1 zoom=0
@1 handoff %2 36841 0 act=0 40x24 L=0 T=0 R=39 B=23 wact=0 zoom=0
@1 handoff %3 36845 1 act=1 39x24 L=41 T=0 R=79 B=23 wact=0 zoom=0
@0 smoke 80x24 zoom=0 layout=8205,80x24,0,0{40x24,0,0,0,39x24,41,0,1}
@1 handoff 80x24 zoom=0 layout=820e,80x24,0,0{40x24,0,0,2,39x24,41,0,3}
--- 14:48:16.782764100
@0 smoke %0 36833 0 act=1 40x24 L=0 T=0 R=39 B=23 wact=1 zoom=0
@0 smoke %1 36837 1 act=0 39x24 L=41 T=0 R=79 B=23 wact=1 zoom=0
@1 handoff %2 36841 0 act=0 40x24 L=0 T=0 R=39 B=23 wact=0 zoom=0
@1 handoff %3 36845 1 act=1 39x24 L=41 T=0 R=79 B=23 wact=0 zoom=0
@0 smoke 80x24 zoom=0 layout=8205,80x24,0,0{40x24,0,0,0,39x24,41,0,1}
@1 handoff 80x24 zoom=0 layout=820e,80x24,0,0{40x24,0,0,2,39x24,41,0,3}
--- 14:48:18.298822202
@0 smoke %0 36833 0 act=1 40x24 L=0 T=0 R=39 B=23 wact=1 zoom=0
@0 smoke %1 36837 1 act=0 39x24 L=41 T=0 R=79 B=23 wact=1 zoom=0
@1 handoff %2 36841 0 act=0 40x24 L=0 T=0 R=39 B=23 wact=0 zoom=0
@1 handoff %3 36845 1 act=1 39x24 L=41 T=0 R=79 B=23 wact=0 zoom=0
@0 smoke 80x24 zoom=0 layout=8205,80x24,0,0{40x24,0,0,0,39x24,41,0,1}
@1 handoff 80x24 zoom=0 layout=820e,80x24,0,0{40x24,0,0,2,39x24,41,0,3}
--- 14:48:19.815698679
@0 smoke %0 36833 0 act=1 40x24 L=0 T=0 R=39 B=23 wact=1 zoom=0
@0 smoke %1 36837 1 act=0 39x24 L=41 T=0 R=79 B=23 wact=1 zoom=0
@1 handoff %2 36841 0 act=0 40x24 L=0 T=0 R=39 B=23 wact=0 zoom=0
@1 handoff %3 36845 1 act=1 39x24 L=41 T=0 R=79 B=23 wact=0 zoom=0
@0 smoke 80x24 zoom=0 layout=8205,80x24,0,0{40x24,0,0,0,39x24,41,0,1}
@1 handoff 80x24 zoom=0 layout=820e,80x24,0,0{40x24,0,0,2,39x24,41,0,3}
--- 14:48:21.331334342
@0 smoke %0 36833 0 act=1 40x24 L=0 T=0 R=39 B=23 wact=1 zoom=0
@0 smoke %1 36837 1 act=0 39x24 L=41 T=0 R=79 B=23 wact=1 zoom=0
@1 handoff %2 36841 0 act=0 40x24 L=0 T=0 R=39 B=23 wact=0 zoom=0
@1 handoff %3 36845 1 act=1 39x24 L=41 T=0 R=79 B=23 wact=0 zoom=0
@0 smoke 80x24 zoom=0 layout=8205,80x24,0,0{40x24,0,0,0,39x24,41,0,1}
@1 handoff 80x24 zoom=0 layout=820e,80x24,0,0{40x24,0,0,2,39x24,41,0,3}
--- 14:48:22.846020346
@0 smoke %0 36833 0 act=1 40x24 L=0 T=0 R=39 B=23 wact=1 zoom=0
@0 smoke %1 36837 1 act=0 39x24 L=41 T=0 R=79 B=23 wact=1 zoom=0
@1 handoff %2 36841 0 act=0 40x24 L=0 T=0 R=39 B=23 wact=0 zoom=0
@1 handoff %3 36845 1 act=1 39x24 L=41 T=0 R=79 B=23 wact=0 zoom=0
@0 smoke 80x24 zoom=0 layout=8205,80x24,0,0{40x24,0,0,0,39x24,41,0,1}
@1 handoff 80x24 zoom=0 layout=820e,80x24,0,0{40x24,0,0,2,39x24,41,0,3}
--- 14:48:24.362177095
@0 smoke %0 36833 0 act=1 40x24 L=0 T=0 R=39 B=23 wact=1 zoom=0
@0 smoke %1 36837 1 act=0 39x24 L=41 T=0 R=79 B=23 wact=1 zoom=0
@1 handoff %2 36841 0 act=0 40x24 L=0 T=0 R=39 B=23 wact=0 zoom=0
@1 handoff %3 36845 1 act=1 39x24 L=41 T=0 R=79 B=23 wact=0 zoom=0
@0 smoke 80x24 zoom=0 layout=8205,80x24,0,0{40x24,0,0,0,39x24,41,0,1}
@1 handoff 80x24 zoom=0 layout=820e,80x24,0,0{40x24,0,0,2,39x24,41,0,3}
--- 14:48:25.888708470
@0 smoke %0 36833 0 act=1 40x24 L=0 T=0 R=39 B=23 wact=1 zoom=0
@0 smoke %1 36837 1 act=0 39x24 L=41 T=0 R=79 B=23 wact=1 zoom=0
@1 handoff %2 36841 0 act=0 40x24 L=0 T=0 R=39 B=23 wact=0 zoom=0
@1 handoff %3 36845 1 act=1 39x24 L=41 T=0 R=79 B=23 wact=0 zoom=0
@0 smoke 80x24 zoom=0 layout=8205,80x24,0,0{40x24,0,0,0,39x24,41,0,1}
@1 handoff 80x24 zoom=0 layout=820e,80x24,0,0{40x24,0,0,2,39x24,41,0,3}
--- 14:48:27.408930183
@0 smoke %0 36833 0 act=1 40x24 L=0 T=0 R=39 B=23 wact=1 zoom=0
@0 smoke %1 36837 1 act=0 39x24 L=41 T=0 R=79 B=23 wact=1 zoom=0
@1 handoff %2 36841 0 act=0 40x24 L=0 T=0 R=39 B=23 wact=0 zoom=0
@1 handoff %3 36845 1 act=1 39x24 L=41 T=0 R=79 B=23 wact=0 zoom=0
@0 smoke 80x24 zoom=0 layout=8205,80x24,0,0{40x24,0,0,0,39x24,41,0,1}
@1 handoff 80x24 zoom=0 layout=820e,80x24,0,0{40x24,0,0,2,39x24,41,0,3}
--- 14:48:28.926314139
@0 smoke %0 36833 0 act=1 40x24 L=0 T=0 R=39 B=23 wact=1 zoom=0
@0 smoke %1 36837 1 act=0 39x24 L=41 T=0 R=79 B=23 wact=1 zoom=0
@1 handoff %2 36841 0 act=0 40x24 L=0 T=0 R=39 B=23 wact=0 zoom=0
@1 handoff %3 36845 1 act=1 39x24 L=41 T=0 R=79 B=23 wact=0 zoom=0
@0 smoke 80x24 zoom=0 layout=8205,80x24,0,0{40x24,0,0,0,39x24,41,0,1}
@1 handoff 80x24 zoom=0 layout=820e,80x24,0,0{40x24,0,0,2,39x24,41,0,3}
--- 14:48:30.444347410
@0 smoke %0 36833 0 act=1 40x24 L=0 T=0 R=39 B=23 wact=1 zoom=0
@0 smoke %1 36837 1 act=0 39x24 L=41 T=0 R=79 B=23 wact=1 zoom=0
@1 handoff %2 36841 0 act=0 40x24 L=0 T=0 R=39 B=23 wact=0 zoom=0
@1 handoff %3 36845 1 act=1 39x24 L=41 T=0 R=79 B=23 wact=0 zoom=0
@0 smoke 80x24 zoom=0 layout=8205,80x24,0,0{40x24,0,0,0,39x24,41,0,1}
@1 handoff 80x24 zoom=0 layout=820e,80x24,0,0{40x24,0,0,2,39x24,41,0,3}
--- 14:48:31.959883660
@0 smoke %0 36833 0 act=1 40x24 L=0 T=0 R=39 B=23 wact=1 zoom=0
@0 smoke %1 36837 1 act=0 39x24 L=41 T=0 R=79 B=23 wact=1 zoom=0
@1 handoff %2 36841 0 act=0 40x24 L=0 T=0 R=39 B=23 wact=0 zoom=0
@1 handoff %3 36845 1 act=1 39x24 L=41 T=0 R=79 B=23 wact=0 zoom=0
@0 smoke 80x24 zoom=0 layout=8205,80x24,0,0{40x24,0,0,0,39x24,41,0,1}
@1 handoff 80x24 zoom=0 layout=820e,80x24,0,0{40x24,0,0,2,39x24,41,0,3}
--- 14:48:33.474854075
@0 smoke %0 36833 0 act=1 40x24 L=0 T=0 R=39 B=23 wact=1 zoom=0
@0 smoke %1 36837 1 act=0 39x24 L=41 T=0 R=79 B=23 wact=1 zoom=0
@1 handoff %2 36841 0 act=0 40x24 L=0 T=0 R=39 B=23 wact=0 zoom=0
@1 handoff %3 36845 1 act=1 39x24 L=41 T=0 R=79 B=23 wact=0 zoom=0
@0 smoke 80x24 zoom=0 layout=8205,80x24,0,0{40x24,0,0,0,39x24,41,0,1}
@1 handoff 80x24 zoom=0 layout=820e,80x24,0,0{40x24,0,0,2,39x24,41,0,3}
--- 14:48:34.988288088
@0 smoke %0 36833 0 act=1 40x24 L=0 T=0 R=39 B=23 wact=1 zoom=0
@0 smoke %1 36837 1 act=0 39x24 L=41 T=0 R=79 B=23 wact=1 zoom=0
@1 handoff %2 36841 0 act=0 40x24 L=0 T=0 R=39 B=23 wact=0 zoom=0
@1 handoff %3 36845 1 act=1 39x24 L=41 T=0 R=79 B=23 wact=0 zoom=0
@0 smoke 80x24 zoom=0 layout=8205,80x24,0,0{40x24,0,0,0,39x24,41,0,1}
@1 handoff 80x24 zoom=0 layout=820e,80x24,0,0{40x24,0,0,2,39x24,41,0,3}
--- 14:48:36.518384640
@0 smoke %0 36833 0 act=1 40x24 L=0 T=0 R=39 B=23 wact=1 zoom=0
@0 smoke %1 36837 1 act=0 39x24 L=41 T=0 R=79 B=23 wact=1 zoom=0
@1 handoff %2 36841 0 act=0 40x24 L=0 T=0 R=39 B=23 wact=0 zoom=0
@1 handoff %3 36845 1 act=1 39x24 L=41 T=0 R=79 B=23 wact=0 zoom=0
@0 smoke 80x24 zoom=0 layout=8205,80x24,0,0{40x24,0,0,0,39x24,41,0,1}
@1 handoff 80x24 zoom=0 layout=820e,80x24,0,0{40x24,0,0,2,39x24,41,0,3}
--- 14:48:38.031306898
@0 smoke %0 36833 0 act=1 40x24 L=0 T=0 R=39 B=23 wact=1 zoom=0
@0 smoke %1 36837 1 act=0 39x24 L=41 T=0 R=79 B=23 wact=1 zoom=0
@1 handoff %2 36841 0 act=0 40x24 L=0 T=0 R=39 B=23 wact=0 zoom=0
@1 handoff %3 36845 1 act=1 39x24 L=41 T=0 R=79 B=23 wact=0 zoom=0
@0 smoke 80x24 zoom=0 layout=8205,80x24,0,0{40x24,0,0,0,39x24,41,0,1}
@1 handoff 80x24 zoom=0 layout=820e,80x24,0,0{40x24,0,0,2,39x24,41,0,3}
--- 14:48:39.543902856
@0 smoke %0 36833 0 act=1 40x24 L=0 T=0 R=39 B=23 wact=1 zoom=0
@0 smoke %1 36837 1 act=0 39x24 L=41 T=0 R=79 B=23 wact=1 zoom=0
@1 handoff %2 36841 0 act=0 40x24 L=0 T=0 R=39 B=23 wact=0 zoom=0
@1 handoff %3 36845 1 act=1 39x24 L=41 T=0 R=79 B=23 wact=0 zoom=0
@0 smoke 80x24 zoom=0 layout=8205,80x24,0,0{40x24,0,0,0,39x24,41,0,1}
@1 handoff 80x24 zoom=0 layout=820e,80x24,0,0{40x24,0,0,2,39x24,41,0,3}
--- 14:48:41.057378451
@0 smoke %0 36833 0 act=1 40x24 L=0 T=0 R=39 B=23 wact=1 zoom=0
@0 smoke %1 36837 1 act=0 39x24 L=41 T=0 R=79 B=23 wact=1 zoom=0
@1 handoff %2 36841 0 act=0 40x24 L=0 T=0 R=39 B=23 wact=0 zoom=0
@1 handoff %3 36845 1 act=1 39x24 L=41 T=0 R=79 B=23 wact=0 zoom=0
@0 smoke 80x24 zoom=0 layout=8205,80x24,0,0{40x24,0,0,0,39x24,41,0,1}
@1 handoff 80x24 zoom=0 layout=820e,80x24,0,0{40x24,0,0,2,39x24,41,0,3}
--- 14:48:42.571108488
@0 smoke %0 36833 0 act=1 40x24 L=0 T=0 R=39 B=23 wact=1 zoom=0
@0 smoke %1 36837 1 act=0 39x24 L=41 T=0 R=79 B=23 wact=1 zoom=0
@1 handoff %2 36841 0 act=0 40x24 L=0 T=0 R=39 B=23 wact=0 zoom=0
@1 handoff %3 36845 1 act=1 39x24 L=41 T=0 R=79 B=23 wact=0 zoom=0
@0 smoke 80x24 zoom=0 layout=8205,80x24,0,0{40x24,0,0,0,39x24,41,0,1}
@1 handoff 80x24 zoom=0 layout=820e,80x24,0,0{40x24,0,0,2,39x24,41,0,3}
--- 14:48:44.083959072
@0 smoke %0 36833 0 act=1 40x24 L=0 T=0 R=39 B=23 wact=1 zoom=0
@0 smoke %1 36837 1 act=0 39x24 L=41 T=0 R=79 B=23 wact=1 zoom=0
@1 handoff %2 36841 0 act=0 40x24 L=0 T=0 R=39 B=23 wact=0 zoom=0
@1 handoff %3 36845 1 act=1 39x24 L=41 T=0 R=79 B=23 wact=0 zoom=0
@0 smoke 80x24 zoom=0 layout=8205,80x24,0,0{40x24,0,0,0,39x24,41,0,1}
@1 handoff 80x24 zoom=0 layout=820e,80x24,0,0{40x24,0,0,2,39x24,41,0,3}
--- 14:48:45.608782167
@0 smoke %0 36833 0 act=1 40x24 L=0 T=0 R=39 B=23 wact=1 zoom=0
@0 smoke %1 36837 1 act=0 39x24 L=41 T=0 R=79 B=23 wact=1 zoom=0
@1 handoff %2 36841 0 act=0 40x24 L=0 T=0 R=39 B=23 wact=0 zoom=0
@1 handoff %3 36845 1 act=1 39x24 L=41 T=0 R=79 B=23 wact=0 zoom=0
@0 smoke 80x24 zoom=0 layout=8205,80x24,0,0{40x24,0,0,0,39x24,41,0,1}
@1 handoff 80x24 zoom=0 layout=820e,80x24,0,0{40x24,0,0,2,39x24,41,0,3}
--- 14:48:47.135946597
@0 smoke %0 36833 0 act=1 40x24 L=0 T=0 R=39 B=23 wact=1 zoom=0
@0 smoke %1 36837 1 act=0 39x24 L=41 T=0 R=79 B=23 wact=1 zoom=0
@1 handoff %2 36841 0 act=0 40x24 L=0 T=0 R=39 B=23 wact=0 zoom=0
@1 handoff %3 36845 1 act=1 39x24 L=41 T=0 R=79 B=23 wact=0 zoom=0
@0 smoke 80x24 zoom=0 layout=8205,80x24,0,0{40x24,0,0,0,39x24,41,0,1}
@1 handoff 80x24 zoom=0 layout=820e,80x24,0,0{40x24,0,0,2,39x24,41,0,3}
--- 14:48:48.649001628
@0 smoke %0 36833 0 act=1 40x24 L=0 T=0 R=39 B=23 wact=1 zoom=0
@0 smoke %1 36837 1 act=0 39x24 L=41 T=0 R=79 B=23 wact=1 zoom=0
@1 handoff %2 36841 0 act=0 40x24 L=0 T=0 R=39 B=23 wact=0 zoom=0
@1 handoff %3 36845 1 act=1 39x24 L=41 T=0 R=79 B=23 wact=0 zoom=0
@0 smoke 80x24 zoom=0 layout=8205,80x24,0,0{40x24,0,0,0,39x24,41,0,1}
@1 handoff 80x24 zoom=0 layout=820e,80x24,0,0{40x24,0,0,2,39x24,41,0,3}
--- 14:48:50.162094047
@0 smoke %0 36833 0 act=1 40x24 L=0 T=0 R=39 B=23 wact=1 zoom=0
@0 smoke %1 36837 1 act=0 39x24 L=41 T=0 R=79 B=23 wact=1 zoom=0
@1 handoff %2 36841 0 act=0 40x24 L=0 T=0 R=39 B=23 wact=0 zoom=0
@1 handoff %3 36845 1 act=1 39x24 L=41 T=0 R=79 B=23 wact=0 zoom=0
@0 smoke 80x24 zoom=0 layout=8205,80x24,0,0{40x24,0,0,0,39x24,41,0,1}
@1 handoff 80x24 zoom=0 layout=820e,80x24,0,0{40x24,0,0,2,39x24,41,0,3}
--- 14:48:51.674836716
@0 smoke %0 36833 0 act=1 40x24 L=0 T=0 R=39 B=23 wact=1 zoom=0
@0 smoke %1 36837 1 act=0 39x24 L=41 T=0 R=79 B=23 wact=1 zoom=0
@1 handoff %2 36841 0 act=0 40x24 L=0 T=0 R=39 B=23 wact=0 zoom=0
@1 handoff %3 36845 1 act=1 39x24 L=41 T=0 R=79 B=23 wact=0 zoom=0
@0 smoke 80x24 zoom=0 layout=8205,80x24,0,0{40x24,0,0,0,39x24,41,0,1}
@1 handoff 80x24 zoom=0 layout=820e,80x24,0,0{40x24,0,0,2,39x24,41,0,3}
--- 14:48:53.188730895
@0 smoke %0 36833 0 act=1 40x24 L=0 T=0 R=39 B=23 wact=1 zoom=0
@0 smoke %1 36837 1 act=0 39x24 L=41 T=0 R=79 B=23 wact=1 zoom=0
@1 handoff %2 36841 0 act=0 40x24 L=0 T=0 R=39 B=23 wact=0 zoom=0
@1 handoff %3 36845 1 act=1 39x24 L=41 T=0 R=79 B=23 wact=0 zoom=0
@0 smoke 80x24 zoom=0 layout=8205,80x24,0,0{40x24,0,0,0,39x24,41,0,1}
@1 handoff 80x24 zoom=0 layout=820e,80x24,0,0{40x24,0,0,2,39x24,41,0,3}
--- 14:48:54.702283908
@0 smoke %0 36833 0 act=1 40x24 L=0 T=0 R=39 B=23 wact=1 zoom=0
@0 smoke %1 36837 1 act=0 39x24 L=41 T=0 R=79 B=23 wact=1 zoom=0
@1 handoff %2 36841 0 act=0 40x24 L=0 T=0 R=39 B=23 wact=0 zoom=0
@1 handoff %3 36845 1 act=1 39x24 L=41 T=0 R=79 B=23 wact=0 zoom=0
@0 smoke 80x24 zoom=0 layout=8205,80x24,0,0{40x24,0,0,0,39x24,41,0,1}
@1 handoff 80x24 zoom=0 layout=820e,80x24,0,0{40x24,0,0,2,39x24,41,0,3}
--- 14:48:56.215015622
@0 smoke %0 36833 0 act=1 40x24 L=0 T=0 R=39 B=23 wact=1 zoom=0
@0 smoke %1 36837 1 act=0 39x24 L=41 T=0 R=79 B=23 wact=1 zoom=0
@1 handoff %2 36841 0 act=0 40x24 L=0 T=0 R=39 B=23 wact=0 zoom=0
@1 handoff %3 36845 1 act=1 39x24 L=41 T=0 R=79 B=23 wact=0 zoom=0
@0 smoke 80x24 zoom=0 layout=8205,80x24,0,0{40x24,0,0,0,39x24,41,0,1}
@1 handoff 80x24 zoom=0 layout=820e,80x24,0,0{40x24,0,0,2,39x24,41,0,3}
--- 14:48:57.728076338
@0 smoke %0 36833 0 act=1 40x24 L=0 T=0 R=39 B=23 wact=1 zoom=0
@0 smoke %1 36837 1 act=0 39x24 L=41 T=0 R=79 B=23 wact=1 zoom=0
@1 handoff %2 36841 0 act=0 40x24 L=0 T=0 R=39 B=23 wact=0 zoom=0
@1 handoff %3 36845 1 act=1 39x24 L=41 T=0 R=79 B=23 wact=0 zoom=0
@0 smoke 80x24 zoom=0 layout=8205,80x24,0,0{40x24,0,0,0,39x24,41,0,1}
@1 handoff 80x24 zoom=0 layout=820e,80x24,0,0{40x24,0,0,2,39x24,41,0,3}
--- 14:48:59.241516683
@0 smoke %0 36833 0 act=1 40x24 L=0 T=0 R=39 B=23 wact=1 zoom=0
@0 smoke %1 36837 1 act=0 39x24 L=41 T=0 R=79 B=23 wact=1 zoom=0
@1 handoff %2 36841 0 act=0 40x24 L=0 T=0 R=39 B=23 wact=0 zoom=0
@1 handoff %3 36845 1 act=1 39x24 L=41 T=0 R=79 B=23 wact=0 zoom=0
@0 smoke 80x24 zoom=0 layout=8205,80x24,0,0{40x24,0,0,0,39x24,41,0,1}
@1 handoff 80x24 zoom=0 layout=820e,80x24,0,0{40x24,0,0,2,39x24,41,0,3}
--- 14:49:00.757313422
@0 smoke %0 36833 0 act=1 40x24 L=0 T=0 R=39 B=23 wact=1 zoom=0
@0 smoke %1 36837 1 act=0 39x24 L=41 T=0 R=79 B=23 wact=1 zoom=0
@1 handoff %2 36841 0 act=0 40x24 L=0 T=0 R=39 B=23 wact=0 zoom=0
@1 handoff %3 36845 1 act=1 39x24 L=41 T=0 R=79 B=23 wact=0 zoom=0
@0 smoke 80x24 zoom=0 layout=8205,80x24,0,0{40x24,0,0,0,39x24,41,0,1}
@1 handoff 80x24 zoom=0 layout=820e,80x24,0,0{40x24,0,0,2,39x24,41,0,3}
--- 14:49:02.271522127
@0 smoke %0 36833 0 act=1 40x24 L=0 T=0 R=39 B=23 wact=1 zoom=0
@0 smoke %1 36837 1 act=0 39x24 L=41 T=0 R=79 B=23 wact=1 zoom=0
@1 handoff %2 36841 0 act=0 40x24 L=0 T=0 R=39 B=23 wact=0 zoom=0
@1 handoff %3 36845 1 act=1 39x24 L=41 T=0 R=79 B=23 wact=0 zoom=0
@0 smoke 80x24 zoom=0 layout=8205,80x24,0,0{40x24,0,0,0,39x24,41,0,1}
@1 handoff 80x24 zoom=0 layout=820e,80x24,0,0{40x24,0,0,2,39x24,41,0,3}
--- 14:49:03.784430137
@0 smoke %0 36833 0 act=1 40x24 L=0 T=0 R=39 B=23 wact=1 zoom=0
@0 smoke %1 36837 1 act=0 39x24 L=41 T=0 R=79 B=23 wact=1 zoom=0
@1 handoff %2 36841 0 act=0 40x24 L=0 T=0 R=39 B=23 wact=0 zoom=0
@1 handoff %3 36845 1 act=1 39x24 L=41 T=0 R=79 B=23 wact=0 zoom=0
@0 smoke 80x24 zoom=0 layout=8205,80x24,0,0{40x24,0,0,0,39x24,41,0,1}
@1 handoff 80x24 zoom=0 layout=820e,80x24,0,0{40x24,0,0,2,39x24,41,0,3}
--- 14:49:05.298519396
@0 smoke %0 36833 0 act=1 40x24 L=0 T=0 R=39 B=23 wact=1 zoom=0
@0 smoke %1 36837 1 act=0 39x24 L=41 T=0 R=79 B=23 wact=1 zoom=0
@1 handoff %2 36841 0 act=0 40x24 L=0 T=0 R=39 B=23 wact=0 zoom=0
@1 handoff %3 36845 1 act=1 39x24 L=41 T=0 R=79 B=23 wact=0 zoom=0
@0 smoke 80x24 zoom=0 layout=8205,80x24,0,0{40x24,0,0,0,39x24,41,0,1}
@1 handoff 80x24 zoom=0 layout=820e,80x24,0,0{40x24,0,0,2,39x24,41,0,3}
--- 14:49:06.814757629
@0 smoke %0 36833 0 act=1 40x24 L=0 T=0 R=39 B=23 wact=1 zoom=0
@0 smoke %1 36837 1 act=0 39x24 L=41 T=0 R=79 B=23 wact=1 zoom=0
@1 handoff %2 36841 0 act=0 40x24 L=0 T=0 R=39 B=23 wact=0 zoom=0
@1 handoff %3 36845 1 act=1 39x24 L=41 T=0 R=79 B=23 wact=0 zoom=0
@0 smoke 80x24 zoom=0 layout=8205,80x24,0,0{40x24,0,0,0,39x24,41,0,1}
@1 handoff 80x24 zoom=0 layout=820e,80x24,0,0{40x24,0,0,2,39x24,41,0,3}
--- 14:49:08.328964656
@0 smoke %0 36833 0 act=1 40x24 L=0 T=0 R=39 B=23 wact=1 zoom=0
@0 smoke %1 36837 1 act=0 39x24 L=41 T=0 R=79 B=23 wact=1 zoom=0
@1 handoff %2 36841 0 act=0 40x24 L=0 T=0 R=39 B=23 wact=0 zoom=0
@1 handoff %3 36845 1 act=1 39x24 L=41 T=0 R=79 B=23 wact=0 zoom=0
@0 smoke 80x24 zoom=0 layout=8205,80x24,0,0{40x24,0,0,0,39x24,41,0,1}
@1 handoff 80x24 zoom=0 layout=820e,80x24,0,0{40x24,0,0,2,39x24,41,0,3}
--- 14:49:09.843461217
@0 smoke %0 36833 0 act=1 40x24 L=0 T=0 R=39 B=23 wact=1 zoom=0
@0 smoke %1 36837 1 act=0 39x24 L=41 T=0 R=79 B=23 wact=1 zoom=0
@1 handoff %2 36841 0 act=0 40x24 L=0 T=0 R=39 B=23 wact=0 zoom=0
@1 handoff %3 36845 1 act=1 39x24 L=41 T=0 R=79 B=23 wact=0 zoom=0
@0 smoke 80x24 zoom=0 layout=8205,80x24,0,0{40x24,0,0,0,39x24,41,0,1}
@1 handoff 80x24 zoom=0 layout=820e,80x24,0,0{40x24,0,0,2,39x24,41,0,3}
--- 14:49:11.356921209
@0 smoke %0 36833 0 act=1 40x24 L=0 T=0 R=39 B=23 wact=1 zoom=0
@0 smoke %1 36837 1 act=0 39x24 L=41 T=0 R=79 B=23 wact=1 zoom=0
@1 handoff %2 36841 0 act=0 40x24 L=0 T=0 R=39 B=23 wact=0 zoom=0
@1 handoff %3 36845 1 act=1 39x24 L=41 T=0 R=79 B=23 wact=0 zoom=0
@0 smoke 80x24 zoom=0 layout=8205,80x24,0,0{40x24,0,0,0,39x24,41,0,1}
@1 handoff 80x24 zoom=0 layout=820e,80x24,0,0{40x24,0,0,2,39x24,41,0,3}
--- 14:49:12.869869512
@0 smoke %0 36833 0 act=1 40x24 L=0 T=0 R=39 B=23 wact=1 zoom=0
@0 smoke %1 36837 1 act=0 39x24 L=41 T=0 R=79 B=23 wact=1 zoom=0
@1 handoff %2 36841 0 act=0 40x24 L=0 T=0 R=39 B=23 wact=0 zoom=0
@1 handoff %3 36845 1 act=1 39x24 L=41 T=0 R=79 B=23 wact=0 zoom=0
@0 smoke 80x24 zoom=0 layout=8205,80x24,0,0{40x24,0,0,0,39x24,41,0,1}
@1 handoff 80x24 zoom=0 layout=820e,80x24,0,0{40x24,0,0,2,39x24,41,0,3}
--- 14:49:14.388258136
@0 smoke %0 36833 0 act=1 40x24 L=0 T=0 R=39 B=23 wact=1 zoom=0
@0 smoke %1 36837 1 act=0 39x24 L=41 T=0 R=79 B=23 wact=1 zoom=0
@1 handoff %2 36841 0 act=0 40x24 L=0 T=0 R=39 B=23 wact=0 zoom=0
@1 handoff %3 36845 1 act=1 39x24 L=41 T=0 R=79 B=23 wact=0 zoom=0
@0 smoke 80x24 zoom=0 layout=8205,80x24,0,0{40x24,0,0,0,39x24,41,0,1}
@1 handoff 80x24 zoom=0 layout=820e,80x24,0,0{40x24,0,0,2,39x24,41,0,3}
--- 14:49:15.921069454
@0 smoke %0 36833 0 act=1 40x24 L=0 T=0 R=39 B=23 wact=1 zoom=0
@0 smoke %1 36837 1 act=0 39x24 L=41 T=0 R=79 B=23 wact=1 zoom=0
@1 handoff %2 36841 0 act=0 40x24 L=0 T=0 R=39 B=23 wact=0 zoom=0
@1 handoff %3 36845 1 act=1 39x24 L=41 T=0 R=79 B=23 wact=0 zoom=0
@0 smoke 80x24 zoom=0 layout=8205,80x24,0,0{40x24,0,0,0,39x24,41,0,1}
@1 handoff 80x24 zoom=0 layout=820e,80x24,0,0{40x24,0,0,2,39x24,41,0,3}
--- 14:49:17.435013295
@0 smoke %0 36833 0 act=1 40x24 L=0 T=0 R=39 B=23 wact=1 zoom=0
@0 smoke %1 36837 1 act=0 39x24 L=41 T=0 R=79 B=23 wact=1 zoom=0
@1 handoff %2 36841 0 act=0 40x24 L=0 T=0 R=39 B=23 wact=0 zoom=0
@1 handoff %3 36845 1 act=1 39x24 L=41 T=0 R=79 B=23 wact=0 zoom=0
@0 smoke 80x24 zoom=0 layout=8205,80x24,0,0{40x24,0,0,0,39x24,41,0,1}
@1 handoff 80x24 zoom=0 layout=820e,80x24,0,0{40x24,0,0,2,39x24,41,0,3}
--- 14:49:18.948000709
@0 smoke %0 36833 0 act=1 40x24 L=0 T=0 R=39 B=23 wact=1 zoom=0
@0 smoke %1 36837 1 act=0 39x24 L=41 T=0 R=79 B=23 wact=1 zoom=0
@1 handoff %2 36841 0 act=0 40x24 L=0 T=0 R=39 B=23 wact=0 zoom=0
@1 handoff %3 36845 1 act=1 39x24 L=41 T=0 R=79 B=23 wact=0 zoom=0
@0 smoke 80x24 zoom=0 layout=8205,80x24,0,0{40x24,0,0,0,39x24,41,0,1}
@1 handoff 80x24 zoom=0 layout=820e,80x24,0,0{40x24,0,0,2,39x24,41,0,3}
--- 14:49:20.462477381
@0 smoke %0 36833 0 act=1 40x24 L=0 T=0 R=39 B=23 wact=1 zoom=0
@0 smoke %1 36837 1 act=0 39x24 L=41 T=0 R=79 B=23 wact=1 zoom=0
@1 handoff %2 36841 0 act=0 40x24 L=0 T=0 R=39 B=23 wact=0 zoom=0
@1 handoff %3 36845 1 act=1 39x24 L=41 T=0 R=79 B=23 wact=0 zoom=0
@0 smoke 80x24 zoom=0 layout=8205,80x24,0,0{40x24,0,0,0,39x24,41,0,1}
@1 handoff 80x24 zoom=0 layout=820e,80x24,0,0{40x24,0,0,2,39x24,41,0,3}
--- 14:49:21.976603862
@0 smoke %0 36833 0 act=1 40x24 L=0 T=0 R=39 B=23 wact=1 zoom=0
@0 smoke %1 36837 1 act=0 39x24 L=41 T=0 R=79 B=23 wact=1 zoom=0
@1 handoff %2 36841 0 act=0 40x24 L=0 T=0 R=39 B=23 wact=0 zoom=0
@1 handoff %3 36845 1 act=1 39x24 L=41 T=0 R=79 B=23 wact=0 zoom=0
@0 smoke 80x24 zoom=0 layout=8205,80x24,0,0{40x24,0,0,0,39x24,41,0,1}
@1 handoff 80x24 zoom=0 layout=820e,80x24,0,0{40x24,0,0,2,39x24,41,0,3}
--- 14:49:23.494007325
@0 smoke %0 36833 0 act=1 40x24 L=0 T=0 R=39 B=23 wact=1 zoom=0
@0 smoke %1 36837 1 act=0 39x24 L=41 T=0 R=79 B=23 wact=1 zoom=0
@1 handoff %2 36841 0 act=0 40x24 L=0 T=0 R=39 B=23 wact=0 zoom=0
@1 handoff %3 36845 1 act=1 39x24 L=41 T=0 R=79 B=23 wact=0 zoom=0
@0 smoke 80x24 zoom=0 layout=8205,80x24,0,0{40x24,0,0,0,39x24,41,0,1}
@1 handoff 80x24 zoom=0 layout=820e,80x24,0,0{40x24,0,0,2,39x24,41,0,3}
--- 14:49:25.013966069
@0 smoke %0 36833 0 act=1 40x24 L=0 T=0 R=39 B=23 wact=1 zoom=0
@0 smoke %1 36837 1 act=0 39x24 L=41 T=0 R=79 B=23 wact=1 zoom=0
@1 handoff %2 36841 0 act=0 40x24 L=0 T=0 R=39 B=23 wact=0 zoom=0
@1 handoff %3 36845 1 act=1 39x24 L=41 T=0 R=79 B=23 wact=0 zoom=0
@0 smoke 80x24 zoom=0 layout=8205,80x24,0,0{40x24,0,0,0,39x24,41,0,1}
@1 handoff 80x24 zoom=0 layout=820e,80x24,0,0{40x24,0,0,2,39x24,41,0,3}
--- 14:49:26.526956477
@0 smoke %0 36833 0 act=1 40x24 L=0 T=0 R=39 B=23 wact=1 zoom=0
@0 smoke %1 36837 1 act=0 39x24 L=41 T=0 R=79 B=23 wact=1 zoom=0
@1 handoff %2 36841 0 act=0 40x24 L=0 T=0 R=39 B=23 wact=0 zoom=0
@1 handoff %3 36845 1 act=1 39x24 L=41 T=0 R=79 B=23 wact=0 zoom=0
@0 smoke 80x24 zoom=0 layout=8205,80x24,0,0{40x24,0,0,0,39x24,41,0,1}
@1 handoff 80x24 zoom=0 layout=820e,80x24,0,0{40x24,0,0,2,39x24,41,0,3}
--- 14:49:28.039642164
@0 smoke %0 36833 0 act=1 40x24 L=0 T=0 R=39 B=23 wact=1 zoom=0
@0 smoke %1 36837 1 act=0 39x24 L=41 T=0 R=79 B=23 wact=1 zoom=0
@1 handoff %2 36841 0 act=0 40x24 L=0 T=0 R=39 B=23 wact=0 zoom=0
@1 handoff %3 36845 1 act=1 39x24 L=41 T=0 R=79 B=23 wact=0 zoom=0
@0 smoke 80x24 zoom=0 layout=8205,80x24,0,0{40x24,0,0,0,39x24,41,0,1}
@1 handoff 80x24 zoom=0 layout=820e,80x24,0,0{40x24,0,0,2,39x24,41,0,3}
--- 14:49:29.552517807
@0 smoke %0 36833 0 act=1 40x24 L=0 T=0 R=39 B=23 wact=1 zoom=0
@0 smoke %1 36837 1 act=0 39x24 L=41 T=0 R=79 B=23 wact=1 zoom=0
@1 handoff %2 36841 0 act=0 40x24 L=0 T=0 R=39 B=23 wact=0 zoom=0
@1 handoff %3 36845 1 act=1 39x24 L=41 T=0 R=79 B=23 wact=0 zoom=0
@0 smoke 80x24 zoom=0 layout=8205,80x24,0,0{40x24,0,0,0,39x24,41,0,1}
@1 handoff 80x24 zoom=0 layout=820e,80x24,0,0{40x24,0,0,2,39x24,41,0,3}
--- 14:49:31.065281281
@0 smoke %0 36833 0 act=1 40x24 L=0 T=0 R=39 B=23 wact=1 zoom=0
@0 smoke %1 36837 1 act=0 39x24 L=41 T=0 R=79 B=23 wact=1 zoom=0
@1 handoff %2 36841 0 act=0 40x24 L=0 T=0 R=39 B=23 wact=0 zoom=0
@1 handoff %3 36845 1 act=1 39x24 L=41 T=0 R=79 B=23 wact=0 zoom=0
@0 smoke 80x24 zoom=0 layout=8205,80x24,0,0{40x24,0,0,0,39x24,41,0,1}
@1 handoff 80x24 zoom=0 layout=820e,80x24,0,0{40x24,0,0,2,39x24,41,0,3}
--- 14:49:32.578240612
@0 smoke %0 36833 0 act=1 40x24 L=0 T=0 R=39 B=23 wact=1 zoom=0
@0 smoke %1 36837 1 act=0 39x24 L=41 T=0 R=79 B=23 wact=1 zoom=0
@1 handoff %2 36841 0 act=0 40x24 L=0 T=0 R=39 B=23 wact=0 zoom=0
@1 handoff %3 36845 1 act=1 39x24 L=41 T=0 R=79 B=23 wact=0 zoom=0
@0 smoke 80x24 zoom=0 layout=8205,80x24,0,0{40x24,0,0,0,39x24,41,0,1}
@1 handoff 80x24 zoom=0 layout=820e,80x24,0,0{40x24,0,0,2,39x24,41,0,3}
--- 14:49:34.094495897
@0 smoke %0 36833 0 act=1 40x24 L=0 T=0 R=39 B=23 wact=1 zoom=0
@0 smoke %1 36837 1 act=0 39x24 L=41 T=0 R=79 B=23 wact=1 zoom=0
@1 handoff %2 36841 0 act=0 40x24 L=0 T=0 R=39 B=23 wact=0 zoom=0
@1 handoff %3 36845 1 act=1 39x24 L=41 T=0 R=79 B=23 wact=0 zoom=0
@0 smoke 80x24 zoom=0 layout=8205,80x24,0,0{40x24,0,0,0,39x24,41,0,1}
@1 handoff 80x24 zoom=0 layout=820e,80x24,0,0{40x24,0,0,2,39x24,41,0,3}
--- 14:49:35.610031363
@0 smoke %0 36833 0 act=1 40x24 L=0 T=0 R=39 B=23 wact=1 zoom=0
@0 smoke %1 36837 1 act=0 39x24 L=41 T=0 R=79 B=23 wact=1 zoom=0
@1 handoff %2 36841 0 act=0 40x24 L=0 T=0 R=39 B=23 wact=0 zoom=0
@1 handoff %3 36845 1 act=1 39x24 L=41 T=0 R=79 B=23 wact=0 zoom=0
@0 smoke 80x24 zoom=0 layout=8205,80x24,0,0{40x24,0,0,0,39x24,41,0,1}
@1 handoff 80x24 zoom=0 layout=820e,80x24,0,0{40x24,0,0,2,39x24,41,0,3}
--- 14:49:37.126651528
@0 smoke %0 36833 0 act=1 40x24 L=0 T=0 R=39 B=23 wact=1 zoom=0
@0 smoke %1 36837 1 act=0 39x24 L=41 T=0 R=79 B=23 wact=1 zoom=0
@1 handoff %2 36841 0 act=0 40x24 L=0 T=0 R=39 B=23 wact=0 zoom=0
@1 handoff %3 36845 1 act=1 39x24 L=41 T=0 R=79 B=23 wact=0 zoom=0
@0 smoke 80x24 zoom=0 layout=8205,80x24,0,0{40x24,0,0,0,39x24,41,0,1}
@1 handoff 80x24 zoom=0 layout=820e,80x24,0,0{40x24,0,0,2,39x24,41,0,3}
--- 14:49:38.641495096
@0 smoke %0 36833 0 act=1 40x24 L=0 T=0 R=39 B=23 wact=1 zoom=0
@0 smoke %1 36837 1 act=0 39x24 L=41 T=0 R=79 B=23 wact=1 zoom=0
@1 handoff %2 36841 0 act=0 40x24 L=0 T=0 R=39 B=23 wact=0 zoom=0
@1 handoff %3 36845 1 act=1 39x24 L=41 T=0 R=79 B=23 wact=0 zoom=0
@0 smoke 80x24 zoom=0 layout=8205,80x24,0,0{40x24,0,0,0,39x24,41,0,1}
@1 handoff 80x24 zoom=0 layout=820e,80x24,0,0{40x24,0,0,2,39x24,41,0,3}
--- 14:49:40.154388498
@0 smoke %0 36833 0 act=1 40x24 L=0 T=0 R=39 B=23 wact=1 zoom=0
@0 smoke %1 36837 1 act=0 39x24 L=41 T=0 R=79 B=23 wact=1 zoom=0
@1 handoff %2 36841 0 act=0 40x24 L=0 T=0 R=39 B=23 wact=0 zoom=0
@1 handoff %3 36845 1 act=1 39x24 L=41 T=0 R=79 B=23 wact=0 zoom=0
@0 smoke 80x24 zoom=0 layout=8205,80x24,0,0{40x24,0,0,0,39x24,41,0,1}
@1 handoff 80x24 zoom=0 layout=820e,80x24,0,0{40x24,0,0,2,39x24,41,0,3}
--- 14:49:41.674605015
@0 smoke %0 36833 0 act=1 40x24 L=0 T=0 R=39 B=23 wact=1 zoom=0
@0 smoke %1 36837 1 act=0 39x24 L=41 T=0 R=79 B=23 wact=1 zoom=0
@1 handoff %2 36841 0 act=0 40x24 L=0 T=0 R=39 B=23 wact=0 zoom=0
@1 handoff %3 36845 1 act=1 39x24 L=41 T=0 R=79 B=23 wact=0 zoom=0
@0 smoke 80x24 zoom=0 layout=8205,80x24,0,0{40x24,0,0,0,39x24,41,0,1}
@1 handoff 80x24 zoom=0 layout=820e,80x24,0,0{40x24,0,0,2,39x24,41,0,3}
--- 14:49:43.213187052
@0 smoke %0 36833 0 act=1 40x24 L=0 T=0 R=39 B=23 wact=1 zoom=0
@0 smoke %1 36837 1 act=0 39x24 L=41 T=0 R=79 B=23 wact=1 zoom=0
@1 handoff %2 36841 0 act=0 40x24 L=0 T=0 R=39 B=23 wact=0 zoom=0
@1 handoff %3 36845 1 act=1 39x24 L=41 T=0 R=79 B=23 wact=0 zoom=0
@0 smoke 80x24 zoom=0 layout=8205,80x24,0,0{40x24,0,0,0,39x24,41,0,1}
@1 handoff 80x24 zoom=0 layout=820e,80x24,0,0{40x24,0,0,2,39x24,41,0,3}
--- 14:49:44.739607515
@0 smoke %0 36833 0 act=1 40x24 L=0 T=0 R=39 B=23 wact=1 zoom=0
@0 smoke %1 36837 1 act=0 39x24 L=41 T=0 R=79 B=23 wact=1 zoom=0
@1 handoff %2 36841 0 act=0 40x24 L=0 T=0 R=39 B=23 wact=0 zoom=0
@1 handoff %3 36845 1 act=1 39x24 L=41 T=0 R=79 B=23 wact=0 zoom=0
@0 smoke 80x24 zoom=0 layout=8205,80x24,0,0{40x24,0,0,0,39x24,41,0,1}
@1 handoff 80x24 zoom=0 layout=820e,80x24,0,0{40x24,0,0,2,39x24,41,0,3}
--- 14:49:46.268018414
@0 smoke %0 36833 0 act=1 80x24 L=0 T=0 R=79 B=23 wact=1 zoom=1
@0 smoke %1 36837 1 act=0 39x24 L=41 T=0 R=79 B=23 wact=1 zoom=1
@1 handoff %2 36841 0 act=0 40x24 L=0 T=0 R=39 B=23 wact=0 zoom=0
@1 handoff %3 36845 1 act=1 39x24 L=41 T=0 R=79 B=23 wact=0 zoom=0
@0 smoke 80x24 zoom=1 layout=8205,80x24,0,0{40x24,0,0,0,39x24,41,0,1}
@1 handoff 80x24 zoom=0 layout=820e,80x24,0,0{40x24,0,0,2,39x24,41,0,3}
client-42347 unknown 80x flags=attached,focused,control-mode,UTF-8
--- 14:49:47.797567983
@0 smoke %0 36833 0 act=1 80x24 L=0 T=0 R=79 B=23 wact=1 zoom=1
@0 smoke %1 36837 1 act=0 39x24 L=41 T=0 R=79 B=23 wact=1 zoom=1
@1 handoff %2 36841 0 act=0 40x24 L=0 T=0 R=39 B=23 wact=0 zoom=0
@1 handoff %3 36845 1 act=1 39x24 L=41 T=0 R=79 B=23 wact=0 zoom=0
@0 smoke 80x24 zoom=1 layout=8205,80x24,0,0{40x24,0,0,0,39x24,41,0,1}
@1 handoff 80x24 zoom=0 layout=820e,80x24,0,0{40x24,0,0,2,39x24,41,0,3}
client-42347 unknown 80x flags=attached,focused,control-mode,UTF-8
--- 14:49:49.310219871
@0 smoke %0 36833 0 act=1 80x24 L=0 T=0 R=79 B=23 wact=1 zoom=1
@0 smoke %1 36837 1 act=0 39x24 L=41 T=0 R=79 B=23 wact=1 zoom=1
@1 handoff %2 36841 0 act=0 40x24 L=0 T=0 R=39 B=23 wact=0 zoom=0
@1 handoff %3 36845 1 act=1 39x24 L=41 T=0 R=79 B=23 wact=0 zoom=0
@0 smoke 80x24 zoom=1 layout=8205,80x24,0,0{40x24,0,0,0,39x24,41,0,1}
@1 handoff 80x24 zoom=0 layout=820e,80x24,0,0{40x24,0,0,2,39x24,41,0,3}
client-42347 unknown 80x flags=attached,focused,control-mode,UTF-8
--- 14:49:50.824832250
@0 smoke %0 36833 0 act=1 80x24 L=0 T=0 R=79 B=23 wact=1 zoom=1
@0 smoke %1 36837 1 act=0 39x24 L=41 T=0 R=79 B=23 wact=1 zoom=1
@1 handoff %2 36841 0 act=0 40x24 L=0 T=0 R=39 B=23 wact=0 zoom=0
@1 handoff %3 36845 1 act=1 39x24 L=41 T=0 R=79 B=23 wact=0 zoom=0
@0 smoke 80x24 zoom=1 layout=8205,80x24,0,0{40x24,0,0,0,39x24,41,0,1}
@1 handoff 80x24 zoom=0 layout=820e,80x24,0,0{40x24,0,0,2,39x24,41,0,3}
client-42347 unknown 80x flags=attached,focused,control-mode,UTF-8
--- 14:49:52.337977572
@0 smoke %0 36833 0 act=1 80x24 L=0 T=0 R=79 B=23 wact=1 zoom=1
@0 smoke %1 36837 1 act=0 39x24 L=41 T=0 R=79 B=23 wact=1 zoom=1
@1 handoff %2 36841 0 act=0 40x24 L=0 T=0 R=39 B=23 wact=0 zoom=0
@1 handoff %3 36845 1 act=1 39x24 L=41 T=0 R=79 B=23 wact=0 zoom=0
@0 smoke 80x24 zoom=1 layout=8205,80x24,0,0{40x24,0,0,0,39x24,41,0,1}
@1 handoff 80x24 zoom=0 layout=820e,80x24,0,0{40x24,0,0,2,39x24,41,0,3}
client-42347 unknown 80x flags=attached,focused,control-mode,UTF-8
--- 14:49:53.853579105
@0 smoke %0 36833 0 act=1 80x24 L=0 T=0 R=79 B=23 wact=1 zoom=1
@0 smoke %1 36837 1 act=0 39x24 L=41 T=0 R=79 B=23 wact=1 zoom=1
@1 handoff %2 36841 0 act=0 40x24 L=0 T=0 R=39 B=23 wact=0 zoom=0
@1 handoff %3 36845 1 act=1 39x24 L=41 T=0 R=79 B=23 wact=0 zoom=0
@0 smoke 80x24 zoom=1 layout=8205,80x24,0,0{40x24,0,0,0,39x24,41,0,1}
@1 handoff 80x24 zoom=0 layout=820e,80x24,0,0{40x24,0,0,2,39x24,41,0,3}
client-42347 unknown 80x flags=attached,focused,control-mode,UTF-8
--- 14:49:55.367695739
@0 smoke %0 36833 0 act=1 80x24 L=0 T=0 R=79 B=23 wact=1 zoom=1
@0 smoke %1 36837 1 act=0 39x24 L=41 T=0 R=79 B=23 wact=1 zoom=1
@1 handoff %2 36841 0 act=0 40x24 L=0 T=0 R=39 B=23 wact=0 zoom=0
@1 handoff %3 36845 1 act=1 39x24 L=41 T=0 R=79 B=23 wact=0 zoom=0
@0 smoke 80x24 zoom=1 layout=8205,80x24,0,0{40x24,0,0,0,39x24,41,0,1}
@1 handoff 80x24 zoom=0 layout=820e,80x24,0,0{40x24,0,0,2,39x24,41,0,3}
client-42347 unknown 80x flags=attached,focused,control-mode,UTF-8
--- 14:49:56.880784755
@0 smoke %0 36833 0 act=1 80x24 L=0 T=0 R=79 B=23 wact=1 zoom=1
@0 smoke %1 36837 1 act=0 39x24 L=41 T=0 R=79 B=23 wact=1 zoom=1
@1 handoff %2 36841 0 act=0 40x24 L=0 T=0 R=39 B=23 wact=0 zoom=0
@1 handoff %3 36845 1 act=1 39x24 L=41 T=0 R=79 B=23 wact=0 zoom=0
@0 smoke 80x24 zoom=1 layout=8205,80x24,0,0{40x24,0,0,0,39x24,41,0,1}
@1 handoff 80x24 zoom=0 layout=820e,80x24,0,0{40x24,0,0,2,39x24,41,0,3}
client-42347 unknown 80x flags=attached,focused,control-mode,UTF-8
--- 14:49:58.393811866
@0 smoke %0 36833 0 act=1 80x24 L=0 T=0 R=79 B=23 wact=1 zoom=1
@0 smoke %1 36837 1 act=0 39x24 L=41 T=0 R=79 B=23 wact=1 zoom=1
@1 handoff %2 36841 0 act=0 40x24 L=0 T=0 R=39 B=23 wact=0 zoom=0
@1 handoff %3 36845 1 act=1 39x24 L=41 T=0 R=79 B=23 wact=0 zoom=0
@0 smoke 80x24 zoom=1 layout=8205,80x24,0,0{40x24,0,0,0,39x24,41,0,1}
@1 handoff 80x24 zoom=0 layout=820e,80x24,0,0{40x24,0,0,2,39x24,41,0,3}
client-42347 unknown 80x flags=attached,focused,control-mode,UTF-8
--- 14:49:59.916872956
@0 smoke %0 36833 0 act=1 80x24 L=0 T=0 R=79 B=23 wact=1 zoom=1
@0 smoke %1 36837 1 act=0 39x24 L=41 T=0 R=79 B=23 wact=1 zoom=1
@1 handoff %2 36841 0 act=0 40x24 L=0 T=0 R=39 B=23 wact=0 zoom=0
@1 handoff %3 36845 1 act=1 39x24 L=41 T=0 R=79 B=23 wact=0 zoom=0
@0 smoke 80x24 zoom=1 layout=8205,80x24,0,0{40x24,0,0,0,39x24,41,0,1}
@1 handoff 80x24 zoom=0 layout=820e,80x24,0,0{40x24,0,0,2,39x24,41,0,3}
client-42347 unknown 80x flags=attached,focused,control-mode,UTF-8
--- 14:50:01.447787094
@0 smoke %0 36833 0 act=1 80x24 L=0 T=0 R=79 B=23 wact=1 zoom=1
@0 smoke %1 36837 1 act=0 39x24 L=41 T=0 R=79 B=23 wact=1 zoom=1
@1 handoff %2 36841 0 act=0 40x24 L=0 T=0 R=39 B=23 wact=0 zoom=0
@1 handoff %3 36845 1 act=1 39x24 L=41 T=0 R=79 B=23 wact=0 zoom=0
@0 smoke 80x24 zoom=1 layout=8205,80x24,0,0{40x24,0,0,0,39x24,41,0,1}
@1 handoff 80x24 zoom=0 layout=820e,80x24,0,0{40x24,0,0,2,39x24,41,0,3}
client-42347 unknown 80x flags=attached,focused,control-mode,UTF-8
--- 14:50:02.979464770
@0 smoke %0 36833 0 act=1 80x24 L=0 T=0 R=79 B=23 wact=1 zoom=1
@0 smoke %1 36837 1 act=0 39x24 L=41 T=0 R=79 B=23 wact=1 zoom=1
@1 handoff %2 36841 0 act=0 40x24 L=0 T=0 R=39 B=23 wact=0 zoom=0
@1 handoff %3 36845 1 act=1 39x24 L=41 T=0 R=79 B=23 wact=0 zoom=0
@0 smoke 80x24 zoom=1 layout=8205,80x24,0,0{40x24,0,0,0,39x24,41,0,1}
@1 handoff 80x24 zoom=0 layout=820e,80x24,0,0{40x24,0,0,2,39x24,41,0,3}
client-42347 unknown 80x flags=attached,focused,control-mode,UTF-8
--- 14:50:04.499506552
@0 smoke %0 36833 0 act=1 80x24 L=0 T=0 R=79 B=23 wact=1 zoom=1
@0 smoke %1 36837 1 act=0 39x24 L=41 T=0 R=79 B=23 wact=1 zoom=1
@1 handoff %2 36841 0 act=0 40x24 L=0 T=0 R=39 B=23 wact=0 zoom=0
@1 handoff %3 36845 1 act=1 39x24 L=41 T=0 R=79 B=23 wact=0 zoom=0
@0 smoke 80x24 zoom=1 layout=8205,80x24,0,0{40x24,0,0,0,39x24,41,0,1}
@1 handoff 80x24 zoom=0 layout=820e,80x24,0,0{40x24,0,0,2,39x24,41,0,3}
client-42347 unknown 80x flags=attached,focused,control-mode,UTF-8
--- 14:50:06.012389161
@0 smoke %0 36833 0 act=1 80x24 L=0 T=0 R=79 B=23 wact=1 zoom=1
@0 smoke %1 36837 1 act=0 39x24 L=41 T=0 R=79 B=23 wact=1 zoom=1
@1 handoff %2 36841 0 act=0 40x24 L=0 T=0 R=39 B=23 wact=0 zoom=0
@1 handoff %3 36845 1 act=1 39x24 L=41 T=0 R=79 B=23 wact=0 zoom=0
@0 smoke 80x24 zoom=1 layout=8205,80x24,0,0{40x24,0,0,0,39x24,41,0,1}
@1 handoff 80x24 zoom=0 layout=820e,80x24,0,0{40x24,0,0,2,39x24,41,0,3}
client-42347 unknown 80x flags=attached,focused,control-mode,UTF-8
--- 14:50:07.525147034
@0 smoke %0 36833 0 act=1 80x24 L=0 T=0 R=79 B=23 wact=1 zoom=1
@0 smoke %1 36837 1 act=0 39x24 L=41 T=0 R=79 B=23 wact=1 zoom=1
@1 handoff %2 36841 0 act=0 40x24 L=0 T=0 R=39 B=23 wact=0 zoom=0
@1 handoff %3 36845 1 act=1 39x24 L=41 T=0 R=79 B=23 wact=0 zoom=0
@0 smoke 80x24 zoom=1 layout=8205,80x24,0,0{40x24,0,0,0,39x24,41,0,1}
@1 handoff 80x24 zoom=0 layout=820e,80x24,0,0{40x24,0,0,2,39x24,41,0,3}
client-42347 unknown 80x flags=attached,focused,control-mode,UTF-8
--- 14:50:09.037951389
@0 smoke %0 36833 0 act=1 80x24 L=0 T=0 R=79 B=23 wact=1 zoom=1
@0 smoke %1 36837 1 act=0 39x24 L=41 T=0 R=79 B=23 wact=1 zoom=1
@1 handoff %2 36841 0 act=0 40x24 L=0 T=0 R=39 B=23 wact=0 zoom=0
@1 handoff %3 36845 1 act=1 39x24 L=41 T=0 R=79 B=23 wact=0 zoom=0
@0 smoke 80x24 zoom=1 layout=8205,80x24,0,0{40x24,0,0,0,39x24,41,0,1}
@1 handoff 80x24 zoom=0 layout=820e,80x24,0,0{40x24,0,0,2,39x24,41,0,3}
client-42347 unknown 80x flags=attached,focused,control-mode,UTF-8
--- 14:50:10.551288402
@0 smoke %0 36833 0 act=1 80x24 L=0 T=0 R=79 B=23 wact=1 zoom=1
@0 smoke %1 36837 1 act=0 39x24 L=41 T=0 R=79 B=23 wact=1 zoom=1
@1 handoff %2 36841 0 act=0 40x24 L=0 T=0 R=39 B=23 wact=0 zoom=0
@1 handoff %3 36845 1 act=1 39x24 L=41 T=0 R=79 B=23 wact=0 zoom=0
@0 smoke 80x24 zoom=1 layout=8205,80x24,0,0{40x24,0,0,0,39x24,41,0,1}
@1 handoff 80x24 zoom=0 layout=820e,80x24,0,0{40x24,0,0,2,39x24,41,0,3}
client-42347 unknown 80x flags=attached,focused,control-mode,UTF-8
--- 14:50:12.066121358
@0 smoke %0 36833 0 act=1 80x24 L=0 T=0 R=79 B=23 wact=1 zoom=1
@0 smoke %1 36837 1 act=0 39x24 L=41 T=0 R=79 B=23 wact=1 zoom=1
@1 handoff %2 36841 0 act=0 40x24 L=0 T=0 R=39 B=23 wact=0 zoom=0
@1 handoff %3 36845 1 act=1 39x24 L=41 T=0 R=79 B=23 wact=0 zoom=0
@0 smoke 80x24 zoom=1 layout=8205,80x24,0,0{40x24,0,0,0,39x24,41,0,1}
@1 handoff 80x24 zoom=0 layout=820e,80x24,0,0{40x24,0,0,2,39x24,41,0,3}
client-42347 unknown 80x flags=attached,focused,control-mode,UTF-8
--- 14:50:13.579473719
@0 smoke %0 36833 0 act=1 80x24 L=0 T=0 R=79 B=23 wact=1 zoom=1
@0 smoke %1 36837 1 act=0 39x24 L=41 T=0 R=79 B=23 wact=1 zoom=1
@1 handoff %2 36841 0 act=0 40x24 L=0 T=0 R=39 B=23 wact=0 zoom=0
@1 handoff %3 36845 1 act=1 39x24 L=41 T=0 R=79 B=23 wact=0 zoom=0
@0 smoke 80x24 zoom=1 layout=8205,80x24,0,0{40x24,0,0,0,39x24,41,0,1}
@1 handoff 80x24 zoom=0 layout=820e,80x24,0,0{40x24,0,0,2,39x24,41,0,3}
client-42347 unknown 80x flags=attached,focused,control-mode,UTF-8
--- 14:50:15.092497874
@0 smoke %0 36833 0 act=1 80x24 L=0 T=0 R=79 B=23 wact=1 zoom=1
@0 smoke %1 36837 1 act=0 39x24 L=41 T=0 R=79 B=23 wact=1 zoom=1
@1 handoff %2 36841 0 act=0 40x24 L=0 T=0 R=39 B=23 wact=0 zoom=0
@1 handoff %3 36845 1 act=1 39x24 L=41 T=0 R=79 B=23 wact=0 zoom=0
@0 smoke 80x24 zoom=1 layout=8205,80x24,0,0{40x24,0,0,0,39x24,41,0,1}
@1 handoff 80x24 zoom=0 layout=820e,80x24,0,0{40x24,0,0,2,39x24,41,0,3}
client-42347 unknown 80x flags=attached,focused,control-mode,UTF-8
--- 14:50:16.605869567
@0 smoke %0 36833 0 act=1 80x24 L=0 T=0 R=79 B=23 wact=1 zoom=1
@0 smoke %1 36837 1 act=0 39x24 L=41 T=0 R=79 B=23 wact=1 zoom=1
@1 handoff %2 36841 0 act=0 40x24 L=0 T=0 R=39 B=23 wact=0 zoom=0
@1 handoff %3 36845 1 act=1 39x24 L=41 T=0 R=79 B=23 wact=0 zoom=0
@0 smoke 80x24 zoom=1 layout=8205,80x24,0,0{40x24,0,0,0,39x24,41,0,1}
@1 handoff 80x24 zoom=0 layout=820e,80x24,0,0{40x24,0,0,2,39x24,41,0,3}
client-42347 unknown 80x flags=attached,focused,control-mode,UTF-8
--- 14:50:18.118620385
@0 smoke %0 36833 0 act=1 80x24 L=0 T=0 R=79 B=23 wact=1 zoom=1
@0 smoke %1 36837 1 act=0 39x24 L=41 T=0 R=79 B=23 wact=1 zoom=1
@1 handoff %2 36841 0 act=0 40x24 L=0 T=0 R=39 B=23 wact=0 zoom=0
@1 handoff %3 36845 1 act=1 39x24 L=41 T=0 R=79 B=23 wact=0 zoom=0
@0 smoke 80x24 zoom=1 layout=8205,80x24,0,0{40x24,0,0,0,39x24,41,0,1}
@1 handoff 80x24 zoom=0 layout=820e,80x24,0,0{40x24,0,0,2,39x24,41,0,3}
client-42347 unknown 80x flags=attached,focused,control-mode,UTF-8
--- 14:50:19.631266747
@0 smoke %0 36833 0 act=1 80x24 L=0 T=0 R=79 B=23 wact=1 zoom=1
@0 smoke %1 36837 1 act=0 39x24 L=41 T=0 R=79 B=23 wact=1 zoom=1
@1 handoff %2 36841 0 act=0 40x24 L=0 T=0 R=39 B=23 wact=0 zoom=0
@1 handoff %3 36845 1 act=1 39x24 L=41 T=0 R=79 B=23 wact=0 zoom=0
@0 smoke 80x24 zoom=1 layout=8205,80x24,0,0{40x24,0,0,0,39x24,41,0,1}
@1 handoff 80x24 zoom=0 layout=820e,80x24,0,0{40x24,0,0,2,39x24,41,0,3}
client-42347 unknown 80x flags=attached,focused,control-mode,UTF-8
--- 14:50:21.144005180
@0 smoke %0 36833 0 act=1 80x24 L=0 T=0 R=79 B=23 wact=1 zoom=1
@0 smoke %1 36837 1 act=0 39x24 L=41 T=0 R=79 B=23 wact=1 zoom=1
@1 handoff %2 36841 0 act=0 40x24 L=0 T=0 R=39 B=23 wact=0 zoom=0
@1 handoff %3 36845 1 act=1 39x24 L=41 T=0 R=79 B=23 wact=0 zoom=0
@0 smoke 80x24 zoom=1 layout=8205,80x24,0,0{40x24,0,0,0,39x24,41,0,1}
@1 handoff 80x24 zoom=0 layout=820e,80x24,0,0{40x24,0,0,2,39x24,41,0,3}
client-42347 unknown 80x flags=attached,focused,control-mode,UTF-8
--- 14:50:22.657294675
@0 smoke %0 36833 0 act=1 80x24 L=0 T=0 R=79 B=23 wact=1 zoom=1
@0 smoke %1 36837 1 act=0 39x24 L=41 T=0 R=79 B=23 wact=1 zoom=1
@1 handoff %2 36841 0 act=0 40x24 L=0 T=0 R=39 B=23 wact=0 zoom=0
@1 handoff %3 36845 1 act=1 39x24 L=41 T=0 R=79 B=23 wact=0 zoom=0
@0 smoke 80x24 zoom=1 layout=8205,80x24,0,0{40x24,0,0,0,39x24,41,0,1}
@1 handoff 80x24 zoom=0 layout=820e,80x24,0,0{40x24,0,0,2,39x24,41,0,3}
client-42347 unknown 80x flags=attached,focused,control-mode,UTF-8
--- 14:50:24.169971470
@0 smoke %0 36833 0 act=1 80x24 L=0 T=0 R=79 B=23 wact=1 zoom=1
@0 smoke %1 36837 1 act=0 39x24 L=41 T=0 R=79 B=23 wact=1 zoom=1
@1 handoff %2 36841 0 act=0 40x24 L=0 T=0 R=39 B=23 wact=0 zoom=0
@1 handoff %3 36845 1 act=1 39x24 L=41 T=0 R=79 B=23 wact=0 zoom=0
@0 smoke 80x24 zoom=1 layout=8205,80x24,0,0{40x24,0,0,0,39x24,41,0,1}
@1 handoff 80x24 zoom=0 layout=820e,80x24,0,0{40x24,0,0,2,39x24,41,0,3}
client-42347 unknown 80x flags=attached,focused,control-mode,UTF-8
--- 14:50:25.682603860
@0 smoke %0 36833 0 act=1 80x24 L=0 T=0 R=79 B=23 wact=1 zoom=1
@0 smoke %1 36837 1 act=0 39x24 L=41 T=0 R=79 B=23 wact=1 zoom=1
@1 handoff %2 36841 0 act=0 40x24 L=0 T=0 R=39 B=23 wact=0 zoom=0
@1 handoff %3 36845 1 act=1 39x24 L=41 T=0 R=79 B=23 wact=0 zoom=0
@0 smoke 80x24 zoom=1 layout=8205,80x24,0,0{40x24,0,0,0,39x24,41,0,1}
@1 handoff 80x24 zoom=0 layout=820e,80x24,0,0{40x24,0,0,2,39x24,41,0,3}
client-42347 unknown 80x flags=attached,focused,control-mode,UTF-8
--- 14:50:27.195220327
@0 smoke %0 36833 0 act=1 80x24 L=0 T=0 R=79 B=23 wact=1 zoom=1
@0 smoke %1 36837 1 act=0 39x24 L=41 T=0 R=79 B=23 wact=1 zoom=1
@1 handoff %2 36841 0 act=0 40x24 L=0 T=0 R=39 B=23 wact=0 zoom=0
@1 handoff %3 36845 1 act=1 39x24 L=41 T=0 R=79 B=23 wact=0 zoom=0
@0 smoke 80x24 zoom=1 layout=8205,80x24,0,0{40x24,0,0,0,39x24,41,0,1}
@1 handoff 80x24 zoom=0 layout=820e,80x24,0,0{40x24,0,0,2,39x24,41,0,3}
client-42347 unknown 80x flags=attached,focused,control-mode,UTF-8
--- 14:50:28.708012434
@0 smoke %0 36833 0 act=1 80x24 L=0 T=0 R=79 B=23 wact=1 zoom=1
@0 smoke %1 36837 1 act=0 39x24 L=41 T=0 R=79 B=23 wact=1 zoom=1
@1 handoff %2 36841 0 act=0 40x24 L=0 T=0 R=39 B=23 wact=0 zoom=0
@1 handoff %3 36845 1 act=1 39x24 L=41 T=0 R=79 B=23 wact=0 zoom=0
@0 smoke 80x24 zoom=1 layout=8205,80x24,0,0{40x24,0,0,0,39x24,41,0,1}
@1 handoff 80x24 zoom=0 layout=820e,80x24,0,0{40x24,0,0,2,39x24,41,0,3}
client-42347 unknown 80x flags=attached,focused,control-mode,UTF-8
--- 14:50:30.222407737
@0 smoke %0 36833 0 act=1 80x24 L=0 T=0 R=79 B=23 wact=1 zoom=1
@0 smoke %1 36837 1 act=0 39x24 L=41 T=0 R=79 B=23 wact=1 zoom=1
@1 handoff %2 36841 0 act=0 40x24 L=0 T=0 R=39 B=23 wact=0 zoom=0
@1 handoff %3 36845 1 act=1 39x24 L=41 T=0 R=79 B=23 wact=0 zoom=0
@0 smoke 80x24 zoom=1 layout=8205,80x24,0,0{40x24,0,0,0,39x24,41,0,1}
@1 handoff 80x24 zoom=0 layout=820e,80x24,0,0{40x24,0,0,2,39x24,41,0,3}
client-42347 unknown 80x flags=attached,focused,control-mode,UTF-8
--- 14:50:31.735276870
@0 smoke %0 36833 0 act=1 80x24 L=0 T=0 R=79 B=23 wact=1 zoom=1
@0 smoke %1 36837 1 act=0 39x24 L=41 T=0 R=79 B=23 wact=1 zoom=1
@1 handoff %2 36841 0 act=0 40x24 L=0 T=0 R=39 B=23 wact=0 zoom=0
@1 handoff %3 36845 1 act=1 39x24 L=41 T=0 R=79 B=23 wact=0 zoom=0
@0 smoke 80x24 zoom=1 layout=8205,80x24,0,0{40x24,0,0,0,39x24,41,0,1}
@1 handoff 80x24 zoom=0 layout=820e,80x24,0,0{40x24,0,0,2,39x24,41,0,3}
client-42347 unknown 80x flags=attached,focused,control-mode,UTF-8
--- 14:50:33.250043459
@0 smoke %0 36833 0 act=1 80x24 L=0 T=0 R=79 B=23 wact=1 zoom=1
@0 smoke %1 36837 1 act=0 39x24 L=41 T=0 R=79 B=23 wact=1 zoom=1
@1 handoff %2 36841 0 act=0 40x24 L=0 T=0 R=39 B=23 wact=0 zoom=0
@1 handoff %3 36845 1 act=1 39x24 L=41 T=0 R=79 B=23 wact=0 zoom=0
@0 smoke 80x24 zoom=1 layout=8205,80x24,0,0{40x24,0,0,0,39x24,41,0,1}
@1 handoff 80x24 zoom=0 layout=820e,80x24,0,0{40x24,0,0,2,39x24,41,0,3}
client-42347 unknown 80x flags=attached,focused,control-mode,UTF-8
--- 14:50:34.764985466
@0 smoke %0 36833 0 act=1 80x24 L=0 T=0 R=79 B=23 wact=1 zoom=1
@0 smoke %1 36837 1 act=0 39x24 L=41 T=0 R=79 B=23 wact=1 zoom=1
@1 handoff %2 36841 0 act=0 40x24 L=0 T=0 R=39 B=23 wact=0 zoom=0
@1 handoff %3 36845 1 act=1 39x24 L=41 T=0 R=79 B=23 wact=0 zoom=0
@0 smoke 80x24 zoom=1 layout=8205,80x24,0,0{40x24,0,0,0,39x24,41,0,1}
@1 handoff 80x24 zoom=0 layout=820e,80x24,0,0{40x24,0,0,2,39x24,41,0,3}
client-42347 unknown 80x flags=attached,focused,control-mode,UTF-8
--- 14:50:36.277787670
@0 smoke %0 36833 0 act=1 80x24 L=0 T=0 R=79 B=23 wact=1 zoom=1
@0 smoke %1 36837 1 act=0 39x24 L=41 T=0 R=79 B=23 wact=1 zoom=1
@1 handoff %2 36841 0 act=0 40x24 L=0 T=0 R=39 B=23 wact=0 zoom=0
@1 handoff %3 36845 1 act=1 39x24 L=41 T=0 R=79 B=23 wact=0 zoom=0
@0 smoke 80x24 zoom=1 layout=8205,80x24,0,0{40x24,0,0,0,39x24,41,0,1}
@1 handoff 80x24 zoom=0 layout=820e,80x24,0,0{40x24,0,0,2,39x24,41,0,3}
client-42347 unknown 80x flags=attached,focused,control-mode,UTF-8
--- 14:50:37.790915191
@0 smoke %0 36833 0 act=1 80x24 L=0 T=0 R=79 B=23 wact=1 zoom=1
@0 smoke %1 36837 1 act=0 39x24 L=41 T=0 R=79 B=23 wact=1 zoom=1
@1 handoff %2 36841 0 act=0 40x24 L=0 T=0 R=39 B=23 wact=0 zoom=0
@1 handoff %3 36845 1 act=1 39x24 L=41 T=0 R=79 B=23 wact=0 zoom=0
@0 smoke 80x24 zoom=1 layout=8205,80x24,0,0{40x24,0,0,0,39x24,41,0,1}
@1 handoff 80x24 zoom=0 layout=820e,80x24,0,0{40x24,0,0,2,39x24,41,0,3}
client-42347 unknown 80x flags=attached,focused,control-mode,UTF-8
--- 14:50:39.304708305
@0 smoke %0 36833 0 act=1 80x24 L=0 T=0 R=79 B=23 wact=1 zoom=1
@0 smoke %1 36837 1 act=0 39x24 L=41 T=0 R=79 B=23 wact=1 zoom=1
@1 handoff %2 36841 0 act=0 40x24 L=0 T=0 R=39 B=23 wact=0 zoom=0
@1 handoff %3 36845 1 act=1 39x24 L=41 T=0 R=79 B=23 wact=0 zoom=0
@0 smoke 80x24 zoom=1 layout=8205,80x24,0,0{40x24,0,0,0,39x24,41,0,1}
@1 handoff 80x24 zoom=0 layout=820e,80x24,0,0{40x24,0,0,2,39x24,41,0,3}
client-42347 unknown 80x flags=attached,focused,control-mode,UTF-8
--- 14:50:40.817746764
@0 smoke %0 36833 0 act=1 80x24 L=0 T=0 R=79 B=23 wact=1 zoom=1
@0 smoke %1 36837 1 act=0 39x24 L=41 T=0 R=79 B=23 wact=1 zoom=1
@1 handoff %2 36841 0 act=0 40x24 L=0 T=0 R=39 B=23 wact=0 zoom=0
@1 handoff %3 36845 1 act=1 39x24 L=41 T=0 R=79 B=23 wact=0 zoom=0
@0 smoke 80x24 zoom=1 layout=8205,80x24,0,0{40x24,0,0,0,39x24,41,0,1}
@1 handoff 80x24 zoom=0 layout=820e,80x24,0,0{40x24,0,0,2,39x24,41,0,3}
client-42347 unknown 80x flags=attached,focused,control-mode,UTF-8
--- 14:50:42.330590815
@0 smoke %0 36833 0 act=1 80x24 L=0 T=0 R=79 B=23 wact=1 zoom=1
@0 smoke %1 36837 1 act=0 39x24 L=41 T=0 R=79 B=23 wact=1 zoom=1
@1 handoff %2 36841 0 act=0 40x24 L=0 T=0 R=39 B=23 wact=0 zoom=0
@1 handoff %3 36845 1 act=1 39x24 L=41 T=0 R=79 B=23 wact=0 zoom=0
@0 smoke 80x24 zoom=1 layout=8205,80x24,0,0{40x24,0,0,0,39x24,41,0,1}
@1 handoff 80x24 zoom=0 layout=820e,80x24,0,0{40x24,0,0,2,39x24,41,0,3}
client-42347 unknown 80x flags=attached,focused,control-mode,UTF-8
--- 14:50:43.843492223
@0 smoke %0 36833 0 act=1 80x24 L=0 T=0 R=79 B=23 wact=1 zoom=1
@0 smoke %1 36837 1 act=0 39x24 L=41 T=0 R=79 B=23 wact=1 zoom=1
@1 handoff %2 36841 0 act=0 40x24 L=0 T=0 R=39 B=23 wact=0 zoom=0
@1 handoff %3 36845 1 act=1 39x24 L=41 T=0 R=79 B=23 wact=0 zoom=0
@0 smoke 80x24 zoom=1 layout=8205,80x24,0,0{40x24,0,0,0,39x24,41,0,1}
@1 handoff 80x24 zoom=0 layout=820e,80x24,0,0{40x24,0,0,2,39x24,41,0,3}
client-42347 unknown 80x flags=attached,focused,control-mode,UTF-8
--- 14:50:45.356501495
@0 smoke %0 36833 0 act=1 80x24 L=0 T=0 R=79 B=23 wact=1 zoom=1
@0 smoke %1 36837 1 act=0 39x24 L=41 T=0 R=79 B=23 wact=1 zoom=1
@1 handoff %2 36841 0 act=0 40x24 L=0 T=0 R=39 B=23 wact=0 zoom=0
@1 handoff %3 36845 1 act=1 39x24 L=41 T=0 R=79 B=23 wact=0 zoom=0
@0 smoke 80x24 zoom=1 layout=8205,80x24,0,0{40x24,0,0,0,39x24,41,0,1}
@1 handoff 80x24 zoom=0 layout=820e,80x24,0,0{40x24,0,0,2,39x24,41,0,3}
client-42347 unknown 80x flags=attached,focused,control-mode,UTF-8
--- 14:50:46.869470280
@0 smoke %0 36833 0 act=1 80x24 L=0 T=0 R=79 B=23 wact=1 zoom=1
@0 smoke %1 36837 1 act=0 39x24 L=41 T=0 R=79 B=23 wact=1 zoom=1
@1 handoff %2 36841 0 act=0 40x24 L=0 T=0 R=39 B=23 wact=0 zoom=0
@1 handoff %3 36845 1 act=1 39x24 L=41 T=0 R=79 B=23 wact=0 zoom=0
@0 smoke 80x24 zoom=1 layout=8205,80x24,0,0{40x24,0,0,0,39x24,41,0,1}
@1 handoff 80x24 zoom=0 layout=820e,80x24,0,0{40x24,0,0,2,39x24,41,0,3}
client-42347 unknown 80x flags=attached,focused,control-mode,UTF-8
--- 14:50:48.382518230
@0 smoke %0 36833 0 act=1 80x24 L=0 T=0 R=79 B=23 wact=1 zoom=1
@0 smoke %1 36837 1 act=0 39x24 L=41 T=0 R=79 B=23 wact=1 zoom=1
@1 handoff %2 36841 0 act=0 40x24 L=0 T=0 R=39 B=23 wact=0 zoom=0
@1 handoff %3 36845 1 act=1 39x24 L=41 T=0 R=79 B=23 wact=0 zoom=0
@0 smoke 80x24 zoom=1 layout=8205,80x24,0,0{40x24,0,0,0,39x24,41,0,1}
@1 handoff 80x24 zoom=0 layout=820e,80x24,0,0{40x24,0,0,2,39x24,41,0,3}
client-42347 unknown 80x flags=attached,focused,control-mode,UTF-8
--- 14:50:49.895547844
@0 smoke %0 36833 0 act=1 80x24 L=0 T=0 R=79 B=23 wact=1 zoom=1
@0 smoke %1 36837 1 act=0 39x24 L=41 T=0 R=79 B=23 wact=1 zoom=1
@1 handoff %2 36841 0 act=0 40x24 L=0 T=0 R=39 B=23 wact=0 zoom=0
@1 handoff %3 36845 1 act=1 39x24 L=41 T=0 R=79 B=23 wact=0 zoom=0
@0 smoke 80x24 zoom=1 layout=8205,80x24,0,0{40x24,0,0,0,39x24,41,0,1}
@1 handoff 80x24 zoom=0 layout=820e,80x24,0,0{40x24,0,0,2,39x24,41,0,3}
client-42347 unknown 80x flags=attached,focused,control-mode,UTF-8
--- 14:50:51.408155965
@0 smoke %0 36833 0 act=1 80x24 L=0 T=0 R=79 B=23 wact=1 zoom=1
@0 smoke %1 36837 1 act=0 39x24 L=41 T=0 R=79 B=23 wact=1 zoom=1
@1 handoff %2 36841 0 act=0 40x24 L=0 T=0 R=39 B=23 wact=0 zoom=0
@1 handoff %3 36845 1 act=1 39x24 L=41 T=0 R=79 B=23 wact=0 zoom=0
@0 smoke 80x24 zoom=1 layout=8205,80x24,0,0{40x24,0,0,0,39x24,41,0,1}
@1 handoff 80x24 zoom=0 layout=820e,80x24,0,0{40x24,0,0,2,39x24,41,0,3}
client-42347 unknown 80x flags=attached,focused,control-mode,UTF-8
--- 14:50:52.921054554
@0 smoke %0 36833 0 act=1 80x24 L=0 T=0 R=79 B=23 wact=1 zoom=1
@0 smoke %1 36837 1 act=0 39x24 L=41 T=0 R=79 B=23 wact=1 zoom=1
@1 handoff %2 36841 0 act=0 40x24 L=0 T=0 R=39 B=23 wact=0 zoom=0
@1 handoff %3 36845 1 act=1 39x24 L=41 T=0 R=79 B=23 wact=0 zoom=0
@0 smoke 80x24 zoom=1 layout=8205,80x24,0,0{40x24,0,0,0,39x24,41,0,1}
@1 handoff 80x24 zoom=0 layout=820e,80x24,0,0{40x24,0,0,2,39x24,41,0,3}
client-42347 unknown 80x flags=attached,focused,control-mode,UTF-8
--- 14:50:54.434018365
@0 smoke %0 36833 0 act=1 80x24 L=0 T=0 R=79 B=23 wact=1 zoom=1
@0 smoke %1 36837 1 act=0 39x24 L=41 T=0 R=79 B=23 wact=1 zoom=1
@1 handoff %2 36841 0 act=0 40x24 L=0 T=0 R=39 B=23 wact=0 zoom=0
@1 handoff %3 36845 1 act=1 39x24 L=41 T=0 R=79 B=23 wact=0 zoom=0
@0 smoke 80x24 zoom=1 layout=8205,80x24,0,0{40x24,0,0,0,39x24,41,0,1}
@1 handoff 80x24 zoom=0 layout=820e,80x24,0,0{40x24,0,0,2,39x24,41,0,3}
client-42347 unknown 80x flags=attached,focused,control-mode,UTF-8
--- 14:50:55.946957651
@0 smoke %0 36833 0 act=1 80x24 L=0 T=0 R=79 B=23 wact=1 zoom=1
@0 smoke %1 36837 1 act=0 39x24 L=41 T=0 R=79 B=23 wact=1 zoom=1
@1 handoff %2 36841 0 act=0 40x24 L=0 T=0 R=39 B=23 wact=0 zoom=0
@1 handoff %3 36845 1 act=1 39x24 L=41 T=0 R=79 B=23 wact=0 zoom=0
@0 smoke 80x24 zoom=1 layout=8205,80x24,0,0{40x24,0,0,0,39x24,41,0,1}
@1 handoff 80x24 zoom=0 layout=820e,80x24,0,0{40x24,0,0,2,39x24,41,0,3}
client-42347 unknown 80x flags=attached,focused,control-mode,UTF-8
--- 14:50:57.470022201
@0 smoke %0 36833 0 act=1 40x24 L=0 T=0 R=39 B=23 wact=1 zoom=0
@0 smoke %1 36837 1 act=0 39x24 L=41 T=0 R=79 B=23 wact=1 zoom=0
@1 handoff %2 36841 0 act=0 40x24 L=0 T=0 R=39 B=23 wact=0 zoom=0
@1 handoff %3 36845 1 act=1 39x24 L=41 T=0 R=79 B=23 wact=0 zoom=0
@0 smoke 80x24 zoom=0 layout=8205,80x24,0,0{40x24,0,0,0,39x24,41,0,1}
@1 handoff 80x24 zoom=0 layout=820e,80x24,0,0{40x24,0,0,2,39x24,41,0,3}
=== 15:05:56.288982829 SOCKET /home/ubuntu/meeterm-ssh-fixture-3rn14ztz/tmux/tmux-1000/default ===
--- 15:05:56.295856323
@0 smoke %0 49638 0 act=1 40x24 L=0 T=0 R=39 B=23 wact=1 zoom=0
@0 smoke %1 49642 1 act=0 39x24 L=41 T=0 R=79 B=23 wact=1 zoom=0
@1 handoff %2 49646 0 act=0 40x24 L=0 T=0 R=39 B=23 wact=0 zoom=0
@1 handoff %3 49650 1 act=1 39x24 L=41 T=0 R=79 B=23 wact=0 zoom=0
@0 smoke 80x24 zoom=0 layout=8205,80x24,0,0{40x24,0,0,0,39x24,41,0,1}
@1 handoff 80x24 zoom=0 layout=820e,80x24,0,0{40x24,0,0,2,39x24,41,0,3}
--- 15:05:57.817329063
@0 smoke %0 49638 0 act=1 40x24 L=0 T=0 R=39 B=23 wact=1 zoom=0
@0 smoke %1 49642 1 act=0 39x24 L=41 T=0 R=79 B=23 wact=1 zoom=0
@1 handoff %2 49646 0 act=0 40x24 L=0 T=0 R=39 B=23 wact=0 zoom=0
@1 handoff %3 49650 1 act=1 39x24 L=41 T=0 R=79 B=23 wact=0 zoom=0
@0 smoke 80x24 zoom=0 layout=8205,80x24,0,0{40x24,0,0,0,39x24,41,0,1}
@1 handoff 80x24 zoom=0 layout=820e,80x24,0,0{40x24,0,0,2,39x24,41,0,3}
--- 15:05:59.331204134
@0 smoke %0 49638 0 act=1 40x24 L=0 T=0 R=39 B=23 wact=1 zoom=0
@0 smoke %1 49642 1 act=0 39x24 L=41 T=0 R=79 B=23 wact=1 zoom=0
@1 handoff %2 49646 0 act=0 40x24 L=0 T=0 R=39 B=23 wact=0 zoom=0
@1 handoff %3 49650 1 act=1 39x24 L=41 T=0 R=79 B=23 wact=0 zoom=0
@0 smoke 80x24 zoom=0 layout=8205,80x24,0,0{40x24,0,0,0,39x24,41,0,1}
@1 handoff 80x24 zoom=0 layout=820e,80x24,0,0{40x24,0,0,2,39x24,41,0,3}
--- 15:06:00.850233983
@0 smoke %0 49638 0 act=1 40x24 L=0 T=0 R=39 B=23 wact=1 zoom=0
@0 smoke %1 49642 1 act=0 39x24 L=41 T=0 R=79 B=23 wact=1 zoom=0
@1 handoff %2 49646 0 act=0 40x24 L=0 T=0 R=39 B=23 wact=0 zoom=0
@1 handoff %3 49650 1 act=1 39x24 L=41 T=0 R=79 B=23 wact=0 zoom=0
@0 smoke 80x24 zoom=0 layout=8205,80x24,0,0{40x24,0,0,0,39x24,41,0,1}
@1 handoff 80x24 zoom=0 layout=820e,80x24,0,0{40x24,0,0,2,39x24,41,0,3}
--- 15:06:02.363103483
@0 smoke %0 49638 0 act=1 40x24 L=0 T=0 R=39 B=23 wact=1 zoom=0
@0 smoke %1 49642 1 act=0 39x24 L=41 T=0 R=79 B=23 wact=1 zoom=0
@1 handoff %2 49646 0 act=0 40x24 L=0 T=0 R=39 B=23 wact=0 zoom=0
@1 handoff %3 49650 1 act=1 39x24 L=41 T=0 R=79 B=23 wact=0 zoom=0
@0 smoke 80x24 zoom=0 layout=8205,80x24,0,0{40x24,0,0,0,39x24,41,0,1}
@1 handoff 80x24 zoom=0 layout=820e,80x24,0,0{40x24,0,0,2,39x24,41,0,3}
--- 15:06:03.876508108
@0 smoke %0 49638 0 act=1 40x24 L=0 T=0 R=39 B=23 wact=1 zoom=0
@0 smoke %1 49642 1 act=0 39x24 L=41 T=0 R=79 B=23 wact=1 zoom=0
@1 handoff %2 49646 0 act=0 40x24 L=0 T=0 R=39 B=23 wact=0 zoom=0
@1 handoff %3 49650 1 act=1 39x24 L=41 T=0 R=79 B=23 wact=0 zoom=0
@0 smoke 80x24 zoom=0 layout=8205,80x24,0,0{40x24,0,0,0,39x24,41,0,1}
@1 handoff 80x24 zoom=0 layout=820e,80x24,0,0{40x24,0,0,2,39x24,41,0,3}
--- 15:06:05.391846765
@0 smoke %0 49638 0 act=1 40x24 L=0 T=0 R=39 B=23 wact=1 zoom=0
@0 smoke %1 49642 1 act=0 39x24 L=41 T=0 R=79 B=23 wact=1 zoom=0
@1 handoff %2 49646 0 act=0 40x24 L=0 T=0 R=39 B=23 wact=0 zoom=0
@1 handoff %3 49650 1 act=1 39x24 L=41 T=0 R=79 B=23 wact=0 zoom=0
@0 smoke 80x24 zoom=0 layout=8205,80x24,0,0{40x24,0,0,0,39x24,41,0,1}
@1 handoff 80x24 zoom=0 layout=820e,80x24,0,0{40x24,0,0,2,39x24,41,0,3}
--- 15:06:06.905410728
@0 smoke %0 49638 0 act=1 40x24 L=0 T=0 R=39 B=23 wact=1 zoom=0
@0 smoke %1 49642 1 act=0 39x24 L=41 T=0 R=79 B=23 wact=1 zoom=0
@1 handoff %2 49646 0 act=0 40x24 L=0 T=0 R=39 B=23 wact=0 zoom=0
@1 handoff %3 49650 1 act=1 39x24 L=41 T=0 R=79 B=23 wact=0 zoom=0
@0 smoke 80x24 zoom=0 layout=8205,80x24,0,0{40x24,0,0,0,39x24,41,0,1}
@1 handoff 80x24 zoom=0 layout=820e,80x24,0,0{40x24,0,0,2,39x24,41,0,3}
--- 15:06:08.418650788
@0 smoke %0 49638 0 act=1 40x24 L=0 T=0 R=39 B=23 wact=1 zoom=0
@0 smoke %1 49642 1 act=0 39x24 L=41 T=0 R=79 B=23 wact=1 zoom=0
@1 handoff %2 49646 0 act=0 40x24 L=0 T=0 R=39 B=23 wact=0 zoom=0
@1 handoff %3 49650 1 act=1 39x24 L=41 T=0 R=79 B=23 wact=0 zoom=0
@0 smoke 80x24 zoom=0 layout=8205,80x24,0,0{40x24,0,0,0,39x24,41,0,1}
@1 handoff 80x24 zoom=0 layout=820e,80x24,0,0{40x24,0,0,2,39x24,41,0,3}
--- 15:06:09.931585107
@0 smoke %0 49638 0 act=1 40x24 L=0 T=0 R=39 B=23 wact=1 zoom=0
@0 smoke %1 49642 1 act=0 39x24 L=41 T=0 R=79 B=23 wact=1 zoom=0
@1 handoff %2 49646 0 act=0 40x24 L=0 T=0 R=39 B=23 wact=0 zoom=0
@1 handoff %3 49650 1 act=1 39x24 L=41 T=0 R=79 B=23 wact=0 zoom=0
@0 smoke 80x24 zoom=0 layout=8205,80x24,0,0{40x24,0,0,0,39x24,41,0,1}
@1 handoff 80x24 zoom=0 layout=820e,80x24,0,0{40x24,0,0,2,39x24,41,0,3}
--- 15:06:11.444413595
@0 smoke %0 49638 0 act=1 40x24 L=0 T=0 R=39 B=23 wact=1 zoom=0
@0 smoke %1 49642 1 act=0 39x24 L=41 T=0 R=79 B=23 wact=1 zoom=0
@1 handoff %2 49646 0 act=0 40x24 L=0 T=0 R=39 B=23 wact=0 zoom=0
@1 handoff %3 49650 1 act=1 39x24 L=41 T=0 R=79 B=23 wact=0 zoom=0
@0 smoke 80x24 zoom=0 layout=8205,80x24,0,0{40x24,0,0,0,39x24,41,0,1}
@1 handoff 80x24 zoom=0 layout=820e,80x24,0,0{40x24,0,0,2,39x24,41,0,3}
--- 15:06:12.957274423
@0 smoke %0 49638 0 act=1 40x24 L=0 T=0 R=39 B=23 wact=1 zoom=0
@0 smoke %1 49642 1 act=0 39x24 L=41 T=0 R=79 B=23 wact=1 zoom=0
@1 handoff %2 49646 0 act=0 40x24 L=0 T=0 R=39 B=23 wact=0 zoom=0
@1 handoff %3 49650 1 act=1 39x24 L=41 T=0 R=79 B=23 wact=0 zoom=0
@0 smoke 80x24 zoom=0 layout=8205,80x24,0,0{40x24,0,0,0,39x24,41,0,1}
@1 handoff 80x24 zoom=0 layout=820e,80x24,0,0{40x24,0,0,2,39x24,41,0,3}
--- 15:06:14.471575396
@0 smoke %0 49638 0 act=1 40x24 L=0 T=0 R=39 B=23 wact=1 zoom=0
@0 smoke %1 49642 1 act=0 39x24 L=41 T=0 R=79 B=23 wact=1 zoom=0
@1 handoff %2 49646 0 act=0 40x24 L=0 T=0 R=39 B=23 wact=0 zoom=0
@1 handoff %3 49650 1 act=1 39x24 L=41 T=0 R=79 B=23 wact=0 zoom=0
@0 smoke 80x24 zoom=0 layout=8205,80x24,0,0{40x24,0,0,0,39x24,41,0,1}
@1 handoff 80x24 zoom=0 layout=820e,80x24,0,0{40x24,0,0,2,39x24,41,0,3}
--- 15:06:15.984882684
@0 smoke %0 49638 0 act=1 40x24 L=0 T=0 R=39 B=23 wact=1 zoom=0
@0 smoke %1 49642 1 act=0 39x24 L=41 T=0 R=79 B=23 wact=1 zoom=0
@1 handoff %2 49646 0 act=0 40x24 L=0 T=0 R=39 B=23 wact=0 zoom=0
@1 handoff %3 49650 1 act=1 39x24 L=41 T=0 R=79 B=23 wact=0 zoom=0
@0 smoke 80x24 zoom=0 layout=8205,80x24,0,0{40x24,0,0,0,39x24,41,0,1}
@1 handoff 80x24 zoom=0 layout=820e,80x24,0,0{40x24,0,0,2,39x24,41,0,3}
--- 15:06:17.508238895
@0 smoke %0 49638 0 act=1 40x24 L=0 T=0 R=39 B=23 wact=1 zoom=0
@0 smoke %1 49642 1 act=0 39x24 L=41 T=0 R=79 B=23 wact=1 zoom=0
@1 handoff %2 49646 0 act=0 40x24 L=0 T=0 R=39 B=23 wact=0 zoom=0
@1 handoff %3 49650 1 act=1 39x24 L=41 T=0 R=79 B=23 wact=0 zoom=0
@0 smoke 80x24 zoom=0 layout=8205,80x24,0,0{40x24,0,0,0,39x24,41,0,1}
@1 handoff 80x24 zoom=0 layout=820e,80x24,0,0{40x24,0,0,2,39x24,41,0,3}
--- 15:06:19.021413898
@0 smoke %0 49638 0 act=1 40x24 L=0 T=0 R=39 B=23 wact=1 zoom=0
@0 smoke %1 49642 1 act=0 39x24 L=41 T=0 R=79 B=23 wact=1 zoom=0
@1 handoff %2 49646 0 act=0 40x24 L=0 T=0 R=39 B=23 wact=0 zoom=0
@1 handoff %3 49650 1 act=1 39x24 L=41 T=0 R=79 B=23 wact=0 zoom=0
@0 smoke 80x24 zoom=0 layout=8205,80x24,0,0{40x24,0,0,0,39x24,41,0,1}
@1 handoff 80x24 zoom=0 layout=820e,80x24,0,0{40x24,0,0,2,39x24,41,0,3}
--- 15:06:20.534348855
@0 smoke %0 49638 0 act=1 40x24 L=0 T=0 R=39 B=23 wact=1 zoom=0
@0 smoke %1 49642 1 act=0 39x24 L=41 T=0 R=79 B=23 wact=1 zoom=0
@1 handoff %2 49646 0 act=0 40x24 L=0 T=0 R=39 B=23 wact=0 zoom=0
@1 handoff %3 49650 1 act=1 39x24 L=41 T=0 R=79 B=23 wact=0 zoom=0
@0 smoke 80x24 zoom=0 layout=8205,80x24,0,0{40x24,0,0,0,39x24,41,0,1}
@1 handoff 80x24 zoom=0 layout=820e,80x24,0,0{40x24,0,0,2,39x24,41,0,3}
--- 15:06:22.051936517
@0 smoke %0 49638 0 act=1 40x24 L=0 T=0 R=39 B=23 wact=1 zoom=0
@0 smoke %1 49642 1 act=0 39x24 L=41 T=0 R=79 B=23 wact=1 zoom=0
@1 handoff %2 49646 0 act=0 40x24 L=0 T=0 R=39 B=23 wact=0 zoom=0
@1 handoff %3 49650 1 act=1 39x24 L=41 T=0 R=79 B=23 wact=0 zoom=0
@0 smoke 80x24 zoom=0 layout=8205,80x24,0,0{40x24,0,0,0,39x24,41,0,1}
@1 handoff 80x24 zoom=0 layout=820e,80x24,0,0{40x24,0,0,2,39x24,41,0,3}
--- 15:06:23.566227450
@0 smoke %0 49638 0 act=1 40x24 L=0 T=0 R=39 B=23 wact=1 zoom=0
@0 smoke %1 49642 1 act=0 39x24 L=41 T=0 R=79 B=23 wact=1 zoom=0
@1 handoff %2 49646 0 act=0 40x24 L=0 T=0 R=39 B=23 wact=0 zoom=0
@1 handoff %3 49650 1 act=1 39x24 L=41 T=0 R=79 B=23 wact=0 zoom=0
@0 smoke 80x24 zoom=0 layout=8205,80x24,0,0{40x24,0,0,0,39x24,41,0,1}
@1 handoff 80x24 zoom=0 layout=820e,80x24,0,0{40x24,0,0,2,39x24,41,0,3}
--- 15:06:25.081415646
@0 smoke %0 49638 0 act=1 40x24 L=0 T=0 R=39 B=23 wact=1 zoom=0
@0 smoke %1 49642 1 act=0 39x24 L=41 T=0 R=79 B=23 wact=1 zoom=0
@1 handoff %2 49646 0 act=0 40x24 L=0 T=0 R=39 B=23 wact=0 zoom=0
@1 handoff %3 49650 1 act=1 39x24 L=41 T=0 R=79 B=23 wact=0 zoom=0
@0 smoke 80x24 zoom=0 layout=8205,80x24,0,0{40x24,0,0,0,39x24,41,0,1}
@1 handoff 80x24 zoom=0 layout=820e,80x24,0,0{40x24,0,0,2,39x24,41,0,3}
--- 15:06:26.600955988
@0 smoke %0 49638 0 act=1 40x24 L=0 T=0 R=39 B=23 wact=1 zoom=0
@0 smoke %1 49642 1 act=0 39x24 L=41 T=0 R=79 B=23 wact=1 zoom=0
@1 handoff %2 49646 0 act=0 40x24 L=0 T=0 R=39 B=23 wact=0 zoom=0
@1 handoff %3 49650 1 act=1 39x24 L=41 T=0 R=79 B=23 wact=0 zoom=0
@0 smoke 80x24 zoom=0 layout=8205,80x24,0,0{40x24,0,0,0,39x24,41,0,1}
@1 handoff 80x24 zoom=0 layout=820e,80x24,0,0{40x24,0,0,2,39x24,41,0,3}
--- 15:06:28.119167470
@0 smoke %0 49638 0 act=1 40x24 L=0 T=0 R=39 B=23 wact=1 zoom=0
@0 smoke %1 49642 1 act=0 39x24 L=41 T=0 R=79 B=23 wact=1 zoom=0
@1 handoff %2 49646 0 act=0 40x24 L=0 T=0 R=39 B=23 wact=0 zoom=0
@1 handoff %3 49650 1 act=1 39x24 L=41 T=0 R=79 B=23 wact=0 zoom=0
@0 smoke 80x24 zoom=0 layout=8205,80x24,0,0{40x24,0,0,0,39x24,41,0,1}
@1 handoff 80x24 zoom=0 layout=820e,80x24,0,0{40x24,0,0,2,39x24,41,0,3}
--- 15:06:29.649084496
@0 smoke %0 49638 0 act=1 40x24 L=0 T=0 R=39 B=23 wact=1 zoom=0
@0 smoke %1 49642 1 act=0 39x24 L=41 T=0 R=79 B=23 wact=1 zoom=0
@1 handoff %2 49646 0 act=0 40x24 L=0 T=0 R=39 B=23 wact=0 zoom=0
@1 handoff %3 49650 1 act=1 39x24 L=41 T=0 R=79 B=23 wact=0 zoom=0
@0 smoke 80x24 zoom=0 layout=8205,80x24,0,0{40x24,0,0,0,39x24,41,0,1}
@1 handoff 80x24 zoom=0 layout=820e,80x24,0,0{40x24,0,0,2,39x24,41,0,3}
--- 15:06:31.162360535
@0 smoke %0 49638 0 act=1 40x24 L=0 T=0 R=39 B=23 wact=1 zoom=0
@0 smoke %1 49642 1 act=0 39x24 L=41 T=0 R=79 B=23 wact=1 zoom=0
@1 handoff %2 49646 0 act=0 40x24 L=0 T=0 R=39 B=23 wact=0 zoom=0
@1 handoff %3 49650 1 act=1 39x24 L=41 T=0 R=79 B=23 wact=0 zoom=0
@0 smoke 80x24 zoom=0 layout=8205,80x24,0,0{40x24,0,0,0,39x24,41,0,1}
@1 handoff 80x24 zoom=0 layout=820e,80x24,0,0{40x24,0,0,2,39x24,41,0,3}
--- 15:06:32.682947229
@0 smoke %0 49638 0 act=1 40x24 L=0 T=0 R=39 B=23 wact=1 zoom=0
@0 smoke %1 49642 1 act=0 39x24 L=41 T=0 R=79 B=23 wact=1 zoom=0
@1 handoff %2 49646 0 act=0 40x24 L=0 T=0 R=39 B=23 wact=0 zoom=0
@1 handoff %3 49650 1 act=1 39x24 L=41 T=0 R=79 B=23 wact=0 zoom=0
@0 smoke 80x24 zoom=0 layout=8205,80x24,0,0{40x24,0,0,0,39x24,41,0,1}
@1 handoff 80x24 zoom=0 layout=820e,80x24,0,0{40x24,0,0,2,39x24,41,0,3}
--- 15:06:34.200413478
@0 smoke %0 49638 0 act=1 40x24 L=0 T=0 R=39 B=23 wact=1 zoom=0
@0 smoke %1 49642 1 act=0 39x24 L=41 T=0 R=79 B=23 wact=1 zoom=0
@1 handoff %2 49646 0 act=0 40x24 L=0 T=0 R=39 B=23 wact=0 zoom=0
@1 handoff %3 49650 1 act=1 39x24 L=41 T=0 R=79 B=23 wact=0 zoom=0
@0 smoke 80x24 zoom=0 layout=8205,80x24,0,0{40x24,0,0,0,39x24,41,0,1}
@1 handoff 80x24 zoom=0 layout=820e,80x24,0,0{40x24,0,0,2,39x24,41,0,3}
--- 15:06:35.713782324
@0 smoke %0 49638 0 act=1 40x24 L=0 T=0 R=39 B=23 wact=1 zoom=0
@0 smoke %1 49642 1 act=0 39x24 L=41 T=0 R=79 B=23 wact=1 zoom=0
@1 handoff %2 49646 0 act=0 40x24 L=0 T=0 R=39 B=23 wact=0 zoom=0
@1 handoff %3 49650 1 act=1 39x24 L=41 T=0 R=79 B=23 wact=0 zoom=0
@0 smoke 80x24 zoom=0 layout=8205,80x24,0,0{40x24,0,0,0,39x24,41,0,1}
@1 handoff 80x24 zoom=0 layout=820e,80x24,0,0{40x24,0,0,2,39x24,41,0,3}
--- 15:06:37.226697862
@0 smoke %0 49638 0 act=1 40x24 L=0 T=0 R=39 B=23 wact=1 zoom=0
@0 smoke %1 49642 1 act=0 39x24 L=41 T=0 R=79 B=23 wact=1 zoom=0
@1 handoff %2 49646 0 act=0 40x24 L=0 T=0 R=39 B=23 wact=0 zoom=0
@1 handoff %3 49650 1 act=1 39x24 L=41 T=0 R=79 B=23 wact=0 zoom=0
@0 smoke 80x24 zoom=0 layout=8205,80x24,0,0{40x24,0,0,0,39x24,41,0,1}
@1 handoff 80x24 zoom=0 layout=820e,80x24,0,0{40x24,0,0,2,39x24,41,0,3}
--- 15:06:38.749978258
@0 smoke %0 49638 0 act=1 40x24 L=0 T=0 R=39 B=23 wact=1 zoom=0
@0 smoke %1 49642 1 act=0 39x24 L=41 T=0 R=79 B=23 wact=1 zoom=0
@1 handoff %2 49646 0 act=0 40x24 L=0 T=0 R=39 B=23 wact=0 zoom=0
@1 handoff %3 49650 1 act=1 39x24 L=41 T=0 R=79 B=23 wact=0 zoom=0
@0 smoke 80x24 zoom=0 layout=8205,80x24,0,0{40x24,0,0,0,39x24,41,0,1}
@1 handoff 80x24 zoom=0 layout=820e,80x24,0,0{40x24,0,0,2,39x24,41,0,3}
--- 15:06:40.272956484
@0 smoke %0 49638 0 act=1 40x24 L=0 T=0 R=39 B=23 wact=1 zoom=0
@0 smoke %1 49642 1 act=0 39x24 L=41 T=0 R=79 B=23 wact=1 zoom=0
@1 handoff %2 49646 0 act=0 40x24 L=0 T=0 R=39 B=23 wact=0 zoom=0
@1 handoff %3 49650 1 act=1 39x24 L=41 T=0 R=79 B=23 wact=0 zoom=0
@0 smoke 80x24 zoom=0 layout=8205,80x24,0,0{40x24,0,0,0,39x24,41,0,1}
@1 handoff 80x24 zoom=0 layout=820e,80x24,0,0{40x24,0,0,2,39x24,41,0,3}
--- 15:06:41.786324689
@0 smoke %0 49638 0 act=1 40x24 L=0 T=0 R=39 B=23 wact=1 zoom=0
@0 smoke %1 49642 1 act=0 39x24 L=41 T=0 R=79 B=23 wact=1 zoom=0
@1 handoff %2 49646 0 act=0 40x24 L=0 T=0 R=39 B=23 wact=0 zoom=0
@1 handoff %3 49650 1 act=1 39x24 L=41 T=0 R=79 B=23 wact=0 zoom=0
@0 smoke 80x24 zoom=0 layout=8205,80x24,0,0{40x24,0,0,0,39x24,41,0,1}
@1 handoff 80x24 zoom=0 layout=820e,80x24,0,0{40x24,0,0,2,39x24,41,0,3}
--- 15:06:43.300833683
@0 smoke %0 49638 0 act=1 40x24 L=0 T=0 R=39 B=23 wact=1 zoom=0
@0 smoke %1 49642 1 act=0 39x24 L=41 T=0 R=79 B=23 wact=1 zoom=0
@1 handoff %2 49646 0 act=0 40x24 L=0 T=0 R=39 B=23 wact=0 zoom=0
@1 handoff %3 49650 1 act=1 39x24 L=41 T=0 R=79 B=23 wact=0 zoom=0
@0 smoke 80x24 zoom=0 layout=8205,80x24,0,0{40x24,0,0,0,39x24,41,0,1}
@1 handoff 80x24 zoom=0 layout=820e,80x24,0,0{40x24,0,0,2,39x24,41,0,3}
--- 15:06:44.830099639
@0 smoke %0 49638 0 act=1 40x24 L=0 T=0 R=39 B=23 wact=1 zoom=0
@0 smoke %1 49642 1 act=0 39x24 L=41 T=0 R=79 B=23 wact=1 zoom=0
@1 handoff %2 49646 0 act=0 40x24 L=0 T=0 R=39 B=23 wact=0 zoom=0
@1 handoff %3 49650 1 act=1 39x24 L=41 T=0 R=79 B=23 wact=0 zoom=0
@0 smoke 80x24 zoom=0 layout=8205,80x24,0,0{40x24,0,0,0,39x24,41,0,1}
@1 handoff 80x24 zoom=0 layout=820e,80x24,0,0{40x24,0,0,2,39x24,41,0,3}
--- 15:06:46.373036169
@0 smoke %0 49638 0 act=1 40x24 L=0 T=0 R=39 B=23 wact=1 zoom=0
@0 smoke %1 49642 1 act=0 39x24 L=41 T=0 R=79 B=23 wact=1 zoom=0
@1 handoff %2 49646 0 act=0 40x24 L=0 T=0 R=39 B=23 wact=0 zoom=0
@1 handoff %3 49650 1 act=1 39x24 L=41 T=0 R=79 B=23 wact=0 zoom=0
@0 smoke 80x24 zoom=0 layout=8205,80x24,0,0{40x24,0,0,0,39x24,41,0,1}
@1 handoff 80x24 zoom=0 layout=820e,80x24,0,0{40x24,0,0,2,39x24,41,0,3}
--- 15:06:47.898864618
@0 smoke %0 49638 0 act=1 40x24 L=0 T=0 R=39 B=23 wact=1 zoom=0
@0 smoke %1 49642 1 act=0 39x24 L=41 T=0 R=79 B=23 wact=1 zoom=0
@1 handoff %2 49646 0 act=0 40x24 L=0 T=0 R=39 B=23 wact=0 zoom=0
@1 handoff %3 49650 1 act=1 39x24 L=41 T=0 R=79 B=23 wact=0 zoom=0
@0 smoke 80x24 zoom=0 layout=8205,80x24,0,0{40x24,0,0,0,39x24,41,0,1}
@1 handoff 80x24 zoom=0 layout=820e,80x24,0,0{40x24,0,0,2,39x24,41,0,3}
--- 15:06:49.411916341
@0 smoke %0 49638 0 act=1 40x24 L=0 T=0 R=39 B=23 wact=1 zoom=0
@0 smoke %1 49642 1 act=0 39x24 L=41 T=0 R=79 B=23 wact=1 zoom=0
@1 handoff %2 49646 0 act=0 40x24 L=0 T=0 R=39 B=23 wact=0 zoom=0
@1 handoff %3 49650 1 act=1 39x24 L=41 T=0 R=79 B=23 wact=0 zoom=0
@0 smoke 80x24 zoom=0 layout=8205,80x24,0,0{40x24,0,0,0,39x24,41,0,1}
@1 handoff 80x24 zoom=0 layout=820e,80x24,0,0{40x24,0,0,2,39x24,41,0,3}
--- 15:06:50.924865197
@0 smoke %0 49638 0 act=1 40x24 L=0 T=0 R=39 B=23 wact=1 zoom=0
@0 smoke %1 49642 1 act=0 39x24 L=41 T=0 R=79 B=23 wact=1 zoom=0
@1 handoff %2 49646 0 act=0 40x24 L=0 T=0 R=39 B=23 wact=0 zoom=0
@1 handoff %3 49650 1 act=1 39x24 L=41 T=0 R=79 B=23 wact=0 zoom=0
@0 smoke 80x24 zoom=0 layout=8205,80x24,0,0{40x24,0,0,0,39x24,41,0,1}
@1 handoff 80x24 zoom=0 layout=820e,80x24,0,0{40x24,0,0,2,39x24,41,0,3}
--- 15:06:52.439920261
@0 smoke %0 49638 0 act=1 40x24 L=0 T=0 R=39 B=23 wact=1 zoom=0
@0 smoke %1 49642 1 act=0 39x24 L=41 T=0 R=79 B=23 wact=1 zoom=0
@1 handoff %2 49646 0 act=0 40x24 L=0 T=0 R=39 B=23 wact=0 zoom=0
@1 handoff %3 49650 1 act=1 39x24 L=41 T=0 R=79 B=23 wact=0 zoom=0
@0 smoke 80x24 zoom=0 layout=8205,80x24,0,0{40x24,0,0,0,39x24,41,0,1}
@1 handoff 80x24 zoom=0 layout=820e,80x24,0,0{40x24,0,0,2,39x24,41,0,3}
--- 15:06:53.954378208
@0 smoke %0 49638 0 act=1 40x24 L=0 T=0 R=39 B=23 wact=1 zoom=0
@0 smoke %1 49642 1 act=0 39x24 L=41 T=0 R=79 B=23 wact=1 zoom=0
@1 handoff %2 49646 0 act=0 40x24 L=0 T=0 R=39 B=23 wact=0 zoom=0
@1 handoff %3 49650 1 act=1 39x24 L=41 T=0 R=79 B=23 wact=0 zoom=0
@0 smoke 80x24 zoom=0 layout=8205,80x24,0,0{40x24,0,0,0,39x24,41,0,1}
@1 handoff 80x24 zoom=0 layout=820e,80x24,0,0{40x24,0,0,2,39x24,41,0,3}
--- 15:06:55.467219005
@0 smoke %0 49638 0 act=1 40x24 L=0 T=0 R=39 B=23 wact=1 zoom=0
@0 smoke %1 49642 1 act=0 39x24 L=41 T=0 R=79 B=23 wact=1 zoom=0
@1 handoff %2 49646 0 act=0 40x24 L=0 T=0 R=39 B=23 wact=0 zoom=0
@1 handoff %3 49650 1 act=1 39x24 L=41 T=0 R=79 B=23 wact=0 zoom=0
@0 smoke 80x24 zoom=0 layout=8205,80x24,0,0{40x24,0,0,0,39x24,41,0,1}
@1 handoff 80x24 zoom=0 layout=820e,80x24,0,0{40x24,0,0,2,39x24,41,0,3}
--- 15:06:56.983410167
@0 smoke %0 49638 0 act=1 40x24 L=0 T=0 R=39 B=23 wact=1 zoom=0
@0 smoke %1 49642 1 act=0 39x24 L=41 T=0 R=79 B=23 wact=1 zoom=0
@1 handoff %2 49646 0 act=0 40x24 L=0 T=0 R=39 B=23 wact=0 zoom=0
@1 handoff %3 49650 1 act=1 39x24 L=41 T=0 R=79 B=23 wact=0 zoom=0
@0 smoke 80x24 zoom=0 layout=8205,80x24,0,0{40x24,0,0,0,39x24,41,0,1}
@1 handoff 80x24 zoom=0 layout=820e,80x24,0,0{40x24,0,0,2,39x24,41,0,3}
--- 15:06:58.496854141
@0 smoke %0 49638 0 act=1 40x24 L=0 T=0 R=39 B=23 wact=1 zoom=0
@0 smoke %1 49642 1 act=0 39x24 L=41 T=0 R=79 B=23 wact=1 zoom=0
@1 handoff %2 49646 0 act=0 40x24 L=0 T=0 R=39 B=23 wact=0 zoom=0
@1 handoff %3 49650 1 act=1 39x24 L=41 T=0 R=79 B=23 wact=0 zoom=0
@0 smoke 80x24 zoom=0 layout=8205,80x24,0,0{40x24,0,0,0,39x24,41,0,1}
@1 handoff 80x24 zoom=0 layout=820e,80x24,0,0{40x24,0,0,2,39x24,41,0,3}
--- 15:07:00.009734282
@0 smoke %0 49638 0 act=1 40x24 L=0 T=0 R=39 B=23 wact=1 zoom=0
@0 smoke %1 49642 1 act=0 39x24 L=41 T=0 R=79 B=23 wact=1 zoom=0
@1 handoff %2 49646 0 act=0 40x24 L=0 T=0 R=39 B=23 wact=0 zoom=0
@1 handoff %3 49650 1 act=1 39x24 L=41 T=0 R=79 B=23 wact=0 zoom=0
@0 smoke 80x24 zoom=0 layout=8205,80x24,0,0{40x24,0,0,0,39x24,41,0,1}
@1 handoff 80x24 zoom=0 layout=820e,80x24,0,0{40x24,0,0,2,39x24,41,0,3}
--- 15:07:01.523323332
@0 smoke %0 49638 0 act=1 40x24 L=0 T=0 R=39 B=23 wact=1 zoom=0
@0 smoke %1 49642 1 act=0 39x24 L=41 T=0 R=79 B=23 wact=1 zoom=0
@1 handoff %2 49646 0 act=0 40x24 L=0 T=0 R=39 B=23 wact=0 zoom=0
@1 handoff %3 49650 1 act=1 39x24 L=41 T=0 R=79 B=23 wact=0 zoom=0
@0 smoke 80x24 zoom=0 layout=8205,80x24,0,0{40x24,0,0,0,39x24,41,0,1}
@1 handoff 80x24 zoom=0 layout=820e,80x24,0,0{40x24,0,0,2,39x24,41,0,3}
--- 15:07:03.036394808
@0 smoke %0 49638 0 act=1 40x24 L=0 T=0 R=39 B=23 wact=1 zoom=0
@0 smoke %1 49642 1 act=0 39x24 L=41 T=0 R=79 B=23 wact=1 zoom=0
@1 handoff %2 49646 0 act=0 40x24 L=0 T=0 R=39 B=23 wact=0 zoom=0
@1 handoff %3 49650 1 act=1 39x24 L=41 T=0 R=79 B=23 wact=0 zoom=0
@0 smoke 80x24 zoom=0 layout=8205,80x24,0,0{40x24,0,0,0,39x24,41,0,1}
@1 handoff 80x24 zoom=0 layout=820e,80x24,0,0{40x24,0,0,2,39x24,41,0,3}
--- 15:07:04.549569682
@0 smoke %0 49638 0 act=1 40x24 L=0 T=0 R=39 B=23 wact=1 zoom=0
@0 smoke %1 49642 1 act=0 39x24 L=41 T=0 R=79 B=23 wact=1 zoom=0
@1 handoff %2 49646 0 act=0 40x24 L=0 T=0 R=39 B=23 wact=0 zoom=0
@1 handoff %3 49650 1 act=1 39x24 L=41 T=0 R=79 B=23 wact=0 zoom=0
@0 smoke 80x24 zoom=0 layout=8205,80x24,0,0{40x24,0,0,0,39x24,41,0,1}
@1 handoff 80x24 zoom=0 layout=820e,80x24,0,0{40x24,0,0,2,39x24,41,0,3}
--- 15:07:06.062482539
@0 smoke %0 49638 0 act=1 40x24 L=0 T=0 R=39 B=23 wact=1 zoom=0
@0 smoke %1 49642 1 act=0 39x24 L=41 T=0 R=79 B=23 wact=1 zoom=0
@1 handoff %2 49646 0 act=0 40x24 L=0 T=0 R=39 B=23 wact=0 zoom=0
@1 handoff %3 49650 1 act=1 39x24 L=41 T=0 R=79 B=23 wact=0 zoom=0
@0 smoke 80x24 zoom=0 layout=8205,80x24,0,0{40x24,0,0,0,39x24,41,0,1}
@1 handoff 80x24 zoom=0 layout=820e,80x24,0,0{40x24,0,0,2,39x24,41,0,3}
--- 15:07:07.575254770
@0 smoke %0 49638 0 act=1 40x24 L=0 T=0 R=39 B=23 wact=1 zoom=0
@0 smoke %1 49642 1 act=0 39x24 L=41 T=0 R=79 B=23 wact=1 zoom=0
@1 handoff %2 49646 0 act=0 40x24 L=0 T=0 R=39 B=23 wact=0 zoom=0
@1 handoff %3 49650 1 act=1 39x24 L=41 T=0 R=79 B=23 wact=0 zoom=0
@0 smoke 80x24 zoom=0 layout=8205,80x24,0,0{40x24,0,0,0,39x24,41,0,1}
@1 handoff 80x24 zoom=0 layout=820e,80x24,0,0{40x24,0,0,2,39x24,41,0,3}
--- 15:07:09.088033257
@0 smoke %0 49638 0 act=1 40x24 L=0 T=0 R=39 B=23 wact=1 zoom=0
@0 smoke %1 49642 1 act=0 39x24 L=41 T=0 R=79 B=23 wact=1 zoom=0
@1 handoff %2 49646 0 act=0 40x24 L=0 T=0 R=39 B=23 wact=0 zoom=0
@1 handoff %3 49650 1 act=1 39x24 L=41 T=0 R=79 B=23 wact=0 zoom=0
@0 smoke 80x24 zoom=0 layout=8205,80x24,0,0{40x24,0,0,0,39x24,41,0,1}
@1 handoff 80x24 zoom=0 layout=820e,80x24,0,0{40x24,0,0,2,39x24,41,0,3}
--- 15:07:10.601578110
@0 smoke %0 49638 0 act=1 40x24 L=0 T=0 R=39 B=23 wact=1 zoom=0
@0 smoke %1 49642 1 act=0 39x24 L=41 T=0 R=79 B=23 wact=1 zoom=0
@1 handoff %2 49646 0 act=0 40x24 L=0 T=0 R=39 B=23 wact=0 zoom=0
@1 handoff %3 49650 1 act=1 39x24 L=41 T=0 R=79 B=23 wact=0 zoom=0
@0 smoke 80x24 zoom=0 layout=8205,80x24,0,0{40x24,0,0,0,39x24,41,0,1}
@1 handoff 80x24 zoom=0 layout=820e,80x24,0,0{40x24,0,0,2,39x24,41,0,3}
--- 15:07:12.114900982
@0 smoke %0 49638 0 act=1 40x24 L=0 T=0 R=39 B=23 wact=1 zoom=0
@0 smoke %1 49642 1 act=0 39x24 L=41 T=0 R=79 B=23 wact=1 zoom=0
@1 handoff %2 49646 0 act=0 40x24 L=0 T=0 R=39 B=23 wact=0 zoom=0
@1 handoff %3 49650 1 act=1 39x24 L=41 T=0 R=79 B=23 wact=0 zoom=0
@0 smoke 80x24 zoom=0 layout=8205,80x24,0,0{40x24,0,0,0,39x24,41,0,1}
@1 handoff 80x24 zoom=0 layout=820e,80x24,0,0{40x24,0,0,2,39x24,41,0,3}
--- 15:07:13.640794180
@0 smoke %0 49638 0 act=1 40x24 L=0 T=0 R=39 B=23 wact=1 zoom=0
@0 smoke %1 49642 1 act=0 39x24 L=41 T=0 R=79 B=23 wact=1 zoom=0
@1 handoff %2 49646 0 act=0 40x24 L=0 T=0 R=39 B=23 wact=0 zoom=0
@1 handoff %3 49650 1 act=1 39x24 L=41 T=0 R=79 B=23 wact=0 zoom=0
@0 smoke 80x24 zoom=0 layout=8205,80x24,0,0{40x24,0,0,0,39x24,41,0,1}
@1 handoff 80x24 zoom=0 layout=820e,80x24,0,0{40x24,0,0,2,39x24,41,0,3}
--- 15:07:15.168271867
@0 smoke %0 49638 0 act=1 40x24 L=0 T=0 R=39 B=23 wact=1 zoom=0
@0 smoke %1 49642 1 act=0 39x24 L=41 T=0 R=79 B=23 wact=1 zoom=0
@1 handoff %2 49646 0 act=0 40x24 L=0 T=0 R=39 B=23 wact=0 zoom=0
@1 handoff %3 49650 1 act=1 39x24 L=41 T=0 R=79 B=23 wact=0 zoom=0
@0 smoke 80x24 zoom=0 layout=8205,80x24,0,0{40x24,0,0,0,39x24,41,0,1}
@1 handoff 80x24 zoom=0 layout=820e,80x24,0,0{40x24,0,0,2,39x24,41,0,3}
--- 15:07:16.681168551
@0 smoke %0 49638 0 act=1 40x24 L=0 T=0 R=39 B=23 wact=1 zoom=0
@0 smoke %1 49642 1 act=0 39x24 L=41 T=0 R=79 B=23 wact=1 zoom=0
@1 handoff %2 49646 0 act=0 40x24 L=0 T=0 R=39 B=23 wact=0 zoom=0
@1 handoff %3 49650 1 act=1 39x24 L=41 T=0 R=79 B=23 wact=0 zoom=0
@0 smoke 80x24 zoom=0 layout=8205,80x24,0,0{40x24,0,0,0,39x24,41,0,1}
@1 handoff 80x24 zoom=0 layout=820e,80x24,0,0{40x24,0,0,2,39x24,41,0,3}
--- 15:07:18.195990693
@0 smoke %0 49638 0 act=1 40x24 L=0 T=0 R=39 B=23 wact=1 zoom=0
@0 smoke %1 49642 1 act=0 39x24 L=41 T=0 R=79 B=23 wact=1 zoom=0
@1 handoff %2 49646 0 act=0 40x24 L=0 T=0 R=39 B=23 wact=0 zoom=0
@1 handoff %3 49650 1 act=1 39x24 L=41 T=0 R=79 B=23 wact=0 zoom=0
@0 smoke 80x24 zoom=0 layout=8205,80x24,0,0{40x24,0,0,0,39x24,41,0,1}
@1 handoff 80x24 zoom=0 layout=820e,80x24,0,0{40x24,0,0,2,39x24,41,0,3}
--- 15:07:19.709459245
@0 smoke %0 49638 0 act=1 40x24 L=0 T=0 R=39 B=23 wact=1 zoom=0
@0 smoke %1 49642 1 act=0 39x24 L=41 T=0 R=79 B=23 wact=1 zoom=0
@1 handoff %2 49646 0 act=0 40x24 L=0 T=0 R=39 B=23 wact=0 zoom=0
@1 handoff %3 49650 1 act=1 39x24 L=41 T=0 R=79 B=23 wact=0 zoom=0
@0 smoke 80x24 zoom=0 layout=8205,80x24,0,0{40x24,0,0,0,39x24,41,0,1}
@1 handoff 80x24 zoom=0 layout=820e,80x24,0,0{40x24,0,0,2,39x24,41,0,3}
--- 15:07:21.223067435
@0 smoke %0 49638 0 act=1 40x24 L=0 T=0 R=39 B=23 wact=1 zoom=0
@0 smoke %1 49642 1 act=0 39x24 L=41 T=0 R=79 B=23 wact=1 zoom=0
@1 handoff %2 49646 0 act=0 40x24 L=0 T=0 R=39 B=23 wact=0 zoom=0
@1 handoff %3 49650 1 act=1 39x24 L=41 T=0 R=79 B=23 wact=0 zoom=0
@0 smoke 80x24 zoom=0 layout=8205,80x24,0,0{40x24,0,0,0,39x24,41,0,1}
@1 handoff 80x24 zoom=0 layout=820e,80x24,0,0{40x24,0,0,2,39x24,41,0,3}
--- 15:07:22.737008153
@0 smoke %0 49638 0 act=1 40x24 L=0 T=0 R=39 B=23 wact=1 zoom=0
@0 smoke %1 49642 1 act=0 39x24 L=41 T=0 R=79 B=23 wact=1 zoom=0
@1 handoff %2 49646 0 act=0 40x24 L=0 T=0 R=39 B=23 wact=0 zoom=0
@1 handoff %3 49650 1 act=1 39x24 L=41 T=0 R=79 B=23 wact=0 zoom=0
@0 smoke 80x24 zoom=0 layout=8205,80x24,0,0{40x24,0,0,0,39x24,41,0,1}
@1 handoff 80x24 zoom=0 layout=820e,80x24,0,0{40x24,0,0,2,39x24,41,0,3}
--- 15:07:24.250210318
@0 smoke %0 49638 0 act=1 40x24 L=0 T=0 R=39 B=23 wact=1 zoom=0
@0 smoke %1 49642 1 act=0 39x24 L=41 T=0 R=79 B=23 wact=1 zoom=0
@1 handoff %2 49646 0 act=0 40x24 L=0 T=0 R=39 B=23 wact=0 zoom=0
@1 handoff %3 49650 1 act=1 39x24 L=41 T=0 R=79 B=23 wact=0 zoom=0
@0 smoke 80x24 zoom=0 layout=8205,80x24,0,0{40x24,0,0,0,39x24,41,0,1}
@1 handoff 80x24 zoom=0 layout=820e,80x24,0,0{40x24,0,0,2,39x24,41,0,3}
--- 15:07:25.763644194
@0 smoke %0 49638 0 act=1 40x24 L=0 T=0 R=39 B=23 wact=1 zoom=0
@0 smoke %1 49642 1 act=0 39x24 L=41 T=0 R=79 B=23 wact=1 zoom=0
@1 handoff %2 49646 0 act=0 40x24 L=0 T=0 R=39 B=23 wact=0 zoom=0
@1 handoff %3 49650 1 act=1 39x24 L=41 T=0 R=79 B=23 wact=0 zoom=0
@0 smoke 80x24 zoom=0 layout=8205,80x24,0,0{40x24,0,0,0,39x24,41,0,1}
@1 handoff 80x24 zoom=0 layout=820e,80x24,0,0{40x24,0,0,2,39x24,41,0,3}
--- 15:07:27.276719631
@0 smoke %0 49638 0 act=1 40x24 L=0 T=0 R=39 B=23 wact=1 zoom=0
@0 smoke %1 49642 1 act=0 39x24 L=41 T=0 R=79 B=23 wact=1 zoom=0
@1 handoff %2 49646 0 act=0 40x24 L=0 T=0 R=39 B=23 wact=0 zoom=0
@1 handoff %3 49650 1 act=1 39x24 L=41 T=0 R=79 B=23 wact=0 zoom=0
@0 smoke 80x24 zoom=0 layout=8205,80x24,0,0{40x24,0,0,0,39x24,41,0,1}
@1 handoff 80x24 zoom=0 layout=820e,80x24,0,0{40x24,0,0,2,39x24,41,0,3}
--- 15:07:28.789957664
@0 smoke %0 49638 0 act=1 40x24 L=0 T=0 R=39 B=23 wact=1 zoom=0
@0 smoke %1 49642 1 act=0 39x24 L=41 T=0 R=79 B=23 wact=1 zoom=0
@1 handoff %2 49646 0 act=0 40x24 L=0 T=0 R=39 B=23 wact=0 zoom=0
@1 handoff %3 49650 1 act=1 39x24 L=41 T=0 R=79 B=23 wact=0 zoom=0
@0 smoke 80x24 zoom=0 layout=8205,80x24,0,0{40x24,0,0,0,39x24,41,0,1}
@1 handoff 80x24 zoom=0 layout=820e,80x24,0,0{40x24,0,0,2,39x24,41,0,3}
--- 15:07:30.308349721
@0 smoke %0 49638 0 act=1 40x24 L=0 T=0 R=39 B=23 wact=1 zoom=0
@0 smoke %1 49642 1 act=0 39x24 L=41 T=0 R=79 B=23 wact=1 zoom=0
@1 handoff %2 49646 0 act=0 40x24 L=0 T=0 R=39 B=23 wact=0 zoom=0
@1 handoff %3 49650 1 act=1 39x24 L=41 T=0 R=79 B=23 wact=0 zoom=0
@0 smoke 80x24 zoom=0 layout=8205,80x24,0,0{40x24,0,0,0,39x24,41,0,1}
@1 handoff 80x24 zoom=0 layout=820e,80x24,0,0{40x24,0,0,2,39x24,41,0,3}
--- 15:07:31.822516144
@0 smoke %0 49638 0 act=1 40x24 L=0 T=0 R=39 B=23 wact=1 zoom=0
@0 smoke %1 49642 1 act=0 39x24 L=41 T=0 R=79 B=23 wact=1 zoom=0
@1 handoff %2 49646 0 act=0 40x24 L=0 T=0 R=39 B=23 wact=0 zoom=0
@1 handoff %3 49650 1 act=1 39x24 L=41 T=0 R=79 B=23 wact=0 zoom=0
@0 smoke 80x24 zoom=0 layout=8205,80x24,0,0{40x24,0,0,0,39x24,41,0,1}
@1 handoff 80x24 zoom=0 layout=820e,80x24,0,0{40x24,0,0,2,39x24,41,0,3}
--- 15:07:33.335328395
@0 smoke %0 49638 0 act=1 40x24 L=0 T=0 R=39 B=23 wact=1 zoom=0
@0 smoke %1 49642 1 act=0 39x24 L=41 T=0 R=79 B=23 wact=1 zoom=0
@1 handoff %2 49646 0 act=0 40x24 L=0 T=0 R=39 B=23 wact=0 zoom=0
@1 handoff %3 49650 1 act=1 39x24 L=41 T=0 R=79 B=23 wact=0 zoom=0
@0 smoke 80x24 zoom=0 layout=8205,80x24,0,0{40x24,0,0,0,39x24,41,0,1}
@1 handoff 80x24 zoom=0 layout=820e,80x24,0,0{40x24,0,0,2,39x24,41,0,3}
--- 15:07:34.848328862
@0 smoke %0 49638 0 act=1 40x24 L=0 T=0 R=39 B=23 wact=1 zoom=0
@0 smoke %1 49642 1 act=0 39x24 L=41 T=0 R=79 B=23 wact=1 zoom=0
@1 handoff %2 49646 0 act=0 40x24 L=0 T=0 R=39 B=23 wact=0 zoom=0
@1 handoff %3 49650 1 act=1 39x24 L=41 T=0 R=79 B=23 wact=0 zoom=0
@0 smoke 80x24 zoom=0 layout=8205,80x24,0,0{40x24,0,0,0,39x24,41,0,1}
@1 handoff 80x24 zoom=0 layout=820e,80x24,0,0{40x24,0,0,2,39x24,41,0,3}
--- 15:07:36.361300722
@0 smoke %0 49638 0 act=1 40x24 L=0 T=0 R=39 B=23 wact=1 zoom=0
@0 smoke %1 49642 1 act=0 39x24 L=41 T=0 R=79 B=23 wact=1 zoom=0
@1 handoff %2 49646 0 act=0 40x24 L=0 T=0 R=39 B=23 wact=0 zoom=0
@1 handoff %3 49650 1 act=1 39x24 L=41 T=0 R=79 B=23 wact=0 zoom=0
@0 smoke 80x24 zoom=0 layout=8205,80x24,0,0{40x24,0,0,0,39x24,41,0,1}
@1 handoff 80x24 zoom=0 layout=820e,80x24,0,0{40x24,0,0,2,39x24,41,0,3}
--- 15:07:37.874023929
@0 smoke %0 49638 0 act=1 40x24 L=0 T=0 R=39 B=23 wact=1 zoom=0
@0 smoke %1 49642 1 act=0 39x24 L=41 T=0 R=79 B=23 wact=1 zoom=0
@1 handoff %2 49646 0 act=0 40x24 L=0 T=0 R=39 B=23 wact=0 zoom=0
@1 handoff %3 49650 1 act=1 39x24 L=41 T=0 R=79 B=23 wact=0 zoom=0
@0 smoke 80x24 zoom=0 layout=8205,80x24,0,0{40x24,0,0,0,39x24,41,0,1}
@1 handoff 80x24 zoom=0 layout=820e,80x24,0,0{40x24,0,0,2,39x24,41,0,3}
--- 15:07:39.387226583
@0 smoke %0 49638 0 act=1 40x24 L=0 T=0 R=39 B=23 wact=1 zoom=0
@0 smoke %1 49642 1 act=0 39x24 L=41 T=0 R=79 B=23 wact=1 zoom=0
@1 handoff %2 49646 0 act=0 40x24 L=0 T=0 R=39 B=23 wact=0 zoom=0
@1 handoff %3 49650 1 act=1 39x24 L=41 T=0 R=79 B=23 wact=0 zoom=0
@0 smoke 80x24 zoom=0 layout=8205,80x24,0,0{40x24,0,0,0,39x24,41,0,1}
@1 handoff 80x24 zoom=0 layout=820e,80x24,0,0{40x24,0,0,2,39x24,41,0,3}
--- 15:07:40.900086415
@0 smoke %0 49638 0 act=1 40x24 L=0 T=0 R=39 B=23 wact=1 zoom=0
@0 smoke %1 49642 1 act=0 39x24 L=41 T=0 R=79 B=23 wact=1 zoom=0
@1 handoff %2 49646 0 act=0 40x24 L=0 T=0 R=39 B=23 wact=0 zoom=0
@1 handoff %3 49650 1 act=1 39x24 L=41 T=0 R=79 B=23 wact=0 zoom=0
@0 smoke 80x24 zoom=0 layout=8205,80x24,0,0{40x24,0,0,0,39x24,41,0,1}
@1 handoff 80x24 zoom=0 layout=820e,80x24,0,0{40x24,0,0,2,39x24,41,0,3}
--- 15:07:42.415085125
@0 smoke %0 49638 0 act=1 40x24 L=0 T=0 R=39 B=23 wact=1 zoom=0
@0 smoke %1 49642 1 act=0 39x24 L=41 T=0 R=79 B=23 wact=1 zoom=0
@1 handoff %2 49646 0 act=0 40x24 L=0 T=0 R=39 B=23 wact=0 zoom=0
@1 handoff %3 49650 1 act=1 39x24 L=41 T=0 R=79 B=23 wact=0 zoom=0
@0 smoke 80x24 zoom=0 layout=8205,80x24,0,0{40x24,0,0,0,39x24,41,0,1}
@1 handoff 80x24 zoom=0 layout=820e,80x24,0,0{40x24,0,0,2,39x24,41,0,3}
--- 15:07:43.930172585
@0 smoke %0 49638 0 act=1 40x24 L=0 T=0 R=39 B=23 wact=1 zoom=0
@0 smoke %1 49642 1 act=0 39x24 L=41 T=0 R=79 B=23 wact=1 zoom=0
@1 handoff %2 49646 0 act=0 40x24 L=0 T=0 R=39 B=23 wact=0 zoom=0
@1 handoff %3 49650 1 act=1 39x24 L=41 T=0 R=79 B=23 wact=0 zoom=0
@0 smoke 80x24 zoom=0 layout=8205,80x24,0,0{40x24,0,0,0,39x24,41,0,1}
@1 handoff 80x24 zoom=0 layout=820e,80x24,0,0{40x24,0,0,2,39x24,41,0,3}
--- 15:07:45.443922349
@0 smoke %0 49638 0 act=1 40x24 L=0 T=0 R=39 B=23 wact=1 zoom=0
@0 smoke %1 49642 1 act=0 39x24 L=41 T=0 R=79 B=23 wact=1 zoom=0
@1 handoff %2 49646 0 act=0 40x24 L=0 T=0 R=39 B=23 wact=0 zoom=0
@1 handoff %3 49650 1 act=1 39x24 L=41 T=0 R=79 B=23 wact=0 zoom=0
@0 smoke 80x24 zoom=0 layout=8205,80x24,0,0{40x24,0,0,0,39x24,41,0,1}
@1 handoff 80x24 zoom=0 layout=820e,80x24,0,0{40x24,0,0,2,39x24,41,0,3}
--- 15:07:46.957012607
@0 smoke %0 49638 0 act=1 40x24 L=0 T=0 R=39 B=23 wact=1 zoom=0
@0 smoke %1 49642 1 act=0 39x24 L=41 T=0 R=79 B=23 wact=1 zoom=0
@1 handoff %2 49646 0 act=0 40x24 L=0 T=0 R=39 B=23 wact=0 zoom=0
@1 handoff %3 49650 1 act=1 39x24 L=41 T=0 R=79 B=23 wact=0 zoom=0
@0 smoke 80x24 zoom=0 layout=8205,80x24,0,0{40x24,0,0,0,39x24,41,0,1}
@1 handoff 80x24 zoom=0 layout=820e,80x24,0,0{40x24,0,0,2,39x24,41,0,3}
--- 15:07:48.470043845
@0 smoke %0 49638 0 act=1 40x24 L=0 T=0 R=39 B=23 wact=1 zoom=0
@0 smoke %1 49642 1 act=0 39x24 L=41 T=0 R=79 B=23 wact=1 zoom=0
@1 handoff %2 49646 0 act=0 40x24 L=0 T=0 R=39 B=23 wact=0 zoom=0
@1 handoff %3 49650 1 act=1 39x24 L=41 T=0 R=79 B=23 wact=0 zoom=0
@0 smoke 80x24 zoom=0 layout=8205,80x24,0,0{40x24,0,0,0,39x24,41,0,1}
@1 handoff 80x24 zoom=0 layout=820e,80x24,0,0{40x24,0,0,2,39x24,41,0,3}
--- 15:07:49.983071135
@0 smoke %0 49638 0 act=1 40x24 L=0 T=0 R=39 B=23 wact=1 zoom=0
@0 smoke %1 49642 1 act=0 39x24 L=41 T=0 R=79 B=23 wact=1 zoom=0
@1 handoff %2 49646 0 act=0 40x24 L=0 T=0 R=39 B=23 wact=0 zoom=0
@1 handoff %3 49650 1 act=1 39x24 L=41 T=0 R=79 B=23 wact=0 zoom=0
@0 smoke 80x24 zoom=0 layout=8205,80x24,0,0{40x24,0,0,0,39x24,41,0,1}
@1 handoff 80x24 zoom=0 layout=820e,80x24,0,0{40x24,0,0,2,39x24,41,0,3}
--- 15:07:51.511563388
@0 smoke %0 49638 0 act=1 40x24 L=0 T=0 R=39 B=23 wact=1 zoom=0
@0 smoke %1 49642 1 act=0 39x24 L=41 T=0 R=79 B=23 wact=1 zoom=0
@1 handoff %2 49646 0 act=0 40x24 L=0 T=0 R=39 B=23 wact=0 zoom=0
@1 handoff %3 49650 1 act=1 39x24 L=41 T=0 R=79 B=23 wact=0 zoom=0
@0 smoke 80x24 zoom=0 layout=8205,80x24,0,0{40x24,0,0,0,39x24,41,0,1}
@1 handoff 80x24 zoom=0 layout=820e,80x24,0,0{40x24,0,0,2,39x24,41,0,3}
--- 15:07:53.039870123
@0 smoke %0 49638 0 act=1 40x24 L=0 T=0 R=39 B=23 wact=1 zoom=0
@0 smoke %1 49642 1 act=0 39x24 L=41 T=0 R=79 B=23 wact=1 zoom=0
@1 handoff %2 49646 0 act=0 40x24 L=0 T=0 R=39 B=23 wact=0 zoom=0
@1 handoff %3 49650 1 act=1 39x24 L=41 T=0 R=79 B=23 wact=0 zoom=0
@0 smoke 80x24 zoom=0 layout=8205,80x24,0,0{40x24,0,0,0,39x24,41,0,1}
@1 handoff 80x24 zoom=0 layout=820e,80x24,0,0{40x24,0,0,2,39x24,41,0,3}
--- 15:07:54.552818657
@0 smoke %0 49638 0 act=1 40x24 L=0 T=0 R=39 B=23 wact=1 zoom=0
@0 smoke %1 49642 1 act=0 39x24 L=41 T=0 R=79 B=23 wact=1 zoom=0
@1 handoff %2 49646 0 act=0 40x24 L=0 T=0 R=39 B=23 wact=0 zoom=0
@1 handoff %3 49650 1 act=1 39x24 L=41 T=0 R=79 B=23 wact=0 zoom=0
@0 smoke 80x24 zoom=0 layout=8205,80x24,0,0{40x24,0,0,0,39x24,41,0,1}
@1 handoff 80x24 zoom=0 layout=820e,80x24,0,0{40x24,0,0,2,39x24,41,0,3}
--- 15:07:56.065755879
@0 smoke %0 49638 0 act=1 40x24 L=0 T=0 R=39 B=23 wact=1 zoom=0
@0 smoke %1 49642 1 act=0 39x24 L=41 T=0 R=79 B=23 wact=1 zoom=0
@1 handoff %2 49646 0 act=0 40x24 L=0 T=0 R=39 B=23 wact=0 zoom=0
@1 handoff %3 49650 1 act=1 39x24 L=41 T=0 R=79 B=23 wact=0 zoom=0
@0 smoke 80x24 zoom=0 layout=8205,80x24,0,0{40x24,0,0,0,39x24,41,0,1}
@1 handoff 80x24 zoom=0 layout=820e,80x24,0,0{40x24,0,0,2,39x24,41,0,3}
--- 15:07:57.579573298
@0 smoke %0 49638 0 act=1 40x24 L=0 T=0 R=39 B=23 wact=1 zoom=0
@0 smoke %1 49642 1 act=0 39x24 L=41 T=0 R=79 B=23 wact=1 zoom=0
@1 handoff %2 49646 0 act=0 40x24 L=0 T=0 R=39 B=23 wact=0 zoom=0
@1 handoff %3 49650 1 act=1 39x24 L=41 T=0 R=79 B=23 wact=0 zoom=0
@0 smoke 80x24 zoom=0 layout=8205,80x24,0,0{40x24,0,0,0,39x24,41,0,1}
@1 handoff 80x24 zoom=0 layout=820e,80x24,0,0{40x24,0,0,2,39x24,41,0,3}
--- 15:07:59.092413329
@0 smoke %0 49638 0 act=1 40x24 L=0 T=0 R=39 B=23 wact=1 zoom=0
@0 smoke %1 49642 1 act=0 39x24 L=41 T=0 R=79 B=23 wact=1 zoom=0
@1 handoff %2 49646 0 act=0 40x24 L=0 T=0 R=39 B=23 wact=0 zoom=0
@1 handoff %3 49650 1 act=1 39x24 L=41 T=0 R=79 B=23 wact=0 zoom=0
@0 smoke 80x24 zoom=0 layout=8205,80x24,0,0{40x24,0,0,0,39x24,41,0,1}
@1 handoff 80x24 zoom=0 layout=820e,80x24,0,0{40x24,0,0,2,39x24,41,0,3}
--- 15:08:00.605925239
@0 smoke %0 49638 0 act=1 40x24 L=0 T=0 R=39 B=23 wact=1 zoom=0
@0 smoke %1 49642 1 act=0 39x24 L=41 T=0 R=79 B=23 wact=1 zoom=0
@1 handoff %2 49646 0 act=0 40x24 L=0 T=0 R=39 B=23 wact=0 zoom=0
@1 handoff %3 49650 1 act=1 39x24 L=41 T=0 R=79 B=23 wact=0 zoom=0
@0 smoke 80x24 zoom=0 layout=8205,80x24,0,0{40x24,0,0,0,39x24,41,0,1}
@1 handoff 80x24 zoom=0 layout=820e,80x24,0,0{40x24,0,0,2,39x24,41,0,3}
--- 15:08:02.133063844
@0 smoke %0 49638 0 act=1 40x24 L=0 T=0 R=39 B=23 wact=1 zoom=0
@0 smoke %1 49642 1 act=0 39x24 L=41 T=0 R=79 B=23 wact=1 zoom=0
@1 handoff %2 49646 0 act=0 40x24 L=0 T=0 R=39 B=23 wact=0 zoom=0
@1 handoff %3 49650 1 act=1 39x24 L=41 T=0 R=79 B=23 wact=0 zoom=0
@0 smoke 80x24 zoom=0 layout=8205,80x24,0,0{40x24,0,0,0,39x24,41,0,1}
@1 handoff 80x24 zoom=0 layout=820e,80x24,0,0{40x24,0,0,2,39x24,41,0,3}
--- 15:08:03.658032957
@0 smoke %0 49638 0 act=1 40x24 L=0 T=0 R=39 B=23 wact=1 zoom=0
@0 smoke %1 49642 1 act=0 39x24 L=41 T=0 R=79 B=23 wact=1 zoom=0
@1 handoff %2 49646 0 act=0 40x24 L=0 T=0 R=39 B=23 wact=0 zoom=0
@1 handoff %3 49650 1 act=1 39x24 L=41 T=0 R=79 B=23 wact=0 zoom=0
@0 smoke 80x24 zoom=0 layout=8205,80x24,0,0{40x24,0,0,0,39x24,41,0,1}
@1 handoff 80x24 zoom=0 layout=820e,80x24,0,0{40x24,0,0,2,39x24,41,0,3}
--- 15:08:05.170909685
@0 smoke %0 49638 0 act=1 40x24 L=0 T=0 R=39 B=23 wact=1 zoom=0
@0 smoke %1 49642 1 act=0 39x24 L=41 T=0 R=79 B=23 wact=1 zoom=0
@1 handoff %2 49646 0 act=0 40x24 L=0 T=0 R=39 B=23 wact=0 zoom=0
@1 handoff %3 49650 1 act=1 39x24 L=41 T=0 R=79 B=23 wact=0 zoom=0
@0 smoke 80x24 zoom=0 layout=8205,80x24,0,0{40x24,0,0,0,39x24,41,0,1}
@1 handoff 80x24 zoom=0 layout=820e,80x24,0,0{40x24,0,0,2,39x24,41,0,3}
--- 15:08:06.683297904
@0 smoke %0 49638 0 act=1 40x24 L=0 T=0 R=39 B=23 wact=1 zoom=0
@0 smoke %1 49642 1 act=0 39x24 L=41 T=0 R=79 B=23 wact=1 zoom=0
@1 handoff %2 49646 0 act=0 40x24 L=0 T=0 R=39 B=23 wact=0 zoom=0
@1 handoff %3 49650 1 act=1 39x24 L=41 T=0 R=79 B=23 wact=0 zoom=0
@0 smoke 80x24 zoom=0 layout=8205,80x24,0,0{40x24,0,0,0,39x24,41,0,1}
@1 handoff 80x24 zoom=0 layout=820e,80x24,0,0{40x24,0,0,2,39x24,41,0,3}
--- 15:08:08.196277967
@0 smoke %0 49638 0 act=1 40x24 L=0 T=0 R=39 B=23 wact=1 zoom=0
@0 smoke %1 49642 1 act=0 39x24 L=41 T=0 R=79 B=23 wact=1 zoom=0
@1 handoff %2 49646 0 act=0 40x24 L=0 T=0 R=39 B=23 wact=0 zoom=0
@1 handoff %3 49650 1 act=1 39x24 L=41 T=0 R=79 B=23 wact=0 zoom=0
@0 smoke 80x24 zoom=0 layout=8205,80x24,0,0{40x24,0,0,0,39x24,41,0,1}
@1 handoff 80x24 zoom=0 layout=820e,80x24,0,0{40x24,0,0,2,39x24,41,0,3}
--- 15:08:09.709356112
@0 smoke %0 49638 0 act=1 40x24 L=0 T=0 R=39 B=23 wact=1 zoom=0
@0 smoke %1 49642 1 act=0 39x24 L=41 T=0 R=79 B=23 wact=1 zoom=0
@1 handoff %2 49646 0 act=0 40x24 L=0 T=0 R=39 B=23 wact=0 zoom=0
@1 handoff %3 49650 1 act=1 39x24 L=41 T=0 R=79 B=23 wact=0 zoom=0
@0 smoke 80x24 zoom=0 layout=8205,80x24,0,0{40x24,0,0,0,39x24,41,0,1}
@1 handoff 80x24 zoom=0 layout=820e,80x24,0,0{40x24,0,0,2,39x24,41,0,3}
--- 15:08:11.222078394
@0 smoke %0 49638 0 act=1 40x24 L=0 T=0 R=39 B=23 wact=1 zoom=0
@0 smoke %1 49642 1 act=0 39x24 L=41 T=0 R=79 B=23 wact=1 zoom=0
@1 handoff %2 49646 0 act=0 40x24 L=0 T=0 R=39 B=23 wact=0 zoom=0
@1 handoff %3 49650 1 act=1 39x24 L=41 T=0 R=79 B=23 wact=0 zoom=0
@0 smoke 80x24 zoom=0 layout=8205,80x24,0,0{40x24,0,0,0,39x24,41,0,1}
@1 handoff 80x24 zoom=0 layout=820e,80x24,0,0{40x24,0,0,2,39x24,41,0,3}
--- 15:08:12.735558880
@0 smoke %0 49638 0 act=1 40x24 L=0 T=0 R=39 B=23 wact=1 zoom=0
@0 smoke %1 49642 1 act=0 39x24 L=41 T=0 R=79 B=23 wact=1 zoom=0
@1 handoff %2 49646 0 act=0 40x24 L=0 T=0 R=39 B=23 wact=0 zoom=0
@1 handoff %3 49650 1 act=1 39x24 L=41 T=0 R=79 B=23 wact=0 zoom=0
@0 smoke 80x24 zoom=0 layout=8205,80x24,0,0{40x24,0,0,0,39x24,41,0,1}
@1 handoff 80x24 zoom=0 layout=820e,80x24,0,0{40x24,0,0,2,39x24,41,0,3}
--- 15:08:14.249356745
@0 smoke %0 49638 0 act=1 40x24 L=0 T=0 R=39 B=23 wact=1 zoom=0
@0 smoke %1 49642 1 act=0 39x24 L=41 T=0 R=79 B=23 wact=1 zoom=0
@1 handoff %2 49646 0 act=0 40x24 L=0 T=0 R=39 B=23 wact=0 zoom=0
@1 handoff %3 49650 1 act=1 39x24 L=41 T=0 R=79 B=23 wact=0 zoom=0
@0 smoke 80x24 zoom=0 layout=8205,80x24,0,0{40x24,0,0,0,39x24,41,0,1}
@1 handoff 80x24 zoom=0 layout=820e,80x24,0,0{40x24,0,0,2,39x24,41,0,3}
--- 15:08:15.762106015
@0 smoke %0 49638 0 act=1 40x24 L=0 T=0 R=39 B=23 wact=1 zoom=0
@0 smoke %1 49642 1 act=0 39x24 L=41 T=0 R=79 B=23 wact=1 zoom=0
@1 handoff %2 49646 0 act=0 40x24 L=0 T=0 R=39 B=23 wact=0 zoom=0
@1 handoff %3 49650 1 act=1 39x24 L=41 T=0 R=79 B=23 wact=0 zoom=0
@0 smoke 80x24 zoom=0 layout=8205,80x24,0,0{40x24,0,0,0,39x24,41,0,1}
@1 handoff 80x24 zoom=0 layout=820e,80x24,0,0{40x24,0,0,2,39x24,41,0,3}
--- 15:08:17.275052144
@0 smoke %0 49638 0 act=1 40x24 L=0 T=0 R=39 B=23 wact=1 zoom=0
@0 smoke %1 49642 1 act=0 39x24 L=41 T=0 R=79 B=23 wact=1 zoom=0
@1 handoff %2 49646 0 act=0 40x24 L=0 T=0 R=39 B=23 wact=0 zoom=0
@1 handoff %3 49650 1 act=1 39x24 L=41 T=0 R=79 B=23 wact=0 zoom=0
@0 smoke 80x24 zoom=0 layout=8205,80x24,0,0{40x24,0,0,0,39x24,41,0,1}
@1 handoff 80x24 zoom=0 layout=820e,80x24,0,0{40x24,0,0,2,39x24,41,0,3}
--- 15:08:18.787832367
@0 smoke %0 49638 0 act=1 40x24 L=0 T=0 R=39 B=23 wact=1 zoom=0
@0 smoke %1 49642 1 act=0 39x24 L=41 T=0 R=79 B=23 wact=1 zoom=0
@1 handoff %2 49646 0 act=0 40x24 L=0 T=0 R=39 B=23 wact=0 zoom=0
@1 handoff %3 49650 1 act=1 39x24 L=41 T=0 R=79 B=23 wact=0 zoom=0
@0 smoke 80x24 zoom=0 layout=8205,80x24,0,0{40x24,0,0,0,39x24,41,0,1}
@1 handoff 80x24 zoom=0 layout=820e,80x24,0,0{40x24,0,0,2,39x24,41,0,3}
--- 15:08:20.300536057
@0 smoke %0 49638 0 act=1 40x24 L=0 T=0 R=39 B=23 wact=1 zoom=0
@0 smoke %1 49642 1 act=0 39x24 L=41 T=0 R=79 B=23 wact=1 zoom=0
@1 handoff %2 49646 0 act=0 40x24 L=0 T=0 R=39 B=23 wact=0 zoom=0
@1 handoff %3 49650 1 act=1 39x24 L=41 T=0 R=79 B=23 wact=0 zoom=0
@0 smoke 80x24 zoom=0 layout=8205,80x24,0,0{40x24,0,0,0,39x24,41,0,1}
@1 handoff 80x24 zoom=0 layout=820e,80x24,0,0{40x24,0,0,2,39x24,41,0,3}
--- 15:08:21.813498746
@0 smoke %0 49638 0 act=1 40x24 L=0 T=0 R=39 B=23 wact=1 zoom=0
@0 smoke %1 49642 1 act=0 39x24 L=41 T=0 R=79 B=23 wact=1 zoom=0
@1 handoff %2 49646 0 act=0 40x24 L=0 T=0 R=39 B=23 wact=0 zoom=0
@1 handoff %3 49650 1 act=1 39x24 L=41 T=0 R=79 B=23 wact=0 zoom=0
@0 smoke 80x24 zoom=0 layout=8205,80x24,0,0{40x24,0,0,0,39x24,41,0,1}
@1 handoff 80x24 zoom=0 layout=820e,80x24,0,0{40x24,0,0,2,39x24,41,0,3}
--- 15:08:23.326287713
@0 smoke %0 49638 0 act=1 40x24 L=0 T=0 R=39 B=23 wact=1 zoom=0
@0 smoke %1 49642 1 act=0 39x24 L=41 T=0 R=79 B=23 wact=1 zoom=0
@1 handoff %2 49646 0 act=0 40x24 L=0 T=0 R=39 B=23 wact=0 zoom=0
@1 handoff %3 49650 1 act=1 39x24 L=41 T=0 R=79 B=23 wact=0 zoom=0
@0 smoke 80x24 zoom=0 layout=8205,80x24,0,0{40x24,0,0,0,39x24,41,0,1}
@1 handoff 80x24 zoom=0 layout=820e,80x24,0,0{40x24,0,0,2,39x24,41,0,3}
--- 15:08:24.839492553
@0 smoke %0 49638 0 act=1 40x24 L=0 T=0 R=39 B=23 wact=1 zoom=0
@0 smoke %1 49642 1 act=0 39x24 L=41 T=0 R=79 B=23 wact=1 zoom=0
@1 handoff %2 49646 0 act=0 40x24 L=0 T=0 R=39 B=23 wact=0 zoom=0
@1 handoff %3 49650 1 act=1 39x24 L=41 T=0 R=79 B=23 wact=0 zoom=0
@0 smoke 80x24 zoom=0 layout=8205,80x24,0,0{40x24,0,0,0,39x24,41,0,1}
@1 handoff 80x24 zoom=0 layout=820e,80x24,0,0{40x24,0,0,2,39x24,41,0,3}
--- 15:08:26.352827916
@0 smoke %0 49638 0 act=1 40x24 L=0 T=0 R=39 B=23 wact=1 zoom=0
@0 smoke %1 49642 1 act=0 39x24 L=41 T=0 R=79 B=23 wact=1 zoom=0
@1 handoff %2 49646 0 act=0 40x24 L=0 T=0 R=39 B=23 wact=0 zoom=0
@1 handoff %3 49650 1 act=1 39x24 L=41 T=0 R=79 B=23 wact=0 zoom=0
@0 smoke 80x24 zoom=0 layout=8205,80x24,0,0{40x24,0,0,0,39x24,41,0,1}
@1 handoff 80x24 zoom=0 layout=820e,80x24,0,0{40x24,0,0,2,39x24,41,0,3}
--- 15:08:27.866208300
@0 smoke %0 49638 0 act=1 40x24 L=0 T=0 R=39 B=23 wact=1 zoom=0
@0 smoke %1 49642 1 act=0 39x24 L=41 T=0 R=79 B=23 wact=1 zoom=0
@1 handoff %2 49646 0 act=0 40x24 L=0 T=0 R=39 B=23 wact=0 zoom=0
@1 handoff %3 49650 1 act=1 39x24 L=41 T=0 R=79 B=23 wact=0 zoom=0
@0 smoke 80x24 zoom=0 layout=8205,80x24,0,0{40x24,0,0,0,39x24,41,0,1}
@1 handoff 80x24 zoom=0 layout=820e,80x24,0,0{40x24,0,0,2,39x24,41,0,3}
--- 15:08:29.379290152
@0 smoke %0 49638 0 act=1 40x24 L=0 T=0 R=39 B=23 wact=1 zoom=0
@0 smoke %1 49642 1 act=0 39x24 L=41 T=0 R=79 B=23 wact=1 zoom=0
@1 handoff %2 49646 0 act=0 40x24 L=0 T=0 R=39 B=23 wact=0 zoom=0
@1 handoff %3 49650 1 act=1 39x24 L=41 T=0 R=79 B=23 wact=0 zoom=0
@0 smoke 80x24 zoom=0 layout=8205,80x24,0,0{40x24,0,0,0,39x24,41,0,1}
@1 handoff 80x24 zoom=0 layout=820e,80x24,0,0{40x24,0,0,2,39x24,41,0,3}
--- 15:08:30.893485466
@0 smoke %0 49638 0 act=1 40x24 L=0 T=0 R=39 B=23 wact=1 zoom=0
@0 smoke %1 49642 1 act=0 39x24 L=41 T=0 R=79 B=23 wact=1 zoom=0
@1 handoff %2 49646 0 act=0 40x24 L=0 T=0 R=39 B=23 wact=0 zoom=0
@1 handoff %3 49650 1 act=1 39x24 L=41 T=0 R=79 B=23 wact=0 zoom=0
@0 smoke 80x24 zoom=0 layout=8205,80x24,0,0{40x24,0,0,0,39x24,41,0,1}
@1 handoff 80x24 zoom=0 layout=820e,80x24,0,0{40x24,0,0,2,39x24,41,0,3}
--- 15:08:32.408420671
@0 smoke %0 49638 0 act=1 40x24 L=0 T=0 R=39 B=23 wact=1 zoom=0
@0 smoke %1 49642 1 act=0 39x24 L=41 T=0 R=79 B=23 wact=1 zoom=0
@1 handoff %2 49646 0 act=0 40x24 L=0 T=0 R=39 B=23 wact=0 zoom=0
@1 handoff %3 49650 1 act=1 39x24 L=41 T=0 R=79 B=23 wact=0 zoom=0
@0 smoke 80x24 zoom=0 layout=8205,80x24,0,0{40x24,0,0,0,39x24,41,0,1}
@1 handoff 80x24 zoom=0 layout=820e,80x24,0,0{40x24,0,0,2,39x24,41,0,3}
--- 15:08:33.921517136
@0 smoke %0 49638 0 act=1 40x24 L=0 T=0 R=39 B=23 wact=1 zoom=0
@0 smoke %1 49642 1 act=0 39x24 L=41 T=0 R=79 B=23 wact=1 zoom=0
@1 handoff %2 49646 0 act=0 40x24 L=0 T=0 R=39 B=23 wact=0 zoom=0
@1 handoff %3 49650 1 act=1 39x24 L=41 T=0 R=79 B=23 wact=0 zoom=0
@0 smoke 80x24 zoom=0 layout=8205,80x24,0,0{40x24,0,0,0,39x24,41,0,1}
@1 handoff 80x24 zoom=0 layout=820e,80x24,0,0{40x24,0,0,2,39x24,41,0,3}
--- 15:08:35.434565342
@0 smoke %0 49638 0 act=1 40x24 L=0 T=0 R=39 B=23 wact=1 zoom=0
@0 smoke %1 49642 1 act=0 39x24 L=41 T=0 R=79 B=23 wact=1 zoom=0
@1 handoff %2 49646 0 act=0 40x24 L=0 T=0 R=39 B=23 wact=0 zoom=0
@1 handoff %3 49650 1 act=1 39x24 L=41 T=0 R=79 B=23 wact=0 zoom=0
@0 smoke 80x24 zoom=0 layout=8205,80x24,0,0{40x24,0,0,0,39x24,41,0,1}
@1 handoff 80x24 zoom=0 layout=820e,80x24,0,0{40x24,0,0,2,39x24,41,0,3}
--- 15:08:36.947702935
@0 smoke %0 49638 0 act=1 40x24 L=0 T=0 R=39 B=23 wact=1 zoom=0
@0 smoke %1 49642 1 act=0 39x24 L=41 T=0 R=79 B=23 wact=1 zoom=0
@1 handoff %2 49646 0 act=0 40x24 L=0 T=0 R=39 B=23 wact=0 zoom=0
@1 handoff %3 49650 1 act=1 39x24 L=41 T=0 R=79 B=23 wact=0 zoom=0
@0 smoke 80x24 zoom=0 layout=8205,80x24,0,0{40x24,0,0,0,39x24,41,0,1}
@1 handoff 80x24 zoom=0 layout=820e,80x24,0,0{40x24,0,0,2,39x24,41,0,3}
--- 15:08:38.460497854
@0 smoke %0 49638 0 act=1 40x24 L=0 T=0 R=39 B=23 wact=1 zoom=0
@0 smoke %1 49642 1 act=0 39x24 L=41 T=0 R=79 B=23 wact=1 zoom=0
@1 handoff %2 49646 0 act=0 40x24 L=0 T=0 R=39 B=23 wact=0 zoom=0
@1 handoff %3 49650 1 act=1 39x24 L=41 T=0 R=79 B=23 wact=0 zoom=0
@0 smoke 80x24 zoom=0 layout=8205,80x24,0,0{40x24,0,0,0,39x24,41,0,1}
@1 handoff 80x24 zoom=0 layout=820e,80x24,0,0{40x24,0,0,2,39x24,41,0,3}
--- 15:08:39.985758414
@0 smoke %0 49638 0 act=1 40x24 L=0 T=0 R=39 B=23 wact=1 zoom=0
@0 smoke %1 49642 1 act=0 39x24 L=41 T=0 R=79 B=23 wact=1 zoom=0
@1 handoff %2 49646 0 act=0 40x24 L=0 T=0 R=39 B=23 wact=0 zoom=0
@1 handoff %3 49650 1 act=1 39x24 L=41 T=0 R=79 B=23 wact=0 zoom=0
@0 smoke 80x24 zoom=0 layout=8205,80x24,0,0{40x24,0,0,0,39x24,41,0,1}
@1 handoff 80x24 zoom=0 layout=820e,80x24,0,0{40x24,0,0,2,39x24,41,0,3}
--- 15:08:41.515983620
@0 smoke %0 49638 0 act=1 40x24 L=0 T=0 R=39 B=23 wact=1 zoom=0
@0 smoke %1 49642 1 act=0 39x24 L=41 T=0 R=79 B=23 wact=1 zoom=0
@1 handoff %2 49646 0 act=0 40x24 L=0 T=0 R=39 B=23 wact=0 zoom=0
@1 handoff %3 49650 1 act=1 39x24 L=41 T=0 R=79 B=23 wact=0 zoom=0
@0 smoke 80x24 zoom=0 layout=8205,80x24,0,0{40x24,0,0,0,39x24,41,0,1}
@1 handoff 80x24 zoom=0 layout=820e,80x24,0,0{40x24,0,0,2,39x24,41,0,3}
--- 15:08:43.029770054
@0 smoke %0 49638 0 act=1 40x24 L=0 T=0 R=39 B=23 wact=1 zoom=0
@0 smoke %1 49642 1 act=0 39x24 L=41 T=0 R=79 B=23 wact=1 zoom=0
@1 handoff %2 49646 0 act=0 40x24 L=0 T=0 R=39 B=23 wact=0 zoom=0
@1 handoff %3 49650 1 act=1 39x24 L=41 T=0 R=79 B=23 wact=0 zoom=0
@0 smoke 80x24 zoom=0 layout=8205,80x24,0,0{40x24,0,0,0,39x24,41,0,1}
@1 handoff 80x24 zoom=0 layout=820e,80x24,0,0{40x24,0,0,2,39x24,41,0,3}
--- 15:08:44.552026483
@0 smoke %0 49638 0 act=1 40x24 L=0 T=0 R=39 B=23 wact=1 zoom=0
@0 smoke %1 49642 1 act=0 39x24 L=41 T=0 R=79 B=23 wact=1 zoom=0
@1 handoff %2 49646 0 act=0 40x24 L=0 T=0 R=39 B=23 wact=0 zoom=0
@1 handoff %3 49650 1 act=1 39x24 L=41 T=0 R=79 B=23 wact=0 zoom=0
@0 smoke 80x24 zoom=0 layout=8205,80x24,0,0{40x24,0,0,0,39x24,41,0,1}
@1 handoff 80x24 zoom=0 layout=820e,80x24,0,0{40x24,0,0,2,39x24,41,0,3}
--- 15:08:46.073442710
@0 smoke %0 49638 0 act=1 40x24 L=0 T=0 R=39 B=23 wact=1 zoom=0
@0 smoke %1 49642 1 act=0 39x24 L=41 T=0 R=79 B=23 wact=1 zoom=0
@1 handoff %2 49646 0 act=0 40x24 L=0 T=0 R=39 B=23 wact=0 zoom=0
@1 handoff %3 49650 1 act=1 39x24 L=41 T=0 R=79 B=23 wact=0 zoom=0
@0 smoke 80x24 zoom=0 layout=8205,80x24,0,0{40x24,0,0,0,39x24,41,0,1}
@1 handoff 80x24 zoom=0 layout=820e,80x24,0,0{40x24,0,0,2,39x24,41,0,3}
--- 15:08:47.586939340
@0 smoke %0 49638 0 act=1 40x24 L=0 T=0 R=39 B=23 wact=1 zoom=0
@0 smoke %1 49642 1 act=0 39x24 L=41 T=0 R=79 B=23 wact=1 zoom=0
@1 handoff %2 49646 0 act=0 40x24 L=0 T=0 R=39 B=23 wact=0 zoom=0
@1 handoff %3 49650 1 act=1 39x24 L=41 T=0 R=79 B=23 wact=0 zoom=0
@0 smoke 80x24 zoom=0 layout=8205,80x24,0,0{40x24,0,0,0,39x24,41,0,1}
@1 handoff 80x24 zoom=0 layout=820e,80x24,0,0{40x24,0,0,2,39x24,41,0,3}
--- 15:08:49.099498205
@0 smoke %0 49638 0 act=1 40x24 L=0 T=0 R=39 B=23 wact=1 zoom=0
@0 smoke %1 49642 1 act=0 39x24 L=41 T=0 R=79 B=23 wact=1 zoom=0
@1 handoff %2 49646 0 act=0 40x24 L=0 T=0 R=39 B=23 wact=0 zoom=0
@1 handoff %3 49650 1 act=1 39x24 L=41 T=0 R=79 B=23 wact=0 zoom=0
@0 smoke 80x24 zoom=0 layout=8205,80x24,0,0{40x24,0,0,0,39x24,41,0,1}
@1 handoff 80x24 zoom=0 layout=820e,80x24,0,0{40x24,0,0,2,39x24,41,0,3}
--- 15:08:50.623329264
@0 smoke %0 49638 0 act=1 40x24 L=0 T=0 R=39 B=23 wact=1 zoom=0
@0 smoke %1 49642 1 act=0 39x24 L=41 T=0 R=79 B=23 wact=1 zoom=0
@1 handoff %2 49646 0 act=0 40x24 L=0 T=0 R=39 B=23 wact=0 zoom=0
@1 handoff %3 49650 1 act=1 39x24 L=41 T=0 R=79 B=23 wact=0 zoom=0
@0 smoke 80x24 zoom=0 layout=8205,80x24,0,0{40x24,0,0,0,39x24,41,0,1}
@1 handoff 80x24 zoom=0 layout=820e,80x24,0,0{40x24,0,0,2,39x24,41,0,3}
--- 15:08:52.145079482
@0 smoke %0 49638 0 act=1 40x24 L=0 T=0 R=39 B=23 wact=1 zoom=0
@0 smoke %1 49642 1 act=0 39x24 L=41 T=0 R=79 B=23 wact=1 zoom=0
@1 handoff %2 49646 0 act=0 40x24 L=0 T=0 R=39 B=23 wact=0 zoom=0
@1 handoff %3 49650 1 act=1 39x24 L=41 T=0 R=79 B=23 wact=0 zoom=0
@0 smoke 80x24 zoom=0 layout=8205,80x24,0,0{40x24,0,0,0,39x24,41,0,1}
@1 handoff 80x24 zoom=0 layout=820e,80x24,0,0{40x24,0,0,2,39x24,41,0,3}
--- 15:08:53.657862005
@0 smoke %0 49638 0 act=1 40x24 L=0 T=0 R=39 B=23 wact=1 zoom=0
@0 smoke %1 49642 1 act=0 39x24 L=41 T=0 R=79 B=23 wact=1 zoom=0
@1 handoff %2 49646 0 act=0 40x24 L=0 T=0 R=39 B=23 wact=0 zoom=0
@1 handoff %3 49650 1 act=1 39x24 L=41 T=0 R=79 B=23 wact=0 zoom=0
@0 smoke 80x24 zoom=0 layout=8205,80x24,0,0{40x24,0,0,0,39x24,41,0,1}
@1 handoff 80x24 zoom=0 layout=820e,80x24,0,0{40x24,0,0,2,39x24,41,0,3}
--- 15:08:55.170770307
@0 smoke %0 49638 0 act=1 40x24 L=0 T=0 R=39 B=23 wact=1 zoom=0
@0 smoke %1 49642 1 act=0 39x24 L=41 T=0 R=79 B=23 wact=1 zoom=0
@1 handoff %2 49646 0 act=0 40x24 L=0 T=0 R=39 B=23 wact=0 zoom=0
@1 handoff %3 49650 1 act=1 39x24 L=41 T=0 R=79 B=23 wact=0 zoom=0
@0 smoke 80x24 zoom=0 layout=8205,80x24,0,0{40x24,0,0,0,39x24,41,0,1}
@1 handoff 80x24 zoom=0 layout=820e,80x24,0,0{40x24,0,0,2,39x24,41,0,3}
--- 15:08:56.683845735
@0 smoke %0 49638 0 act=1 40x24 L=0 T=0 R=39 B=23 wact=1 zoom=0
@0 smoke %1 49642 1 act=0 39x24 L=41 T=0 R=79 B=23 wact=1 zoom=0
@1 handoff %2 49646 0 act=0 40x24 L=0 T=0 R=39 B=23 wact=0 zoom=0
@1 handoff %3 49650 1 act=1 39x24 L=41 T=0 R=79 B=23 wact=0 zoom=0
@0 smoke 80x24 zoom=0 layout=8205,80x24,0,0{40x24,0,0,0,39x24,41,0,1}
@1 handoff 80x24 zoom=0 layout=820e,80x24,0,0{40x24,0,0,2,39x24,41,0,3}
--- 15:08:58.196575723
@0 smoke %0 49638 0 act=1 40x24 L=0 T=0 R=39 B=23 wact=1 zoom=0
@0 smoke %1 49642 1 act=0 39x24 L=41 T=0 R=79 B=23 wact=1 zoom=0
@1 handoff %2 49646 0 act=0 40x24 L=0 T=0 R=39 B=23 wact=0 zoom=0
@1 handoff %3 49650 1 act=1 39x24 L=41 T=0 R=79 B=23 wact=0 zoom=0
@0 smoke 80x24 zoom=0 layout=8205,80x24,0,0{40x24,0,0,0,39x24,41,0,1}
@1 handoff 80x24 zoom=0 layout=820e,80x24,0,0{40x24,0,0,2,39x24,41,0,3}
--- 15:08:59.718616667
@0 smoke %0 49638 0 act=1 40x24 L=0 T=0 R=39 B=23 wact=1 zoom=0
@0 smoke %1 49642 1 act=0 39x24 L=41 T=0 R=79 B=23 wact=1 zoom=0
@1 handoff %2 49646 0 act=0 40x24 L=0 T=0 R=39 B=23 wact=0 zoom=0
@1 handoff %3 49650 1 act=1 39x24 L=41 T=0 R=79 B=23 wact=0 zoom=0
@0 smoke 80x24 zoom=0 layout=8205,80x24,0,0{40x24,0,0,0,39x24,41,0,1}
@1 handoff 80x24 zoom=0 layout=820e,80x24,0,0{40x24,0,0,2,39x24,41,0,3}
--- 15:09:01.242574510
@0 smoke %0 49638 0 act=1 40x24 L=0 T=0 R=39 B=23 wact=1 zoom=0
@0 smoke %1 49642 1 act=0 39x24 L=41 T=0 R=79 B=23 wact=1 zoom=0
@1 handoff %2 49646 0 act=0 40x24 L=0 T=0 R=39 B=23 wact=0 zoom=0
@1 handoff %3 49650 1 act=1 39x24 L=41 T=0 R=79 B=23 wact=0 zoom=0
@0 smoke 80x24 zoom=0 layout=8205,80x24,0,0{40x24,0,0,0,39x24,41,0,1}
@1 handoff 80x24 zoom=0 layout=820e,80x24,0,0{40x24,0,0,2,39x24,41,0,3}
--- 15:09:02.755897117
@0 smoke %0 49638 0 act=1 40x24 L=0 T=0 R=39 B=23 wact=1 zoom=0
@0 smoke %1 49642 1 act=0 39x24 L=41 T=0 R=79 B=23 wact=1 zoom=0
@1 handoff %2 49646 0 act=0 40x24 L=0 T=0 R=39 B=23 wact=0 zoom=0
@1 handoff %3 49650 1 act=1 39x24 L=41 T=0 R=79 B=23 wact=0 zoom=0
@0 smoke 80x24 zoom=0 layout=8205,80x24,0,0{40x24,0,0,0,39x24,41,0,1}
@1 handoff 80x24 zoom=0 layout=820e,80x24,0,0{40x24,0,0,2,39x24,41,0,3}
--- 15:09:04.268494479
@0 smoke %0 49638 0 act=1 40x24 L=0 T=0 R=39 B=23 wact=1 zoom=0
@0 smoke %1 49642 1 act=0 39x24 L=41 T=0 R=79 B=23 wact=1 zoom=0
@1 handoff %2 49646 0 act=0 40x24 L=0 T=0 R=39 B=23 wact=0 zoom=0
@1 handoff %3 49650 1 act=1 39x24 L=41 T=0 R=79 B=23 wact=0 zoom=0
@0 smoke 80x24 zoom=0 layout=8205,80x24,0,0{40x24,0,0,0,39x24,41,0,1}
@1 handoff 80x24 zoom=0 layout=820e,80x24,0,0{40x24,0,0,2,39x24,41,0,3}
--- 15:09:05.781529713
@0 smoke %0 49638 0 act=1 40x24 L=0 T=0 R=39 B=23 wact=1 zoom=0
@0 smoke %1 49642 1 act=0 39x24 L=41 T=0 R=79 B=23 wact=1 zoom=0
@1 handoff %2 49646 0 act=0 40x24 L=0 T=0 R=39 B=23 wact=0 zoom=0
@1 handoff %3 49650 1 act=1 39x24 L=41 T=0 R=79 B=23 wact=0 zoom=0
@0 smoke 80x24 zoom=0 layout=8205,80x24,0,0{40x24,0,0,0,39x24,41,0,1}
@1 handoff 80x24 zoom=0 layout=820e,80x24,0,0{40x24,0,0,2,39x24,41,0,3}
--- 15:09:07.294559311
@0 smoke %0 49638 0 act=1 40x24 L=0 T=0 R=39 B=23 wact=1 zoom=0
@0 smoke %1 49642 1 act=0 39x24 L=41 T=0 R=79 B=23 wact=1 zoom=0
@1 handoff %2 49646 0 act=0 40x24 L=0 T=0 R=39 B=23 wact=0 zoom=0
@1 handoff %3 49650 1 act=1 39x24 L=41 T=0 R=79 B=23 wact=0 zoom=0
@0 smoke 80x24 zoom=0 layout=8205,80x24,0,0{40x24,0,0,0,39x24,41,0,1}
@1 handoff 80x24 zoom=0 layout=820e,80x24,0,0{40x24,0,0,2,39x24,41,0,3}
--- 15:09:08.807666370
@0 smoke %0 49638 0 act=1 40x24 L=0 T=0 R=39 B=23 wact=1 zoom=0
@0 smoke %1 49642 1 act=0 39x24 L=41 T=0 R=79 B=23 wact=1 zoom=0
@1 handoff %2 49646 0 act=0 40x24 L=0 T=0 R=39 B=23 wact=0 zoom=0
@1 handoff %3 49650 1 act=1 39x24 L=41 T=0 R=79 B=23 wact=0 zoom=0
@0 smoke 80x24 zoom=0 layout=8205,80x24,0,0{40x24,0,0,0,39x24,41,0,1}
@1 handoff 80x24 zoom=0 layout=820e,80x24,0,0{40x24,0,0,2,39x24,41,0,3}
--- 15:09:10.320946847
@0 smoke %0 49638 0 act=1 40x24 L=0 T=0 R=39 B=23 wact=1 zoom=0
@0 smoke %1 49642 1 act=0 39x24 L=41 T=0 R=79 B=23 wact=1 zoom=0
@1 handoff %2 49646 0 act=0 40x24 L=0 T=0 R=39 B=23 wact=0 zoom=0
@1 handoff %3 49650 1 act=1 39x24 L=41 T=0 R=79 B=23 wact=0 zoom=0
@0 smoke 80x24 zoom=0 layout=8205,80x24,0,0{40x24,0,0,0,39x24,41,0,1}
@1 handoff 80x24 zoom=0 layout=820e,80x24,0,0{40x24,0,0,2,39x24,41,0,3}
--- 15:09:11.833671501
@0 smoke %0 49638 0 act=1 40x24 L=0 T=0 R=39 B=23 wact=1 zoom=0
@0 smoke %1 49642 1 act=0 39x24 L=41 T=0 R=79 B=23 wact=1 zoom=0
@1 handoff %2 49646 0 act=0 40x24 L=0 T=0 R=39 B=23 wact=0 zoom=0
@1 handoff %3 49650 1 act=1 39x24 L=41 T=0 R=79 B=23 wact=0 zoom=0
@0 smoke 80x24 zoom=0 layout=8205,80x24,0,0{40x24,0,0,0,39x24,41,0,1}
@1 handoff 80x24 zoom=0 layout=820e,80x24,0,0{40x24,0,0,2,39x24,41,0,3}
--- 15:09:13.346695863
@0 smoke %0 49638 0 act=1 40x24 L=0 T=0 R=39 B=23 wact=1 zoom=0
@0 smoke %1 49642 1 act=0 39x24 L=41 T=0 R=79 B=23 wact=1 zoom=0
@1 handoff %2 49646 0 act=0 40x24 L=0 T=0 R=39 B=23 wact=0 zoom=0
@1 handoff %3 49650 1 act=1 39x24 L=41 T=0 R=79 B=23 wact=0 zoom=0
@0 smoke 80x24 zoom=0 layout=8205,80x24,0,0{40x24,0,0,0,39x24,41,0,1}
@1 handoff 80x24 zoom=0 layout=820e,80x24,0,0{40x24,0,0,2,39x24,41,0,3}
--- 15:09:14.859736596
@0 smoke %0 49638 0 act=1 40x24 L=0 T=0 R=39 B=23 wact=1 zoom=0
@0 smoke %1 49642 1 act=0 39x24 L=41 T=0 R=79 B=23 wact=1 zoom=0
@1 handoff %2 49646 0 act=0 40x24 L=0 T=0 R=39 B=23 wact=0 zoom=0
@1 handoff %3 49650 1 act=1 39x24 L=41 T=0 R=79 B=23 wact=0 zoom=0
@0 smoke 80x24 zoom=0 layout=8205,80x24,0,0{40x24,0,0,0,39x24,41,0,1}
@1 handoff 80x24 zoom=0 layout=820e,80x24,0,0{40x24,0,0,2,39x24,41,0,3}
--- 15:09:16.372680762
@0 smoke %0 49638 0 act=1 40x24 L=0 T=0 R=39 B=23 wact=1 zoom=0
@0 smoke %1 49642 1 act=0 39x24 L=41 T=0 R=79 B=23 wact=1 zoom=0
@1 handoff %2 49646 0 act=0 40x24 L=0 T=0 R=39 B=23 wact=0 zoom=0
@1 handoff %3 49650 1 act=1 39x24 L=41 T=0 R=79 B=23 wact=0 zoom=0
@0 smoke 80x24 zoom=0 layout=8205,80x24,0,0{40x24,0,0,0,39x24,41,0,1}
@1 handoff 80x24 zoom=0 layout=820e,80x24,0,0{40x24,0,0,2,39x24,41,0,3}
--- 15:09:17.885319842
@0 smoke %0 49638 0 act=1 40x24 L=0 T=0 R=39 B=23 wact=1 zoom=0
@0 smoke %1 49642 1 act=0 39x24 L=41 T=0 R=79 B=23 wact=1 zoom=0
@1 handoff %2 49646 0 act=0 40x24 L=0 T=0 R=39 B=23 wact=0 zoom=0
@1 handoff %3 49650 1 act=1 39x24 L=41 T=0 R=79 B=23 wact=0 zoom=0
@0 smoke 80x24 zoom=0 layout=8205,80x24,0,0{40x24,0,0,0,39x24,41,0,1}
@1 handoff 80x24 zoom=0 layout=820e,80x24,0,0{40x24,0,0,2,39x24,41,0,3}
--- 15:09:19.406928036
@0 smoke %0 49638 0 act=1 40x24 L=0 T=0 R=39 B=23 wact=1 zoom=0
@0 smoke %1 49642 1 act=0 39x24 L=41 T=0 R=79 B=23 wact=1 zoom=0
@1 handoff %2 49646 0 act=0 40x24 L=0 T=0 R=39 B=23 wact=0 zoom=0
@1 handoff %3 49650 1 act=1 39x24 L=41 T=0 R=79 B=23 wact=0 zoom=0
@0 smoke 80x24 zoom=0 layout=8205,80x24,0,0{40x24,0,0,0,39x24,41,0,1}
@1 handoff 80x24 zoom=0 layout=820e,80x24,0,0{40x24,0,0,2,39x24,41,0,3}
--- 15:09:20.922185459
@0 smoke %0 49638 0 act=1 40x24 L=0 T=0 R=39 B=23 wact=1 zoom=0
@0 smoke %1 49642 1 act=0 39x24 L=41 T=0 R=79 B=23 wact=1 zoom=0
@1 handoff %2 49646 0 act=0 40x24 L=0 T=0 R=39 B=23 wact=0 zoom=0
@1 handoff %3 49650 1 act=1 39x24 L=41 T=0 R=79 B=23 wact=0 zoom=0
@0 smoke 80x24 zoom=0 layout=8205,80x24,0,0{40x24,0,0,0,39x24,41,0,1}
@1 handoff 80x24 zoom=0 layout=820e,80x24,0,0{40x24,0,0,2,39x24,41,0,3}
--- 15:09:22.435253218
@0 smoke %0 49638 0 act=1 40x24 L=0 T=0 R=39 B=23 wact=1 zoom=0
@0 smoke %1 49642 1 act=0 39x24 L=41 T=0 R=79 B=23 wact=1 zoom=0
@1 handoff %2 49646 0 act=0 40x24 L=0 T=0 R=39 B=23 wact=0 zoom=0
@1 handoff %3 49650 1 act=1 39x24 L=41 T=0 R=79 B=23 wact=0 zoom=0
@0 smoke 80x24 zoom=0 layout=8205,80x24,0,0{40x24,0,0,0,39x24,41,0,1}
@1 handoff 80x24 zoom=0 layout=820e,80x24,0,0{40x24,0,0,2,39x24,41,0,3}
--- 15:09:23.948319646
@0 smoke %0 49638 0 act=1 40x24 L=0 T=0 R=39 B=23 wact=1 zoom=0
@0 smoke %1 49642 1 act=0 39x24 L=41 T=0 R=79 B=23 wact=1 zoom=0
@1 handoff %2 49646 0 act=0 40x24 L=0 T=0 R=39 B=23 wact=0 zoom=0
@1 handoff %3 49650 1 act=1 39x24 L=41 T=0 R=79 B=23 wact=0 zoom=0
@0 smoke 80x24 zoom=0 layout=8205,80x24,0,0{40x24,0,0,0,39x24,41,0,1}
@1 handoff 80x24 zoom=0 layout=820e,80x24,0,0{40x24,0,0,2,39x24,41,0,3}
--- 15:09:25.462357768
@0 smoke %0 49638 0 act=1 40x24 L=0 T=0 R=39 B=23 wact=1 zoom=0
@0 smoke %1 49642 1 act=0 39x24 L=41 T=0 R=79 B=23 wact=1 zoom=0
@1 handoff %2 49646 0 act=0 40x24 L=0 T=0 R=39 B=23 wact=0 zoom=0
@1 handoff %3 49650 1 act=1 39x24 L=41 T=0 R=79 B=23 wact=0 zoom=0
@0 smoke 80x24 zoom=0 layout=8205,80x24,0,0{40x24,0,0,0,39x24,41,0,1}
@1 handoff 80x24 zoom=0 layout=820e,80x24,0,0{40x24,0,0,2,39x24,41,0,3}
--- 15:09:26.975684588
@0 smoke %0 49638 0 act=1 40x24 L=0 T=0 R=39 B=23 wact=1 zoom=0
@0 smoke %1 49642 1 act=0 39x24 L=41 T=0 R=79 B=23 wact=1 zoom=0
@1 handoff %2 49646 0 act=0 40x24 L=0 T=0 R=39 B=23 wact=0 zoom=0
@1 handoff %3 49650 1 act=1 39x24 L=41 T=0 R=79 B=23 wact=0 zoom=0
@0 smoke 80x24 zoom=0 layout=8205,80x24,0,0{40x24,0,0,0,39x24,41,0,1}
@1 handoff 80x24 zoom=0 layout=820e,80x24,0,0{40x24,0,0,2,39x24,41,0,3}
--- 15:09:28.489490884
@0 smoke %0 49638 0 act=1 40x24 L=0 T=0 R=39 B=23 wact=1 zoom=0
@0 smoke %1 49642 1 act=0 39x24 L=41 T=0 R=79 B=23 wact=1 zoom=0
@1 handoff %2 49646 0 act=0 40x24 L=0 T=0 R=39 B=23 wact=0 zoom=0
@1 handoff %3 49650 1 act=1 39x24 L=41 T=0 R=79 B=23 wact=0 zoom=0
@0 smoke 80x24 zoom=0 layout=8205,80x24,0,0{40x24,0,0,0,39x24,41,0,1}
@1 handoff 80x24 zoom=0 layout=820e,80x24,0,0{40x24,0,0,2,39x24,41,0,3}
--- 15:09:30.003063768
@0 smoke %0 49638 0 act=1 40x24 L=0 T=0 R=39 B=23 wact=1 zoom=0
@0 smoke %1 49642 1 act=0 39x24 L=41 T=0 R=79 B=23 wact=1 zoom=0
@1 handoff %2 49646 0 act=0 40x24 L=0 T=0 R=39 B=23 wact=0 zoom=0
@1 handoff %3 49650 1 act=1 39x24 L=41 T=0 R=79 B=23 wact=0 zoom=0
@0 smoke 80x24 zoom=0 layout=8205,80x24,0,0{40x24,0,0,0,39x24,41,0,1}
@1 handoff 80x24 zoom=0 layout=820e,80x24,0,0{40x24,0,0,2,39x24,41,0,3}
--- 15:09:31.515718773
@0 smoke %0 49638 0 act=1 40x24 L=0 T=0 R=39 B=23 wact=1 zoom=0
@0 smoke %1 49642 1 act=0 39x24 L=41 T=0 R=79 B=23 wact=1 zoom=0
@1 handoff %2 49646 0 act=0 40x24 L=0 T=0 R=39 B=23 wact=0 zoom=0
@1 handoff %3 49650 1 act=1 39x24 L=41 T=0 R=79 B=23 wact=0 zoom=0
@0 smoke 80x24 zoom=0 layout=8205,80x24,0,0{40x24,0,0,0,39x24,41,0,1}
@1 handoff 80x24 zoom=0 layout=820e,80x24,0,0{40x24,0,0,2,39x24,41,0,3}
--- 15:09:33.028530789
@0 smoke %0 49638 0 act=1 40x24 L=0 T=0 R=39 B=23 wact=1 zoom=0
@0 smoke %1 49642 1 act=0 39x24 L=41 T=0 R=79 B=23 wact=1 zoom=0
@1 handoff %2 49646 0 act=0 40x24 L=0 T=0 R=39 B=23 wact=0 zoom=0
@1 handoff %3 49650 1 act=1 39x24 L=41 T=0 R=79 B=23 wact=0 zoom=0
@0 smoke 80x24 zoom=0 layout=8205,80x24,0,0{40x24,0,0,0,39x24,41,0,1}
@1 handoff 80x24 zoom=0 layout=820e,80x24,0,0{40x24,0,0,2,39x24,41,0,3}
--- 15:09:34.541295425
@0 smoke %0 49638 0 act=1 40x24 L=0 T=0 R=39 B=23 wact=1 zoom=0
@0 smoke %1 49642 1 act=0 39x24 L=41 T=0 R=79 B=23 wact=1 zoom=0
@1 handoff %2 49646 0 act=0 40x24 L=0 T=0 R=39 B=23 wact=0 zoom=0
@1 handoff %3 49650 1 act=1 39x24 L=41 T=0 R=79 B=23 wact=0 zoom=0
@0 smoke 80x24 zoom=0 layout=8205,80x24,0,0{40x24,0,0,0,39x24,41,0,1}
@1 handoff 80x24 zoom=0 layout=820e,80x24,0,0{40x24,0,0,2,39x24,41,0,3}
--- 15:09:36.054287018
@0 smoke %0 49638 0 act=1 40x24 L=0 T=0 R=39 B=23 wact=1 zoom=0
@0 smoke %1 49642 1 act=0 39x24 L=41 T=0 R=79 B=23 wact=1 zoom=0
@1 handoff %2 49646 0 act=0 40x24 L=0 T=0 R=39 B=23 wact=0 zoom=0
@1 handoff %3 49650 1 act=1 39x24 L=41 T=0 R=79 B=23 wact=0 zoom=0
@0 smoke 80x24 zoom=0 layout=8205,80x24,0,0{40x24,0,0,0,39x24,41,0,1}
@1 handoff 80x24 zoom=0 layout=820e,80x24,0,0{40x24,0,0,2,39x24,41,0,3}
--- 15:09:37.581004448
@0 smoke %0 49638 0 act=1 40x24 L=0 T=0 R=39 B=23 wact=1 zoom=0
@0 smoke %1 49642 1 act=0 39x24 L=41 T=0 R=79 B=23 wact=1 zoom=0
@1 handoff %2 49646 0 act=0 40x24 L=0 T=0 R=39 B=23 wact=0 zoom=0
@1 handoff %3 49650 1 act=1 39x24 L=41 T=0 R=79 B=23 wact=0 zoom=0
@0 smoke 80x24 zoom=0 layout=8205,80x24,0,0{40x24,0,0,0,39x24,41,0,1}
@1 handoff 80x24 zoom=0 layout=820e,80x24,0,0{40x24,0,0,2,39x24,41,0,3}
--- 15:09:39.104884486
@0 smoke %0 49638 0 act=1 40x24 L=0 T=0 R=39 B=23 wact=1 zoom=0
@0 smoke %1 49642 1 act=0 39x24 L=41 T=0 R=79 B=23 wact=1 zoom=0
@1 handoff %2 49646 0 act=0 40x24 L=0 T=0 R=39 B=23 wact=0 zoom=0
@1 handoff %3 49650 1 act=1 39x24 L=41 T=0 R=79 B=23 wact=0 zoom=0
@0 smoke 80x24 zoom=0 layout=8205,80x24,0,0{40x24,0,0,0,39x24,41,0,1}
@1 handoff 80x24 zoom=0 layout=820e,80x24,0,0{40x24,0,0,2,39x24,41,0,3}
--- 15:09:40.617850937
@0 smoke %0 49638 0 act=1 40x24 L=0 T=0 R=39 B=23 wact=1 zoom=0
@0 smoke %1 49642 1 act=0 39x24 L=41 T=0 R=79 B=23 wact=1 zoom=0
@1 handoff %2 49646 0 act=0 40x24 L=0 T=0 R=39 B=23 wact=0 zoom=0
@1 handoff %3 49650 1 act=1 39x24 L=41 T=0 R=79 B=23 wact=0 zoom=0
@0 smoke 80x24 zoom=0 layout=8205,80x24,0,0{40x24,0,0,0,39x24,41,0,1}
@1 handoff 80x24 zoom=0 layout=820e,80x24,0,0{40x24,0,0,2,39x24,41,0,3}
--- 15:09:42.130684234
@0 smoke %0 49638 0 act=1 40x24 L=0 T=0 R=39 B=23 wact=1 zoom=0
@0 smoke %1 49642 1 act=0 39x24 L=41 T=0 R=79 B=23 wact=1 zoom=0
@1 handoff %2 49646 0 act=0 40x24 L=0 T=0 R=39 B=23 wact=0 zoom=0
@1 handoff %3 49650 1 act=1 39x24 L=41 T=0 R=79 B=23 wact=0 zoom=0
@0 smoke 80x24 zoom=0 layout=8205,80x24,0,0{40x24,0,0,0,39x24,41,0,1}
@1 handoff 80x24 zoom=0 layout=820e,80x24,0,0{40x24,0,0,2,39x24,41,0,3}
--- 15:09:43.643634197
@0 smoke %0 49638 0 act=1 40x24 L=0 T=0 R=39 B=23 wact=1 zoom=0
@0 smoke %1 49642 1 act=0 39x24 L=41 T=0 R=79 B=23 wact=1 zoom=0
@1 handoff %2 49646 0 act=0 40x24 L=0 T=0 R=39 B=23 wact=0 zoom=0
@1 handoff %3 49650 1 act=1 39x24 L=41 T=0 R=79 B=23 wact=0 zoom=0
@0 smoke 80x24 zoom=0 layout=8205,80x24,0,0{40x24,0,0,0,39x24,41,0,1}
@1 handoff 80x24 zoom=0 layout=820e,80x24,0,0{40x24,0,0,2,39x24,41,0,3}
--- 15:09:45.156857970
@0 smoke %0 49638 0 act=1 40x24 L=0 T=0 R=39 B=23 wact=1 zoom=0
@0 smoke %1 49642 1 act=0 39x24 L=41 T=0 R=79 B=23 wact=1 zoom=0
@1 handoff %2 49646 0 act=0 40x24 L=0 T=0 R=39 B=23 wact=0 zoom=0
@1 handoff %3 49650 1 act=1 39x24 L=41 T=0 R=79 B=23 wact=0 zoom=0
@0 smoke 80x24 zoom=0 layout=8205,80x24,0,0{40x24,0,0,0,39x24,41,0,1}
@1 handoff 80x24 zoom=0 layout=820e,80x24,0,0{40x24,0,0,2,39x24,41,0,3}
--- 15:09:46.672914049
@0 smoke %0 49638 0 act=1 40x24 L=0 T=0 R=39 B=23 wact=1 zoom=0
@0 smoke %1 49642 1 act=0 39x24 L=41 T=0 R=79 B=23 wact=1 zoom=0
@1 handoff %2 49646 0 act=0 40x24 L=0 T=0 R=39 B=23 wact=0 zoom=0
@1 handoff %3 49650 1 act=1 39x24 L=41 T=0 R=79 B=23 wact=0 zoom=0
@0 smoke 80x24 zoom=0 layout=8205,80x24,0,0{40x24,0,0,0,39x24,41,0,1}
@1 handoff 80x24 zoom=0 layout=820e,80x24,0,0{40x24,0,0,2,39x24,41,0,3}
--- 15:09:48.198420020
@0 smoke %0 49638 0 act=1 40x24 L=0 T=0 R=39 B=23 wact=1 zoom=0
@0 smoke %1 49642 1 act=0 39x24 L=41 T=0 R=79 B=23 wact=1 zoom=0
@1 handoff %2 49646 0 act=0 40x24 L=0 T=0 R=39 B=23 wact=0 zoom=0
@1 handoff %3 49650 1 act=1 39x24 L=41 T=0 R=79 B=23 wact=0 zoom=0
@0 smoke 80x24 zoom=0 layout=8205,80x24,0,0{40x24,0,0,0,39x24,41,0,1}
@1 handoff 80x24 zoom=0 layout=820e,80x24,0,0{40x24,0,0,2,39x24,41,0,3}
--- 15:09:49.712891695
@0 smoke %0 49638 0 act=1 40x24 L=0 T=0 R=39 B=23 wact=1 zoom=0
@0 smoke %1 49642 1 act=0 39x24 L=41 T=0 R=79 B=23 wact=1 zoom=0
@1 handoff %2 49646 0 act=0 40x24 L=0 T=0 R=39 B=23 wact=0 zoom=0
@1 handoff %3 49650 1 act=1 39x24 L=41 T=0 R=79 B=23 wact=0 zoom=0
@0 smoke 80x24 zoom=0 layout=8205,80x24,0,0{40x24,0,0,0,39x24,41,0,1}
@1 handoff 80x24 zoom=0 layout=820e,80x24,0,0{40x24,0,0,2,39x24,41,0,3}
--- 15:09:51.225823034
@0 smoke %0 49638 0 act=1 40x24 L=0 T=0 R=39 B=23 wact=1 zoom=0
@0 smoke %1 49642 1 act=0 39x24 L=41 T=0 R=79 B=23 wact=1 zoom=0
@1 handoff %2 49646 0 act=0 40x24 L=0 T=0 R=39 B=23 wact=0 zoom=0
@1 handoff %3 49650 1 act=1 39x24 L=41 T=0 R=79 B=23 wact=0 zoom=0
@0 smoke 80x24 zoom=0 layout=8205,80x24,0,0{40x24,0,0,0,39x24,41,0,1}
@1 handoff 80x24 zoom=0 layout=820e,80x24,0,0{40x24,0,0,2,39x24,41,0,3}
--- 15:09:52.739463627
@0 smoke %0 49638 0 act=1 40x24 L=0 T=0 R=39 B=23 wact=1 zoom=0
@0 smoke %1 49642 1 act=0 39x24 L=41 T=0 R=79 B=23 wact=1 zoom=0
@1 handoff %2 49646 0 act=0 40x24 L=0 T=0 R=39 B=23 wact=0 zoom=0
@1 handoff %3 49650 1 act=1 39x24 L=41 T=0 R=79 B=23 wact=0 zoom=0
@0 smoke 80x24 zoom=0 layout=8205,80x24,0,0{40x24,0,0,0,39x24,41,0,1}
@1 handoff 80x24 zoom=0 layout=820e,80x24,0,0{40x24,0,0,2,39x24,41,0,3}
--- 15:09:54.252493805
@0 smoke %0 49638 0 act=1 40x24 L=0 T=0 R=39 B=23 wact=1 zoom=0
@0 smoke %1 49642 1 act=0 39x24 L=41 T=0 R=79 B=23 wact=1 zoom=0
@1 handoff %2 49646 0 act=0 40x24 L=0 T=0 R=39 B=23 wact=0 zoom=0
@1 handoff %3 49650 1 act=1 39x24 L=41 T=0 R=79 B=23 wact=0 zoom=0
@0 smoke 80x24 zoom=0 layout=8205,80x24,0,0{40x24,0,0,0,39x24,41,0,1}
@1 handoff 80x24 zoom=0 layout=820e,80x24,0,0{40x24,0,0,2,39x24,41,0,3}
--- 15:09:55.765331751
@0 smoke %0 49638 0 act=1 40x24 L=0 T=0 R=39 B=23 wact=1 zoom=0
@0 smoke %1 49642 1 act=0 39x24 L=41 T=0 R=79 B=23 wact=1 zoom=0
@1 handoff %2 49646 0 act=0 40x24 L=0 T=0 R=39 B=23 wact=0 zoom=0
@1 handoff %3 49650 1 act=1 39x24 L=41 T=0 R=79 B=23 wact=0 zoom=0
@0 smoke 80x24 zoom=0 layout=8205,80x24,0,0{40x24,0,0,0,39x24,41,0,1}
@1 handoff 80x24 zoom=0 layout=820e,80x24,0,0{40x24,0,0,2,39x24,41,0,3}
--- 15:09:57.279840915
@0 smoke %0 49638 0 act=1 40x24 L=0 T=0 R=39 B=23 wact=1 zoom=0
@0 smoke %1 49642 1 act=0 39x24 L=41 T=0 R=79 B=23 wact=1 zoom=0
@1 handoff %2 49646 0 act=0 40x24 L=0 T=0 R=39 B=23 wact=0 zoom=0
@1 handoff %3 49650 1 act=1 39x24 L=41 T=0 R=79 B=23 wact=0 zoom=0
@0 smoke 80x24 zoom=0 layout=8205,80x24,0,0{40x24,0,0,0,39x24,41,0,1}
@1 handoff 80x24 zoom=0 layout=820e,80x24,0,0{40x24,0,0,2,39x24,41,0,3}
--- 15:09:58.796666923
@0 smoke %0 49638 0 act=1 40x24 L=0 T=0 R=39 B=23 wact=1 zoom=0
@0 smoke %1 49642 1 act=0 39x24 L=41 T=0 R=79 B=23 wact=1 zoom=0
@1 handoff %2 49646 0 act=0 40x24 L=0 T=0 R=39 B=23 wact=0 zoom=0
@1 handoff %3 49650 1 act=1 39x24 L=41 T=0 R=79 B=23 wact=0 zoom=0
@0 smoke 80x24 zoom=0 layout=8205,80x24,0,0{40x24,0,0,0,39x24,41,0,1}
@1 handoff 80x24 zoom=0 layout=820e,80x24,0,0{40x24,0,0,2,39x24,41,0,3}
--- 15:10:00.309417914
@0 smoke %0 49638 0 act=1 40x24 L=0 T=0 R=39 B=23 wact=1 zoom=0
@0 smoke %1 49642 1 act=0 39x24 L=41 T=0 R=79 B=23 wact=1 zoom=0
@1 handoff %2 49646 0 act=0 40x24 L=0 T=0 R=39 B=23 wact=0 zoom=0
@1 handoff %3 49650 1 act=1 39x24 L=41 T=0 R=79 B=23 wact=0 zoom=0
@0 smoke 80x24 zoom=0 layout=8205,80x24,0,0{40x24,0,0,0,39x24,41,0,1}
@1 handoff 80x24 zoom=0 layout=820e,80x24,0,0{40x24,0,0,2,39x24,41,0,3}
--- 15:10:01.822348566
@0 smoke %0 49638 0 act=1 40x24 L=0 T=0 R=39 B=23 wact=1 zoom=0
@0 smoke %1 49642 1 act=0 39x24 L=41 T=0 R=79 B=23 wact=1 zoom=0
@1 handoff %2 49646 0 act=0 40x24 L=0 T=0 R=39 B=23 wact=0 zoom=0
@1 handoff %3 49650 1 act=1 39x24 L=41 T=0 R=79 B=23 wact=0 zoom=0
@0 smoke 80x24 zoom=0 layout=8205,80x24,0,0{40x24,0,0,0,39x24,41,0,1}
@1 handoff 80x24 zoom=0 layout=820e,80x24,0,0{40x24,0,0,2,39x24,41,0,3}
--- 15:10:03.336740762
@0 smoke %0 49638 0 act=1 40x24 L=0 T=0 R=39 B=23 wact=1 zoom=0
@0 smoke %1 49642 1 act=0 39x24 L=41 T=0 R=79 B=23 wact=1 zoom=0
@1 handoff %2 49646 0 act=0 40x24 L=0 T=0 R=39 B=23 wact=0 zoom=0
@1 handoff %3 49650 1 act=1 39x24 L=41 T=0 R=79 B=23 wact=0 zoom=0
@0 smoke 80x24 zoom=0 layout=8205,80x24,0,0{40x24,0,0,0,39x24,41,0,1}
@1 handoff 80x24 zoom=0 layout=820e,80x24,0,0{40x24,0,0,2,39x24,41,0,3}
--- 15:10:04.849692617
@0 smoke %0 49638 0 act=1 40x24 L=0 T=0 R=39 B=23 wact=1 zoom=0
@0 smoke %1 49642 1 act=0 39x24 L=41 T=0 R=79 B=23 wact=1 zoom=0
@1 handoff %2 49646 0 act=0 40x24 L=0 T=0 R=39 B=23 wact=0 zoom=0
@1 handoff %3 49650 1 act=1 39x24 L=41 T=0 R=79 B=23 wact=0 zoom=0
@0 smoke 80x24 zoom=0 layout=8205,80x24,0,0{40x24,0,0,0,39x24,41,0,1}
@1 handoff 80x24 zoom=0 layout=820e,80x24,0,0{40x24,0,0,2,39x24,41,0,3}
--- 15:10:06.362670023
@0 smoke %0 49638 0 act=1 40x24 L=0 T=0 R=39 B=23 wact=1 zoom=0
@0 smoke %1 49642 1 act=0 39x24 L=41 T=0 R=79 B=23 wact=1 zoom=0
@1 handoff %2 49646 0 act=0 40x24 L=0 T=0 R=39 B=23 wact=0 zoom=0
@1 handoff %3 49650 1 act=1 39x24 L=41 T=0 R=79 B=23 wact=0 zoom=0
@0 smoke 80x24 zoom=0 layout=8205,80x24,0,0{40x24,0,0,0,39x24,41,0,1}
@1 handoff 80x24 zoom=0 layout=820e,80x24,0,0{40x24,0,0,2,39x24,41,0,3}
--- 15:10:07.875623634
@0 smoke %0 49638 0 act=1 40x24 L=0 T=0 R=39 B=23 wact=1 zoom=0
@0 smoke %1 49642 1 act=0 39x24 L=41 T=0 R=79 B=23 wact=1 zoom=0
@1 handoff %2 49646 0 act=0 40x24 L=0 T=0 R=39 B=23 wact=0 zoom=0
@1 handoff %3 49650 1 act=1 39x24 L=41 T=0 R=79 B=23 wact=0 zoom=0
@0 smoke 80x24 zoom=0 layout=8205,80x24,0,0{40x24,0,0,0,39x24,41,0,1}
@1 handoff 80x24 zoom=0 layout=820e,80x24,0,0{40x24,0,0,2,39x24,41,0,3}
--- 15:10:09.388715474
@0 smoke %0 49638 0 act=1 40x24 L=0 T=0 R=39 B=23 wact=1 zoom=0
@0 smoke %1 49642 1 act=0 39x24 L=41 T=0 R=79 B=23 wact=1 zoom=0
@1 handoff %2 49646 0 act=0 40x24 L=0 T=0 R=39 B=23 wact=0 zoom=0
@1 handoff %3 49650 1 act=1 39x24 L=41 T=0 R=79 B=23 wact=0 zoom=0
@0 smoke 80x24 zoom=0 layout=8205,80x24,0,0{40x24,0,0,0,39x24,41,0,1}
@1 handoff 80x24 zoom=0 layout=820e,80x24,0,0{40x24,0,0,2,39x24,41,0,3}
--- 15:10:10.901189188
@0 smoke %0 49638 0 act=1 40x24 L=0 T=0 R=39 B=23 wact=1 zoom=0
@0 smoke %1 49642 1 act=0 39x24 L=41 T=0 R=79 B=23 wact=1 zoom=0
@1 handoff %2 49646 0 act=0 40x24 L=0 T=0 R=39 B=23 wact=0 zoom=0
@1 handoff %3 49650 1 act=1 39x24 L=41 T=0 R=79 B=23 wact=0 zoom=0
@0 smoke 80x24 zoom=0 layout=8205,80x24,0,0{40x24,0,0,0,39x24,41,0,1}
@1 handoff 80x24 zoom=0 layout=820e,80x24,0,0{40x24,0,0,2,39x24,41,0,3}
--- 15:10:12.414968402
@0 smoke %0 49638 0 act=1 40x24 L=0 T=0 R=39 B=23 wact=1 zoom=0
@0 smoke %1 49642 1 act=0 39x24 L=41 T=0 R=79 B=23 wact=1 zoom=0
@1 handoff %2 49646 0 act=0 40x24 L=0 T=0 R=39 B=23 wact=0 zoom=0
@1 handoff %3 49650 1 act=1 39x24 L=41 T=0 R=79 B=23 wact=0 zoom=0
@0 smoke 80x24 zoom=0 layout=8205,80x24,0,0{40x24,0,0,0,39x24,41,0,1}
@1 handoff 80x24 zoom=0 layout=820e,80x24,0,0{40x24,0,0,2,39x24,41,0,3}
--- 15:10:13.927944040
@0 smoke %0 49638 0 act=1 40x24 L=0 T=0 R=39 B=23 wact=1 zoom=0
@0 smoke %1 49642 1 act=0 39x24 L=41 T=0 R=79 B=23 wact=1 zoom=0
@1 handoff %2 49646 0 act=0 40x24 L=0 T=0 R=39 B=23 wact=0 zoom=0
@1 handoff %3 49650 1 act=1 39x24 L=41 T=0 R=79 B=23 wact=0 zoom=0
@0 smoke 80x24 zoom=0 layout=8205,80x24,0,0{40x24,0,0,0,39x24,41,0,1}
@1 handoff 80x24 zoom=0 layout=820e,80x24,0,0{40x24,0,0,2,39x24,41,0,3}
--- 15:10:15.441406130
@0 smoke %0 49638 0 act=1 40x24 L=0 T=0 R=39 B=23 wact=1 zoom=0
@0 smoke %1 49642 1 act=0 39x24 L=41 T=0 R=79 B=23 wact=1 zoom=0
@1 handoff %2 49646 0 act=0 40x24 L=0 T=0 R=39 B=23 wact=0 zoom=0
@1 handoff %3 49650 1 act=1 39x24 L=41 T=0 R=79 B=23 wact=0 zoom=0
@0 smoke 80x24 zoom=0 layout=8205,80x24,0,0{40x24,0,0,0,39x24,41,0,1}
@1 handoff 80x24 zoom=0 layout=820e,80x24,0,0{40x24,0,0,2,39x24,41,0,3}
--- 15:10:16.954191591
@0 smoke %0 49638 0 act=1 40x24 L=0 T=0 R=39 B=23 wact=1 zoom=0
@0 smoke %1 49642 1 act=0 39x24 L=41 T=0 R=79 B=23 wact=1 zoom=0
@1 handoff %2 49646 0 act=0 40x24 L=0 T=0 R=39 B=23 wact=0 zoom=0
@1 handoff %3 49650 1 act=1 39x24 L=41 T=0 R=79 B=23 wact=0 zoom=0
@0 smoke 80x24 zoom=0 layout=8205,80x24,0,0{40x24,0,0,0,39x24,41,0,1}
@1 handoff 80x24 zoom=0 layout=820e,80x24,0,0{40x24,0,0,2,39x24,41,0,3}
--- 15:10:18.467391387
@0 smoke %0 49638 0 act=1 40x24 L=0 T=0 R=39 B=23 wact=1 zoom=0
@0 smoke %1 49642 1 act=0 39x24 L=41 T=0 R=79 B=23 wact=1 zoom=0
@1 handoff %2 49646 0 act=0 40x24 L=0 T=0 R=39 B=23 wact=0 zoom=0
@1 handoff %3 49650 1 act=1 39x24 L=41 T=0 R=79 B=23 wact=0 zoom=0
@0 smoke 80x24 zoom=0 layout=8205,80x24,0,0{40x24,0,0,0,39x24,41,0,1}
@1 handoff 80x24 zoom=0 layout=820e,80x24,0,0{40x24,0,0,2,39x24,41,0,3}
--- 15:10:19.981083985
@0 smoke %0 49638 0 act=1 40x24 L=0 T=0 R=39 B=23 wact=1 zoom=0
@0 smoke %1 49642 1 act=0 39x24 L=41 T=0 R=79 B=23 wact=1 zoom=0
@1 handoff %2 49646 0 act=0 40x24 L=0 T=0 R=39 B=23 wact=0 zoom=0
@1 handoff %3 49650 1 act=1 39x24 L=41 T=0 R=79 B=23 wact=0 zoom=0
@0 smoke 80x24 zoom=0 layout=8205,80x24,0,0{40x24,0,0,0,39x24,41,0,1}
@1 handoff 80x24 zoom=0 layout=820e,80x24,0,0{40x24,0,0,2,39x24,41,0,3}
--- 15:10:21.494249816
@0 smoke %0 49638 0 act=1 40x24 L=0 T=0 R=39 B=23 wact=1 zoom=0
@0 smoke %1 49642 1 act=0 39x24 L=41 T=0 R=79 B=23 wact=1 zoom=0
@1 handoff %2 49646 0 act=0 40x24 L=0 T=0 R=39 B=23 wact=0 zoom=0
@1 handoff %3 49650 1 act=1 39x24 L=41 T=0 R=79 B=23 wact=0 zoom=0
@0 smoke 80x24 zoom=0 layout=8205,80x24,0,0{40x24,0,0,0,39x24,41,0,1}
@1 handoff 80x24 zoom=0 layout=820e,80x24,0,0{40x24,0,0,2,39x24,41,0,3}
--- 15:10:23.007084888
@0 smoke %0 49638 0 act=1 40x24 L=0 T=0 R=39 B=23 wact=1 zoom=0
@0 smoke %1 49642 1 act=0 39x24 L=41 T=0 R=79 B=23 wact=1 zoom=0
@1 handoff %2 49646 0 act=0 40x24 L=0 T=0 R=39 B=23 wact=0 zoom=0
@1 handoff %3 49650 1 act=1 39x24 L=41 T=0 R=79 B=23 wact=0 zoom=0
@0 smoke 80x24 zoom=0 layout=8205,80x24,0,0{40x24,0,0,0,39x24,41,0,1}
@1 handoff 80x24 zoom=0 layout=820e,80x24,0,0{40x24,0,0,2,39x24,41,0,3}
--- 15:10:24.521993150
@0 smoke %0 49638 0 act=1 40x24 L=0 T=0 R=39 B=23 wact=1 zoom=0
@0 smoke %1 49642 1 act=0 39x24 L=41 T=0 R=79 B=23 wact=1 zoom=0
@1 handoff %2 49646 0 act=0 40x24 L=0 T=0 R=39 B=23 wact=0 zoom=0
@1 handoff %3 49650 1 act=1 39x24 L=41 T=0 R=79 B=23 wact=0 zoom=0
@0 smoke 80x24 zoom=0 layout=8205,80x24,0,0{40x24,0,0,0,39x24,41,0,1}
@1 handoff 80x24 zoom=0 layout=820e,80x24,0,0{40x24,0,0,2,39x24,41,0,3}
--- 15:10:26.036749813
@0 smoke %0 49638 0 act=1 40x24 L=0 T=0 R=39 B=23 wact=1 zoom=0
@0 smoke %1 49642 1 act=0 39x24 L=41 T=0 R=79 B=23 wact=1 zoom=0
@1 handoff %2 49646 0 act=0 40x24 L=0 T=0 R=39 B=23 wact=0 zoom=0
@1 handoff %3 49650 1 act=1 39x24 L=41 T=0 R=79 B=23 wact=0 zoom=0
@0 smoke 80x24 zoom=0 layout=8205,80x24,0,0{40x24,0,0,0,39x24,41,0,1}
@1 handoff 80x24 zoom=0 layout=820e,80x24,0,0{40x24,0,0,2,39x24,41,0,3}
--- 15:10:27.549675179
@0 smoke %0 49638 0 act=1 40x24 L=0 T=0 R=39 B=23 wact=1 zoom=0
@0 smoke %1 49642 1 act=0 39x24 L=41 T=0 R=79 B=23 wact=1 zoom=0
@1 handoff %2 49646 0 act=0 40x24 L=0 T=0 R=39 B=23 wact=0 zoom=0
@1 handoff %3 49650 1 act=1 39x24 L=41 T=0 R=79 B=23 wact=0 zoom=0
@0 smoke 80x24 zoom=0 layout=8205,80x24,0,0{40x24,0,0,0,39x24,41,0,1}
@1 handoff 80x24 zoom=0 layout=820e,80x24,0,0{40x24,0,0,2,39x24,41,0,3}
--- 15:10:29.062599025
@0 smoke %0 49638 0 act=1 40x24 L=0 T=0 R=39 B=23 wact=1 zoom=0
@0 smoke %1 49642 1 act=0 39x24 L=41 T=0 R=79 B=23 wact=1 zoom=0
@1 handoff %2 49646 0 act=0 40x24 L=0 T=0 R=39 B=23 wact=0 zoom=0
@1 handoff %3 49650 1 act=1 39x24 L=41 T=0 R=79 B=23 wact=0 zoom=0
@0 smoke 80x24 zoom=0 layout=8205,80x24,0,0{40x24,0,0,0,39x24,41,0,1}
@1 handoff 80x24 zoom=0 layout=820e,80x24,0,0{40x24,0,0,2,39x24,41,0,3}
--- 15:10:30.575395853
@0 smoke %0 49638 0 act=1 40x24 L=0 T=0 R=39 B=23 wact=1 zoom=0
@0 smoke %1 49642 1 act=0 39x24 L=41 T=0 R=79 B=23 wact=1 zoom=0
@1 handoff %2 49646 0 act=0 40x24 L=0 T=0 R=39 B=23 wact=0 zoom=0
@1 handoff %3 49650 1 act=1 39x24 L=41 T=0 R=79 B=23 wact=0 zoom=0
@0 smoke 80x24 zoom=0 layout=8205,80x24,0,0{40x24,0,0,0,39x24,41,0,1}
@1 handoff 80x24 zoom=0 layout=820e,80x24,0,0{40x24,0,0,2,39x24,41,0,3}
--- 15:10:32.089207469
@0 smoke %0 49638 0 act=1 40x24 L=0 T=0 R=39 B=23 wact=1 zoom=0
@0 smoke %1 49642 1 act=0 39x24 L=41 T=0 R=79 B=23 wact=1 zoom=0
@1 handoff %2 49646 0 act=0 40x24 L=0 T=0 R=39 B=23 wact=0 zoom=0
@1 handoff %3 49650 1 act=1 39x24 L=41 T=0 R=79 B=23 wact=0 zoom=0
@0 smoke 80x24 zoom=0 layout=8205,80x24,0,0{40x24,0,0,0,39x24,41,0,1}
@1 handoff 80x24 zoom=0 layout=820e,80x24,0,0{40x24,0,0,2,39x24,41,0,3}
--- 15:10:33.602918098
@0 smoke %0 49638 0 act=1 40x24 L=0 T=0 R=39 B=23 wact=1 zoom=0
@0 smoke %1 49642 1 act=0 39x24 L=41 T=0 R=79 B=23 wact=1 zoom=0
@1 handoff %2 49646 0 act=0 40x24 L=0 T=0 R=39 B=23 wact=0 zoom=0
@1 handoff %3 49650 1 act=1 39x24 L=41 T=0 R=79 B=23 wact=0 zoom=0
@0 smoke 80x24 zoom=0 layout=8205,80x24,0,0{40x24,0,0,0,39x24,41,0,1}
@1 handoff 80x24 zoom=0 layout=820e,80x24,0,0{40x24,0,0,2,39x24,41,0,3}
--- 15:10:35.116623892
@0 smoke %0 49638 0 act=1 40x24 L=0 T=0 R=39 B=23 wact=1 zoom=0
@0 smoke %1 49642 1 act=0 39x24 L=41 T=0 R=79 B=23 wact=1 zoom=0
@1 handoff %2 49646 0 act=0 40x24 L=0 T=0 R=39 B=23 wact=0 zoom=0
@1 handoff %3 49650 1 act=1 39x24 L=41 T=0 R=79 B=23 wact=0 zoom=0
@0 smoke 80x24 zoom=0 layout=8205,80x24,0,0{40x24,0,0,0,39x24,41,0,1}
@1 handoff 80x24 zoom=0 layout=820e,80x24,0,0{40x24,0,0,2,39x24,41,0,3}
--- 15:10:36.630059400
@0 smoke %0 49638 0 act=1 40x24 L=0 T=0 R=39 B=23 wact=1 zoom=0
@0 smoke %1 49642 1 act=0 39x24 L=41 T=0 R=79 B=23 wact=1 zoom=0
@1 handoff %2 49646 0 act=0 40x24 L=0 T=0 R=39 B=23 wact=0 zoom=0
@1 handoff %3 49650 1 act=1 39x24 L=41 T=0 R=79 B=23 wact=0 zoom=0
@0 smoke 80x24 zoom=0 layout=8205,80x24,0,0{40x24,0,0,0,39x24,41,0,1}
@1 handoff 80x24 zoom=0 layout=820e,80x24,0,0{40x24,0,0,2,39x24,41,0,3}
--- 15:10:38.142785872
@0 smoke %0 49638 0 act=1 40x24 L=0 T=0 R=39 B=23 wact=1 zoom=0
@0 smoke %1 49642 1 act=0 39x24 L=41 T=0 R=79 B=23 wact=1 zoom=0
@1 handoff %2 49646 0 act=0 40x24 L=0 T=0 R=39 B=23 wact=0 zoom=0
@1 handoff %3 49650 1 act=1 39x24 L=41 T=0 R=79 B=23 wact=0 zoom=0
@0 smoke 80x24 zoom=0 layout=8205,80x24,0,0{40x24,0,0,0,39x24,41,0,1}
@1 handoff 80x24 zoom=0 layout=820e,80x24,0,0{40x24,0,0,2,39x24,41,0,3}
--- 15:10:39.655766444
@0 smoke %0 49638 0 act=1 40x24 L=0 T=0 R=39 B=23 wact=1 zoom=0
@0 smoke %1 49642 1 act=0 39x24 L=41 T=0 R=79 B=23 wact=1 zoom=0
@1 handoff %2 49646 0 act=0 40x24 L=0 T=0 R=39 B=23 wact=0 zoom=0
@1 handoff %3 49650 1 act=1 39x24 L=41 T=0 R=79 B=23 wact=0 zoom=0
@0 smoke 80x24 zoom=0 layout=8205,80x24,0,0{40x24,0,0,0,39x24,41,0,1}
@1 handoff 80x24 zoom=0 layout=820e,80x24,0,0{40x24,0,0,2,39x24,41,0,3}
--- 15:10:41.168492003
@0 smoke %0 49638 0 act=1 40x24 L=0 T=0 R=39 B=23 wact=1 zoom=0
@0 smoke %1 49642 1 act=0 39x24 L=41 T=0 R=79 B=23 wact=1 zoom=0
@1 handoff %2 49646 0 act=0 40x24 L=0 T=0 R=39 B=23 wact=0 zoom=0
@1 handoff %3 49650 1 act=1 39x24 L=41 T=0 R=79 B=23 wact=0 zoom=0
@0 smoke 80x24 zoom=0 layout=8205,80x24,0,0{40x24,0,0,0,39x24,41,0,1}
@1 handoff 80x24 zoom=0 layout=820e,80x24,0,0{40x24,0,0,2,39x24,41,0,3}
--- 15:10:42.681195585
@0 smoke %0 49638 0 act=1 40x24 L=0 T=0 R=39 B=23 wact=1 zoom=0
@0 smoke %1 49642 1 act=0 39x24 L=41 T=0 R=79 B=23 wact=1 zoom=0
@1 handoff %2 49646 0 act=0 40x24 L=0 T=0 R=39 B=23 wact=0 zoom=0
@1 handoff %3 49650 1 act=1 39x24 L=41 T=0 R=79 B=23 wact=0 zoom=0
@0 smoke 80x24 zoom=0 layout=8205,80x24,0,0{40x24,0,0,0,39x24,41,0,1}
@1 handoff 80x24 zoom=0 layout=820e,80x24,0,0{40x24,0,0,2,39x24,41,0,3}
--- 15:10:44.205948773
@0 smoke %0 49638 0 act=1 40x24 L=0 T=0 R=39 B=23 wact=1 zoom=0
@0 smoke %1 49642 1 act=0 39x24 L=41 T=0 R=79 B=23 wact=1 zoom=0
@1 handoff %2 49646 0 act=0 40x24 L=0 T=0 R=39 B=23 wact=0 zoom=0
@1 handoff %3 49650 1 act=1 39x24 L=41 T=0 R=79 B=23 wact=0 zoom=0
@0 smoke 80x24 zoom=0 layout=8205,80x24,0,0{40x24,0,0,0,39x24,41,0,1}
@1 handoff 80x24 zoom=0 layout=820e,80x24,0,0{40x24,0,0,2,39x24,41,0,3}
--- 15:10:45.731859125
@0 smoke %0 49638 0 act=1 40x24 L=0 T=0 R=39 B=23 wact=1 zoom=0
@0 smoke %1 49642 1 act=0 39x24 L=41 T=0 R=79 B=23 wact=1 zoom=0
@1 handoff %2 49646 0 act=0 40x24 L=0 T=0 R=39 B=23 wact=0 zoom=0
@1 handoff %3 49650 1 act=1 39x24 L=41 T=0 R=79 B=23 wact=0 zoom=0
@0 smoke 80x24 zoom=0 layout=8205,80x24,0,0{40x24,0,0,0,39x24,41,0,1}
@1 handoff 80x24 zoom=0 layout=820e,80x24,0,0{40x24,0,0,2,39x24,41,0,3}
--- 15:10:47.244673964
@0 smoke %0 49638 0 act=1 40x24 L=0 T=0 R=39 B=23 wact=1 zoom=0
@0 smoke %1 49642 1 act=0 39x24 L=41 T=0 R=79 B=23 wact=1 zoom=0
@1 handoff %2 49646 0 act=0 40x24 L=0 T=0 R=39 B=23 wact=0 zoom=0
@1 handoff %3 49650 1 act=1 39x24 L=41 T=0 R=79 B=23 wact=0 zoom=0
@0 smoke 80x24 zoom=0 layout=8205,80x24,0,0{40x24,0,0,0,39x24,41,0,1}
@1 handoff 80x24 zoom=0 layout=820e,80x24,0,0{40x24,0,0,2,39x24,41,0,3}
--- 15:10:48.757680781
@0 smoke %0 49638 0 act=1 40x24 L=0 T=0 R=39 B=23 wact=1 zoom=0
@0 smoke %1 49642 1 act=0 39x24 L=41 T=0 R=79 B=23 wact=1 zoom=0
@1 handoff %2 49646 0 act=0 40x24 L=0 T=0 R=39 B=23 wact=0 zoom=0
@1 handoff %3 49650 1 act=1 39x24 L=41 T=0 R=79 B=23 wact=0 zoom=0
@0 smoke 80x24 zoom=0 layout=8205,80x24,0,0{40x24,0,0,0,39x24,41,0,1}
@1 handoff 80x24 zoom=0 layout=820e,80x24,0,0{40x24,0,0,2,39x24,41,0,3}
--- 15:10:50.270766974
@0 smoke %0 49638 0 act=1 40x24 L=0 T=0 R=39 B=23 wact=1 zoom=0
@0 smoke %1 49642 1 act=0 39x24 L=41 T=0 R=79 B=23 wact=1 zoom=0
@1 handoff %2 49646 0 act=0 40x24 L=0 T=0 R=39 B=23 wact=0 zoom=0
@1 handoff %3 49650 1 act=1 39x24 L=41 T=0 R=79 B=23 wact=0 zoom=0
@0 smoke 80x24 zoom=0 layout=8205,80x24,0,0{40x24,0,0,0,39x24,41,0,1}
@1 handoff 80x24 zoom=0 layout=820e,80x24,0,0{40x24,0,0,2,39x24,41,0,3}
--- 15:10:51.784116859
@0 smoke %0 49638 0 act=1 40x24 L=0 T=0 R=39 B=23 wact=1 zoom=0
@0 smoke %1 49642 1 act=0 39x24 L=41 T=0 R=79 B=23 wact=1 zoom=0
@1 handoff %2 49646 0 act=0 40x24 L=0 T=0 R=39 B=23 wact=0 zoom=0
@1 handoff %3 49650 1 act=1 39x24 L=41 T=0 R=79 B=23 wact=0 zoom=0
@0 smoke 80x24 zoom=0 layout=8205,80x24,0,0{40x24,0,0,0,39x24,41,0,1}
@1 handoff 80x24 zoom=0 layout=820e,80x24,0,0{40x24,0,0,2,39x24,41,0,3}
--- 15:10:53.312532063
@0 smoke %0 49638 0 act=1 40x24 L=0 T=0 R=39 B=23 wact=1 zoom=0
@0 smoke %1 49642 1 act=0 39x24 L=41 T=0 R=79 B=23 wact=1 zoom=0
@1 handoff %2 49646 0 act=0 40x24 L=0 T=0 R=39 B=23 wact=0 zoom=0
@1 handoff %3 49650 1 act=1 39x24 L=41 T=0 R=79 B=23 wact=0 zoom=0
@0 smoke 80x24 zoom=0 layout=8205,80x24,0,0{40x24,0,0,0,39x24,41,0,1}
@1 handoff 80x24 zoom=0 layout=820e,80x24,0,0{40x24,0,0,2,39x24,41,0,3}
--- 15:10:54.837746702
@0 smoke %0 49638 0 act=1 40x24 L=0 T=0 R=39 B=23 wact=1 zoom=0
@0 smoke %1 49642 1 act=0 39x24 L=41 T=0 R=79 B=23 wact=1 zoom=0
@1 handoff %2 49646 0 act=0 40x24 L=0 T=0 R=39 B=23 wact=0 zoom=0
@1 handoff %3 49650 1 act=1 39x24 L=41 T=0 R=79 B=23 wact=0 zoom=0
@0 smoke 80x24 zoom=0 layout=8205,80x24,0,0{40x24,0,0,0,39x24,41,0,1}
@1 handoff 80x24 zoom=0 layout=820e,80x24,0,0{40x24,0,0,2,39x24,41,0,3}
--- 15:10:56.350982144
@0 smoke %0 49638 0 act=1 40x24 L=0 T=0 R=39 B=23 wact=1 zoom=0
@0 smoke %1 49642 1 act=0 39x24 L=41 T=0 R=79 B=23 wact=1 zoom=0
@1 handoff %2 49646 0 act=0 40x24 L=0 T=0 R=39 B=23 wact=0 zoom=0
@1 handoff %3 49650 1 act=1 39x24 L=41 T=0 R=79 B=23 wact=0 zoom=0
@0 smoke 80x24 zoom=0 layout=8205,80x24,0,0{40x24,0,0,0,39x24,41,0,1}
@1 handoff 80x24 zoom=0 layout=820e,80x24,0,0{40x24,0,0,2,39x24,41,0,3}
--- 15:10:57.863991433
@0 smoke %0 49638 0 act=1 40x24 L=0 T=0 R=39 B=23 wact=1 zoom=0
@0 smoke %1 49642 1 act=0 39x24 L=41 T=0 R=79 B=23 wact=1 zoom=0
@1 handoff %2 49646 0 act=0 40x24 L=0 T=0 R=39 B=23 wact=0 zoom=0
@1 handoff %3 49650 1 act=1 39x24 L=41 T=0 R=79 B=23 wact=0 zoom=0
@0 smoke 80x24 zoom=0 layout=8205,80x24,0,0{40x24,0,0,0,39x24,41,0,1}
@1 handoff 80x24 zoom=0 layout=820e,80x24,0,0{40x24,0,0,2,39x24,41,0,3}
--- 15:10:59.376698212
@0 smoke %0 49638 0 act=1 40x24 L=0 T=0 R=39 B=23 wact=1 zoom=0
@0 smoke %1 49642 1 act=0 39x24 L=41 T=0 R=79 B=23 wact=1 zoom=0
@1 handoff %2 49646 0 act=0 40x24 L=0 T=0 R=39 B=23 wact=0 zoom=0
@1 handoff %3 49650 1 act=1 39x24 L=41 T=0 R=79 B=23 wact=0 zoom=0
@0 smoke 80x24 zoom=0 layout=8205,80x24,0,0{40x24,0,0,0,39x24,41,0,1}
@1 handoff 80x24 zoom=0 layout=820e,80x24,0,0{40x24,0,0,2,39x24,41,0,3}
--- 15:11:00.889649957
@0 smoke %0 49638 0 act=1 40x24 L=0 T=0 R=39 B=23 wact=1 zoom=0
@0 smoke %1 49642 1 act=0 39x24 L=41 T=0 R=79 B=23 wact=1 zoom=0
@1 handoff %2 49646 0 act=0 40x24 L=0 T=0 R=39 B=23 wact=0 zoom=0
@1 handoff %3 49650 1 act=1 39x24 L=41 T=0 R=79 B=23 wact=0 zoom=0
@0 smoke 80x24 zoom=0 layout=8205,80x24,0,0{40x24,0,0,0,39x24,41,0,1}
@1 handoff 80x24 zoom=0 layout=820e,80x24,0,0{40x24,0,0,2,39x24,41,0,3}
--- 15:11:02.403074843
@0 smoke %0 49638 0 act=1 40x24 L=0 T=0 R=39 B=23 wact=1 zoom=0
@0 smoke %1 49642 1 act=0 39x24 L=41 T=0 R=79 B=23 wact=1 zoom=0
@1 handoff %2 49646 0 act=0 40x24 L=0 T=0 R=39 B=23 wact=0 zoom=0
@1 handoff %3 49650 1 act=1 39x24 L=41 T=0 R=79 B=23 wact=0 zoom=0
@0 smoke 80x24 zoom=0 layout=8205,80x24,0,0{40x24,0,0,0,39x24,41,0,1}
@1 handoff 80x24 zoom=0 layout=820e,80x24,0,0{40x24,0,0,2,39x24,41,0,3}
--- 15:11:03.930891228
@0 smoke %0 49638 0 act=1 40x24 L=0 T=0 R=39 B=23 wact=1 zoom=0
@0 smoke %1 49642 1 act=0 39x24 L=41 T=0 R=79 B=23 wact=1 zoom=0
@1 handoff %2 49646 0 act=0 40x24 L=0 T=0 R=39 B=23 wact=0 zoom=0
@1 handoff %3 49650 1 act=1 39x24 L=41 T=0 R=79 B=23 wact=0 zoom=0
@0 smoke 80x24 zoom=0 layout=8205,80x24,0,0{40x24,0,0,0,39x24,41,0,1}
@1 handoff 80x24 zoom=0 layout=820e,80x24,0,0{40x24,0,0,2,39x24,41,0,3}
--- 15:11:05.464042284
@0 smoke %0 49638 0 act=1 40x24 L=0 T=0 R=39 B=23 wact=1 zoom=0
@0 smoke %1 49642 1 act=0 39x24 L=41 T=0 R=79 B=23 wact=1 zoom=0
@1 handoff %2 49646 0 act=0 40x24 L=0 T=0 R=39 B=23 wact=0 zoom=0
@1 handoff %3 49650 1 act=1 39x24 L=41 T=0 R=79 B=23 wact=0 zoom=0
@0 smoke 80x24 zoom=0 layout=8205,80x24,0,0{40x24,0,0,0,39x24,41,0,1}
@1 handoff 80x24 zoom=0 layout=820e,80x24,0,0{40x24,0,0,2,39x24,41,0,3}
--- 15:11:06.977232203
@0 smoke %0 49638 0 act=1 40x24 L=0 T=0 R=39 B=23 wact=1 zoom=0
@0 smoke %1 49642 1 act=0 39x24 L=41 T=0 R=79 B=23 wact=1 zoom=0
@1 handoff %2 49646 0 act=0 40x24 L=0 T=0 R=39 B=23 wact=0 zoom=0
@1 handoff %3 49650 1 act=1 39x24 L=41 T=0 R=79 B=23 wact=0 zoom=0
@0 smoke 80x24 zoom=0 layout=8205,80x24,0,0{40x24,0,0,0,39x24,41,0,1}
@1 handoff 80x24 zoom=0 layout=820e,80x24,0,0{40x24,0,0,2,39x24,41,0,3}
--- 15:11:08.490114111
@0 smoke %0 49638 0 act=1 40x24 L=0 T=0 R=39 B=23 wact=1 zoom=0
@0 smoke %1 49642 1 act=0 39x24 L=41 T=0 R=79 B=23 wact=1 zoom=0
@1 handoff %2 49646 0 act=0 40x24 L=0 T=0 R=39 B=23 wact=0 zoom=0
@1 handoff %3 49650 1 act=1 39x24 L=41 T=0 R=79 B=23 wact=0 zoom=0
@0 smoke 80x24 zoom=0 layout=8205,80x24,0,0{40x24,0,0,0,39x24,41,0,1}
@1 handoff 80x24 zoom=0 layout=820e,80x24,0,0{40x24,0,0,2,39x24,41,0,3}
--- 15:11:10.002895152
@0 smoke %0 49638 0 act=1 40x24 L=0 T=0 R=39 B=23 wact=1 zoom=0
@0 smoke %1 49642 1 act=0 39x24 L=41 T=0 R=79 B=23 wact=1 zoom=0
@1 handoff %2 49646 0 act=0 40x24 L=0 T=0 R=39 B=23 wact=0 zoom=0
@1 handoff %3 49650 1 act=1 39x24 L=41 T=0 R=79 B=23 wact=0 zoom=0
@0 smoke 80x24 zoom=0 layout=8205,80x24,0,0{40x24,0,0,0,39x24,41,0,1}
@1 handoff 80x24 zoom=0 layout=820e,80x24,0,0{40x24,0,0,2,39x24,41,0,3}
--- 15:11:11.515709918
@0 smoke %0 49638 0 act=1 40x24 L=0 T=0 R=39 B=23 wact=1 zoom=0
@0 smoke %1 49642 1 act=0 39x24 L=41 T=0 R=79 B=23 wact=1 zoom=0
@1 handoff %2 49646 0 act=0 40x24 L=0 T=0 R=39 B=23 wact=0 zoom=0
@1 handoff %3 49650 1 act=1 39x24 L=41 T=0 R=79 B=23 wact=0 zoom=0
@0 smoke 80x24 zoom=0 layout=8205,80x24,0,0{40x24,0,0,0,39x24,41,0,1}
@1 handoff 80x24 zoom=0 layout=820e,80x24,0,0{40x24,0,0,2,39x24,41,0,3}
--- 15:11:13.040812282
@0 smoke %0 49638 0 act=1 40x24 L=0 T=0 R=39 B=23 wact=1 zoom=0
@0 smoke %1 49642 1 act=0 39x24 L=41 T=0 R=79 B=23 wact=1 zoom=0
@1 handoff %2 49646 0 act=0 40x24 L=0 T=0 R=39 B=23 wact=0 zoom=0
@1 handoff %3 49650 1 act=1 39x24 L=41 T=0 R=79 B=23 wact=0 zoom=0
@0 smoke 80x24 zoom=0 layout=8205,80x24,0,0{40x24,0,0,0,39x24,41,0,1}
@1 handoff 80x24 zoom=0 layout=820e,80x24,0,0{40x24,0,0,2,39x24,41,0,3}
--- 15:11:14.566743790
@0 smoke %0 49638 0 act=1 40x24 L=0 T=0 R=39 B=23 wact=1 zoom=0
@0 smoke %1 49642 1 act=0 39x24 L=41 T=0 R=79 B=23 wact=1 zoom=0
@1 handoff %2 49646 0 act=0 40x24 L=0 T=0 R=39 B=23 wact=0 zoom=0
@1 handoff %3 49650 1 act=1 39x24 L=41 T=0 R=79 B=23 wact=0 zoom=0
@0 smoke 80x24 zoom=0 layout=8205,80x24,0,0{40x24,0,0,0,39x24,41,0,1}
@1 handoff 80x24 zoom=0 layout=820e,80x24,0,0{40x24,0,0,2,39x24,41,0,3}
--- 15:11:16.090275434
@0 smoke %0 49638 0 act=1 40x24 L=0 T=0 R=39 B=23 wact=1 zoom=0
@0 smoke %1 49642 1 act=0 39x24 L=41 T=0 R=79 B=23 wact=1 zoom=0
@1 handoff %2 49646 0 act=0 40x24 L=0 T=0 R=39 B=23 wact=0 zoom=0
@1 handoff %3 49650 1 act=1 39x24 L=41 T=0 R=79 B=23 wact=0 zoom=0
@0 smoke 80x24 zoom=0 layout=8205,80x24,0,0{40x24,0,0,0,39x24,41,0,1}
@1 handoff 80x24 zoom=0 layout=820e,80x24,0,0{40x24,0,0,2,39x24,41,0,3}
--- 15:11:17.602935609
@0 smoke %0 49638 0 act=1 40x24 L=0 T=0 R=39 B=23 wact=1 zoom=0
@0 smoke %1 49642 1 act=0 39x24 L=41 T=0 R=79 B=23 wact=1 zoom=0
@1 handoff %2 49646 0 act=0 40x24 L=0 T=0 R=39 B=23 wact=0 zoom=0
@1 handoff %3 49650 1 act=1 39x24 L=41 T=0 R=79 B=23 wact=0 zoom=0
@0 smoke 80x24 zoom=0 layout=8205,80x24,0,0{40x24,0,0,0,39x24,41,0,1}
@1 handoff 80x24 zoom=0 layout=820e,80x24,0,0{40x24,0,0,2,39x24,41,0,3}
--- 15:11:19.115727681
@0 smoke %0 49638 0 act=1 40x24 L=0 T=0 R=39 B=23 wact=1 zoom=0
@0 smoke %1 49642 1 act=0 39x24 L=41 T=0 R=79 B=23 wact=1 zoom=0
@1 handoff %2 49646 0 act=0 40x24 L=0 T=0 R=39 B=23 wact=0 zoom=0
@1 handoff %3 49650 1 act=1 39x24 L=41 T=0 R=79 B=23 wact=0 zoom=0
@0 smoke 80x24 zoom=0 layout=8205,80x24,0,0{40x24,0,0,0,39x24,41,0,1}
@1 handoff 80x24 zoom=0 layout=820e,80x24,0,0{40x24,0,0,2,39x24,41,0,3}
--- 15:11:20.628859634
@0 smoke %0 49638 0 act=1 40x24 L=0 T=0 R=39 B=23 wact=1 zoom=0
@0 smoke %1 49642 1 act=0 39x24 L=41 T=0 R=79 B=23 wact=1 zoom=0
@1 handoff %2 49646 0 act=0 40x24 L=0 T=0 R=39 B=23 wact=0 zoom=0
@1 handoff %3 49650 1 act=1 39x24 L=41 T=0 R=79 B=23 wact=0 zoom=0
@0 smoke 80x24 zoom=0 layout=8205,80x24,0,0{40x24,0,0,0,39x24,41,0,1}
@1 handoff 80x24 zoom=0 layout=820e,80x24,0,0{40x24,0,0,2,39x24,41,0,3}
--- 15:11:22.144483917
@0 smoke %0 49638 0 act=1 40x24 L=0 T=0 R=39 B=23 wact=1 zoom=0
@0 smoke %1 49642 1 act=0 39x24 L=41 T=0 R=79 B=23 wact=1 zoom=0
@1 handoff %2 49646 0 act=0 40x24 L=0 T=0 R=39 B=23 wact=0 zoom=0
@1 handoff %3 49650 1 act=1 39x24 L=41 T=0 R=79 B=23 wact=0 zoom=0
@0 smoke 80x24 zoom=0 layout=8205,80x24,0,0{40x24,0,0,0,39x24,41,0,1}
@1 handoff 80x24 zoom=0 layout=820e,80x24,0,0{40x24,0,0,2,39x24,41,0,3}
--- 15:11:23.671325628
@0 smoke %0 49638 0 act=1 40x24 L=0 T=0 R=39 B=23 wact=1 zoom=0
@0 smoke %1 49642 1 act=0 39x24 L=41 T=0 R=79 B=23 wact=1 zoom=0
@1 handoff %2 49646 0 act=0 40x24 L=0 T=0 R=39 B=23 wact=0 zoom=0
@1 handoff %3 49650 1 act=1 39x24 L=41 T=0 R=79 B=23 wact=0 zoom=0
@0 smoke 80x24 zoom=0 layout=8205,80x24,0,0{40x24,0,0,0,39x24,41,0,1}
@1 handoff 80x24 zoom=0 layout=820e,80x24,0,0{40x24,0,0,2,39x24,41,0,3}
--- 15:11:25.184801232
@0 smoke %0 49638 0 act=1 40x24 L=0 T=0 R=39 B=23 wact=1 zoom=0
@0 smoke %1 49642 1 act=0 39x24 L=41 T=0 R=79 B=23 wact=1 zoom=0
@1 handoff %2 49646 0 act=0 40x24 L=0 T=0 R=39 B=23 wact=0 zoom=0
@1 handoff %3 49650 1 act=1 39x24 L=41 T=0 R=79 B=23 wact=0 zoom=0
@0 smoke 80x24 zoom=0 layout=8205,80x24,0,0{40x24,0,0,0,39x24,41,0,1}
@1 handoff 80x24 zoom=0 layout=820e,80x24,0,0{40x24,0,0,2,39x24,41,0,3}
--- 15:11:26.699665888
@0 smoke %0 49638 0 act=1 40x24 L=0 T=0 R=39 B=23 wact=1 zoom=0
@0 smoke %1 49642 1 act=0 39x24 L=41 T=0 R=79 B=23 wact=1 zoom=0
@1 handoff %2 49646 0 act=0 40x24 L=0 T=0 R=39 B=23 wact=0 zoom=0
@1 handoff %3 49650 1 act=1 39x24 L=41 T=0 R=79 B=23 wact=0 zoom=0
@0 smoke 80x24 zoom=0 layout=8205,80x24,0,0{40x24,0,0,0,39x24,41,0,1}
@1 handoff 80x24 zoom=0 layout=820e,80x24,0,0{40x24,0,0,2,39x24,41,0,3}
--- 15:11:28.213944791
@0 smoke %0 49638 0 act=1 40x24 L=0 T=0 R=39 B=23 wact=1 zoom=0
@0 smoke %1 49642 1 act=0 39x24 L=41 T=0 R=79 B=23 wact=1 zoom=0
@1 handoff %2 49646 0 act=0 40x24 L=0 T=0 R=39 B=23 wact=0 zoom=0
@1 handoff %3 49650 1 act=1 39x24 L=41 T=0 R=79 B=23 wact=0 zoom=0
@0 smoke 80x24 zoom=0 layout=8205,80x24,0,0{40x24,0,0,0,39x24,41,0,1}
@1 handoff 80x24 zoom=0 layout=820e,80x24,0,0{40x24,0,0,2,39x24,41,0,3}
--- 15:11:29.727178722
@0 smoke %0 49638 0 act=1 40x24 L=0 T=0 R=39 B=23 wact=1 zoom=0
@0 smoke %1 49642 1 act=0 39x24 L=41 T=0 R=79 B=23 wact=1 zoom=0
@1 handoff %2 49646 0 act=0 40x24 L=0 T=0 R=39 B=23 wact=0 zoom=0
@1 handoff %3 49650 1 act=1 39x24 L=41 T=0 R=79 B=23 wact=0 zoom=0
@0 smoke 80x24 zoom=0 layout=8205,80x24,0,0{40x24,0,0,0,39x24,41,0,1}
@1 handoff 80x24 zoom=0 layout=820e,80x24,0,0{40x24,0,0,2,39x24,41,0,3}
--- 15:11:31.244174436
@0 smoke %0 49638 0 act=1 40x24 L=0 T=0 R=39 B=23 wact=1 zoom=0
@0 smoke %1 49642 1 act=0 39x24 L=41 T=0 R=79 B=23 wact=1 zoom=0
@1 handoff %2 49646 0 act=0 40x24 L=0 T=0 R=39 B=23 wact=0 zoom=0
@1 handoff %3 49650 1 act=1 39x24 L=41 T=0 R=79 B=23 wact=0 zoom=0
@0 smoke 80x24 zoom=0 layout=8205,80x24,0,0{40x24,0,0,0,39x24,41,0,1}
@1 handoff 80x24 zoom=0 layout=820e,80x24,0,0{40x24,0,0,2,39x24,41,0,3}
--- 15:11:32.772333277
@0 smoke %0 49638 0 act=1 40x24 L=0 T=0 R=39 B=23 wact=1 zoom=0
@0 smoke %1 49642 1 act=0 39x24 L=41 T=0 R=79 B=23 wact=1 zoom=0
@1 handoff %2 49646 0 act=0 40x24 L=0 T=0 R=39 B=23 wact=0 zoom=0
@1 handoff %3 49650 1 act=1 39x24 L=41 T=0 R=79 B=23 wact=0 zoom=0
@0 smoke 80x24 zoom=0 layout=8205,80x24,0,0{40x24,0,0,0,39x24,41,0,1}
@1 handoff 80x24 zoom=0 layout=820e,80x24,0,0{40x24,0,0,2,39x24,41,0,3}
--- 15:11:34.285910607
@0 smoke %0 49638 0 act=1 40x24 L=0 T=0 R=39 B=23 wact=1 zoom=0
@0 smoke %1 49642 1 act=0 39x24 L=41 T=0 R=79 B=23 wact=1 zoom=0
@1 handoff %2 49646 0 act=0 40x24 L=0 T=0 R=39 B=23 wact=0 zoom=0
@1 handoff %3 49650 1 act=1 39x24 L=41 T=0 R=79 B=23 wact=0 zoom=0
@0 smoke 80x24 zoom=0 layout=8205,80x24,0,0{40x24,0,0,0,39x24,41,0,1}
@1 handoff 80x24 zoom=0 layout=820e,80x24,0,0{40x24,0,0,2,39x24,41,0,3}
--- 15:11:35.798932908
@0 smoke %0 49638 0 act=1 40x24 L=0 T=0 R=39 B=23 wact=1 zoom=0
@0 smoke %1 49642 1 act=0 39x24 L=41 T=0 R=79 B=23 wact=1 zoom=0
@1 handoff %2 49646 0 act=0 40x24 L=0 T=0 R=39 B=23 wact=0 zoom=0
@1 handoff %3 49650 1 act=1 39x24 L=41 T=0 R=79 B=23 wact=0 zoom=0
@0 smoke 80x24 zoom=0 layout=8205,80x24,0,0{40x24,0,0,0,39x24,41,0,1}
@1 handoff 80x24 zoom=0 layout=820e,80x24,0,0{40x24,0,0,2,39x24,41,0,3}
--- 15:11:37.311882246
@0 smoke %0 49638 0 act=1 40x24 L=0 T=0 R=39 B=23 wact=1 zoom=0
@0 smoke %1 49642 1 act=0 39x24 L=41 T=0 R=79 B=23 wact=1 zoom=0
@1 handoff %2 49646 0 act=0 40x24 L=0 T=0 R=39 B=23 wact=0 zoom=0
@1 handoff %3 49650 1 act=1 39x24 L=41 T=0 R=79 B=23 wact=0 zoom=0
@0 smoke 80x24 zoom=0 layout=8205,80x24,0,0{40x24,0,0,0,39x24,41,0,1}
@1 handoff 80x24 zoom=0 layout=820e,80x24,0,0{40x24,0,0,2,39x24,41,0,3}
--- 15:11:38.824732591
@0 smoke %0 49638 0 act=1 40x24 L=0 T=0 R=39 B=23 wact=1 zoom=0
@0 smoke %1 49642 1 act=0 39x24 L=41 T=0 R=79 B=23 wact=1 zoom=0
@1 handoff %2 49646 0 act=0 40x24 L=0 T=0 R=39 B=23 wact=0 zoom=0
@1 handoff %3 49650 1 act=1 39x24 L=41 T=0 R=79 B=23 wact=0 zoom=0
@0 smoke 80x24 zoom=0 layout=8205,80x24,0,0{40x24,0,0,0,39x24,41,0,1}
@1 handoff 80x24 zoom=0 layout=820e,80x24,0,0{40x24,0,0,2,39x24,41,0,3}
--- 15:11:40.337612832
@0 smoke %0 49638 0 act=1 40x24 L=0 T=0 R=39 B=23 wact=1 zoom=0
@0 smoke %1 49642 1 act=0 39x24 L=41 T=0 R=79 B=23 wact=1 zoom=0
@1 handoff %2 49646 0 act=0 40x24 L=0 T=0 R=39 B=23 wact=0 zoom=0
@1 handoff %3 49650 1 act=1 39x24 L=41 T=0 R=79 B=23 wact=0 zoom=0
@0 smoke 80x24 zoom=0 layout=8205,80x24,0,0{40x24,0,0,0,39x24,41,0,1}
@1 handoff 80x24 zoom=0 layout=820e,80x24,0,0{40x24,0,0,2,39x24,41,0,3}
--- 15:11:41.861982704
@0 smoke %0 49638 0 act=1 40x24 L=0 T=0 R=39 B=23 wact=1 zoom=0
@0 smoke %1 49642 1 act=0 39x24 L=41 T=0 R=79 B=23 wact=1 zoom=0
@1 handoff %2 49646 0 act=0 40x24 L=0 T=0 R=39 B=23 wact=0 zoom=0
@1 handoff %3 49650 1 act=1 39x24 L=41 T=0 R=79 B=23 wact=0 zoom=0
@0 smoke 80x24 zoom=0 layout=8205,80x24,0,0{40x24,0,0,0,39x24,41,0,1}
@1 handoff 80x24 zoom=0 layout=820e,80x24,0,0{40x24,0,0,2,39x24,41,0,3}
--- 15:11:43.388714422
@0 smoke %0 49638 0 act=1 40x24 L=0 T=0 R=39 B=23 wact=1 zoom=0
@0 smoke %1 49642 1 act=0 39x24 L=41 T=0 R=79 B=23 wact=1 zoom=0
@1 handoff %2 49646 0 act=0 40x24 L=0 T=0 R=39 B=23 wact=0 zoom=0
@1 handoff %3 49650 1 act=1 39x24 L=41 T=0 R=79 B=23 wact=0 zoom=0
@0 smoke 80x24 zoom=0 layout=8205,80x24,0,0{40x24,0,0,0,39x24,41,0,1}
@1 handoff 80x24 zoom=0 layout=820e,80x24,0,0{40x24,0,0,2,39x24,41,0,3}
--- 15:11:44.902809364
@0 smoke %0 49638 0 act=1 40x24 L=0 T=0 R=39 B=23 wact=1 zoom=0
@0 smoke %1 49642 1 act=0 39x24 L=41 T=0 R=79 B=23 wact=1 zoom=0
@1 handoff %2 49646 0 act=0 40x24 L=0 T=0 R=39 B=23 wact=0 zoom=0
@1 handoff %3 49650 1 act=1 39x24 L=41 T=0 R=79 B=23 wact=0 zoom=0
@0 smoke 80x24 zoom=0 layout=8205,80x24,0,0{40x24,0,0,0,39x24,41,0,1}
@1 handoff 80x24 zoom=0 layout=820e,80x24,0,0{40x24,0,0,2,39x24,41,0,3}
--- 15:11:46.416218259
@0 smoke %0 49638 0 act=1 40x24 L=0 T=0 R=39 B=23 wact=1 zoom=0
@0 smoke %1 49642 1 act=0 39x24 L=41 T=0 R=79 B=23 wact=1 zoom=0
@1 handoff %2 49646 0 act=0 40x24 L=0 T=0 R=39 B=23 wact=0 zoom=0
@1 handoff %3 49650 1 act=1 39x24 L=41 T=0 R=79 B=23 wact=0 zoom=0
@0 smoke 80x24 zoom=0 layout=8205,80x24,0,0{40x24,0,0,0,39x24,41,0,1}
@1 handoff 80x24 zoom=0 layout=820e,80x24,0,0{40x24,0,0,2,39x24,41,0,3}
--- 15:11:47.933395034
@0 smoke %0 49638 0 act=1 40x24 L=0 T=0 R=39 B=23 wact=1 zoom=0
@0 smoke %1 49642 1 act=0 39x24 L=41 T=0 R=79 B=23 wact=1 zoom=0
@1 handoff %2 49646 0 act=0 40x24 L=0 T=0 R=39 B=23 wact=0 zoom=0
@1 handoff %3 49650 1 act=1 39x24 L=41 T=0 R=79 B=23 wact=0 zoom=0
@0 smoke 80x24 zoom=0 layout=8205,80x24,0,0{40x24,0,0,0,39x24,41,0,1}
@1 handoff 80x24 zoom=0 layout=820e,80x24,0,0{40x24,0,0,2,39x24,41,0,3}
--- 15:11:49.449338240
@0 smoke %0 49638 0 act=1 40x24 L=0 T=0 R=39 B=23 wact=1 zoom=0
@0 smoke %1 49642 1 act=0 39x24 L=41 T=0 R=79 B=23 wact=1 zoom=0
@1 handoff %2 49646 0 act=0 40x24 L=0 T=0 R=39 B=23 wact=0 zoom=0
@1 handoff %3 49650 1 act=1 39x24 L=41 T=0 R=79 B=23 wact=0 zoom=0
@0 smoke 80x24 zoom=0 layout=8205,80x24,0,0{40x24,0,0,0,39x24,41,0,1}
@1 handoff 80x24 zoom=0 layout=820e,80x24,0,0{40x24,0,0,2,39x24,41,0,3}
--- 15:11:50.977927536
@0 smoke %0 49638 0 act=1 40x24 L=0 T=0 R=39 B=23 wact=1 zoom=0
@0 smoke %1 49642 1 act=0 39x24 L=41 T=0 R=79 B=23 wact=1 zoom=0
@1 handoff %2 49646 0 act=0 40x24 L=0 T=0 R=39 B=23 wact=0 zoom=0
@1 handoff %3 49650 1 act=1 39x24 L=41 T=0 R=79 B=23 wact=0 zoom=0
@0 smoke 80x24 zoom=0 layout=8205,80x24,0,0{40x24,0,0,0,39x24,41,0,1}
@1 handoff 80x24 zoom=0 layout=820e,80x24,0,0{40x24,0,0,2,39x24,41,0,3}
--- 15:11:52.509159393
@0 smoke %0 49638 0 act=1 40x24 L=0 T=0 R=39 B=23 wact=1 zoom=0
@0 smoke %1 49642 1 act=0 39x24 L=41 T=0 R=79 B=23 wact=1 zoom=0
@1 handoff %2 49646 0 act=0 40x24 L=0 T=0 R=39 B=23 wact=0 zoom=0
@1 handoff %3 49650 1 act=1 39x24 L=41 T=0 R=79 B=23 wact=0 zoom=0
@0 smoke 80x24 zoom=0 layout=8205,80x24,0,0{40x24,0,0,0,39x24,41,0,1}
@1 handoff 80x24 zoom=0 layout=820e,80x24,0,0{40x24,0,0,2,39x24,41,0,3}
--- 15:11:54.024936804
@0 smoke %0 49638 0 act=1 40x24 L=0 T=0 R=39 B=23 wact=1 zoom=0
@0 smoke %1 49642 1 act=0 39x24 L=41 T=0 R=79 B=23 wact=1 zoom=0
@1 handoff %2 49646 0 act=0 40x24 L=0 T=0 R=39 B=23 wact=0 zoom=0
@1 handoff %3 49650 1 act=1 39x24 L=41 T=0 R=79 B=23 wact=0 zoom=0
@0 smoke 80x24 zoom=0 layout=8205,80x24,0,0{40x24,0,0,0,39x24,41,0,1}
@1 handoff 80x24 zoom=0 layout=820e,80x24,0,0{40x24,0,0,2,39x24,41,0,3}
--- 15:11:55.538471257
@0 smoke %0 49638 0 act=1 40x24 L=0 T=0 R=39 B=23 wact=1 zoom=0
@0 smoke %1 49642 1 act=0 39x24 L=41 T=0 R=79 B=23 wact=1 zoom=0
@1 handoff %2 49646 0 act=0 40x24 L=0 T=0 R=39 B=23 wact=0 zoom=0
@1 handoff %3 49650 1 act=1 39x24 L=41 T=0 R=79 B=23 wact=0 zoom=0
@0 smoke 80x24 zoom=0 layout=8205,80x24,0,0{40x24,0,0,0,39x24,41,0,1}
@1 handoff 80x24 zoom=0 layout=820e,80x24,0,0{40x24,0,0,2,39x24,41,0,3}
--- 15:11:57.051732340
@0 smoke %0 49638 0 act=1 40x24 L=0 T=0 R=39 B=23 wact=1 zoom=0
@0 smoke %1 49642 1 act=0 39x24 L=41 T=0 R=79 B=23 wact=1 zoom=0
@1 handoff %2 49646 0 act=0 40x24 L=0 T=0 R=39 B=23 wact=0 zoom=0
@1 handoff %3 49650 1 act=1 39x24 L=41 T=0 R=79 B=23 wact=0 zoom=0
@0 smoke 80x24 zoom=0 layout=8205,80x24,0,0{40x24,0,0,0,39x24,41,0,1}
@1 handoff 80x24 zoom=0 layout=820e,80x24,0,0{40x24,0,0,2,39x24,41,0,3}
--- 15:11:58.567197489
@0 smoke %0 49638 0 act=1 40x24 L=0 T=0 R=39 B=23 wact=1 zoom=0
@0 smoke %1 49642 1 act=0 39x24 L=41 T=0 R=79 B=23 wact=1 zoom=0
@1 handoff %2 49646 0 act=0 40x24 L=0 T=0 R=39 B=23 wact=0 zoom=0
@1 handoff %3 49650 1 act=1 39x24 L=41 T=0 R=79 B=23 wact=0 zoom=0
@0 smoke 80x24 zoom=0 layout=8205,80x24,0,0{40x24,0,0,0,39x24,41,0,1}
@1 handoff 80x24 zoom=0 layout=820e,80x24,0,0{40x24,0,0,2,39x24,41,0,3}
--- 15:12:00.081537729
@0 smoke %0 49638 0 act=1 40x24 L=0 T=0 R=39 B=23 wact=1 zoom=0
@0 smoke %1 49642 1 act=0 39x24 L=41 T=0 R=79 B=23 wact=1 zoom=0
@1 handoff %2 49646 0 act=0 40x24 L=0 T=0 R=39 B=23 wact=0 zoom=0
@1 handoff %3 49650 1 act=1 39x24 L=41 T=0 R=79 B=23 wact=0 zoom=0
@0 smoke 80x24 zoom=0 layout=8205,80x24,0,0{40x24,0,0,0,39x24,41,0,1}
@1 handoff 80x24 zoom=0 layout=820e,80x24,0,0{40x24,0,0,2,39x24,41,0,3}
--- 15:12:01.594579325
@0 smoke %0 49638 0 act=1 40x24 L=0 T=0 R=39 B=23 wact=1 zoom=0
@0 smoke %1 49642 1 act=0 39x24 L=41 T=0 R=79 B=23 wact=1 zoom=0
@1 handoff %2 49646 0 act=0 40x24 L=0 T=0 R=39 B=23 wact=0 zoom=0
@1 handoff %3 49650 1 act=1 39x24 L=41 T=0 R=79 B=23 wact=0 zoom=0
@0 smoke 80x24 zoom=0 layout=8205,80x24,0,0{40x24,0,0,0,39x24,41,0,1}
@1 handoff 80x24 zoom=0 layout=820e,80x24,0,0{40x24,0,0,2,39x24,41,0,3}
--- 15:12:03.109149624
@0 smoke %0 49638 0 act=1 40x24 L=0 T=0 R=39 B=23 wact=1 zoom=0
@0 smoke %1 49642 1 act=0 39x24 L=41 T=0 R=79 B=23 wact=1 zoom=0
@1 handoff %2 49646 0 act=0 40x24 L=0 T=0 R=39 B=23 wact=0 zoom=0
@1 handoff %3 49650 1 act=1 39x24 L=41 T=0 R=79 B=23 wact=0 zoom=0
@0 smoke 80x24 zoom=0 layout=8205,80x24,0,0{40x24,0,0,0,39x24,41,0,1}
@1 handoff 80x24 zoom=0 layout=820e,80x24,0,0{40x24,0,0,2,39x24,41,0,3}
--- 15:12:04.623679351
@0 smoke %0 49638 0 act=1 40x24 L=0 T=0 R=39 B=23 wact=1 zoom=0
@0 smoke %1 49642 1 act=0 39x24 L=41 T=0 R=79 B=23 wact=1 zoom=0
@1 handoff %2 49646 0 act=0 40x24 L=0 T=0 R=39 B=23 wact=0 zoom=0
@1 handoff %3 49650 1 act=1 39x24 L=41 T=0 R=79 B=23 wact=0 zoom=0
@0 smoke 80x24 zoom=0 layout=8205,80x24,0,0{40x24,0,0,0,39x24,41,0,1}
@1 handoff 80x24 zoom=0 layout=820e,80x24,0,0{40x24,0,0,2,39x24,41,0,3}
--- 15:12:06.138038609
@0 smoke %0 49638 0 act=1 40x24 L=0 T=0 R=39 B=23 wact=1 zoom=0
@0 smoke %1 49642 1 act=0 39x24 L=41 T=0 R=79 B=23 wact=1 zoom=0
@1 handoff %2 49646 0 act=0 40x24 L=0 T=0 R=39 B=23 wact=0 zoom=0
@1 handoff %3 49650 1 act=1 39x24 L=41 T=0 R=79 B=23 wact=0 zoom=0
@0 smoke 80x24 zoom=0 layout=8205,80x24,0,0{40x24,0,0,0,39x24,41,0,1}
@1 handoff 80x24 zoom=0 layout=820e,80x24,0,0{40x24,0,0,2,39x24,41,0,3}
--- 15:12:07.651007197
@0 smoke %0 49638 0 act=1 40x24 L=0 T=0 R=39 B=23 wact=1 zoom=0
@0 smoke %1 49642 1 act=0 39x24 L=41 T=0 R=79 B=23 wact=1 zoom=0
@1 handoff %2 49646 0 act=0 40x24 L=0 T=0 R=39 B=23 wact=0 zoom=0
@1 handoff %3 49650 1 act=1 39x24 L=41 T=0 R=79 B=23 wact=0 zoom=0
@0 smoke 80x24 zoom=0 layout=8205,80x24,0,0{40x24,0,0,0,39x24,41,0,1}
@1 handoff 80x24 zoom=0 layout=820e,80x24,0,0{40x24,0,0,2,39x24,41,0,3}
--- 15:12:09.166011950
@0 smoke %0 49638 0 act=1 40x24 L=0 T=0 R=39 B=23 wact=1 zoom=0
@0 smoke %1 49642 1 act=0 39x24 L=41 T=0 R=79 B=23 wact=1 zoom=0
@1 handoff %2 49646 0 act=0 40x24 L=0 T=0 R=39 B=23 wact=0 zoom=0
@1 handoff %3 49650 1 act=1 39x24 L=41 T=0 R=79 B=23 wact=0 zoom=0
@0 smoke 80x24 zoom=0 layout=8205,80x24,0,0{40x24,0,0,0,39x24,41,0,1}
@1 handoff 80x24 zoom=0 layout=820e,80x24,0,0{40x24,0,0,2,39x24,41,0,3}
--- 15:12:10.679330205
@0 smoke %0 49638 0 act=1 40x24 L=0 T=0 R=39 B=23 wact=1 zoom=0
@0 smoke %1 49642 1 act=0 39x24 L=41 T=0 R=79 B=23 wact=1 zoom=0
@1 handoff %2 49646 0 act=0 40x24 L=0 T=0 R=39 B=23 wact=0 zoom=0
@1 handoff %3 49650 1 act=1 39x24 L=41 T=0 R=79 B=23 wact=0 zoom=0
@0 smoke 80x24 zoom=0 layout=8205,80x24,0,0{40x24,0,0,0,39x24,41,0,1}
@1 handoff 80x24 zoom=0 layout=820e,80x24,0,0{40x24,0,0,2,39x24,41,0,3}
--- 15:12:12.192469012
@0 smoke %0 49638 0 act=1 40x24 L=0 T=0 R=39 B=23 wact=1 zoom=0
@0 smoke %1 49642 1 act=0 39x24 L=41 T=0 R=79 B=23 wact=1 zoom=0
@1 handoff %2 49646 0 act=0 40x24 L=0 T=0 R=39 B=23 wact=0 zoom=0
@1 handoff %3 49650 1 act=1 39x24 L=41 T=0 R=79 B=23 wact=0 zoom=0
@0 smoke 80x24 zoom=0 layout=8205,80x24,0,0{40x24,0,0,0,39x24,41,0,1}
@1 handoff 80x24 zoom=0 layout=820e,80x24,0,0{40x24,0,0,2,39x24,41,0,3}
--- 15:12:13.705224167
@0 smoke %0 49638 0 act=1 40x24 L=0 T=0 R=39 B=23 wact=1 zoom=0
@0 smoke %1 49642 1 act=0 39x24 L=41 T=0 R=79 B=23 wact=1 zoom=0
@1 handoff %2 49646 0 act=0 40x24 L=0 T=0 R=39 B=23 wact=0 zoom=0
@1 handoff %3 49650 1 act=1 39x24 L=41 T=0 R=79 B=23 wact=0 zoom=0
@0 smoke 80x24 zoom=0 layout=8205,80x24,0,0{40x24,0,0,0,39x24,41,0,1}
@1 handoff 80x24 zoom=0 layout=820e,80x24,0,0{40x24,0,0,2,39x24,41,0,3}
--- 15:12:15.217817421
@0 smoke %0 49638 0 act=1 40x24 L=0 T=0 R=39 B=23 wact=1 zoom=0
@0 smoke %1 49642 1 act=0 39x24 L=41 T=0 R=79 B=23 wact=1 zoom=0
@1 handoff %2 49646 0 act=0 40x24 L=0 T=0 R=39 B=23 wact=0 zoom=0
@1 handoff %3 49650 1 act=1 39x24 L=41 T=0 R=79 B=23 wact=0 zoom=0
@0 smoke 80x24 zoom=0 layout=8205,80x24,0,0{40x24,0,0,0,39x24,41,0,1}
@1 handoff 80x24 zoom=0 layout=820e,80x24,0,0{40x24,0,0,2,39x24,41,0,3}
--- 15:12:16.730648232
@0 smoke %0 49638 0 act=1 40x24 L=0 T=0 R=39 B=23 wact=1 zoom=0
@0 smoke %1 49642 1 act=0 39x24 L=41 T=0 R=79 B=23 wact=1 zoom=0
@1 handoff %2 49646 0 act=0 40x24 L=0 T=0 R=39 B=23 wact=0 zoom=0
@1 handoff %3 49650 1 act=1 39x24 L=41 T=0 R=79 B=23 wact=0 zoom=0
@0 smoke 80x24 zoom=0 layout=8205,80x24,0,0{40x24,0,0,0,39x24,41,0,1}
@1 handoff 80x24 zoom=0 layout=820e,80x24,0,0{40x24,0,0,2,39x24,41,0,3}
--- 15:12:18.261849534
@0 smoke %0 49638 0 act=1 40x24 L=0 T=0 R=39 B=23 wact=1 zoom=0
@0 smoke %1 49642 1 act=0 39x24 L=41 T=0 R=79 B=23 wact=1 zoom=0
@1 handoff %2 49646 0 act=0 40x24 L=0 T=0 R=39 B=23 wact=0 zoom=0
@1 handoff %3 49650 1 act=1 39x24 L=41 T=0 R=79 B=23 wact=0 zoom=0
@0 smoke 80x24 zoom=0 layout=8205,80x24,0,0{40x24,0,0,0,39x24,41,0,1}
@1 handoff 80x24 zoom=0 layout=820e,80x24,0,0{40x24,0,0,2,39x24,41,0,3}
--- 15:12:19.779051081
@0 smoke %0 49638 0 act=1 40x24 L=0 T=0 R=39 B=23 wact=1 zoom=0
@0 smoke %1 49642 1 act=0 39x24 L=41 T=0 R=79 B=23 wact=1 zoom=0
@1 handoff %2 49646 0 act=0 40x24 L=0 T=0 R=39 B=23 wact=0 zoom=0
@1 handoff %3 49650 1 act=1 39x24 L=41 T=0 R=79 B=23 wact=0 zoom=0
@0 smoke 80x24 zoom=0 layout=8205,80x24,0,0{40x24,0,0,0,39x24,41,0,1}
@1 handoff 80x24 zoom=0 layout=820e,80x24,0,0{40x24,0,0,2,39x24,41,0,3}
--- 15:12:21.292481604
@0 smoke %0 49638 0 act=1 40x24 L=0 T=0 R=39 B=23 wact=1 zoom=0
@0 smoke %1 49642 1 act=0 39x24 L=41 T=0 R=79 B=23 wact=1 zoom=0
@1 handoff %2 49646 0 act=0 40x24 L=0 T=0 R=39 B=23 wact=0 zoom=0
@1 handoff %3 49650 1 act=1 39x24 L=41 T=0 R=79 B=23 wact=0 zoom=0
@0 smoke 80x24 zoom=0 layout=8205,80x24,0,0{40x24,0,0,0,39x24,41,0,1}
@1 handoff 80x24 zoom=0 layout=820e,80x24,0,0{40x24,0,0,2,39x24,41,0,3}
--- 15:12:22.806406596
@0 smoke %0 49638 0 act=1 40x24 L=0 T=0 R=39 B=23 wact=1 zoom=0
@0 smoke %1 49642 1 act=0 39x24 L=41 T=0 R=79 B=23 wact=1 zoom=0
@1 handoff %2 49646 0 act=0 40x24 L=0 T=0 R=39 B=23 wact=0 zoom=0
@1 handoff %3 49650 1 act=1 39x24 L=41 T=0 R=79 B=23 wact=0 zoom=0
@0 smoke 80x24 zoom=0 layout=8205,80x24,0,0{40x24,0,0,0,39x24,41,0,1}
@1 handoff 80x24 zoom=0 layout=820e,80x24,0,0{40x24,0,0,2,39x24,41,0,3}
--- 15:12:24.319429886
@0 smoke %0 49638 0 act=1 40x24 L=0 T=0 R=39 B=23 wact=1 zoom=0
@0 smoke %1 49642 1 act=0 39x24 L=41 T=0 R=79 B=23 wact=1 zoom=0
@1 handoff %2 49646 0 act=0 40x24 L=0 T=0 R=39 B=23 wact=0 zoom=0
@1 handoff %3 49650 1 act=1 39x24 L=41 T=0 R=79 B=23 wact=0 zoom=0
@0 smoke 80x24 zoom=0 layout=8205,80x24,0,0{40x24,0,0,0,39x24,41,0,1}
@1 handoff 80x24 zoom=0 layout=820e,80x24,0,0{40x24,0,0,2,39x24,41,0,3}
--- 15:12:25.832820774
@0 smoke %0 49638 0 act=1 40x24 L=0 T=0 R=39 B=23 wact=1 zoom=0
@0 smoke %1 49642 1 act=0 39x24 L=41 T=0 R=79 B=23 wact=1 zoom=0
@1 handoff %2 49646 0 act=0 40x24 L=0 T=0 R=39 B=23 wact=0 zoom=0
@1 handoff %3 49650 1 act=1 39x24 L=41 T=0 R=79 B=23 wact=0 zoom=0
@0 smoke 80x24 zoom=0 layout=8205,80x24,0,0{40x24,0,0,0,39x24,41,0,1}
@1 handoff 80x24 zoom=0 layout=820e,80x24,0,0{40x24,0,0,2,39x24,41,0,3}
--- 15:12:27.356969900
@0 smoke %0 49638 0 act=1 40x24 L=0 T=0 R=39 B=23 wact=1 zoom=0
@0 smoke %1 49642 1 act=0 39x24 L=41 T=0 R=79 B=23 wact=1 zoom=0
@1 handoff %2 49646 0 act=0 40x24 L=0 T=0 R=39 B=23 wact=0 zoom=0
@1 handoff %3 49650 1 act=1 39x24 L=41 T=0 R=79 B=23 wact=0 zoom=0
@0 smoke 80x24 zoom=0 layout=8205,80x24,0,0{40x24,0,0,0,39x24,41,0,1}
@1 handoff 80x24 zoom=0 layout=820e,80x24,0,0{40x24,0,0,2,39x24,41,0,3}
--- 15:12:28.884015143
@0 smoke %0 49638 0 act=1 40x24 L=0 T=0 R=39 B=23 wact=1 zoom=0
@0 smoke %1 49642 1 act=0 39x24 L=41 T=0 R=79 B=23 wact=1 zoom=0
@1 handoff %2 49646 0 act=0 40x24 L=0 T=0 R=39 B=23 wact=0 zoom=0
@1 handoff %3 49650 1 act=1 39x24 L=41 T=0 R=79 B=23 wact=0 zoom=0
@0 smoke 80x24 zoom=0 layout=8205,80x24,0,0{40x24,0,0,0,39x24,41,0,1}
@1 handoff 80x24 zoom=0 layout=820e,80x24,0,0{40x24,0,0,2,39x24,41,0,3}
--- 15:12:30.413443324
@0 smoke %0 49638 0 act=1 40x24 L=0 T=0 R=39 B=23 wact=1 zoom=0
@0 smoke %1 49642 1 act=0 39x24 L=41 T=0 R=79 B=23 wact=1 zoom=0
@1 handoff %2 49646 0 act=0 40x24 L=0 T=0 R=39 B=23 wact=0 zoom=0
@1 handoff %3 49650 1 act=1 39x24 L=41 T=0 R=79 B=23 wact=0 zoom=0
@0 smoke 80x24 zoom=0 layout=8205,80x24,0,0{40x24,0,0,0,39x24,41,0,1}
@1 handoff 80x24 zoom=0 layout=820e,80x24,0,0{40x24,0,0,2,39x24,41,0,3}
--- 15:12:31.926475428
@0 smoke %0 49638 0 act=1 40x24 L=0 T=0 R=39 B=23 wact=1 zoom=0
@0 smoke %1 49642 1 act=0 39x24 L=41 T=0 R=79 B=23 wact=1 zoom=0
@1 handoff %2 49646 0 act=0 40x24 L=0 T=0 R=39 B=23 wact=0 zoom=0
@1 handoff %3 49650 1 act=1 39x24 L=41 T=0 R=79 B=23 wact=0 zoom=0
@0 smoke 80x24 zoom=0 layout=8205,80x24,0,0{40x24,0,0,0,39x24,41,0,1}
@1 handoff 80x24 zoom=0 layout=820e,80x24,0,0{40x24,0,0,2,39x24,41,0,3}
--- 15:12:33.439099222
@0 smoke %0 49638 0 act=1 40x24 L=0 T=0 R=39 B=23 wact=1 zoom=0
@0 smoke %1 49642 1 act=0 39x24 L=41 T=0 R=79 B=23 wact=1 zoom=0
@1 handoff %2 49646 0 act=0 40x24 L=0 T=0 R=39 B=23 wact=0 zoom=0
@1 handoff %3 49650 1 act=1 39x24 L=41 T=0 R=79 B=23 wact=0 zoom=0
@0 smoke 80x24 zoom=0 layout=8205,80x24,0,0{40x24,0,0,0,39x24,41,0,1}
@1 handoff 80x24 zoom=0 layout=820e,80x24,0,0{40x24,0,0,2,39x24,41,0,3}
--- 15:12:34.952167871
@0 smoke %0 49638 0 act=1 40x24 L=0 T=0 R=39 B=23 wact=1 zoom=0
@0 smoke %1 49642 1 act=0 39x24 L=41 T=0 R=79 B=23 wact=1 zoom=0
@1 handoff %2 49646 0 act=0 40x24 L=0 T=0 R=39 B=23 wact=0 zoom=0
@1 handoff %3 49650 1 act=1 39x24 L=41 T=0 R=79 B=23 wact=0 zoom=0
@0 smoke 80x24 zoom=0 layout=8205,80x24,0,0{40x24,0,0,0,39x24,41,0,1}
@1 handoff 80x24 zoom=0 layout=820e,80x24,0,0{40x24,0,0,2,39x24,41,0,3}
--- 15:12:36.464997226
@0 smoke %0 49638 0 act=1 40x24 L=0 T=0 R=39 B=23 wact=1 zoom=0
@0 smoke %1 49642 1 act=0 39x24 L=41 T=0 R=79 B=23 wact=1 zoom=0
@1 handoff %2 49646 0 act=0 40x24 L=0 T=0 R=39 B=23 wact=0 zoom=0
@1 handoff %3 49650 1 act=1 39x24 L=41 T=0 R=79 B=23 wact=0 zoom=0
@0 smoke 80x24 zoom=0 layout=8205,80x24,0,0{40x24,0,0,0,39x24,41,0,1}
@1 handoff 80x24 zoom=0 layout=820e,80x24,0,0{40x24,0,0,2,39x24,41,0,3}
--- 15:12:37.989468304
@0 smoke %0 49638 0 act=1 40x24 L=0 T=0 R=39 B=23 wact=1 zoom=0
@0 smoke %1 49642 1 act=0 39x24 L=41 T=0 R=79 B=23 wact=1 zoom=0
@1 handoff %2 49646 0 act=0 40x24 L=0 T=0 R=39 B=23 wact=0 zoom=0
@1 handoff %3 49650 1 act=1 39x24 L=41 T=0 R=79 B=23 wact=0 zoom=0
@0 smoke 80x24 zoom=0 layout=8205,80x24,0,0{40x24,0,0,0,39x24,41,0,1}
@1 handoff 80x24 zoom=0 layout=820e,80x24,0,0{40x24,0,0,2,39x24,41,0,3}
--- 15:12:39.511960280
@0 smoke %0 49638 0 act=1 40x24 L=0 T=0 R=39 B=23 wact=1 zoom=0
@0 smoke %1 49642 1 act=0 39x24 L=41 T=0 R=79 B=23 wact=1 zoom=0
@1 handoff %2 49646 0 act=0 40x24 L=0 T=0 R=39 B=23 wact=0 zoom=0
@1 handoff %3 49650 1 act=1 39x24 L=41 T=0 R=79 B=23 wact=0 zoom=0
@0 smoke 80x24 zoom=0 layout=8205,80x24,0,0{40x24,0,0,0,39x24,41,0,1}
@1 handoff 80x24 zoom=0 layout=820e,80x24,0,0{40x24,0,0,2,39x24,41,0,3}
--- 15:12:41.026431315
@0 smoke %0 49638 0 act=1 40x24 L=0 T=0 R=39 B=23 wact=1 zoom=0
@0 smoke %1 49642 1 act=0 39x24 L=41 T=0 R=79 B=23 wact=1 zoom=0
@1 handoff %2 49646 0 act=0 40x24 L=0 T=0 R=39 B=23 wact=0 zoom=0
@1 handoff %3 49650 1 act=1 39x24 L=41 T=0 R=79 B=23 wact=0 zoom=0
@0 smoke 80x24 zoom=0 layout=8205,80x24,0,0{40x24,0,0,0,39x24,41,0,1}
@1 handoff 80x24 zoom=0 layout=820e,80x24,0,0{40x24,0,0,2,39x24,41,0,3}
--- 15:12:42.539669317
@0 smoke %0 49638 0 act=1 40x24 L=0 T=0 R=39 B=23 wact=1 zoom=0
@0 smoke %1 49642 1 act=0 39x24 L=41 T=0 R=79 B=23 wact=1 zoom=0
@1 handoff %2 49646 0 act=0 40x24 L=0 T=0 R=39 B=23 wact=0 zoom=0
@1 handoff %3 49650 1 act=1 39x24 L=41 T=0 R=79 B=23 wact=0 zoom=0
@0 smoke 80x24 zoom=0 layout=8205,80x24,0,0{40x24,0,0,0,39x24,41,0,1}
@1 handoff 80x24 zoom=0 layout=820e,80x24,0,0{40x24,0,0,2,39x24,41,0,3}
--- 15:12:44.053263997
@0 smoke %0 49638 0 act=1 40x24 L=0 T=0 R=39 B=23 wact=1 zoom=0
@0 smoke %1 49642 1 act=0 39x24 L=41 T=0 R=79 B=23 wact=1 zoom=0
@1 handoff %2 49646 0 act=0 40x24 L=0 T=0 R=39 B=23 wact=0 zoom=0
@1 handoff %3 49650 1 act=1 39x24 L=41 T=0 R=79 B=23 wact=0 zoom=0
@0 smoke 80x24 zoom=0 layout=8205,80x24,0,0{40x24,0,0,0,39x24,41,0,1}
@1 handoff 80x24 zoom=0 layout=820e,80x24,0,0{40x24,0,0,2,39x24,41,0,3}
--- 15:12:45.570125126
@0 smoke %0 49638 0 act=1 40x24 L=0 T=0 R=39 B=23 wact=1 zoom=0
@0 smoke %1 49642 1 act=0 39x24 L=41 T=0 R=79 B=23 wact=1 zoom=0
@1 handoff %2 49646 0 act=0 40x24 L=0 T=0 R=39 B=23 wact=0 zoom=0
@1 handoff %3 49650 1 act=1 39x24 L=41 T=0 R=79 B=23 wact=0 zoom=0
@0 smoke 80x24 zoom=0 layout=8205,80x24,0,0{40x24,0,0,0,39x24,41,0,1}
@1 handoff 80x24 zoom=0 layout=820e,80x24,0,0{40x24,0,0,2,39x24,41,0,3}
--- 15:12:47.098973578
@0 smoke %0 49638 0 act=1 40x24 L=0 T=0 R=39 B=23 wact=1 zoom=0
@0 smoke %1 49642 1 act=0 39x24 L=41 T=0 R=79 B=23 wact=1 zoom=0
@1 handoff %2 49646 0 act=0 40x24 L=0 T=0 R=39 B=23 wact=0 zoom=0
@1 handoff %3 49650 1 act=1 39x24 L=41 T=0 R=79 B=23 wact=0 zoom=0
@0 smoke 80x24 zoom=0 layout=8205,80x24,0,0{40x24,0,0,0,39x24,41,0,1}
@1 handoff 80x24 zoom=0 layout=820e,80x24,0,0{40x24,0,0,2,39x24,41,0,3}
--- 15:12:48.628044555
@0 smoke %0 49638 0 act=1 40x24 L=0 T=0 R=39 B=23 wact=1 zoom=0
@0 smoke %1 49642 1 act=0 39x24 L=41 T=0 R=79 B=23 wact=1 zoom=0
@1 handoff %2 49646 0 act=0 40x24 L=0 T=0 R=39 B=23 wact=0 zoom=0
@1 handoff %3 49650 1 act=1 39x24 L=41 T=0 R=79 B=23 wact=0 zoom=0
@0 smoke 80x24 zoom=0 layout=8205,80x24,0,0{40x24,0,0,0,39x24,41,0,1}
@1 handoff 80x24 zoom=0 layout=820e,80x24,0,0{40x24,0,0,2,39x24,41,0,3}
--- 15:12:50.158683853
@0 smoke %0 49638 0 act=1 40x24 L=0 T=0 R=39 B=23 wact=1 zoom=0
@0 smoke %1 49642 1 act=0 39x24 L=41 T=0 R=79 B=23 wact=1 zoom=0
@1 handoff %2 49646 0 act=0 40x24 L=0 T=0 R=39 B=23 wact=0 zoom=0
@1 handoff %3 49650 1 act=1 39x24 L=41 T=0 R=79 B=23 wact=0 zoom=0
@0 smoke 80x24 zoom=0 layout=8205,80x24,0,0{40x24,0,0,0,39x24,41,0,1}
@1 handoff 80x24 zoom=0 layout=820e,80x24,0,0{40x24,0,0,2,39x24,41,0,3}
--- 15:12:51.681907889
@0 smoke %0 49638 0 act=1 40x24 L=0 T=0 R=39 B=23 wact=1 zoom=0
@0 smoke %1 49642 1 act=0 39x24 L=41 T=0 R=79 B=23 wact=1 zoom=0
@1 handoff %2 49646 0 act=0 40x24 L=0 T=0 R=39 B=23 wact=0 zoom=0
@1 handoff %3 49650 1 act=1 39x24 L=41 T=0 R=79 B=23 wact=0 zoom=0
@0 smoke 80x24 zoom=0 layout=8205,80x24,0,0{40x24,0,0,0,39x24,41,0,1}
@1 handoff 80x24 zoom=0 layout=820e,80x24,0,0{40x24,0,0,2,39x24,41,0,3}
--- 15:12:53.205724358
@0 smoke %0 49638 0 act=1 40x24 L=0 T=0 R=39 B=23 wact=1 zoom=0
@0 smoke %1 49642 1 act=0 39x24 L=41 T=0 R=79 B=23 wact=1 zoom=0
@1 handoff %2 49646 0 act=0 40x24 L=0 T=0 R=39 B=23 wact=0 zoom=0
@1 handoff %3 49650 1 act=1 39x24 L=41 T=0 R=79 B=23 wact=0 zoom=0
@0 smoke 80x24 zoom=0 layout=8205,80x24,0,0{40x24,0,0,0,39x24,41,0,1}
@1 handoff 80x24 zoom=0 layout=820e,80x24,0,0{40x24,0,0,2,39x24,41,0,3}
--- 15:12:54.731933531
@0 smoke %0 49638 0 act=1 40x24 L=0 T=0 R=39 B=23 wact=1 zoom=0
@0 smoke %1 49642 1 act=0 39x24 L=41 T=0 R=79 B=23 wact=1 zoom=0
@1 handoff %2 49646 0 act=0 40x24 L=0 T=0 R=39 B=23 wact=0 zoom=0
@1 handoff %3 49650 1 act=1 39x24 L=41 T=0 R=79 B=23 wact=0 zoom=0
@0 smoke 80x24 zoom=0 layout=8205,80x24,0,0{40x24,0,0,0,39x24,41,0,1}
@1 handoff 80x24 zoom=0 layout=820e,80x24,0,0{40x24,0,0,2,39x24,41,0,3}
--- 15:12:56.253074507
@0 smoke %0 49638 0 act=1 40x24 L=0 T=0 R=39 B=23 wact=1 zoom=0
@0 smoke %1 49642 1 act=0 39x24 L=41 T=0 R=79 B=23 wact=1 zoom=0
@1 handoff %2 49646 0 act=0 40x24 L=0 T=0 R=39 B=23 wact=0 zoom=0
@1 handoff %3 49650 1 act=1 39x24 L=41 T=0 R=79 B=23 wact=0 zoom=0
@0 smoke 80x24 zoom=0 layout=8205,80x24,0,0{40x24,0,0,0,39x24,41,0,1}
@1 handoff 80x24 zoom=0 layout=820e,80x24,0,0{40x24,0,0,2,39x24,41,0,3}
--- 15:12:57.772955839
@0 smoke %0 49638 0 act=1 80x24 L=0 T=0 R=79 B=23 wact=1 zoom=1
@0 smoke %1 49642 1 act=0 39x24 L=41 T=0 R=79 B=23 wact=1 zoom=1
@1 handoff %2 49646 0 act=0 40x24 L=0 T=0 R=39 B=23 wact=0 zoom=0
@1 handoff %3 49650 1 act=1 39x24 L=41 T=0 R=79 B=23 wact=0 zoom=0
@0 smoke 80x24 zoom=1 layout=8205,80x24,0,0{40x24,0,0,0,39x24,41,0,1}
@1 handoff 80x24 zoom=0 layout=820e,80x24,0,0{40x24,0,0,2,39x24,41,0,3}
client-55254 unknown 80x flags=attached,focused,control-mode,UTF-8
--- 15:12:59.299710655
@0 smoke %0 49638 0 act=1 80x24 L=0 T=0 R=79 B=23 wact=1 zoom=1
@0 smoke %1 49642 1 act=0 39x24 L=41 T=0 R=79 B=23 wact=1 zoom=1
@1 handoff %2 49646 0 act=0 40x24 L=0 T=0 R=39 B=23 wact=0 zoom=0
@1 handoff %3 49650 1 act=1 39x24 L=41 T=0 R=79 B=23 wact=0 zoom=0
@0 smoke 80x24 zoom=1 layout=8205,80x24,0,0{40x24,0,0,0,39x24,41,0,1}
@1 handoff 80x24 zoom=0 layout=820e,80x24,0,0{40x24,0,0,2,39x24,41,0,3}
client-55254 unknown 80x flags=attached,focused,control-mode,UTF-8
--- 15:13:00.816652472
@0 smoke %0 49638 0 act=1 80x24 L=0 T=0 R=79 B=23 wact=1 zoom=1
@0 smoke %1 49642 1 act=0 39x24 L=41 T=0 R=79 B=23 wact=1 zoom=1
@1 handoff %2 49646 0 act=0 40x24 L=0 T=0 R=39 B=23 wact=0 zoom=0
@1 handoff %3 49650 1 act=1 39x24 L=41 T=0 R=79 B=23 wact=0 zoom=0
@0 smoke 80x24 zoom=1 layout=8205,80x24,0,0{40x24,0,0,0,39x24,41,0,1}
@1 handoff 80x24 zoom=0 layout=820e,80x24,0,0{40x24,0,0,2,39x24,41,0,3}
client-55254 unknown 80x flags=attached,focused,control-mode,UTF-8
--- 15:13:02.336806712
@0 smoke %0 49638 0 act=1 80x24 L=0 T=0 R=79 B=23 wact=1 zoom=1
@0 smoke %1 49642 1 act=0 39x24 L=41 T=0 R=79 B=23 wact=1 zoom=1
@1 handoff %2 49646 0 act=0 40x24 L=0 T=0 R=39 B=23 wact=0 zoom=0
@1 handoff %3 49650 1 act=1 39x24 L=41 T=0 R=79 B=23 wact=0 zoom=0
@0 smoke 80x24 zoom=1 layout=8205,80x24,0,0{40x24,0,0,0,39x24,41,0,1}
@1 handoff 80x24 zoom=0 layout=820e,80x24,0,0{40x24,0,0,2,39x24,41,0,3}
client-55254 unknown 80x flags=attached,focused,control-mode,UTF-8
--- 15:13:03.858062239
@0 smoke %0 49638 0 act=1 80x24 L=0 T=0 R=79 B=23 wact=1 zoom=1
@0 smoke %1 49642 1 act=0 39x24 L=41 T=0 R=79 B=23 wact=1 zoom=1
@1 handoff %2 49646 0 act=0 40x24 L=0 T=0 R=39 B=23 wact=0 zoom=0
@1 handoff %3 49650 1 act=1 39x24 L=41 T=0 R=79 B=23 wact=0 zoom=0
@0 smoke 80x24 zoom=1 layout=8205,80x24,0,0{40x24,0,0,0,39x24,41,0,1}
@1 handoff 80x24 zoom=0 layout=820e,80x24,0,0{40x24,0,0,2,39x24,41,0,3}
client-55254 unknown 80x flags=attached,focused,control-mode,UTF-8
--- 15:13:05.373738061
@0 smoke %0 49638 0 act=1 80x24 L=0 T=0 R=79 B=23 wact=1 zoom=1
@0 smoke %1 49642 1 act=0 39x24 L=41 T=0 R=79 B=23 wact=1 zoom=1
@1 handoff %2 49646 0 act=0 40x24 L=0 T=0 R=39 B=23 wact=0 zoom=0
@1 handoff %3 49650 1 act=1 39x24 L=41 T=0 R=79 B=23 wact=0 zoom=0
@0 smoke 80x24 zoom=1 layout=8205,80x24,0,0{40x24,0,0,0,39x24,41,0,1}
@1 handoff 80x24 zoom=0 layout=820e,80x24,0,0{40x24,0,0,2,39x24,41,0,3}
client-55254 unknown 80x flags=attached,focused,control-mode,UTF-8
--- 15:13:06.892506619
@0 smoke %0 49638 0 act=1 80x24 L=0 T=0 R=79 B=23 wact=1 zoom=1
@0 smoke %1 49642 1 act=0 39x24 L=41 T=0 R=79 B=23 wact=1 zoom=1
@1 handoff %2 49646 0 act=0 40x24 L=0 T=0 R=39 B=23 wact=0 zoom=0
@1 handoff %3 49650 1 act=1 39x24 L=41 T=0 R=79 B=23 wact=0 zoom=0
@0 smoke 80x24 zoom=1 layout=8205,80x24,0,0{40x24,0,0,0,39x24,41,0,1}
@1 handoff 80x24 zoom=0 layout=820e,80x24,0,0{40x24,0,0,2,39x24,41,0,3}
client-55254 unknown 80x flags=attached,focused,control-mode,UTF-8
--- 15:13:08.411796290
@0 smoke %0 49638 0 act=1 80x24 L=0 T=0 R=79 B=23 wact=1 zoom=1
@0 smoke %1 49642 1 act=0 39x24 L=41 T=0 R=79 B=23 wact=1 zoom=1
@1 handoff %2 49646 0 act=0 40x24 L=0 T=0 R=39 B=23 wact=0 zoom=0
@1 handoff %3 49650 1 act=1 39x24 L=41 T=0 R=79 B=23 wact=0 zoom=0
@0 smoke 80x24 zoom=1 layout=8205,80x24,0,0{40x24,0,0,0,39x24,41,0,1}
@1 handoff 80x24 zoom=0 layout=820e,80x24,0,0{40x24,0,0,2,39x24,41,0,3}
client-55254 unknown 80x flags=attached,focused,control-mode,UTF-8
--- 15:13:09.929516181
@0 smoke %0 49638 0 act=1 80x24 L=0 T=0 R=79 B=23 wact=1 zoom=1
@0 smoke %1 49642 1 act=0 39x24 L=41 T=0 R=79 B=23 wact=1 zoom=1
@1 handoff %2 49646 0 act=0 40x24 L=0 T=0 R=39 B=23 wact=0 zoom=0
@1 handoff %3 49650 1 act=1 39x24 L=41 T=0 R=79 B=23 wact=0 zoom=0
@0 smoke 80x24 zoom=1 layout=8205,80x24,0,0{40x24,0,0,0,39x24,41,0,1}
@1 handoff 80x24 zoom=0 layout=820e,80x24,0,0{40x24,0,0,2,39x24,41,0,3}
client-55254 unknown 80x flags=attached,focused,control-mode,UTF-8
--- 15:13:11.451053702
@0 smoke %0 49638 0 act=1 80x24 L=0 T=0 R=79 B=23 wact=1 zoom=1
@0 smoke %1 49642 1 act=0 39x24 L=41 T=0 R=79 B=23 wact=1 zoom=1
@1 handoff %2 49646 0 act=0 40x24 L=0 T=0 R=39 B=23 wact=0 zoom=0
@1 handoff %3 49650 1 act=1 39x24 L=41 T=0 R=79 B=23 wact=0 zoom=0
@0 smoke 80x24 zoom=1 layout=8205,80x24,0,0{40x24,0,0,0,39x24,41,0,1}
@1 handoff 80x24 zoom=0 layout=820e,80x24,0,0{40x24,0,0,2,39x24,41,0,3}
client-55254 unknown 80x flags=attached,focused,control-mode,UTF-8
--- 15:13:12.982977391
@0 smoke %0 49638 0 act=1 80x24 L=0 T=0 R=79 B=23 wact=1 zoom=1
@0 smoke %1 49642 1 act=0 39x24 L=41 T=0 R=79 B=23 wact=1 zoom=1
@1 handoff %2 49646 0 act=0 40x24 L=0 T=0 R=39 B=23 wact=0 zoom=0
@1 handoff %3 49650 1 act=1 39x24 L=41 T=0 R=79 B=23 wact=0 zoom=0
@0 smoke 80x24 zoom=1 layout=8205,80x24,0,0{40x24,0,0,0,39x24,41,0,1}
@1 handoff 80x24 zoom=0 layout=820e,80x24,0,0{40x24,0,0,2,39x24,41,0,3}
client-55254 unknown 80x flags=attached,focused,control-mode,UTF-8
--- 15:13:14.509823383
@0 smoke %0 49638 0 act=1 80x24 L=0 T=0 R=79 B=23 wact=1 zoom=1
@0 smoke %1 49642 1 act=0 39x24 L=41 T=0 R=79 B=23 wact=1 zoom=1
@1 handoff %2 49646 0 act=0 40x24 L=0 T=0 R=39 B=23 wact=0 zoom=0
@1 handoff %3 49650 1 act=1 39x24 L=41 T=0 R=79 B=23 wact=0 zoom=0
@0 smoke 80x24 zoom=1 layout=8205,80x24,0,0{40x24,0,0,0,39x24,41,0,1}
@1 handoff 80x24 zoom=0 layout=820e,80x24,0,0{40x24,0,0,2,39x24,41,0,3}
client-55254 unknown 80x flags=attached,focused,control-mode,UTF-8
--- 15:13:16.022925285
@0 smoke %0 49638 0 act=1 80x24 L=0 T=0 R=79 B=23 wact=1 zoom=1
@0 smoke %1 49642 1 act=0 39x24 L=41 T=0 R=79 B=23 wact=1 zoom=1
@1 handoff %2 49646 0 act=0 40x24 L=0 T=0 R=39 B=23 wact=0 zoom=0
@1 handoff %3 49650 1 act=1 39x24 L=41 T=0 R=79 B=23 wact=0 zoom=0
@0 smoke 80x24 zoom=1 layout=8205,80x24,0,0{40x24,0,0,0,39x24,41,0,1}
@1 handoff 80x24 zoom=0 layout=820e,80x24,0,0{40x24,0,0,2,39x24,41,0,3}
client-55254 unknown 80x flags=attached,focused,control-mode,UTF-8
--- 15:13:17.535840974
@0 smoke %0 49638 0 act=1 80x24 L=0 T=0 R=79 B=23 wact=1 zoom=1
@0 smoke %1 49642 1 act=0 39x24 L=41 T=0 R=79 B=23 wact=1 zoom=1
@1 handoff %2 49646 0 act=0 40x24 L=0 T=0 R=39 B=23 wact=0 zoom=0
@1 handoff %3 49650 1 act=1 39x24 L=41 T=0 R=79 B=23 wact=0 zoom=0
@0 smoke 80x24 zoom=1 layout=8205,80x24,0,0{40x24,0,0,0,39x24,41,0,1}
@1 handoff 80x24 zoom=0 layout=820e,80x24,0,0{40x24,0,0,2,39x24,41,0,3}
client-55254 unknown 80x flags=attached,focused,control-mode,UTF-8
--- 15:13:19.048930045
@0 smoke %0 49638 0 act=1 80x24 L=0 T=0 R=79 B=23 wact=1 zoom=1
@0 smoke %1 49642 1 act=0 39x24 L=41 T=0 R=79 B=23 wact=1 zoom=1
@1 handoff %2 49646 0 act=0 40x24 L=0 T=0 R=39 B=23 wact=0 zoom=0
@1 handoff %3 49650 1 act=1 39x24 L=41 T=0 R=79 B=23 wact=0 zoom=0
@0 smoke 80x24 zoom=1 layout=8205,80x24,0,0{40x24,0,0,0,39x24,41,0,1}
@1 handoff 80x24 zoom=0 layout=820e,80x24,0,0{40x24,0,0,2,39x24,41,0,3}
client-55254 unknown 80x flags=attached,focused,control-mode,UTF-8
--- 15:13:20.562218735
@0 smoke %0 49638 0 act=1 80x24 L=0 T=0 R=79 B=23 wact=1 zoom=1
@0 smoke %1 49642 1 act=0 39x24 L=41 T=0 R=79 B=23 wact=1 zoom=1
@1 handoff %2 49646 0 act=0 40x24 L=0 T=0 R=39 B=23 wact=0 zoom=0
@1 handoff %3 49650 1 act=1 39x24 L=41 T=0 R=79 B=23 wact=0 zoom=0
@0 smoke 80x24 zoom=1 layout=8205,80x24,0,0{40x24,0,0,0,39x24,41,0,1}
@1 handoff 80x24 zoom=0 layout=820e,80x24,0,0{40x24,0,0,2,39x24,41,0,3}
client-55254 unknown 80x flags=attached,focused,control-mode,UTF-8
--- 15:13:22.076447470
@0 smoke %0 49638 0 act=1 80x24 L=0 T=0 R=79 B=23 wact=1 zoom=1
@0 smoke %1 49642 1 act=0 39x24 L=41 T=0 R=79 B=23 wact=1 zoom=1
@1 handoff %2 49646 0 act=0 40x24 L=0 T=0 R=39 B=23 wact=0 zoom=0
@1 handoff %3 49650 1 act=1 39x24 L=41 T=0 R=79 B=23 wact=0 zoom=0
@0 smoke 80x24 zoom=1 layout=8205,80x24,0,0{40x24,0,0,0,39x24,41,0,1}
@1 handoff 80x24 zoom=0 layout=820e,80x24,0,0{40x24,0,0,2,39x24,41,0,3}
client-55254 unknown 80x flags=attached,focused,control-mode,UTF-8
--- 15:13:23.591494939
@0 smoke %0 49638 0 act=1 80x24 L=0 T=0 R=79 B=23 wact=1 zoom=1
@0 smoke %1 49642 1 act=0 39x24 L=41 T=0 R=79 B=23 wact=1 zoom=1
@1 handoff %2 49646 0 act=0 40x24 L=0 T=0 R=39 B=23 wact=0 zoom=0
@1 handoff %3 49650 1 act=1 39x24 L=41 T=0 R=79 B=23 wact=0 zoom=0
@0 smoke 80x24 zoom=1 layout=8205,80x24,0,0{40x24,0,0,0,39x24,41,0,1}
@1 handoff 80x24 zoom=0 layout=820e,80x24,0,0{40x24,0,0,2,39x24,41,0,3}
client-55254 unknown 80x flags=attached,focused,control-mode,UTF-8
--- 15:13:25.105078521
@0 smoke %0 49638 0 act=1 80x24 L=0 T=0 R=79 B=23 wact=1 zoom=1
@0 smoke %1 49642 1 act=0 39x24 L=41 T=0 R=79 B=23 wact=1 zoom=1
@1 handoff %2 49646 0 act=0 40x24 L=0 T=0 R=39 B=23 wact=0 zoom=0
@1 handoff %3 49650 1 act=1 39x24 L=41 T=0 R=79 B=23 wact=0 zoom=0
@0 smoke 80x24 zoom=1 layout=8205,80x24,0,0{40x24,0,0,0,39x24,41,0,1}
@1 handoff 80x24 zoom=0 layout=820e,80x24,0,0{40x24,0,0,2,39x24,41,0,3}
client-55254 unknown 80x flags=attached,focused,control-mode,UTF-8
--- 15:13:26.618586662
@0 smoke %0 49638 0 act=1 80x24 L=0 T=0 R=79 B=23 wact=1 zoom=1
@0 smoke %1 49642 1 act=0 39x24 L=41 T=0 R=79 B=23 wact=1 zoom=1
@1 handoff %2 49646 0 act=0 40x24 L=0 T=0 R=39 B=23 wact=0 zoom=0
@1 handoff %3 49650 1 act=1 39x24 L=41 T=0 R=79 B=23 wact=0 zoom=0
@0 smoke 80x24 zoom=1 layout=8205,80x24,0,0{40x24,0,0,0,39x24,41,0,1}
@1 handoff 80x24 zoom=0 layout=820e,80x24,0,0{40x24,0,0,2,39x24,41,0,3}
client-55254 unknown 80x flags=attached,focused,control-mode,UTF-8
--- 15:13:28.132960927
@0 smoke %0 49638 0 act=1 80x24 L=0 T=0 R=79 B=23 wact=1 zoom=1
@0 smoke %1 49642 1 act=0 39x24 L=41 T=0 R=79 B=23 wact=1 zoom=1
@1 handoff %2 49646 0 act=0 40x24 L=0 T=0 R=39 B=23 wact=0 zoom=0
@1 handoff %3 49650 1 act=1 39x24 L=41 T=0 R=79 B=23 wact=0 zoom=0
@0 smoke 80x24 zoom=1 layout=8205,80x24,0,0{40x24,0,0,0,39x24,41,0,1}
@1 handoff 80x24 zoom=0 layout=820e,80x24,0,0{40x24,0,0,2,39x24,41,0,3}
client-55254 unknown 80x flags=attached,focused,control-mode,UTF-8
--- 15:13:29.646113790
@0 smoke %0 49638 0 act=1 80x24 L=0 T=0 R=79 B=23 wact=1 zoom=1
@0 smoke %1 49642 1 act=0 39x24 L=41 T=0 R=79 B=23 wact=1 zoom=1
@1 handoff %2 49646 0 act=0 40x24 L=0 T=0 R=39 B=23 wact=0 zoom=0
@1 handoff %3 49650 1 act=1 39x24 L=41 T=0 R=79 B=23 wact=0 zoom=0
@0 smoke 80x24 zoom=1 layout=8205,80x24,0,0{40x24,0,0,0,39x24,41,0,1}
@1 handoff 80x24 zoom=0 layout=820e,80x24,0,0{40x24,0,0,2,39x24,41,0,3}
client-55254 unknown 80x flags=attached,focused,control-mode,UTF-8
--- 15:13:31.159108975
@0 smoke %0 49638 0 act=1 80x24 L=0 T=0 R=79 B=23 wact=1 zoom=1
@0 smoke %1 49642 1 act=0 39x24 L=41 T=0 R=79 B=23 wact=1 zoom=1
@1 handoff %2 49646 0 act=0 40x24 L=0 T=0 R=39 B=23 wact=0 zoom=0
@1 handoff %3 49650 1 act=1 39x24 L=41 T=0 R=79 B=23 wact=0 zoom=0
@0 smoke 80x24 zoom=1 layout=8205,80x24,0,0{40x24,0,0,0,39x24,41,0,1}
@1 handoff 80x24 zoom=0 layout=820e,80x24,0,0{40x24,0,0,2,39x24,41,0,3}
client-55254 unknown 80x flags=attached,focused,control-mode,UTF-8
--- 15:13:32.672273159
@0 smoke %0 49638 0 act=1 80x24 L=0 T=0 R=79 B=23 wact=1 zoom=1
@0 smoke %1 49642 1 act=0 39x24 L=41 T=0 R=79 B=23 wact=1 zoom=1
@1 handoff %2 49646 0 act=0 40x24 L=0 T=0 R=39 B=23 wact=0 zoom=0
@1 handoff %3 49650 1 act=1 39x24 L=41 T=0 R=79 B=23 wact=0 zoom=0
@0 smoke 80x24 zoom=1 layout=8205,80x24,0,0{40x24,0,0,0,39x24,41,0,1}
@1 handoff 80x24 zoom=0 layout=820e,80x24,0,0{40x24,0,0,2,39x24,41,0,3}
client-55254 unknown 80x flags=attached,focused,control-mode,UTF-8
--- 15:13:34.185138310
@0 smoke %0 49638 0 act=1 80x24 L=0 T=0 R=79 B=23 wact=1 zoom=1
@0 smoke %1 49642 1 act=0 39x24 L=41 T=0 R=79 B=23 wact=1 zoom=1
@1 handoff %2 49646 0 act=0 40x24 L=0 T=0 R=39 B=23 wact=0 zoom=0
@1 handoff %3 49650 1 act=1 39x24 L=41 T=0 R=79 B=23 wact=0 zoom=0
@0 smoke 80x24 zoom=1 layout=8205,80x24,0,0{40x24,0,0,0,39x24,41,0,1}
@1 handoff 80x24 zoom=0 layout=820e,80x24,0,0{40x24,0,0,2,39x24,41,0,3}
client-55254 unknown 80x flags=attached,focused,control-mode,UTF-8
--- 15:13:35.698100556
@0 smoke %0 49638 0 act=1 80x24 L=0 T=0 R=79 B=23 wact=1 zoom=1
@0 smoke %1 49642 1 act=0 39x24 L=41 T=0 R=79 B=23 wact=1 zoom=1
@1 handoff %2 49646 0 act=0 40x24 L=0 T=0 R=39 B=23 wact=0 zoom=0
@1 handoff %3 49650 1 act=1 39x24 L=41 T=0 R=79 B=23 wact=0 zoom=0
@0 smoke 80x24 zoom=1 layout=8205,80x24,0,0{40x24,0,0,0,39x24,41,0,1}
@1 handoff 80x24 zoom=0 layout=820e,80x24,0,0{40x24,0,0,2,39x24,41,0,3}
client-55254 unknown 80x flags=attached,focused,control-mode,UTF-8
--- 15:13:37.210807129
@0 smoke %0 49638 0 act=1 80x24 L=0 T=0 R=79 B=23 wact=1 zoom=1
@0 smoke %1 49642 1 act=0 39x24 L=41 T=0 R=79 B=23 wact=1 zoom=1
@1 handoff %2 49646 0 act=0 40x24 L=0 T=0 R=39 B=23 wact=0 zoom=0
@1 handoff %3 49650 1 act=1 39x24 L=41 T=0 R=79 B=23 wact=0 zoom=0
@0 smoke 80x24 zoom=1 layout=8205,80x24,0,0{40x24,0,0,0,39x24,41,0,1}
@1 handoff 80x24 zoom=0 layout=820e,80x24,0,0{40x24,0,0,2,39x24,41,0,3}
client-55254 unknown 80x flags=attached,focused,control-mode,UTF-8
--- 15:13:38.723891346
@0 smoke %0 49638 0 act=1 80x24 L=0 T=0 R=79 B=23 wact=1 zoom=1
@0 smoke %1 49642 1 act=0 39x24 L=41 T=0 R=79 B=23 wact=1 zoom=1
@1 handoff %2 49646 0 act=0 40x24 L=0 T=0 R=39 B=23 wact=0 zoom=0
@1 handoff %3 49650 1 act=1 39x24 L=41 T=0 R=79 B=23 wact=0 zoom=0
@0 smoke 80x24 zoom=1 layout=8205,80x24,0,0{40x24,0,0,0,39x24,41,0,1}
@1 handoff 80x24 zoom=0 layout=820e,80x24,0,0{40x24,0,0,2,39x24,41,0,3}
client-55254 unknown 80x flags=attached,focused,control-mode,UTF-8
--- 15:13:40.237095310
@0 smoke %0 49638 0 act=1 80x24 L=0 T=0 R=79 B=23 wact=1 zoom=1
@0 smoke %1 49642 1 act=0 39x24 L=41 T=0 R=79 B=23 wact=1 zoom=1
@1 handoff %2 49646 0 act=0 40x24 L=0 T=0 R=39 B=23 wact=0 zoom=0
@1 handoff %3 49650 1 act=1 39x24 L=41 T=0 R=79 B=23 wact=0 zoom=0
@0 smoke 80x24 zoom=1 layout=8205,80x24,0,0{40x24,0,0,0,39x24,41,0,1}
@1 handoff 80x24 zoom=0 layout=820e,80x24,0,0{40x24,0,0,2,39x24,41,0,3}
client-55254 unknown 80x flags=attached,focused,control-mode,UTF-8
--- 15:13:41.750725759
@0 smoke %0 49638 0 act=1 80x24 L=0 T=0 R=79 B=23 wact=1 zoom=1
@0 smoke %1 49642 1 act=0 39x24 L=41 T=0 R=79 B=23 wact=1 zoom=1
@1 handoff %2 49646 0 act=0 40x24 L=0 T=0 R=39 B=23 wact=0 zoom=0
@1 handoff %3 49650 1 act=1 39x24 L=41 T=0 R=79 B=23 wact=0 zoom=0
@0 smoke 80x24 zoom=1 layout=8205,80x24,0,0{40x24,0,0,0,39x24,41,0,1}
@1 handoff 80x24 zoom=0 layout=820e,80x24,0,0{40x24,0,0,2,39x24,41,0,3}
client-55254 unknown 80x flags=attached,focused,control-mode,UTF-8
--- 15:13:43.270943133
@0 smoke %0 49638 0 act=1 80x24 L=0 T=0 R=79 B=23 wact=1 zoom=1
@0 smoke %1 49642 1 act=0 39x24 L=41 T=0 R=79 B=23 wact=1 zoom=1
@1 handoff %2 49646 0 act=0 40x24 L=0 T=0 R=39 B=23 wact=0 zoom=0
@1 handoff %3 49650 1 act=1 39x24 L=41 T=0 R=79 B=23 wact=0 zoom=0
@0 smoke 80x24 zoom=1 layout=8205,80x24,0,0{40x24,0,0,0,39x24,41,0,1}
@1 handoff 80x24 zoom=0 layout=820e,80x24,0,0{40x24,0,0,2,39x24,41,0,3}
client-55254 unknown 80x flags=attached,focused,control-mode,UTF-8
--- 15:13:44.784221787
@0 smoke %0 49638 0 act=1 80x24 L=0 T=0 R=79 B=23 wact=1 zoom=1
@0 smoke %1 49642 1 act=0 39x24 L=41 T=0 R=79 B=23 wact=1 zoom=1
@1 handoff %2 49646 0 act=0 40x24 L=0 T=0 R=39 B=23 wact=0 zoom=0
@1 handoff %3 49650 1 act=1 39x24 L=41 T=0 R=79 B=23 wact=0 zoom=0
@0 smoke 80x24 zoom=1 layout=8205,80x24,0,0{40x24,0,0,0,39x24,41,0,1}
@1 handoff 80x24 zoom=0 layout=820e,80x24,0,0{40x24,0,0,2,39x24,41,0,3}
client-55254 unknown 80x flags=attached,focused,control-mode,UTF-8
--- 15:13:46.297251840
@0 smoke %0 49638 0 act=1 80x24 L=0 T=0 R=79 B=23 wact=1 zoom=1
@0 smoke %1 49642 1 act=0 39x24 L=41 T=0 R=79 B=23 wact=1 zoom=1
@1 handoff %2 49646 0 act=0 40x24 L=0 T=0 R=39 B=23 wact=0 zoom=0
@1 handoff %3 49650 1 act=1 39x24 L=41 T=0 R=79 B=23 wact=0 zoom=0
@0 smoke 80x24 zoom=1 layout=8205,80x24,0,0{40x24,0,0,0,39x24,41,0,1}
@1 handoff 80x24 zoom=0 layout=820e,80x24,0,0{40x24,0,0,2,39x24,41,0,3}
client-55254 unknown 80x flags=attached,focused,control-mode,UTF-8
--- 15:13:47.810211373
@0 smoke %0 49638 0 act=1 80x24 L=0 T=0 R=79 B=23 wact=1 zoom=1
@0 smoke %1 49642 1 act=0 39x24 L=41 T=0 R=79 B=23 wact=1 zoom=1
@1 handoff %2 49646 0 act=0 40x24 L=0 T=0 R=39 B=23 wact=0 zoom=0
@1 handoff %3 49650 1 act=1 39x24 L=41 T=0 R=79 B=23 wact=0 zoom=0
@0 smoke 80x24 zoom=1 layout=8205,80x24,0,0{40x24,0,0,0,39x24,41,0,1}
@1 handoff 80x24 zoom=0 layout=820e,80x24,0,0{40x24,0,0,2,39x24,41,0,3}
client-55254 unknown 80x flags=attached,focused,control-mode,UTF-8
--- 15:13:49.323339319
@0 smoke %0 49638 0 act=1 80x24 L=0 T=0 R=79 B=23 wact=1 zoom=1
@0 smoke %1 49642 1 act=0 39x24 L=41 T=0 R=79 B=23 wact=1 zoom=1
@1 handoff %2 49646 0 act=0 40x24 L=0 T=0 R=39 B=23 wact=0 zoom=0
@1 handoff %3 49650 1 act=1 39x24 L=41 T=0 R=79 B=23 wact=0 zoom=0
@0 smoke 80x24 zoom=1 layout=8205,80x24,0,0{40x24,0,0,0,39x24,41,0,1}
@1 handoff 80x24 zoom=0 layout=820e,80x24,0,0{40x24,0,0,2,39x24,41,0,3}
client-55254 unknown 80x flags=attached,focused,control-mode,UTF-8
--- 15:13:50.836322404
@0 smoke %0 49638 0 act=1 80x24 L=0 T=0 R=79 B=23 wact=1 zoom=1
@0 smoke %1 49642 1 act=0 39x24 L=41 T=0 R=79 B=23 wact=1 zoom=1
@1 handoff %2 49646 0 act=0 40x24 L=0 T=0 R=39 B=23 wact=0 zoom=0
@1 handoff %3 49650 1 act=1 39x24 L=41 T=0 R=79 B=23 wact=0 zoom=0
@0 smoke 80x24 zoom=1 layout=8205,80x24,0,0{40x24,0,0,0,39x24,41,0,1}
@1 handoff 80x24 zoom=0 layout=820e,80x24,0,0{40x24,0,0,2,39x24,41,0,3}
client-55254 unknown 80x flags=attached,focused,control-mode,UTF-8
--- 15:13:52.349392777
@0 smoke %0 49638 0 act=1 80x24 L=0 T=0 R=79 B=23 wact=1 zoom=1
@0 smoke %1 49642 1 act=0 39x24 L=41 T=0 R=79 B=23 wact=1 zoom=1
@1 handoff %2 49646 0 act=0 40x24 L=0 T=0 R=39 B=23 wact=0 zoom=0
@1 handoff %3 49650 1 act=1 39x24 L=41 T=0 R=79 B=23 wact=0 zoom=0
@0 smoke 80x24 zoom=1 layout=8205,80x24,0,0{40x24,0,0,0,39x24,41,0,1}
@1 handoff 80x24 zoom=0 layout=820e,80x24,0,0{40x24,0,0,2,39x24,41,0,3}
client-55254 unknown 80x flags=attached,focused,control-mode,UTF-8
--- 15:13:53.862745264
@0 smoke %0 49638 0 act=1 80x24 L=0 T=0 R=79 B=23 wact=1 zoom=1
@0 smoke %1 49642 1 act=0 39x24 L=41 T=0 R=79 B=23 wact=1 zoom=1
@1 handoff %2 49646 0 act=0 40x24 L=0 T=0 R=39 B=23 wact=0 zoom=0
@1 handoff %3 49650 1 act=1 39x24 L=41 T=0 R=79 B=23 wact=0 zoom=0
@0 smoke 80x24 zoom=1 layout=8205,80x24,0,0{40x24,0,0,0,39x24,41,0,1}
@1 handoff 80x24 zoom=0 layout=820e,80x24,0,0{40x24,0,0,2,39x24,41,0,3}
client-55254 unknown 80x flags=attached,focused,control-mode,UTF-8
--- 15:13:55.375627448
@0 smoke %0 49638 0 act=1 80x24 L=0 T=0 R=79 B=23 wact=1 zoom=1
@0 smoke %1 49642 1 act=0 39x24 L=41 T=0 R=79 B=23 wact=1 zoom=1
@1 handoff %2 49646 0 act=0 40x24 L=0 T=0 R=39 B=23 wact=0 zoom=0
@1 handoff %3 49650 1 act=1 39x24 L=41 T=0 R=79 B=23 wact=0 zoom=0
@0 smoke 80x24 zoom=1 layout=8205,80x24,0,0{40x24,0,0,0,39x24,41,0,1}
@1 handoff 80x24 zoom=0 layout=820e,80x24,0,0{40x24,0,0,2,39x24,41,0,3}
client-55254 unknown 80x flags=attached,focused,control-mode,UTF-8
--- 15:13:56.888653242
@0 smoke %0 49638 0 act=1 80x24 L=0 T=0 R=79 B=23 wact=1 zoom=1
@0 smoke %1 49642 1 act=0 39x24 L=41 T=0 R=79 B=23 wact=1 zoom=1
@1 handoff %2 49646 0 act=0 40x24 L=0 T=0 R=39 B=23 wact=0 zoom=0
@1 handoff %3 49650 1 act=1 39x24 L=41 T=0 R=79 B=23 wact=0 zoom=0
@0 smoke 80x24 zoom=1 layout=8205,80x24,0,0{40x24,0,0,0,39x24,41,0,1}
@1 handoff 80x24 zoom=0 layout=820e,80x24,0,0{40x24,0,0,2,39x24,41,0,3}
client-55254 unknown 80x flags=attached,focused,control-mode,UTF-8
--- 15:13:58.401962869
@0 smoke %0 49638 0 act=1 80x24 L=0 T=0 R=79 B=23 wact=1 zoom=1
@0 smoke %1 49642 1 act=0 39x24 L=41 T=0 R=79 B=23 wact=1 zoom=1
@1 handoff %2 49646 0 act=0 40x24 L=0 T=0 R=39 B=23 wact=0 zoom=0
@1 handoff %3 49650 1 act=1 39x24 L=41 T=0 R=79 B=23 wact=0 zoom=0
@0 smoke 80x24 zoom=1 layout=8205,80x24,0,0{40x24,0,0,0,39x24,41,0,1}
@1 handoff 80x24 zoom=0 layout=820e,80x24,0,0{40x24,0,0,2,39x24,41,0,3}
client-55254 unknown 80x flags=attached,focused,control-mode,UTF-8
--- 15:13:59.915168167
@0 smoke %0 49638 0 act=1 80x24 L=0 T=0 R=79 B=23 wact=1 zoom=1
@0 smoke %1 49642 1 act=0 39x24 L=41 T=0 R=79 B=23 wact=1 zoom=1
@1 handoff %2 49646 0 act=0 40x24 L=0 T=0 R=39 B=23 wact=0 zoom=0
@1 handoff %3 49650 1 act=1 39x24 L=41 T=0 R=79 B=23 wact=0 zoom=0
@0 smoke 80x24 zoom=1 layout=8205,80x24,0,0{40x24,0,0,0,39x24,41,0,1}
@1 handoff 80x24 zoom=0 layout=820e,80x24,0,0{40x24,0,0,2,39x24,41,0,3}
client-55254 unknown 80x flags=attached,focused,control-mode,UTF-8
--- 15:14:01.428978876
@0 smoke %0 49638 0 act=1 80x24 L=0 T=0 R=79 B=23 wact=1 zoom=1
@0 smoke %1 49642 1 act=0 39x24 L=41 T=0 R=79 B=23 wact=1 zoom=1
@1 handoff %2 49646 0 act=0 40x24 L=0 T=0 R=39 B=23 wact=0 zoom=0
@1 handoff %3 49650 1 act=1 39x24 L=41 T=0 R=79 B=23 wact=0 zoom=0
@0 smoke 80x24 zoom=1 layout=8205,80x24,0,0{40x24,0,0,0,39x24,41,0,1}
@1 handoff 80x24 zoom=0 layout=820e,80x24,0,0{40x24,0,0,2,39x24,41,0,3}
client-55254 unknown 80x flags=attached,focused,control-mode,UTF-8
--- 15:14:02.941962382
@0 smoke %0 49638 0 act=1 80x24 L=0 T=0 R=79 B=23 wact=1 zoom=1
@0 smoke %1 49642 1 act=0 39x24 L=41 T=0 R=79 B=23 wact=1 zoom=1
@1 handoff %2 49646 0 act=0 40x24 L=0 T=0 R=39 B=23 wact=0 zoom=0
@1 handoff %3 49650 1 act=1 39x24 L=41 T=0 R=79 B=23 wact=0 zoom=0
@0 smoke 80x24 zoom=1 layout=8205,80x24,0,0{40x24,0,0,0,39x24,41,0,1}
@1 handoff 80x24 zoom=0 layout=820e,80x24,0,0{40x24,0,0,2,39x24,41,0,3}
client-55254 unknown 80x flags=attached,focused,control-mode,UTF-8
--- 15:14:04.454688068
@0 smoke %0 49638 0 act=1 80x24 L=0 T=0 R=79 B=23 wact=1 zoom=1
@0 smoke %1 49642 1 act=0 39x24 L=41 T=0 R=79 B=23 wact=1 zoom=1
@1 handoff %2 49646 0 act=0 40x24 L=0 T=0 R=39 B=23 wact=0 zoom=0
@1 handoff %3 49650 1 act=1 39x24 L=41 T=0 R=79 B=23 wact=0 zoom=0
@0 smoke 80x24 zoom=1 layout=8205,80x24,0,0{40x24,0,0,0,39x24,41,0,1}
@1 handoff 80x24 zoom=0 layout=820e,80x24,0,0{40x24,0,0,2,39x24,41,0,3}
client-55254 unknown 80x flags=attached,focused,control-mode,UTF-8
--- 15:14:05.967789399
@0 smoke %0 49638 0 act=1 80x24 L=0 T=0 R=79 B=23 wact=1 zoom=1
@0 smoke %1 49642 1 act=0 39x24 L=41 T=0 R=79 B=23 wact=1 zoom=1
@1 handoff %2 49646 0 act=0 40x24 L=0 T=0 R=39 B=23 wact=0 zoom=0
@1 handoff %3 49650 1 act=1 39x24 L=41 T=0 R=79 B=23 wact=0 zoom=0
@0 smoke 80x24 zoom=1 layout=8205,80x24,0,0{40x24,0,0,0,39x24,41,0,1}
@1 handoff 80x24 zoom=0 layout=820e,80x24,0,0{40x24,0,0,2,39x24,41,0,3}
client-55254 unknown 80x flags=attached,focused,control-mode,UTF-8
--- 15:14:07.492099421
@0 smoke %0 49638 0 act=1 40x24 L=0 T=0 R=39 B=23 wact=1 zoom=0
@0 smoke %1 49642 1 act=0 39x24 L=41 T=0 R=79 B=23 wact=1 zoom=0
@1 handoff %2 49646 0 act=0 40x24 L=0 T=0 R=39 B=23 wact=0 zoom=0
@1 handoff %3 49650 1 act=1 39x24 L=41 T=0 R=79 B=23 wact=0 zoom=0
@0 smoke 80x24 zoom=0 layout=8205,80x24,0,0{40x24,0,0,0,39x24,41,0,1}
@1 handoff 80x24 zoom=0 layout=820e,80x24,0,0{40x24,0,0,2,39x24,41,0,3}
=== 15:16:28.798997345 SOCKET /home/ubuntu/meeterm-ssh-fixture-ob5s3osd/tmux/tmux-1000/default ===
--- 15:16:28.802200488
@0 smoke %0 57471 0 act=0 40x24 L=0 T=0 R=39 B=23 wact=1 zoom=0
@0 smoke %1 57475 1 act=1 39x24 L=41 T=0 R=79 B=23 wact=1 zoom=0
@1 handoff %2 57483 0 act=0 40x24 L=0 T=0 R=39 B=23 wact=0 zoom=0
@1 handoff %3 57491 1 act=1 39x24 L=41 T=0 R=79 B=23 wact=0 zoom=0
@0 smoke 80x24 zoom=0 layout=8205,80x24,0,0{40x24,0,0,0,39x24,41,0,1}
@1 handoff 80x24 zoom=0 layout=820e,80x24,0,0{40x24,0,0,2,39x24,41,0,3}
--- 15:16:30.315421064
@0 smoke %0 57471 0 act=1 40x24 L=0 T=0 R=39 B=23 wact=1 zoom=0
@0 smoke %1 57475 1 act=0 39x24 L=41 T=0 R=79 B=23 wact=1 zoom=0
@1 handoff %2 57483 0 act=0 40x24 L=0 T=0 R=39 B=23 wact=0 zoom=0
@1 handoff %3 57491 1 act=1 39x24 L=41 T=0 R=79 B=23 wact=0 zoom=0
@0 smoke 80x24 zoom=0 layout=8205,80x24,0,0{40x24,0,0,0,39x24,41,0,1}
@1 handoff 80x24 zoom=0 layout=820e,80x24,0,0{40x24,0,0,2,39x24,41,0,3}
--- 15:16:31.828765076
@0 smoke %0 57471 0 act=1 40x24 L=0 T=0 R=39 B=23 wact=1 zoom=0
@0 smoke %1 57475 1 act=0 39x24 L=41 T=0 R=79 B=23 wact=1 zoom=0
@1 handoff %2 57483 0 act=0 40x24 L=0 T=0 R=39 B=23 wact=0 zoom=0
@1 handoff %3 57491 1 act=1 39x24 L=41 T=0 R=79 B=23 wact=0 zoom=0
@0 smoke 80x24 zoom=0 layout=8205,80x24,0,0{40x24,0,0,0,39x24,41,0,1}
@1 handoff 80x24 zoom=0 layout=820e,80x24,0,0{40x24,0,0,2,39x24,41,0,3}
--- 15:16:33.341923559
@0 smoke %0 57471 0 act=1 40x24 L=0 T=0 R=39 B=23 wact=1 zoom=0
@0 smoke %1 57475 1 act=0 39x24 L=41 T=0 R=79 B=23 wact=1 zoom=0
@1 handoff %2 57483 0 act=0 40x24 L=0 T=0 R=39 B=23 wact=0 zoom=0
@1 handoff %3 57491 1 act=1 39x24 L=41 T=0 R=79 B=23 wact=0 zoom=0
@0 smoke 80x24 zoom=0 layout=8205,80x24,0,0{40x24,0,0,0,39x24,41,0,1}
@1 handoff 80x24 zoom=0 layout=820e,80x24,0,0{40x24,0,0,2,39x24,41,0,3}
--- 15:16:34.867691145
@0 smoke %0 57471 0 act=1 40x24 L=0 T=0 R=39 B=23 wact=1 zoom=0
@0 smoke %1 57475 1 act=0 39x24 L=41 T=0 R=79 B=23 wact=1 zoom=0
@1 handoff %2 57483 0 act=0 40x24 L=0 T=0 R=39 B=23 wact=0 zoom=0
@1 handoff %3 57491 1 act=1 39x24 L=41 T=0 R=79 B=23 wact=0 zoom=0
@0 smoke 80x24 zoom=0 layout=8205,80x24,0,0{40x24,0,0,0,39x24,41,0,1}
@1 handoff 80x24 zoom=0 layout=820e,80x24,0,0{40x24,0,0,2,39x24,41,0,3}
--- 15:16:36.393863598
@0 smoke %0 57471 0 act=1 40x24 L=0 T=0 R=39 B=23 wact=1 zoom=0
@0 smoke %1 57475 1 act=0 39x24 L=41 T=0 R=79 B=23 wact=1 zoom=0
@1 handoff %2 57483 0 act=0 40x24 L=0 T=0 R=39 B=23 wact=0 zoom=0
@1 handoff %3 57491 1 act=1 39x24 L=41 T=0 R=79 B=23 wact=0 zoom=0
@0 smoke 80x24 zoom=0 layout=8205,80x24,0,0{40x24,0,0,0,39x24,41,0,1}
@1 handoff 80x24 zoom=0 layout=820e,80x24,0,0{40x24,0,0,2,39x24,41,0,3}
--- 15:16:37.906808819
@0 smoke %0 57471 0 act=1 40x24 L=0 T=0 R=39 B=23 wact=1 zoom=0
@0 smoke %1 57475 1 act=0 39x24 L=41 T=0 R=79 B=23 wact=1 zoom=0
@1 handoff %2 57483 0 act=0 40x24 L=0 T=0 R=39 B=23 wact=0 zoom=0
@1 handoff %3 57491 1 act=1 39x24 L=41 T=0 R=79 B=23 wact=0 zoom=0
@0 smoke 80x24 zoom=0 layout=8205,80x24,0,0{40x24,0,0,0,39x24,41,0,1}
@1 handoff 80x24 zoom=0 layout=820e,80x24,0,0{40x24,0,0,2,39x24,41,0,3}
--- 15:16:39.420056939
@0 smoke %0 57471 0 act=1 40x24 L=0 T=0 R=39 B=23 wact=1 zoom=0
@0 smoke %1 57475 1 act=0 39x24 L=41 T=0 R=79 B=23 wact=1 zoom=0
@1 handoff %2 57483 0 act=0 40x24 L=0 T=0 R=39 B=23 wact=0 zoom=0
@1 handoff %3 57491 1 act=1 39x24 L=41 T=0 R=79 B=23 wact=0 zoom=0
@0 smoke 80x24 zoom=0 layout=8205,80x24,0,0{40x24,0,0,0,39x24,41,0,1}
@1 handoff 80x24 zoom=0 layout=820e,80x24,0,0{40x24,0,0,2,39x24,41,0,3}
--- 15:16:40.932917781
@0 smoke %0 57471 0 act=1 40x24 L=0 T=0 R=39 B=23 wact=1 zoom=0
@0 smoke %1 57475 1 act=0 39x24 L=41 T=0 R=79 B=23 wact=1 zoom=0
@1 handoff %2 57483 0 act=0 40x24 L=0 T=0 R=39 B=23 wact=0 zoom=0
@1 handoff %3 57491 1 act=1 39x24 L=41 T=0 R=79 B=23 wact=0 zoom=0
@0 smoke 80x24 zoom=0 layout=8205,80x24,0,0{40x24,0,0,0,39x24,41,0,1}
@1 handoff 80x24 zoom=0 layout=820e,80x24,0,0{40x24,0,0,2,39x24,41,0,3}
--- 15:16:42.445772650
@0 smoke %0 57471 0 act=1 40x24 L=0 T=0 R=39 B=23 wact=1 zoom=0
@0 smoke %1 57475 1 act=0 39x24 L=41 T=0 R=79 B=23 wact=1 zoom=0
@1 handoff %2 57483 0 act=0 40x24 L=0 T=0 R=39 B=23 wact=0 zoom=0
@1 handoff %3 57491 1 act=1 39x24 L=41 T=0 R=79 B=23 wact=0 zoom=0
@0 smoke 80x24 zoom=0 layout=8205,80x24,0,0{40x24,0,0,0,39x24,41,0,1}
@1 handoff 80x24 zoom=0 layout=820e,80x24,0,0{40x24,0,0,2,39x24,41,0,3}
--- 15:16:43.960887102
@0 smoke %0 57471 0 act=1 40x24 L=0 T=0 R=39 B=23 wact=1 zoom=0
@0 smoke %1 57475 1 act=0 39x24 L=41 T=0 R=79 B=23 wact=1 zoom=0
@1 handoff %2 57483 0 act=0 40x24 L=0 T=0 R=39 B=23 wact=0 zoom=0
@1 handoff %3 57491 1 act=1 39x24 L=41 T=0 R=79 B=23 wact=0 zoom=0
@0 smoke 80x24 zoom=0 layout=8205,80x24,0,0{40x24,0,0,0,39x24,41,0,1}
@1 handoff 80x24 zoom=0 layout=820e,80x24,0,0{40x24,0,0,2,39x24,41,0,3}
--- 15:16:45.474647903
@0 smoke %0 57471 0 act=1 40x24 L=0 T=0 R=39 B=23 wact=1 zoom=0
@0 smoke %1 57475 1 act=0 39x24 L=41 T=0 R=79 B=23 wact=1 zoom=0
@1 handoff %2 57483 0 act=0 40x24 L=0 T=0 R=39 B=23 wact=0 zoom=0
@1 handoff %3 57491 1 act=1 39x24 L=41 T=0 R=79 B=23 wact=0 zoom=0
@0 smoke 80x24 zoom=0 layout=8205,80x24,0,0{40x24,0,0,0,39x24,41,0,1}
@1 handoff 80x24 zoom=0 layout=820e,80x24,0,0{40x24,0,0,2,39x24,41,0,3}
--- 15:16:46.988091591
@0 smoke %0 57471 0 act=1 40x24 L=0 T=0 R=39 B=23 wact=1 zoom=0
@0 smoke %1 57475 1 act=0 39x24 L=41 T=0 R=79 B=23 wact=1 zoom=0
@1 handoff %2 57483 0 act=0 40x24 L=0 T=0 R=39 B=23 wact=0 zoom=0
@1 handoff %3 57491 1 act=1 39x24 L=41 T=0 R=79 B=23 wact=0 zoom=0
@0 smoke 80x24 zoom=0 layout=8205,80x24,0,0{40x24,0,0,0,39x24,41,0,1}
@1 handoff 80x24 zoom=0 layout=820e,80x24,0,0{40x24,0,0,2,39x24,41,0,3}
--- 15:16:48.501933041
@0 smoke %0 57471 0 act=1 40x24 L=0 T=0 R=39 B=23 wact=1 zoom=0
@0 smoke %1 57475 1 act=0 39x24 L=41 T=0 R=79 B=23 wact=1 zoom=0
@1 handoff %2 57483 0 act=0 40x24 L=0 T=0 R=39 B=23 wact=0 zoom=0
@1 handoff %3 57491 1 act=1 39x24 L=41 T=0 R=79 B=23 wact=0 zoom=0
@0 smoke 80x24 zoom=0 layout=8205,80x24,0,0{40x24,0,0,0,39x24,41,0,1}
@1 handoff 80x24 zoom=0 layout=820e,80x24,0,0{40x24,0,0,2,39x24,41,0,3}
--- 15:16:50.015028113
@0 smoke %0 57471 0 act=1 40x24 L=0 T=0 R=39 B=23 wact=1 zoom=0
@0 smoke %1 57475 1 act=0 39x24 L=41 T=0 R=79 B=23 wact=1 zoom=0
@1 handoff %2 57483 0 act=0 40x24 L=0 T=0 R=39 B=23 wact=0 zoom=0
@1 handoff %3 57491 1 act=1 39x24 L=41 T=0 R=79 B=23 wact=0 zoom=0
@0 smoke 80x24 zoom=0 layout=8205,80x24,0,0{40x24,0,0,0,39x24,41,0,1}
@1 handoff 80x24 zoom=0 layout=820e,80x24,0,0{40x24,0,0,2,39x24,41,0,3}
--- 15:16:51.528281177
@0 smoke %0 57471 0 act=1 40x24 L=0 T=0 R=39 B=23 wact=1 zoom=0
@0 smoke %1 57475 1 act=0 39x24 L=41 T=0 R=79 B=23 wact=1 zoom=0
@1 handoff %2 57483 0 act=0 40x24 L=0 T=0 R=39 B=23 wact=0 zoom=0
@1 handoff %3 57491 1 act=1 39x24 L=41 T=0 R=79 B=23 wact=0 zoom=0
@0 smoke 80x24 zoom=0 layout=8205,80x24,0,0{40x24,0,0,0,39x24,41,0,1}
@1 handoff 80x24 zoom=0 layout=820e,80x24,0,0{40x24,0,0,2,39x24,41,0,3}
--- 15:16:53.041305989
@0 smoke %0 57471 0 act=1 40x24 L=0 T=0 R=39 B=23 wact=1 zoom=0
@0 smoke %1 57475 1 act=0 39x24 L=41 T=0 R=79 B=23 wact=1 zoom=0
@1 handoff %2 57483 0 act=0 40x24 L=0 T=0 R=39 B=23 wact=0 zoom=0
@1 handoff %3 57491 1 act=1 39x24 L=41 T=0 R=79 B=23 wact=0 zoom=0
@0 smoke 80x24 zoom=0 layout=8205,80x24,0,0{40x24,0,0,0,39x24,41,0,1}
@1 handoff 80x24 zoom=0 layout=820e,80x24,0,0{40x24,0,0,2,39x24,41,0,3}
--- 15:16:54.560004482
@0 smoke %0 57471 0 act=1 40x24 L=0 T=0 R=39 B=23 wact=1 zoom=0
@0 smoke %1 57475 1 act=0 39x24 L=41 T=0 R=79 B=23 wact=1 zoom=0
@1 handoff %2 57483 0 act=0 40x24 L=0 T=0 R=39 B=23 wact=0 zoom=0
@1 handoff %3 57491 1 act=1 39x24 L=41 T=0 R=79 B=23 wact=0 zoom=0
@0 smoke 80x24 zoom=0 layout=8205,80x24,0,0{40x24,0,0,0,39x24,41,0,1}
@1 handoff 80x24 zoom=0 layout=820e,80x24,0,0{40x24,0,0,2,39x24,41,0,3}
--- 15:16:56.075401400
@0 smoke %0 57471 0 act=1 40x24 L=0 T=0 R=39 B=23 wact=1 zoom=0
@0 smoke %1 57475 1 act=0 39x24 L=41 T=0 R=79 B=23 wact=1 zoom=0
@1 handoff %2 57483 0 act=0 40x24 L=0 T=0 R=39 B=23 wact=0 zoom=0
@1 handoff %3 57491 1 act=1 39x24 L=41 T=0 R=79 B=23 wact=0 zoom=0
@0 smoke 80x24 zoom=0 layout=8205,80x24,0,0{40x24,0,0,0,39x24,41,0,1}
@1 handoff 80x24 zoom=0 layout=820e,80x24,0,0{40x24,0,0,2,39x24,41,0,3}
--- 15:16:57.588446003
@0 smoke %0 57471 0 act=1 40x24 L=0 T=0 R=39 B=23 wact=1 zoom=0
@0 smoke %1 57475 1 act=0 39x24 L=41 T=0 R=79 B=23 wact=1 zoom=0
@1 handoff %2 57483 0 act=0 40x24 L=0 T=0 R=39 B=23 wact=0 zoom=0
@1 handoff %3 57491 1 act=1 39x24 L=41 T=0 R=79 B=23 wact=0 zoom=0
@0 smoke 80x24 zoom=0 layout=8205,80x24,0,0{40x24,0,0,0,39x24,41,0,1}
@1 handoff 80x24 zoom=0 layout=820e,80x24,0,0{40x24,0,0,2,39x24,41,0,3}
--- 15:16:59.101067361
@0 smoke %0 57471 0 act=1 40x24 L=0 T=0 R=39 B=23 wact=1 zoom=0
@0 smoke %1 57475 1 act=0 39x24 L=41 T=0 R=79 B=23 wact=1 zoom=0
@1 handoff %2 57483 0 act=0 40x24 L=0 T=0 R=39 B=23 wact=0 zoom=0
@1 handoff %3 57491 1 act=1 39x24 L=41 T=0 R=79 B=23 wact=0 zoom=0
@0 smoke 80x24 zoom=0 layout=8205,80x24,0,0{40x24,0,0,0,39x24,41,0,1}
@1 handoff 80x24 zoom=0 layout=820e,80x24,0,0{40x24,0,0,2,39x24,41,0,3}
--- 15:17:00.626997145
@0 smoke %0 57471 0 act=1 40x24 L=0 T=0 R=39 B=23 wact=1 zoom=0
@0 smoke %1 57475 1 act=0 39x24 L=41 T=0 R=79 B=23 wact=1 zoom=0
@1 handoff %2 57483 0 act=0 40x24 L=0 T=0 R=39 B=23 wact=0 zoom=0
@1 handoff %3 57491 1 act=1 39x24 L=41 T=0 R=79 B=23 wact=0 zoom=0
@0 smoke 80x24 zoom=0 layout=8205,80x24,0,0{40x24,0,0,0,39x24,41,0,1}
@1 handoff 80x24 zoom=0 layout=820e,80x24,0,0{40x24,0,0,2,39x24,41,0,3}
--- 15:17:02.158026111
@0 smoke %0 57471 0 act=1 40x24 L=0 T=0 R=39 B=23 wact=1 zoom=0
@0 smoke %1 57475 1 act=0 39x24 L=41 T=0 R=79 B=23 wact=1 zoom=0
@1 handoff %2 57483 0 act=0 40x24 L=0 T=0 R=39 B=23 wact=0 zoom=0
@1 handoff %3 57491 1 act=1 39x24 L=41 T=0 R=79 B=23 wact=0 zoom=0
@0 smoke 80x24 zoom=0 layout=8205,80x24,0,0{40x24,0,0,0,39x24,41,0,1}
@1 handoff 80x24 zoom=0 layout=820e,80x24,0,0{40x24,0,0,2,39x24,41,0,3}
--- 15:17:03.671403315
@0 smoke %0 57471 0 act=1 40x24 L=0 T=0 R=39 B=23 wact=1 zoom=0
@0 smoke %1 57475 1 act=0 39x24 L=41 T=0 R=79 B=23 wact=1 zoom=0
@1 handoff %2 57483 0 act=0 40x24 L=0 T=0 R=39 B=23 wact=0 zoom=0
@1 handoff %3 57491 1 act=1 39x24 L=41 T=0 R=79 B=23 wact=0 zoom=0
@0 smoke 80x24 zoom=0 layout=8205,80x24,0,0{40x24,0,0,0,39x24,41,0,1}
@1 handoff 80x24 zoom=0 layout=820e,80x24,0,0{40x24,0,0,2,39x24,41,0,3}
--- 15:17:05.184262196
@0 smoke %0 57471 0 act=1 40x24 L=0 T=0 R=39 B=23 wact=1 zoom=0
@0 smoke %1 57475 1 act=0 39x24 L=41 T=0 R=79 B=23 wact=1 zoom=0
@1 handoff %2 57483 0 act=0 40x24 L=0 T=0 R=39 B=23 wact=0 zoom=0
@1 handoff %3 57491 1 act=1 39x24 L=41 T=0 R=79 B=23 wact=0 zoom=0
@0 smoke 80x24 zoom=0 layout=8205,80x24,0,0{40x24,0,0,0,39x24,41,0,1}
@1 handoff 80x24 zoom=0 layout=820e,80x24,0,0{40x24,0,0,2,39x24,41,0,3}
--- 15:17:06.697187461
@0 smoke %0 57471 0 act=1 40x24 L=0 T=0 R=39 B=23 wact=1 zoom=0
@0 smoke %1 57475 1 act=0 39x24 L=41 T=0 R=79 B=23 wact=1 zoom=0
@1 handoff %2 57483 0 act=0 40x24 L=0 T=0 R=39 B=23 wact=0 zoom=0
@1 handoff %3 57491 1 act=1 39x24 L=41 T=0 R=79 B=23 wact=0 zoom=0
@0 smoke 80x24 zoom=0 layout=8205,80x24,0,0{40x24,0,0,0,39x24,41,0,1}
@1 handoff 80x24 zoom=0 layout=820e,80x24,0,0{40x24,0,0,2,39x24,41,0,3}
--- 15:17:08.210028106
@0 smoke %0 57471 0 act=1 40x24 L=0 T=0 R=39 B=23 wact=1 zoom=0
@0 smoke %1 57475 1 act=0 39x24 L=41 T=0 R=79 B=23 wact=1 zoom=0
@1 handoff %2 57483 0 act=0 40x24 L=0 T=0 R=39 B=23 wact=0 zoom=0
@1 handoff %3 57491 1 act=1 39x24 L=41 T=0 R=79 B=23 wact=0 zoom=0
@0 smoke 80x24 zoom=0 layout=8205,80x24,0,0{40x24,0,0,0,39x24,41,0,1}
@1 handoff 80x24 zoom=0 layout=820e,80x24,0,0{40x24,0,0,2,39x24,41,0,3}
--- 15:17:09.723079311
@0 smoke %0 57471 0 act=1 40x24 L=0 T=0 R=39 B=23 wact=1 zoom=0
@0 smoke %1 57475 1 act=0 39x24 L=41 T=0 R=79 B=23 wact=1 zoom=0
@1 handoff %2 57483 0 act=0 40x24 L=0 T=0 R=39 B=23 wact=0 zoom=0
@1 handoff %3 57491 1 act=1 39x24 L=41 T=0 R=79 B=23 wact=0 zoom=0
@0 smoke 80x24 zoom=0 layout=8205,80x24,0,0{40x24,0,0,0,39x24,41,0,1}
@1 handoff 80x24 zoom=0 layout=820e,80x24,0,0{40x24,0,0,2,39x24,41,0,3}
--- 15:17:11.240494529
@0 smoke %0 57471 0 act=1 40x24 L=0 T=0 R=39 B=23 wact=1 zoom=0
@0 smoke %1 57475 1 act=0 39x24 L=41 T=0 R=79 B=23 wact=1 zoom=0
@1 handoff %2 57483 0 act=0 40x24 L=0 T=0 R=39 B=23 wact=0 zoom=0
@1 handoff %3 57491 1 act=1 39x24 L=41 T=0 R=79 B=23 wact=0 zoom=0
@0 smoke 80x24 zoom=0 layout=8205,80x24,0,0{40x24,0,0,0,39x24,41,0,1}
@1 handoff 80x24 zoom=0 layout=820e,80x24,0,0{40x24,0,0,2,39x24,41,0,3}
--- 15:17:12.754881812
@0 smoke %0 57471 0 act=1 40x24 L=0 T=0 R=39 B=23 wact=1 zoom=0
@0 smoke %1 57475 1 act=0 39x24 L=41 T=0 R=79 B=23 wact=1 zoom=0
@1 handoff %2 57483 0 act=0 40x24 L=0 T=0 R=39 B=23 wact=0 zoom=0
@1 handoff %3 57491 1 act=1 39x24 L=41 T=0 R=79 B=23 wact=0 zoom=0
@0 smoke 80x24 zoom=0 layout=8205,80x24,0,0{40x24,0,0,0,39x24,41,0,1}
@1 handoff 80x24 zoom=0 layout=820e,80x24,0,0{40x24,0,0,2,39x24,41,0,3}
--- 15:17:14.267647973
@0 smoke %0 57471 0 act=1 40x24 L=0 T=0 R=39 B=23 wact=1 zoom=0
@0 smoke %1 57475 1 act=0 39x24 L=41 T=0 R=79 B=23 wact=1 zoom=0
@1 handoff %2 57483 0 act=0 40x24 L=0 T=0 R=39 B=23 wact=0 zoom=0
@1 handoff %3 57491 1 act=1 39x24 L=41 T=0 R=79 B=23 wact=0 zoom=0
@0 smoke 80x24 zoom=0 layout=8205,80x24,0,0{40x24,0,0,0,39x24,41,0,1}
@1 handoff 80x24 zoom=0 layout=820e,80x24,0,0{40x24,0,0,2,39x24,41,0,3}
--- 15:17:15.780631845
@0 smoke %0 57471 0 act=1 40x24 L=0 T=0 R=39 B=23 wact=1 zoom=0
@0 smoke %1 57475 1 act=0 39x24 L=41 T=0 R=79 B=23 wact=1 zoom=0
@1 handoff %2 57483 0 act=0 40x24 L=0 T=0 R=39 B=23 wact=0 zoom=0
@1 handoff %3 57491 1 act=1 39x24 L=41 T=0 R=79 B=23 wact=0 zoom=0
@0 smoke 80x24 zoom=0 layout=8205,80x24,0,0{40x24,0,0,0,39x24,41,0,1}
@1 handoff 80x24 zoom=0 layout=820e,80x24,0,0{40x24,0,0,2,39x24,41,0,3}
--- 15:17:17.294567560
@0 smoke %0 57471 0 act=1 40x24 L=0 T=0 R=39 B=23 wact=1 zoom=0
@0 smoke %1 57475 1 act=0 39x24 L=41 T=0 R=79 B=23 wact=1 zoom=0
@1 handoff %2 57483 0 act=0 40x24 L=0 T=0 R=39 B=23 wact=0 zoom=0
@1 handoff %3 57491 1 act=1 39x24 L=41 T=0 R=79 B=23 wact=0 zoom=0
@0 smoke 80x24 zoom=0 layout=8205,80x24,0,0{40x24,0,0,0,39x24,41,0,1}
@1 handoff 80x24 zoom=0 layout=820e,80x24,0,0{40x24,0,0,2,39x24,41,0,3}
--- 15:17:18.808757298
@0 smoke %0 57471 0 act=1 40x24 L=0 T=0 R=39 B=23 wact=1 zoom=0
@0 smoke %1 57475 1 act=0 39x24 L=41 T=0 R=79 B=23 wact=1 zoom=0
@1 handoff %2 57483 0 act=0 40x24 L=0 T=0 R=39 B=23 wact=0 zoom=0
@1 handoff %3 57491 1 act=1 39x24 L=41 T=0 R=79 B=23 wact=0 zoom=0
@0 smoke 80x24 zoom=0 layout=8205,80x24,0,0{40x24,0,0,0,39x24,41,0,1}
@1 handoff 80x24 zoom=0 layout=820e,80x24,0,0{40x24,0,0,2,39x24,41,0,3}
--- 15:17:20.321558597
@0 smoke %0 57471 0 act=1 40x24 L=0 T=0 R=39 B=23 wact=1 zoom=0
@0 smoke %1 57475 1 act=0 39x24 L=41 T=0 R=79 B=23 wact=1 zoom=0
@1 handoff %2 57483 0 act=0 40x24 L=0 T=0 R=39 B=23 wact=0 zoom=0
@1 handoff %3 57491 1 act=1 39x24 L=41 T=0 R=79 B=23 wact=0 zoom=0
@0 smoke 80x24 zoom=0 layout=8205,80x24,0,0{40x24,0,0,0,39x24,41,0,1}
@1 handoff 80x24 zoom=0 layout=820e,80x24,0,0{40x24,0,0,2,39x24,41,0,3}
--- 15:17:21.834646017
@0 smoke %0 57471 0 act=1 40x24 L=0 T=0 R=39 B=23 wact=1 zoom=0
@0 smoke %1 57475 1 act=0 39x24 L=41 T=0 R=79 B=23 wact=1 zoom=0
@1 handoff %2 57483 0 act=0 40x24 L=0 T=0 R=39 B=23 wact=0 zoom=0
@1 handoff %3 57491 1 act=1 39x24 L=41 T=0 R=79 B=23 wact=0 zoom=0
@0 smoke 80x24 zoom=0 layout=8205,80x24,0,0{40x24,0,0,0,39x24,41,0,1}
@1 handoff 80x24 zoom=0 layout=820e,80x24,0,0{40x24,0,0,2,39x24,41,0,3}
=== 15:17:22.225657539 SOCKET /home/ubuntu/meeterm-ssh-fixture-ob5s3osd/tmux/tmux-1000/default ===
--- 15:17:22.228578582
@0 smoke %0 57471 0 act=1 40x24 L=0 T=0 R=39 B=23 wact=1 zoom=0
@0 smoke %1 57475 1 act=0 39x24 L=41 T=0 R=79 B=23 wact=1 zoom=0
@1 handoff %2 57483 0 act=0 40x24 L=0 T=0 R=39 B=23 wact=0 zoom=0
@1 handoff %3 57491 1 act=1 39x24 L=41 T=0 R=79 B=23 wact=0 zoom=0
@0 smoke 80x24 zoom=0 layout=8205,80x24,0,0{40x24,0,0,0,39x24,41,0,1}
@1 handoff 80x24 zoom=0 layout=820e,80x24,0,0{40x24,0,0,2,39x24,41,0,3}
--- 15:17:23.741540471
@0 smoke %0 57471 0 act=1 40x24 L=0 T=0 R=39 B=23 wact=1 zoom=0
@0 smoke %1 57475 1 act=0 39x24 L=41 T=0 R=79 B=23 wact=1 zoom=0
@1 handoff %2 57483 0 act=0 40x24 L=0 T=0 R=39 B=23 wact=0 zoom=0
@1 handoff %3 57491 1 act=1 39x24 L=41 T=0 R=79 B=23 wact=0 zoom=0
@0 smoke 80x24 zoom=0 layout=8205,80x24,0,0{40x24,0,0,0,39x24,41,0,1}
@1 handoff 80x24 zoom=0 layout=820e,80x24,0,0{40x24,0,0,2,39x24,41,0,3}
--- 15:17:25.265964982
@0 smoke %0 57471 0 act=1 40x24 L=0 T=0 R=39 B=23 wact=1 zoom=0
@0 smoke %1 57475 1 act=0 39x24 L=41 T=0 R=79 B=23 wact=1 zoom=0
@1 handoff %2 57483 0 act=0 40x24 L=0 T=0 R=39 B=23 wact=0 zoom=0
@1 handoff %3 57491 1 act=1 39x24 L=41 T=0 R=79 B=23 wact=0 zoom=0
@0 smoke 80x24 zoom=0 layout=8205,80x24,0,0{40x24,0,0,0,39x24,41,0,1}
@1 handoff 80x24 zoom=0 layout=820e,80x24,0,0{40x24,0,0,2,39x24,41,0,3}
--- 15:17:26.782018486
@0 smoke %0 57471 0 act=1 40x24 L=0 T=0 R=39 B=23 wact=1 zoom=0
@0 smoke %1 57475 1 act=0 39x24 L=41 T=0 R=79 B=23 wact=1 zoom=0
@1 handoff %2 57483 0 act=0 40x24 L=0 T=0 R=39 B=23 wact=0 zoom=0
@1 handoff %3 57491 1 act=1 39x24 L=41 T=0 R=79 B=23 wact=0 zoom=0
@0 smoke 80x24 zoom=0 layout=8205,80x24,0,0{40x24,0,0,0,39x24,41,0,1}
@1 handoff 80x24 zoom=0 layout=820e,80x24,0,0{40x24,0,0,2,39x24,41,0,3}
--- 15:17:28.294912953
@0 smoke %0 57471 0 act=1 40x24 L=0 T=0 R=39 B=23 wact=1 zoom=0
@0 smoke %1 57475 1 act=0 39x24 L=41 T=0 R=79 B=23 wact=1 zoom=0
@1 handoff %2 57483 0 act=0 40x24 L=0 T=0 R=39 B=23 wact=0 zoom=0
@1 handoff %3 57491 1 act=1 39x24 L=41 T=0 R=79 B=23 wact=0 zoom=0
@0 smoke 80x24 zoom=0 layout=8205,80x24,0,0{40x24,0,0,0,39x24,41,0,1}
@1 handoff 80x24 zoom=0 layout=820e,80x24,0,0{40x24,0,0,2,39x24,41,0,3}
--- 15:17:29.807826459
@0 smoke %0 57471 0 act=1 40x24 L=0 T=0 R=39 B=23 wact=1 zoom=0
@0 smoke %1 57475 1 act=0 39x24 L=41 T=0 R=79 B=23 wact=1 zoom=0
@1 handoff %2 57483 0 act=0 40x24 L=0 T=0 R=39 B=23 wact=0 zoom=0
@1 handoff %3 57491 1 act=1 39x24 L=41 T=0 R=79 B=23 wact=0 zoom=0
@0 smoke 80x24 zoom=0 layout=8205,80x24,0,0{40x24,0,0,0,39x24,41,0,1}
@1 handoff 80x24 zoom=0 layout=820e,80x24,0,0{40x24,0,0,2,39x24,41,0,3}
--- 15:17:31.320976786
@0 smoke %0 57471 0 act=1 40x24 L=0 T=0 R=39 B=23 wact=1 zoom=0
@0 smoke %1 57475 1 act=0 39x24 L=41 T=0 R=79 B=23 wact=1 zoom=0
@1 handoff %2 57483 0 act=0 40x24 L=0 T=0 R=39 B=23 wact=0 zoom=0
@1 handoff %3 57491 1 act=1 39x24 L=41 T=0 R=79 B=23 wact=0 zoom=0
@0 smoke 80x24 zoom=0 layout=8205,80x24,0,0{40x24,0,0,0,39x24,41,0,1}
@1 handoff 80x24 zoom=0 layout=820e,80x24,0,0{40x24,0,0,2,39x24,41,0,3}
--- 15:17:32.834893834
@0 smoke %0 57471 0 act=1 40x24 L=0 T=0 R=39 B=23 wact=1 zoom=0
@0 smoke %1 57475 1 act=0 39x24 L=41 T=0 R=79 B=23 wact=1 zoom=0
@1 handoff %2 57483 0 act=0 40x24 L=0 T=0 R=39 B=23 wact=0 zoom=0
@1 handoff %3 57491 1 act=1 39x24 L=41 T=0 R=79 B=23 wact=0 zoom=0
@0 smoke 80x24 zoom=0 layout=8205,80x24,0,0{40x24,0,0,0,39x24,41,0,1}
@1 handoff 80x24 zoom=0 layout=820e,80x24,0,0{40x24,0,0,2,39x24,41,0,3}
--- 15:17:34.347821796
@0 smoke %0 57471 0 act=1 40x24 L=0 T=0 R=39 B=23 wact=1 zoom=0
@0 smoke %1 57475 1 act=0 39x24 L=41 T=0 R=79 B=23 wact=1 zoom=0
@1 handoff %2 57483 0 act=0 40x24 L=0 T=0 R=39 B=23 wact=0 zoom=0
@1 handoff %3 57491 1 act=1 39x24 L=41 T=0 R=79 B=23 wact=0 zoom=0
@0 smoke 80x24 zoom=0 layout=8205,80x24,0,0{40x24,0,0,0,39x24,41,0,1}
@1 handoff 80x24 zoom=0 layout=820e,80x24,0,0{40x24,0,0,2,39x24,41,0,3}
--- 15:17:35.860380221
@0 smoke %0 57471 0 act=1 40x24 L=0 T=0 R=39 B=23 wact=1 zoom=0
@0 smoke %1 57475 1 act=0 39x24 L=41 T=0 R=79 B=23 wact=1 zoom=0
@1 handoff %2 57483 0 act=0 40x24 L=0 T=0 R=39 B=23 wact=0 zoom=0
@1 handoff %3 57491 1 act=1 39x24 L=41 T=0 R=79 B=23 wact=0 zoom=0
@0 smoke 80x24 zoom=0 layout=8205,80x24,0,0{40x24,0,0,0,39x24,41,0,1}
@1 handoff 80x24 zoom=0 layout=820e,80x24,0,0{40x24,0,0,2,39x24,41,0,3}
--- 15:17:37.373416912
@0 smoke %0 57471 0 act=1 40x24 L=0 T=0 R=39 B=23 wact=1 zoom=0
@0 smoke %1 57475 1 act=0 39x24 L=41 T=0 R=79 B=23 wact=1 zoom=0
@1 handoff %2 57483 0 act=0 40x24 L=0 T=0 R=39 B=23 wact=0 zoom=0
@1 handoff %3 57491 1 act=1 39x24 L=41 T=0 R=79 B=23 wact=0 zoom=0
@0 smoke 80x24 zoom=0 layout=8205,80x24,0,0{40x24,0,0,0,39x24,41,0,1}
@1 handoff 80x24 zoom=0 layout=820e,80x24,0,0{40x24,0,0,2,39x24,41,0,3}
--- 15:17:38.886228282
@0 smoke %0 57471 0 act=1 40x24 L=0 T=0 R=39 B=23 wact=1 zoom=0
@0 smoke %1 57475 1 act=0 39x24 L=41 T=0 R=79 B=23 wact=1 zoom=0
@1 handoff %2 57483 0 act=0 40x24 L=0 T=0 R=39 B=23 wact=0 zoom=0
@1 handoff %3 57491 1 act=1 39x24 L=41 T=0 R=79 B=23 wact=0 zoom=0
@0 smoke 80x24 zoom=0 layout=8205,80x24,0,0{40x24,0,0,0,39x24,41,0,1}
@1 handoff 80x24 zoom=0 layout=820e,80x24,0,0{40x24,0,0,2,39x24,41,0,3}
--- 15:17:40.399528745
@0 smoke %0 57471 0 act=1 40x24 L=0 T=0 R=39 B=23 wact=1 zoom=0
@0 smoke %1 57475 1 act=0 39x24 L=41 T=0 R=79 B=23 wact=1 zoom=0
@1 handoff %2 57483 0 act=0 40x24 L=0 T=0 R=39 B=23 wact=0 zoom=0
@1 handoff %3 57491 1 act=1 39x24 L=41 T=0 R=79 B=23 wact=0 zoom=0
@0 smoke 80x24 zoom=0 layout=8205,80x24,0,0{40x24,0,0,0,39x24,41,0,1}
@1 handoff 80x24 zoom=0 layout=820e,80x24,0,0{40x24,0,0,2,39x24,41,0,3}
--- 15:17:41.914706861
@0 smoke %0 57471 0 act=1 40x24 L=0 T=0 R=39 B=23 wact=1 zoom=0
@0 smoke %1 57475 1 act=0 39x24 L=41 T=0 R=79 B=23 wact=1 zoom=0
@1 handoff %2 57483 0 act=0 40x24 L=0 T=0 R=39 B=23 wact=0 zoom=0
@1 handoff %3 57491 1 act=1 39x24 L=41 T=0 R=79 B=23 wact=0 zoom=0
@0 smoke 80x24 zoom=0 layout=8205,80x24,0,0{40x24,0,0,0,39x24,41,0,1}
@1 handoff 80x24 zoom=0 layout=820e,80x24,0,0{40x24,0,0,2,39x24,41,0,3}
--- 15:17:43.428667571
@0 smoke %0 57471 0 act=1 40x24 L=0 T=0 R=39 B=23 wact=1 zoom=0
@0 smoke %1 57475 1 act=0 39x24 L=41 T=0 R=79 B=23 wact=1 zoom=0
@1 handoff %2 57483 0 act=0 40x24 L=0 T=0 R=39 B=23 wact=0 zoom=0
@1 handoff %3 57491 1 act=1 39x24 L=41 T=0 R=79 B=23 wact=0 zoom=0
@0 smoke 80x24 zoom=0 layout=8205,80x24,0,0{40x24,0,0,0,39x24,41,0,1}
@1 handoff 80x24 zoom=0 layout=820e,80x24,0,0{40x24,0,0,2,39x24,41,0,3}
--- 15:17:44.942359968
@0 smoke %0 57471 0 act=1 40x24 L=0 T=0 R=39 B=23 wact=1 zoom=0
@0 smoke %1 57475 1 act=0 39x24 L=41 T=0 R=79 B=23 wact=1 zoom=0
@1 handoff %2 57483 0 act=0 40x24 L=0 T=0 R=39 B=23 wact=0 zoom=0
@1 handoff %3 57491 1 act=1 39x24 L=41 T=0 R=79 B=23 wact=0 zoom=0
@0 smoke 80x24 zoom=0 layout=8205,80x24,0,0{40x24,0,0,0,39x24,41,0,1}
@1 handoff 80x24 zoom=0 layout=820e,80x24,0,0{40x24,0,0,2,39x24,41,0,3}
--- 15:17:46.462914217
@0 smoke %0 57471 0 act=1 40x24 L=0 T=0 R=39 B=23 wact=1 zoom=0
@0 smoke %1 57475 1 act=0 39x24 L=41 T=0 R=79 B=23 wact=1 zoom=0
@1 handoff %2 57483 0 act=0 40x24 L=0 T=0 R=39 B=23 wact=0 zoom=0
@1 handoff %3 57491 1 act=1 39x24 L=41 T=0 R=79 B=23 wact=0 zoom=0
@0 smoke 80x24 zoom=0 layout=8205,80x24,0,0{40x24,0,0,0,39x24,41,0,1}
@1 handoff 80x24 zoom=0 layout=820e,80x24,0,0{40x24,0,0,2,39x24,41,0,3}
--- 15:17:47.986646083
@0 smoke %0 57471 0 act=1 40x24 L=0 T=0 R=39 B=23 wact=1 zoom=0
@0 smoke %1 57475 1 act=0 39x24 L=41 T=0 R=79 B=23 wact=1 zoom=0
@1 handoff %2 57483 0 act=0 40x24 L=0 T=0 R=39 B=23 wact=0 zoom=0
@1 handoff %3 57491 1 act=1 39x24 L=41 T=0 R=79 B=23 wact=0 zoom=0
@0 smoke 80x24 zoom=0 layout=8205,80x24,0,0{40x24,0,0,0,39x24,41,0,1}
@1 handoff 80x24 zoom=0 layout=820e,80x24,0,0{40x24,0,0,2,39x24,41,0,3}
--- 15:17:49.499628304
@0 smoke %0 57471 0 act=1 40x24 L=0 T=0 R=39 B=23 wact=1 zoom=0
@0 smoke %1 57475 1 act=0 39x24 L=41 T=0 R=79 B=23 wact=1 zoom=0
@1 handoff %2 57483 0 act=0 40x24 L=0 T=0 R=39 B=23 wact=0 zoom=0
@1 handoff %3 57491 1 act=1 39x24 L=41 T=0 R=79 B=23 wact=0 zoom=0
@0 smoke 80x24 zoom=0 layout=8205,80x24,0,0{40x24,0,0,0,39x24,41,0,1}
@1 handoff 80x24 zoom=0 layout=820e,80x24,0,0{40x24,0,0,2,39x24,41,0,3}
--- 15:17:51.012439663
@0 smoke %0 57471 0 act=1 40x24 L=0 T=0 R=39 B=23 wact=1 zoom=0
@0 smoke %1 57475 1 act=0 39x24 L=41 T=0 R=79 B=23 wact=1 zoom=0
@1 handoff %2 57483 0 act=0 40x24 L=0 T=0 R=39 B=23 wact=0 zoom=0
@1 handoff %3 57491 1 act=1 39x24 L=41 T=0 R=79 B=23 wact=0 zoom=0
@0 smoke 80x24 zoom=0 layout=8205,80x24,0,0{40x24,0,0,0,39x24,41,0,1}
@1 handoff 80x24 zoom=0 layout=820e,80x24,0,0{40x24,0,0,2,39x24,41,0,3}
--- 15:17:52.524999885
@0 smoke %0 57471 0 act=1 40x24 L=0 T=0 R=39 B=23 wact=1 zoom=0
@0 smoke %1 57475 1 act=0 39x24 L=41 T=0 R=79 B=23 wact=1 zoom=0
@1 handoff %2 57483 0 act=0 40x24 L=0 T=0 R=39 B=23 wact=0 zoom=0
@1 handoff %3 57491 1 act=1 39x24 L=41 T=0 R=79 B=23 wact=0 zoom=0
@0 smoke 80x24 zoom=0 layout=8205,80x24,0,0{40x24,0,0,0,39x24,41,0,1}
@1 handoff 80x24 zoom=0 layout=820e,80x24,0,0{40x24,0,0,2,39x24,41,0,3}
--- 15:17:54.039101456
@0 smoke %0 57471 0 act=1 40x24 L=0 T=0 R=39 B=23 wact=1 zoom=0
@0 smoke %1 57475 1 act=0 39x24 L=41 T=0 R=79 B=23 wact=1 zoom=0
@1 handoff %2 57483 0 act=0 40x24 L=0 T=0 R=39 B=23 wact=0 zoom=0
@1 handoff %3 57491 1 act=1 39x24 L=41 T=0 R=79 B=23 wact=0 zoom=0
@0 smoke 80x24 zoom=0 layout=8205,80x24,0,0{40x24,0,0,0,39x24,41,0,1}
@1 handoff 80x24 zoom=0 layout=820e,80x24,0,0{40x24,0,0,2,39x24,41,0,3}
--- 15:17:55.553797136
@0 smoke %0 57471 0 act=1 40x24 L=0 T=0 R=39 B=23 wact=1 zoom=0
@0 smoke %1 57475 1 act=0 39x24 L=41 T=0 R=79 B=23 wact=1 zoom=0
@1 handoff %2 57483 0 act=0 40x24 L=0 T=0 R=39 B=23 wact=0 zoom=0
@1 handoff %3 57491 1 act=1 39x24 L=41 T=0 R=79 B=23 wact=0 zoom=0
@0 smoke 80x24 zoom=0 layout=8205,80x24,0,0{40x24,0,0,0,39x24,41,0,1}
@1 handoff 80x24 zoom=0 layout=820e,80x24,0,0{40x24,0,0,2,39x24,41,0,3}
--- 15:17:57.066990653
@0 smoke %0 57471 0 act=1 40x24 L=0 T=0 R=39 B=23 wact=1 zoom=0
@0 smoke %1 57475 1 act=0 39x24 L=41 T=0 R=79 B=23 wact=1 zoom=0
@1 handoff %2 57483 0 act=0 40x24 L=0 T=0 R=39 B=23 wact=0 zoom=0
@1 handoff %3 57491 1 act=1 39x24 L=41 T=0 R=79 B=23 wact=0 zoom=0
@0 smoke 80x24 zoom=0 layout=8205,80x24,0,0{40x24,0,0,0,39x24,41,0,1}
@1 handoff 80x24 zoom=0 layout=820e,80x24,0,0{40x24,0,0,2,39x24,41,0,3}
--- 15:17:58.580160021
@0 smoke %0 57471 0 act=1 40x24 L=0 T=0 R=39 B=23 wact=1 zoom=0
@0 smoke %1 57475 1 act=0 39x24 L=41 T=0 R=79 B=23 wact=1 zoom=0
@1 handoff %2 57483 0 act=0 40x24 L=0 T=0 R=39 B=23 wact=0 zoom=0
@1 handoff %3 57491 1 act=1 39x24 L=41 T=0 R=79 B=23 wact=0 zoom=0
@0 smoke 80x24 zoom=0 layout=8205,80x24,0,0{40x24,0,0,0,39x24,41,0,1}
@1 handoff 80x24 zoom=0 layout=820e,80x24,0,0{40x24,0,0,2,39x24,41,0,3}
--- 15:18:00.093266336
@0 smoke %0 57471 0 act=1 40x24 L=0 T=0 R=39 B=23 wact=1 zoom=0
@0 smoke %1 57475 1 act=0 39x24 L=41 T=0 R=79 B=23 wact=1 zoom=0
@1 handoff %2 57483 0 act=0 40x24 L=0 T=0 R=39 B=23 wact=0 zoom=0
@1 handoff %3 57491 1 act=1 39x24 L=41 T=0 R=79 B=23 wact=0 zoom=0
@0 smoke 80x24 zoom=0 layout=8205,80x24,0,0{40x24,0,0,0,39x24,41,0,1}
@1 handoff 80x24 zoom=0 layout=820e,80x24,0,0{40x24,0,0,2,39x24,41,0,3}
--- 15:18:01.606941775
@0 smoke %0 57471 0 act=1 40x24 L=0 T=0 R=39 B=23 wact=1 zoom=0
@0 smoke %1 57475 1 act=0 39x24 L=41 T=0 R=79 B=23 wact=1 zoom=0
@1 handoff %2 57483 0 act=0 40x24 L=0 T=0 R=39 B=23 wact=0 zoom=0
@1 handoff %3 57491 1 act=1 39x24 L=41 T=0 R=79 B=23 wact=0 zoom=0
@0 smoke 80x24 zoom=0 layout=8205,80x24,0,0{40x24,0,0,0,39x24,41,0,1}
@1 handoff 80x24 zoom=0 layout=820e,80x24,0,0{40x24,0,0,2,39x24,41,0,3}
--- 15:18:03.120215876
@0 smoke %0 57471 0 act=1 40x24 L=0 T=0 R=39 B=23 wact=1 zoom=0
@0 smoke %1 57475 1 act=0 39x24 L=41 T=0 R=79 B=23 wact=1 zoom=0
@1 handoff %2 57483 0 act=0 40x24 L=0 T=0 R=39 B=23 wact=0 zoom=0
@1 handoff %3 57491 1 act=1 39x24 L=41 T=0 R=79 B=23 wact=0 zoom=0
@0 smoke 80x24 zoom=0 layout=8205,80x24,0,0{40x24,0,0,0,39x24,41,0,1}
@1 handoff 80x24 zoom=0 layout=820e,80x24,0,0{40x24,0,0,2,39x24,41,0,3}
--- 15:18:04.635923321
@0 smoke %0 57471 0 act=1 40x24 L=0 T=0 R=39 B=23 wact=1 zoom=0
@0 smoke %1 57475 1 act=0 39x24 L=41 T=0 R=79 B=23 wact=1 zoom=0
@1 handoff %2 57483 0 act=0 40x24 L=0 T=0 R=39 B=23 wact=0 zoom=0
@1 handoff %3 57491 1 act=1 39x24 L=41 T=0 R=79 B=23 wact=0 zoom=0
@0 smoke 80x24 zoom=0 layout=8205,80x24,0,0{40x24,0,0,0,39x24,41,0,1}
@1 handoff 80x24 zoom=0 layout=820e,80x24,0,0{40x24,0,0,2,39x24,41,0,3}
--- 15:18:06.149318869
@0 smoke %0 57471 0 act=1 40x24 L=0 T=0 R=39 B=23 wact=1 zoom=0
@0 smoke %1 57475 1 act=0 39x24 L=41 T=0 R=79 B=23 wact=1 zoom=0
@1 handoff %2 57483 0 act=0 40x24 L=0 T=0 R=39 B=23 wact=0 zoom=0
@1 handoff %3 57491 1 act=1 39x24 L=41 T=0 R=79 B=23 wact=0 zoom=0
@0 smoke 80x24 zoom=0 layout=8205,80x24,0,0{40x24,0,0,0,39x24,41,0,1}
@1 handoff 80x24 zoom=0 layout=820e,80x24,0,0{40x24,0,0,2,39x24,41,0,3}
--- 15:18:07.662639864
@0 smoke %0 57471 0 act=1 40x24 L=0 T=0 R=39 B=23 wact=1 zoom=0
@0 smoke %1 57475 1 act=0 39x24 L=41 T=0 R=79 B=23 wact=1 zoom=0
@1 handoff %2 57483 0 act=0 40x24 L=0 T=0 R=39 B=23 wact=0 zoom=0
@1 handoff %3 57491 1 act=1 39x24 L=41 T=0 R=79 B=23 wact=0 zoom=0
@0 smoke 80x24 zoom=0 layout=8205,80x24,0,0{40x24,0,0,0,39x24,41,0,1}
@1 handoff 80x24 zoom=0 layout=820e,80x24,0,0{40x24,0,0,2,39x24,41,0,3}
--- 15:18:09.175764461
@0 smoke %0 57471 0 act=1 40x24 L=0 T=0 R=39 B=23 wact=1 zoom=0
@0 smoke %1 57475 1 act=0 39x24 L=41 T=0 R=79 B=23 wact=1 zoom=0
@1 handoff %2 57483 0 act=0 40x24 L=0 T=0 R=39 B=23 wact=0 zoom=0
@1 handoff %3 57491 1 act=1 39x24 L=41 T=0 R=79 B=23 wact=0 zoom=0
@0 smoke 80x24 zoom=0 layout=8205,80x24,0,0{40x24,0,0,0,39x24,41,0,1}
@1 handoff 80x24 zoom=0 layout=820e,80x24,0,0{40x24,0,0,2,39x24,41,0,3}
--- 15:18:10.688820144
@0 smoke %0 57471 0 act=1 40x24 L=0 T=0 R=39 B=23 wact=1 zoom=0
@0 smoke %1 57475 1 act=0 39x24 L=41 T=0 R=79 B=23 wact=1 zoom=0
@1 handoff %2 57483 0 act=0 40x24 L=0 T=0 R=39 B=23 wact=0 zoom=0
@1 handoff %3 57491 1 act=1 39x24 L=41 T=0 R=79 B=23 wact=0 zoom=0
@0 smoke 80x24 zoom=0 layout=8205,80x24,0,0{40x24,0,0,0,39x24,41,0,1}
@1 handoff 80x24 zoom=0 layout=820e,80x24,0,0{40x24,0,0,2,39x24,41,0,3}
--- 15:18:12.202339947
@0 smoke %0 57471 0 act=1 40x24 L=0 T=0 R=39 B=23 wact=1 zoom=0
@0 smoke %1 57475 1 act=0 39x24 L=41 T=0 R=79 B=23 wact=1 zoom=0
@1 handoff %2 57483 0 act=0 40x24 L=0 T=0 R=39 B=23 wact=0 zoom=0
@1 handoff %3 57491 1 act=1 39x24 L=41 T=0 R=79 B=23 wact=0 zoom=0
@0 smoke 80x24 zoom=0 layout=8205,80x24,0,0{40x24,0,0,0,39x24,41,0,1}
@1 handoff 80x24 zoom=0 layout=820e,80x24,0,0{40x24,0,0,2,39x24,41,0,3}
--- 15:18:13.715054644
@0 smoke %0 57471 0 act=1 40x24 L=0 T=0 R=39 B=23 wact=1 zoom=0
@0 smoke %1 57475 1 act=0 39x24 L=41 T=0 R=79 B=23 wact=1 zoom=0
@1 handoff %2 57483 0 act=0 40x24 L=0 T=0 R=39 B=23 wact=0 zoom=0
@1 handoff %3 57491 1 act=1 39x24 L=41 T=0 R=79 B=23 wact=0 zoom=0
@0 smoke 80x24 zoom=0 layout=8205,80x24,0,0{40x24,0,0,0,39x24,41,0,1}
@1 handoff 80x24 zoom=0 layout=820e,80x24,0,0{40x24,0,0,2,39x24,41,0,3}
--- 15:18:15.227996174
@0 smoke %0 57471 0 act=1 40x24 L=0 T=0 R=39 B=23 wact=1 zoom=0
@0 smoke %1 57475 1 act=0 39x24 L=41 T=0 R=79 B=23 wact=1 zoom=0
@1 handoff %2 57483 0 act=0 40x24 L=0 T=0 R=39 B=23 wact=0 zoom=0
@1 handoff %3 57491 1 act=1 39x24 L=41 T=0 R=79 B=23 wact=0 zoom=0
@0 smoke 80x24 zoom=0 layout=8205,80x24,0,0{40x24,0,0,0,39x24,41,0,1}
@1 handoff 80x24 zoom=0 layout=820e,80x24,0,0{40x24,0,0,2,39x24,41,0,3}
--- 15:18:16.741103335
@0 smoke %0 57471 0 act=1 40x24 L=0 T=0 R=39 B=23 wact=1 zoom=0
@0 smoke %1 57475 1 act=0 39x24 L=41 T=0 R=79 B=23 wact=1 zoom=0
@1 handoff %2 57483 0 act=0 40x24 L=0 T=0 R=39 B=23 wact=0 zoom=0
@1 handoff %3 57491 1 act=1 39x24 L=41 T=0 R=79 B=23 wact=0 zoom=0
@0 smoke 80x24 zoom=0 layout=8205,80x24,0,0{40x24,0,0,0,39x24,41,0,1}
@1 handoff 80x24 zoom=0 layout=820e,80x24,0,0{40x24,0,0,2,39x24,41,0,3}
--- 15:18:18.253932723
@0 smoke %0 57471 0 act=1 40x24 L=0 T=0 R=39 B=23 wact=1 zoom=0
@0 smoke %1 57475 1 act=0 39x24 L=41 T=0 R=79 B=23 wact=1 zoom=0
@1 handoff %2 57483 0 act=0 40x24 L=0 T=0 R=39 B=23 wact=0 zoom=0
@1 handoff %3 57491 1 act=1 39x24 L=41 T=0 R=79 B=23 wact=0 zoom=0
@0 smoke 80x24 zoom=0 layout=8205,80x24,0,0{40x24,0,0,0,39x24,41,0,1}
@1 handoff 80x24 zoom=0 layout=820e,80x24,0,0{40x24,0,0,2,39x24,41,0,3}
--- 15:18:19.766881374
@0 smoke %0 57471 0 act=1 40x24 L=0 T=0 R=39 B=23 wact=1 zoom=0
@0 smoke %1 57475 1 act=0 39x24 L=41 T=0 R=79 B=23 wact=1 zoom=0
@1 handoff %2 57483 0 act=0 40x24 L=0 T=0 R=39 B=23 wact=0 zoom=0
@1 handoff %3 57491 1 act=1 39x24 L=41 T=0 R=79 B=23 wact=0 zoom=0
@0 smoke 80x24 zoom=0 layout=8205,80x24,0,0{40x24,0,0,0,39x24,41,0,1}
@1 handoff 80x24 zoom=0 layout=820e,80x24,0,0{40x24,0,0,2,39x24,41,0,3}
--- 15:18:21.279567718
@0 smoke %0 57471 0 act=1 40x24 L=0 T=0 R=39 B=23 wact=1 zoom=0
@0 smoke %1 57475 1 act=0 39x24 L=41 T=0 R=79 B=23 wact=1 zoom=0
@1 handoff %2 57483 0 act=0 40x24 L=0 T=0 R=39 B=23 wact=0 zoom=0
@1 handoff %3 57491 1 act=1 39x24 L=41 T=0 R=79 B=23 wact=0 zoom=0
@0 smoke 80x24 zoom=0 layout=8205,80x24,0,0{40x24,0,0,0,39x24,41,0,1}
@1 handoff 80x24 zoom=0 layout=820e,80x24,0,0{40x24,0,0,2,39x24,41,0,3}
--- 15:18:22.792298172
@0 smoke %0 57471 0 act=1 40x24 L=0 T=0 R=39 B=23 wact=1 zoom=0
@0 smoke %1 57475 1 act=0 39x24 L=41 T=0 R=79 B=23 wact=1 zoom=0
@1 handoff %2 57483 0 act=0 40x24 L=0 T=0 R=39 B=23 wact=0 zoom=0
@1 handoff %3 57491 1 act=1 39x24 L=41 T=0 R=79 B=23 wact=0 zoom=0
@0 smoke 80x24 zoom=0 layout=8205,80x24,0,0{40x24,0,0,0,39x24,41,0,1}
@1 handoff 80x24 zoom=0 layout=820e,80x24,0,0{40x24,0,0,2,39x24,41,0,3}
--- 15:18:24.309035799
@0 smoke %0 57471 0 act=1 40x24 L=0 T=0 R=39 B=23 wact=1 zoom=0
@0 smoke %1 57475 1 act=0 39x24 L=41 T=0 R=79 B=23 wact=1 zoom=0
@1 handoff %2 57483 0 act=0 40x24 L=0 T=0 R=39 B=23 wact=0 zoom=0
@1 handoff %3 57491 1 act=1 39x24 L=41 T=0 R=79 B=23 wact=0 zoom=0
@0 smoke 80x24 zoom=0 layout=8205,80x24,0,0{40x24,0,0,0,39x24,41,0,1}
@1 handoff 80x24 zoom=0 layout=820e,80x24,0,0{40x24,0,0,2,39x24,41,0,3}
--- 15:18:25.832979422
@0 smoke %0 57471 0 act=1 40x24 L=0 T=0 R=39 B=23 wact=1 zoom=0
@0 smoke %1 57475 1 act=0 39x24 L=41 T=0 R=79 B=23 wact=1 zoom=0
@1 handoff %2 57483 0 act=0 40x24 L=0 T=0 R=39 B=23 wact=0 zoom=0
@1 handoff %3 57491 1 act=1 39x24 L=41 T=0 R=79 B=23 wact=0 zoom=0
@0 smoke 80x24 zoom=0 layout=8205,80x24,0,0{40x24,0,0,0,39x24,41,0,1}
@1 handoff 80x24 zoom=0 layout=820e,80x24,0,0{40x24,0,0,2,39x24,41,0,3}
--- 15:18:27.345498871
@0 smoke %0 57471 0 act=1 40x24 L=0 T=0 R=39 B=23 wact=1 zoom=0
@0 smoke %1 57475 1 act=0 39x24 L=41 T=0 R=79 B=23 wact=1 zoom=0
@1 handoff %2 57483 0 act=0 40x24 L=0 T=0 R=39 B=23 wact=0 zoom=0
@1 handoff %3 57491 1 act=1 39x24 L=41 T=0 R=79 B=23 wact=0 zoom=0
@0 smoke 80x24 zoom=0 layout=8205,80x24,0,0{40x24,0,0,0,39x24,41,0,1}
@1 handoff 80x24 zoom=0 layout=820e,80x24,0,0{40x24,0,0,2,39x24,41,0,3}
--- 15:18:28.858266747
@0 smoke %0 57471 0 act=1 40x24 L=0 T=0 R=39 B=23 wact=1 zoom=0
@0 smoke %1 57475 1 act=0 39x24 L=41 T=0 R=79 B=23 wact=1 zoom=0
@1 handoff %2 57483 0 act=0 40x24 L=0 T=0 R=39 B=23 wact=0 zoom=0
@1 handoff %3 57491 1 act=1 39x24 L=41 T=0 R=79 B=23 wact=0 zoom=0
@0 smoke 80x24 zoom=0 layout=8205,80x24,0,0{40x24,0,0,0,39x24,41,0,1}
@1 handoff 80x24 zoom=0 layout=820e,80x24,0,0{40x24,0,0,2,39x24,41,0,3}
--- 15:18:30.371339048
@0 smoke %0 57471 0 act=1 40x24 L=0 T=0 R=39 B=23 wact=1 zoom=0
@0 smoke %1 57475 1 act=0 39x24 L=41 T=0 R=79 B=23 wact=1 zoom=0
@1 handoff %2 57483 0 act=0 40x24 L=0 T=0 R=39 B=23 wact=0 zoom=0
@1 handoff %3 57491 1 act=1 39x24 L=41 T=0 R=79 B=23 wact=0 zoom=0
@0 smoke 80x24 zoom=0 layout=8205,80x24,0,0{40x24,0,0,0,39x24,41,0,1}
@1 handoff 80x24 zoom=0 layout=820e,80x24,0,0{40x24,0,0,2,39x24,41,0,3}
--- 15:18:31.886448720
@0 smoke %0 57471 0 act=1 40x24 L=0 T=0 R=39 B=23 wact=1 zoom=0
@0 smoke %1 57475 1 act=0 39x24 L=41 T=0 R=79 B=23 wact=1 zoom=0
@1 handoff %2 57483 0 act=0 40x24 L=0 T=0 R=39 B=23 wact=0 zoom=0
@1 handoff %3 57491 1 act=1 39x24 L=41 T=0 R=79 B=23 wact=0 zoom=0
@0 smoke 80x24 zoom=0 layout=8205,80x24,0,0{40x24,0,0,0,39x24,41,0,1}
@1 handoff 80x24 zoom=0 layout=820e,80x24,0,0{40x24,0,0,2,39x24,41,0,3}
--- 15:18:33.404845754
@0 smoke %0 57471 0 act=1 40x24 L=0 T=0 R=39 B=23 wact=1 zoom=0
@0 smoke %1 57475 1 act=0 39x24 L=41 T=0 R=79 B=23 wact=1 zoom=0
@1 handoff %2 57483 0 act=0 40x24 L=0 T=0 R=39 B=23 wact=0 zoom=0
@1 handoff %3 57491 1 act=1 39x24 L=41 T=0 R=79 B=23 wact=0 zoom=0
@0 smoke 80x24 zoom=0 layout=8205,80x24,0,0{40x24,0,0,0,39x24,41,0,1}
@1 handoff 80x24 zoom=0 layout=820e,80x24,0,0{40x24,0,0,2,39x24,41,0,3}
--- 15:18:34.944802038
@0 smoke %0 57471 0 act=1 40x24 L=0 T=0 R=39 B=23 wact=1 zoom=0
@0 smoke %1 57475 1 act=0 39x24 L=41 T=0 R=79 B=23 wact=1 zoom=0
@1 handoff %2 57483 0 act=0 40x24 L=0 T=0 R=39 B=23 wact=0 zoom=0
@1 handoff %3 57491 1 act=1 39x24 L=41 T=0 R=79 B=23 wact=0 zoom=0
@0 smoke 80x24 zoom=0 layout=8205,80x24,0,0{40x24,0,0,0,39x24,41,0,1}
@1 handoff 80x24 zoom=0 layout=820e,80x24,0,0{40x24,0,0,2,39x24,41,0,3}
--- 15:18:36.457875047
@0 smoke %0 57471 0 act=1 40x24 L=0 T=0 R=39 B=23 wact=1 zoom=0
@0 smoke %1 57475 1 act=0 39x24 L=41 T=0 R=79 B=23 wact=1 zoom=0
@1 handoff %2 57483 0 act=0 40x24 L=0 T=0 R=39 B=23 wact=0 zoom=0
@1 handoff %3 57491 1 act=1 39x24 L=41 T=0 R=79 B=23 wact=0 zoom=0
@0 smoke 80x24 zoom=0 layout=8205,80x24,0,0{40x24,0,0,0,39x24,41,0,1}
@1 handoff 80x24 zoom=0 layout=820e,80x24,0,0{40x24,0,0,2,39x24,41,0,3}
--- 15:18:37.970752066
@0 smoke %0 57471 0 act=1 40x24 L=0 T=0 R=39 B=23 wact=1 zoom=0
@0 smoke %1 57475 1 act=0 39x24 L=41 T=0 R=79 B=23 wact=1 zoom=0
@1 handoff %2 57483 0 act=0 40x24 L=0 T=0 R=39 B=23 wact=0 zoom=0
@1 handoff %3 57491 1 act=1 39x24 L=41 T=0 R=79 B=23 wact=0 zoom=0
@0 smoke 80x24 zoom=0 layout=8205,80x24,0,0{40x24,0,0,0,39x24,41,0,1}
@1 handoff 80x24 zoom=0 layout=820e,80x24,0,0{40x24,0,0,2,39x24,41,0,3}
--- 15:18:39.483653354
@0 smoke %0 57471 0 act=1 40x24 L=0 T=0 R=39 B=23 wact=1 zoom=0
@0 smoke %1 57475 1 act=0 39x24 L=41 T=0 R=79 B=23 wact=1 zoom=0
@1 handoff %2 57483 0 act=0 40x24 L=0 T=0 R=39 B=23 wact=0 zoom=0
@1 handoff %3 57491 1 act=1 39x24 L=41 T=0 R=79 B=23 wact=0 zoom=0
@0 smoke 80x24 zoom=0 layout=8205,80x24,0,0{40x24,0,0,0,39x24,41,0,1}
@1 handoff 80x24 zoom=0 layout=820e,80x24,0,0{40x24,0,0,2,39x24,41,0,3}
--- 15:18:40.998368258
@0 smoke %0 57471 0 act=1 40x24 L=0 T=0 R=39 B=23 wact=1 zoom=0
@0 smoke %1 57475 1 act=0 39x24 L=41 T=0 R=79 B=23 wact=1 zoom=0
@1 handoff %2 57483 0 act=0 40x24 L=0 T=0 R=39 B=23 wact=0 zoom=0
@1 handoff %3 57491 1 act=1 39x24 L=41 T=0 R=79 B=23 wact=0 zoom=0
@0 smoke 80x24 zoom=0 layout=8205,80x24,0,0{40x24,0,0,0,39x24,41,0,1}
@1 handoff 80x24 zoom=0 layout=820e,80x24,0,0{40x24,0,0,2,39x24,41,0,3}
--- 15:18:42.511931653
@0 smoke %0 57471 0 act=1 40x24 L=0 T=0 R=39 B=23 wact=1 zoom=0
@0 smoke %1 57475 1 act=0 39x24 L=41 T=0 R=79 B=23 wact=1 zoom=0
@1 handoff %2 57483 0 act=0 40x24 L=0 T=0 R=39 B=23 wact=0 zoom=0
@1 handoff %3 57491 1 act=1 39x24 L=41 T=0 R=79 B=23 wact=0 zoom=0
@0 smoke 80x24 zoom=0 layout=8205,80x24,0,0{40x24,0,0,0,39x24,41,0,1}
@1 handoff 80x24 zoom=0 layout=820e,80x24,0,0{40x24,0,0,2,39x24,41,0,3}
--- 15:18:44.043154798
@0 smoke %0 57471 0 act=1 40x24 L=0 T=0 R=39 B=23 wact=1 zoom=0
@0 smoke %1 57475 1 act=0 39x24 L=41 T=0 R=79 B=23 wact=1 zoom=0
@1 handoff %2 57483 0 act=0 40x24 L=0 T=0 R=39 B=23 wact=0 zoom=0
@1 handoff %3 57491 1 act=1 39x24 L=41 T=0 R=79 B=23 wact=0 zoom=0
@0 smoke 80x24 zoom=0 layout=8205,80x24,0,0{40x24,0,0,0,39x24,41,0,1}
@1 handoff 80x24 zoom=0 layout=820e,80x24,0,0{40x24,0,0,2,39x24,41,0,3}
--- 15:18:45.574941919
@0 smoke %0 57471 0 act=1 40x24 L=0 T=0 R=39 B=23 wact=1 zoom=0
@0 smoke %1 57475 1 act=0 39x24 L=41 T=0 R=79 B=23 wact=1 zoom=0
@1 handoff %2 57483 0 act=0 40x24 L=0 T=0 R=39 B=23 wact=0 zoom=0
@1 handoff %3 57491 1 act=1 39x24 L=41 T=0 R=79 B=23 wact=0 zoom=0
@0 smoke 80x24 zoom=0 layout=8205,80x24,0,0{40x24,0,0,0,39x24,41,0,1}
@1 handoff 80x24 zoom=0 layout=820e,80x24,0,0{40x24,0,0,2,39x24,41,0,3}
--- 15:18:47.088095571
@0 smoke %0 57471 0 act=1 40x24 L=0 T=0 R=39 B=23 wact=1 zoom=0
@0 smoke %1 57475 1 act=0 39x24 L=41 T=0 R=79 B=23 wact=1 zoom=0
@1 handoff %2 57483 0 act=0 40x24 L=0 T=0 R=39 B=23 wact=0 zoom=0
@1 handoff %3 57491 1 act=1 39x24 L=41 T=0 R=79 B=23 wact=0 zoom=0
@0 smoke 80x24 zoom=0 layout=8205,80x24,0,0{40x24,0,0,0,39x24,41,0,1}
@1 handoff 80x24 zoom=0 layout=820e,80x24,0,0{40x24,0,0,2,39x24,41,0,3}
--- 15:18:48.601543249
@0 smoke %0 57471 0 act=1 40x24 L=0 T=0 R=39 B=23 wact=1 zoom=0
@0 smoke %1 57475 1 act=0 39x24 L=41 T=0 R=79 B=23 wact=1 zoom=0
@1 handoff %2 57483 0 act=0 40x24 L=0 T=0 R=39 B=23 wact=0 zoom=0
@1 handoff %3 57491 1 act=1 39x24 L=41 T=0 R=79 B=23 wact=0 zoom=0
@0 smoke 80x24 zoom=0 layout=8205,80x24,0,0{40x24,0,0,0,39x24,41,0,1}
@1 handoff 80x24 zoom=0 layout=820e,80x24,0,0{40x24,0,0,2,39x24,41,0,3}
--- 15:18:50.114143387
@0 smoke %0 57471 0 act=1 40x24 L=0 T=0 R=39 B=23 wact=1 zoom=0
@0 smoke %1 57475 1 act=0 39x24 L=41 T=0 R=79 B=23 wact=1 zoom=0
@1 handoff %2 57483 0 act=0 40x24 L=0 T=0 R=39 B=23 wact=0 zoom=0
@1 handoff %3 57491 1 act=1 39x24 L=41 T=0 R=79 B=23 wact=0 zoom=0
@0 smoke 80x24 zoom=0 layout=8205,80x24,0,0{40x24,0,0,0,39x24,41,0,1}
@1 handoff 80x24 zoom=0 layout=820e,80x24,0,0{40x24,0,0,2,39x24,41,0,3}
--- 15:18:51.627446853
@0 smoke %0 57471 0 act=1 40x24 L=0 T=0 R=39 B=23 wact=1 zoom=0
@0 smoke %1 57475 1 act=0 39x24 L=41 T=0 R=79 B=23 wact=1 zoom=0
@1 handoff %2 57483 0 act=0 40x24 L=0 T=0 R=39 B=23 wact=0 zoom=0
@1 handoff %3 57491 1 act=1 39x24 L=41 T=0 R=79 B=23 wact=0 zoom=0
@0 smoke 80x24 zoom=0 layout=8205,80x24,0,0{40x24,0,0,0,39x24,41,0,1}
@1 handoff 80x24 zoom=0 layout=820e,80x24,0,0{40x24,0,0,2,39x24,41,0,3}
--- 15:18:53.140278622
@0 smoke %0 57471 0 act=1 40x24 L=0 T=0 R=39 B=23 wact=1 zoom=0
@0 smoke %1 57475 1 act=0 39x24 L=41 T=0 R=79 B=23 wact=1 zoom=0
@1 handoff %2 57483 0 act=0 40x24 L=0 T=0 R=39 B=23 wact=0 zoom=0
@1 handoff %3 57491 1 act=1 39x24 L=41 T=0 R=79 B=23 wact=0 zoom=0
@0 smoke 80x24 zoom=0 layout=8205,80x24,0,0{40x24,0,0,0,39x24,41,0,1}
@1 handoff 80x24 zoom=0 layout=820e,80x24,0,0{40x24,0,0,2,39x24,41,0,3}
--- 15:18:54.653687110
@0 smoke %0 57471 0 act=1 40x24 L=0 T=0 R=39 B=23 wact=1 zoom=0
@0 smoke %1 57475 1 act=0 39x24 L=41 T=0 R=79 B=23 wact=1 zoom=0
@1 handoff %2 57483 0 act=0 40x24 L=0 T=0 R=39 B=23 wact=0 zoom=0
@1 handoff %3 57491 1 act=1 39x24 L=41 T=0 R=79 B=23 wact=0 zoom=0
@0 smoke 80x24 zoom=0 layout=8205,80x24,0,0{40x24,0,0,0,39x24,41,0,1}
@1 handoff 80x24 zoom=0 layout=820e,80x24,0,0{40x24,0,0,2,39x24,41,0,3}
--- 15:18:56.166704714
@0 smoke %0 57471 0 act=1 40x24 L=0 T=0 R=39 B=23 wact=1 zoom=0
@0 smoke %1 57475 1 act=0 39x24 L=41 T=0 R=79 B=23 wact=1 zoom=0
@1 handoff %2 57483 0 act=0 40x24 L=0 T=0 R=39 B=23 wact=0 zoom=0
@1 handoff %3 57491 1 act=1 39x24 L=41 T=0 R=79 B=23 wact=0 zoom=0
@0 smoke 80x24 zoom=0 layout=8205,80x24,0,0{40x24,0,0,0,39x24,41,0,1}
@1 handoff 80x24 zoom=0 layout=820e,80x24,0,0{40x24,0,0,2,39x24,41,0,3}
--- 15:18:57.679562897
@0 smoke %0 57471 0 act=1 40x24 L=0 T=0 R=39 B=23 wact=1 zoom=0
@0 smoke %1 57475 1 act=0 39x24 L=41 T=0 R=79 B=23 wact=1 zoom=0
@1 handoff %2 57483 0 act=0 40x24 L=0 T=0 R=39 B=23 wact=0 zoom=0
@1 handoff %3 57491 1 act=1 39x24 L=41 T=0 R=79 B=23 wact=0 zoom=0
@0 smoke 80x24 zoom=0 layout=8205,80x24,0,0{40x24,0,0,0,39x24,41,0,1}
@1 handoff 80x24 zoom=0 layout=820e,80x24,0,0{40x24,0,0,2,39x24,41,0,3}
--- 15:18:59.192934525
@0 smoke %0 57471 0 act=1 40x24 L=0 T=0 R=39 B=23 wact=1 zoom=0
@0 smoke %1 57475 1 act=0 39x24 L=41 T=0 R=79 B=23 wact=1 zoom=0
@1 handoff %2 57483 0 act=0 40x24 L=0 T=0 R=39 B=23 wact=0 zoom=0
@1 handoff %3 57491 1 act=1 39x24 L=41 T=0 R=79 B=23 wact=0 zoom=0
@0 smoke 80x24 zoom=0 layout=8205,80x24,0,0{40x24,0,0,0,39x24,41,0,1}
@1 handoff 80x24 zoom=0 layout=820e,80x24,0,0{40x24,0,0,2,39x24,41,0,3}
--- 15:19:00.705905756
@0 smoke %0 57471 0 act=1 40x24 L=0 T=0 R=39 B=23 wact=1 zoom=0
@0 smoke %1 57475 1 act=0 39x24 L=41 T=0 R=79 B=23 wact=1 zoom=0
@1 handoff %2 57483 0 act=0 40x24 L=0 T=0 R=39 B=23 wact=0 zoom=0
@1 handoff %3 57491 1 act=1 39x24 L=41 T=0 R=79 B=23 wact=0 zoom=0
@0 smoke 80x24 zoom=0 layout=8205,80x24,0,0{40x24,0,0,0,39x24,41,0,1}
@1 handoff 80x24 zoom=0 layout=820e,80x24,0,0{40x24,0,0,2,39x24,41,0,3}
--- 15:19:02.221429082
@0 smoke %0 57471 0 act=1 40x24 L=0 T=0 R=39 B=23 wact=1 zoom=0
@0 smoke %1 57475 1 act=0 39x24 L=41 T=0 R=79 B=23 wact=1 zoom=0
@1 handoff %2 57483 0 act=0 40x24 L=0 T=0 R=39 B=23 wact=0 zoom=0
@1 handoff %3 57491 1 act=1 39x24 L=41 T=0 R=79 B=23 wact=0 zoom=0
@0 smoke 80x24 zoom=0 layout=8205,80x24,0,0{40x24,0,0,0,39x24,41,0,1}
@1 handoff 80x24 zoom=0 layout=820e,80x24,0,0{40x24,0,0,2,39x24,41,0,3}
--- 15:19:03.748491393
@0 smoke %0 57471 0 act=1 40x24 L=0 T=0 R=39 B=23 wact=1 zoom=0
@0 smoke %1 57475 1 act=0 39x24 L=41 T=0 R=79 B=23 wact=1 zoom=0
@1 handoff %2 57483 0 act=0 40x24 L=0 T=0 R=39 B=23 wact=0 zoom=0
@1 handoff %3 57491 1 act=1 39x24 L=41 T=0 R=79 B=23 wact=0 zoom=0
@0 smoke 80x24 zoom=0 layout=8205,80x24,0,0{40x24,0,0,0,39x24,41,0,1}
@1 handoff 80x24 zoom=0 layout=820e,80x24,0,0{40x24,0,0,2,39x24,41,0,3}
--- 15:19:05.262669341
@0 smoke %0 57471 0 act=1 40x24 L=0 T=0 R=39 B=23 wact=1 zoom=0
@0 smoke %1 57475 1 act=0 39x24 L=41 T=0 R=79 B=23 wact=1 zoom=0
@1 handoff %2 57483 0 act=0 40x24 L=0 T=0 R=39 B=23 wact=0 zoom=0
@1 handoff %3 57491 1 act=1 39x24 L=41 T=0 R=79 B=23 wact=0 zoom=0
@0 smoke 80x24 zoom=0 layout=8205,80x24,0,0{40x24,0,0,0,39x24,41,0,1}
@1 handoff 80x24 zoom=0 layout=820e,80x24,0,0{40x24,0,0,2,39x24,41,0,3}
--- 15:19:06.775731474
@0 smoke %0 57471 0 act=1 40x24 L=0 T=0 R=39 B=23 wact=1 zoom=0
@0 smoke %1 57475 1 act=0 39x24 L=41 T=0 R=79 B=23 wact=1 zoom=0
@1 handoff %2 57483 0 act=0 40x24 L=0 T=0 R=39 B=23 wact=0 zoom=0
@1 handoff %3 57491 1 act=1 39x24 L=41 T=0 R=79 B=23 wact=0 zoom=0
@0 smoke 80x24 zoom=0 layout=8205,80x24,0,0{40x24,0,0,0,39x24,41,0,1}
@1 handoff 80x24 zoom=0 layout=820e,80x24,0,0{40x24,0,0,2,39x24,41,0,3}
--- 15:19:08.288284261
@0 smoke %0 57471 0 act=1 40x24 L=0 T=0 R=39 B=23 wact=1 zoom=0
@0 smoke %1 57475 1 act=0 39x24 L=41 T=0 R=79 B=23 wact=1 zoom=0
@1 handoff %2 57483 0 act=0 40x24 L=0 T=0 R=39 B=23 wact=0 zoom=0
@1 handoff %3 57491 1 act=1 39x24 L=41 T=0 R=79 B=23 wact=0 zoom=0
@0 smoke 80x24 zoom=0 layout=8205,80x24,0,0{40x24,0,0,0,39x24,41,0,1}
@1 handoff 80x24 zoom=0 layout=820e,80x24,0,0{40x24,0,0,2,39x24,41,0,3}
--- 15:19:09.800937758
@0 smoke %0 57471 0 act=1 40x24 L=0 T=0 R=39 B=23 wact=1 zoom=0
@0 smoke %1 57475 1 act=0 39x24 L=41 T=0 R=79 B=23 wact=1 zoom=0
@1 handoff %2 57483 0 act=0 40x24 L=0 T=0 R=39 B=23 wact=0 zoom=0
@1 handoff %3 57491 1 act=1 39x24 L=41 T=0 R=79 B=23 wact=0 zoom=0
@0 smoke 80x24 zoom=0 layout=8205,80x24,0,0{40x24,0,0,0,39x24,41,0,1}
@1 handoff 80x24 zoom=0 layout=820e,80x24,0,0{40x24,0,0,2,39x24,41,0,3}
--- 15:19:11.321319475
@0 smoke %0 57471 0 act=1 40x24 L=0 T=0 R=39 B=23 wact=1 zoom=0
@0 smoke %1 57475 1 act=0 39x24 L=41 T=0 R=79 B=23 wact=1 zoom=0
@1 handoff %2 57483 0 act=0 40x24 L=0 T=0 R=39 B=23 wact=0 zoom=0
@1 handoff %3 57491 1 act=1 39x24 L=41 T=0 R=79 B=23 wact=0 zoom=0
@0 smoke 80x24 zoom=0 layout=8205,80x24,0,0{40x24,0,0,0,39x24,41,0,1}
@1 handoff 80x24 zoom=0 layout=820e,80x24,0,0{40x24,0,0,2,39x24,41,0,3}
--- 15:19:12.848890536
@0 smoke %0 57471 0 act=1 40x24 L=0 T=0 R=39 B=23 wact=1 zoom=0
@0 smoke %1 57475 1 act=0 39x24 L=41 T=0 R=79 B=23 wact=1 zoom=0
@1 handoff %2 57483 0 act=0 40x24 L=0 T=0 R=39 B=23 wact=0 zoom=0
@1 handoff %3 57491 1 act=1 39x24 L=41 T=0 R=79 B=23 wact=0 zoom=0
@0 smoke 80x24 zoom=0 layout=8205,80x24,0,0{40x24,0,0,0,39x24,41,0,1}
@1 handoff 80x24 zoom=0 layout=820e,80x24,0,0{40x24,0,0,2,39x24,41,0,3}
--- 15:19:14.361360608
@0 smoke %0 57471 0 act=1 40x24 L=0 T=0 R=39 B=23 wact=1 zoom=0
@0 smoke %1 57475 1 act=0 39x24 L=41 T=0 R=79 B=23 wact=1 zoom=0
@1 handoff %2 57483 0 act=0 40x24 L=0 T=0 R=39 B=23 wact=0 zoom=0
@1 handoff %3 57491 1 act=1 39x24 L=41 T=0 R=79 B=23 wact=0 zoom=0
@0 smoke 80x24 zoom=0 layout=8205,80x24,0,0{40x24,0,0,0,39x24,41,0,1}
@1 handoff 80x24 zoom=0 layout=820e,80x24,0,0{40x24,0,0,2,39x24,41,0,3}
--- 15:19:15.876214681
@0 smoke %0 57471 0 act=1 40x24 L=0 T=0 R=39 B=23 wact=1 zoom=0
@0 smoke %1 57475 1 act=0 39x24 L=41 T=0 R=79 B=23 wact=1 zoom=0
@1 handoff %2 57483 0 act=0 40x24 L=0 T=0 R=39 B=23 wact=0 zoom=0
@1 handoff %3 57491 1 act=1 39x24 L=41 T=0 R=79 B=23 wact=0 zoom=0
@0 smoke 80x24 zoom=0 layout=8205,80x24,0,0{40x24,0,0,0,39x24,41,0,1}
@1 handoff 80x24 zoom=0 layout=820e,80x24,0,0{40x24,0,0,2,39x24,41,0,3}
--- 15:19:17.389281088
@0 smoke %0 57471 0 act=1 40x24 L=0 T=0 R=39 B=23 wact=1 zoom=0
@0 smoke %1 57475 1 act=0 39x24 L=41 T=0 R=79 B=23 wact=1 zoom=0
@1 handoff %2 57483 0 act=0 40x24 L=0 T=0 R=39 B=23 wact=0 zoom=0
@1 handoff %3 57491 1 act=1 39x24 L=41 T=0 R=79 B=23 wact=0 zoom=0
@0 smoke 80x24 zoom=0 layout=8205,80x24,0,0{40x24,0,0,0,39x24,41,0,1}
@1 handoff 80x24 zoom=0 layout=820e,80x24,0,0{40x24,0,0,2,39x24,41,0,3}
--- 15:19:18.902074471
@0 smoke %0 57471 0 act=1 40x24 L=0 T=0 R=39 B=23 wact=1 zoom=0
@0 smoke %1 57475 1 act=0 39x24 L=41 T=0 R=79 B=23 wact=1 zoom=0
@1 handoff %2 57483 0 act=0 40x24 L=0 T=0 R=39 B=23 wact=0 zoom=0
@1 handoff %3 57491 1 act=1 39x24 L=41 T=0 R=79 B=23 wact=0 zoom=0
@0 smoke 80x24 zoom=0 layout=8205,80x24,0,0{40x24,0,0,0,39x24,41,0,1}
@1 handoff 80x24 zoom=0 layout=820e,80x24,0,0{40x24,0,0,2,39x24,41,0,3}
--- 15:19:20.414936565
@0 smoke %0 57471 0 act=1 40x24 L=0 T=0 R=39 B=23 wact=1 zoom=0
@0 smoke %1 57475 1 act=0 39x24 L=41 T=0 R=79 B=23 wact=1 zoom=0
@1 handoff %2 57483 0 act=0 40x24 L=0 T=0 R=39 B=23 wact=0 zoom=0
@1 handoff %3 57491 1 act=1 39x24 L=41 T=0 R=79 B=23 wact=0 zoom=0
@0 smoke 80x24 zoom=0 layout=8205,80x24,0,0{40x24,0,0,0,39x24,41,0,1}
@1 handoff 80x24 zoom=0 layout=820e,80x24,0,0{40x24,0,0,2,39x24,41,0,3}
--- 15:19:21.938925916
@0 smoke %0 57471 0 act=1 40x24 L=0 T=0 R=39 B=23 wact=1 zoom=0
@0 smoke %1 57475 1 act=0 39x24 L=41 T=0 R=79 B=23 wact=1 zoom=0
@1 handoff %2 57483 0 act=0 40x24 L=0 T=0 R=39 B=23 wact=0 zoom=0
@1 handoff %3 57491 1 act=1 39x24 L=41 T=0 R=79 B=23 wact=0 zoom=0
@0 smoke 80x24 zoom=0 layout=8205,80x24,0,0{40x24,0,0,0,39x24,41,0,1}
@1 handoff 80x24 zoom=0 layout=820e,80x24,0,0{40x24,0,0,2,39x24,41,0,3}
--- 15:19:23.470404019
@0 smoke %0 57471 0 act=1 40x24 L=0 T=0 R=39 B=23 wact=1 zoom=0
@0 smoke %1 57475 1 act=0 39x24 L=41 T=0 R=79 B=23 wact=1 zoom=0
@1 handoff %2 57483 0 act=0 40x24 L=0 T=0 R=39 B=23 wact=0 zoom=0
@1 handoff %3 57491 1 act=1 39x24 L=41 T=0 R=79 B=23 wact=0 zoom=0
@0 smoke 80x24 zoom=0 layout=8205,80x24,0,0{40x24,0,0,0,39x24,41,0,1}
@1 handoff 80x24 zoom=0 layout=820e,80x24,0,0{40x24,0,0,2,39x24,41,0,3}
--- 15:19:24.983288083
@0 smoke %0 57471 0 act=1 40x24 L=0 T=0 R=39 B=23 wact=1 zoom=0
@0 smoke %1 57475 1 act=0 39x24 L=41 T=0 R=79 B=23 wact=1 zoom=0
@1 handoff %2 57483 0 act=0 40x24 L=0 T=0 R=39 B=23 wact=0 zoom=0
@1 handoff %3 57491 1 act=1 39x24 L=41 T=0 R=79 B=23 wact=0 zoom=0
@0 smoke 80x24 zoom=0 layout=8205,80x24,0,0{40x24,0,0,0,39x24,41,0,1}
@1 handoff 80x24 zoom=0 layout=820e,80x24,0,0{40x24,0,0,2,39x24,41,0,3}
--- 15:19:26.496588100
@0 smoke %0 57471 0 act=1 40x24 L=0 T=0 R=39 B=23 wact=1 zoom=0
@0 smoke %1 57475 1 act=0 39x24 L=41 T=0 R=79 B=23 wact=1 zoom=0
@1 handoff %2 57483 0 act=0 40x24 L=0 T=0 R=39 B=23 wact=0 zoom=0
@1 handoff %3 57491 1 act=1 39x24 L=41 T=0 R=79 B=23 wact=0 zoom=0
@0 smoke 80x24 zoom=0 layout=8205,80x24,0,0{40x24,0,0,0,39x24,41,0,1}
@1 handoff 80x24 zoom=0 layout=820e,80x24,0,0{40x24,0,0,2,39x24,41,0,3}
--- 15:19:28.009310196
@0 smoke %0 57471 0 act=1 40x24 L=0 T=0 R=39 B=23 wact=1 zoom=0
@0 smoke %1 57475 1 act=0 39x24 L=41 T=0 R=79 B=23 wact=1 zoom=0
@1 handoff %2 57483 0 act=0 40x24 L=0 T=0 R=39 B=23 wact=0 zoom=0
@1 handoff %3 57491 1 act=1 39x24 L=41 T=0 R=79 B=23 wact=0 zoom=0
@0 smoke 80x24 zoom=0 layout=8205,80x24,0,0{40x24,0,0,0,39x24,41,0,1}
@1 handoff 80x24 zoom=0 layout=820e,80x24,0,0{40x24,0,0,2,39x24,41,0,3}
--- 15:19:29.523580487
@0 smoke %0 57471 0 act=1 40x24 L=0 T=0 R=39 B=23 wact=1 zoom=0
@0 smoke %1 57475 1 act=0 39x24 L=41 T=0 R=79 B=23 wact=1 zoom=0
@1 handoff %2 57483 0 act=0 40x24 L=0 T=0 R=39 B=23 wact=0 zoom=0
@1 handoff %3 57491 1 act=1 39x24 L=41 T=0 R=79 B=23 wact=0 zoom=0
@0 smoke 80x24 zoom=0 layout=8205,80x24,0,0{40x24,0,0,0,39x24,41,0,1}
@1 handoff 80x24 zoom=0 layout=820e,80x24,0,0{40x24,0,0,2,39x24,41,0,3}
--- 15:19:31.039915228
@0 smoke %0 57471 0 act=1 40x24 L=0 T=0 R=39 B=23 wact=1 zoom=0
@0 smoke %1 57475 1 act=0 39x24 L=41 T=0 R=79 B=23 wact=1 zoom=0
@1 handoff %2 57483 0 act=0 40x24 L=0 T=0 R=39 B=23 wact=0 zoom=0
@1 handoff %3 57491 1 act=1 39x24 L=41 T=0 R=79 B=23 wact=0 zoom=0
@0 smoke 80x24 zoom=0 layout=8205,80x24,0,0{40x24,0,0,0,39x24,41,0,1}
@1 handoff 80x24 zoom=0 layout=820e,80x24,0,0{40x24,0,0,2,39x24,41,0,3}
--- 15:19:32.556748164
@0 smoke %0 57471 0 act=1 40x24 L=0 T=0 R=39 B=23 wact=1 zoom=0
@0 smoke %1 57475 1 act=0 39x24 L=41 T=0 R=79 B=23 wact=1 zoom=0
@1 handoff %2 57483 0 act=0 40x24 L=0 T=0 R=39 B=23 wact=0 zoom=0
@1 handoff %3 57491 1 act=1 39x24 L=41 T=0 R=79 B=23 wact=0 zoom=0
@0 smoke 80x24 zoom=0 layout=8205,80x24,0,0{40x24,0,0,0,39x24,41,0,1}
@1 handoff 80x24 zoom=0 layout=820e,80x24,0,0{40x24,0,0,2,39x24,41,0,3}
--- 15:19:34.069678578
@0 smoke %0 57471 0 act=1 40x24 L=0 T=0 R=39 B=23 wact=1 zoom=0
@0 smoke %1 57475 1 act=0 39x24 L=41 T=0 R=79 B=23 wact=1 zoom=0
@1 handoff %2 57483 0 act=0 40x24 L=0 T=0 R=39 B=23 wact=0 zoom=0
@1 handoff %3 57491 1 act=1 39x24 L=41 T=0 R=79 B=23 wact=0 zoom=0
@0 smoke 80x24 zoom=0 layout=8205,80x24,0,0{40x24,0,0,0,39x24,41,0,1}
@1 handoff 80x24 zoom=0 layout=820e,80x24,0,0{40x24,0,0,2,39x24,41,0,3}
--- 15:19:35.582112221
@0 smoke %0 57471 0 act=1 40x24 L=0 T=0 R=39 B=23 wact=1 zoom=0
@0 smoke %1 57475 1 act=0 39x24 L=41 T=0 R=79 B=23 wact=1 zoom=0
@1 handoff %2 57483 0 act=0 40x24 L=0 T=0 R=39 B=23 wact=0 zoom=0
@1 handoff %3 57491 1 act=1 39x24 L=41 T=0 R=79 B=23 wact=0 zoom=0
@0 smoke 80x24 zoom=0 layout=8205,80x24,0,0{40x24,0,0,0,39x24,41,0,1}
@1 handoff 80x24 zoom=0 layout=820e,80x24,0,0{40x24,0,0,2,39x24,41,0,3}
--- 15:19:37.094635050
@0 smoke %0 57471 0 act=1 40x24 L=0 T=0 R=39 B=23 wact=1 zoom=0
@0 smoke %1 57475 1 act=0 39x24 L=41 T=0 R=79 B=23 wact=1 zoom=0
@1 handoff %2 57483 0 act=0 40x24 L=0 T=0 R=39 B=23 wact=0 zoom=0
@1 handoff %3 57491 1 act=1 39x24 L=41 T=0 R=79 B=23 wact=0 zoom=0
@0 smoke 80x24 zoom=0 layout=8205,80x24,0,0{40x24,0,0,0,39x24,41,0,1}
@1 handoff 80x24 zoom=0 layout=820e,80x24,0,0{40x24,0,0,2,39x24,41,0,3}
--- 15:19:38.607546274
@0 smoke %0 57471 0 act=1 40x24 L=0 T=0 R=39 B=23 wact=1 zoom=0
@0 smoke %1 57475 1 act=0 39x24 L=41 T=0 R=79 B=23 wact=1 zoom=0
@1 handoff %2 57483 0 act=0 40x24 L=0 T=0 R=39 B=23 wact=0 zoom=0
@1 handoff %3 57491 1 act=1 39x24 L=41 T=0 R=79 B=23 wact=0 zoom=0
@0 smoke 80x24 zoom=0 layout=8205,80x24,0,0{40x24,0,0,0,39x24,41,0,1}
@1 handoff 80x24 zoom=0 layout=820e,80x24,0,0{40x24,0,0,2,39x24,41,0,3}
--- 15:19:40.120063548
@0 smoke %0 57471 0 act=1 40x24 L=0 T=0 R=39 B=23 wact=1 zoom=0
@0 smoke %1 57475 1 act=0 39x24 L=41 T=0 R=79 B=23 wact=1 zoom=0
@1 handoff %2 57483 0 act=0 40x24 L=0 T=0 R=39 B=23 wact=0 zoom=0
@1 handoff %3 57491 1 act=1 39x24 L=41 T=0 R=79 B=23 wact=0 zoom=0
@0 smoke 80x24 zoom=0 layout=8205,80x24,0,0{40x24,0,0,0,39x24,41,0,1}
@1 handoff 80x24 zoom=0 layout=820e,80x24,0,0{40x24,0,0,2,39x24,41,0,3}
--- 15:19:41.632715738
@0 smoke %0 57471 0 act=1 40x24 L=0 T=0 R=39 B=23 wact=1 zoom=0
@0 smoke %1 57475 1 act=0 39x24 L=41 T=0 R=79 B=23 wact=1 zoom=0
@1 handoff %2 57483 0 act=0 40x24 L=0 T=0 R=39 B=23 wact=0 zoom=0
@1 handoff %3 57491 1 act=1 39x24 L=41 T=0 R=79 B=23 wact=0 zoom=0
@0 smoke 80x24 zoom=0 layout=8205,80x24,0,0{40x24,0,0,0,39x24,41,0,1}
@1 handoff 80x24 zoom=0 layout=820e,80x24,0,0{40x24,0,0,2,39x24,41,0,3}
--- 15:19:43.145171019
@0 smoke %0 57471 0 act=1 40x24 L=0 T=0 R=39 B=23 wact=1 zoom=0
@0 smoke %1 57475 1 act=0 39x24 L=41 T=0 R=79 B=23 wact=1 zoom=0
@1 handoff %2 57483 0 act=0 40x24 L=0 T=0 R=39 B=23 wact=0 zoom=0
@1 handoff %3 57491 1 act=1 39x24 L=41 T=0 R=79 B=23 wact=0 zoom=0
@0 smoke 80x24 zoom=0 layout=8205,80x24,0,0{40x24,0,0,0,39x24,41,0,1}
@1 handoff 80x24 zoom=0 layout=820e,80x24,0,0{40x24,0,0,2,39x24,41,0,3}
--- 15:19:44.659126619
@0 smoke %0 57471 0 act=1 40x24 L=0 T=0 R=39 B=23 wact=1 zoom=0
@0 smoke %1 57475 1 act=0 39x24 L=41 T=0 R=79 B=23 wact=1 zoom=0
@1 handoff %2 57483 0 act=0 40x24 L=0 T=0 R=39 B=23 wact=0 zoom=0
@1 handoff %3 57491 1 act=1 39x24 L=41 T=0 R=79 B=23 wact=0 zoom=0
@0 smoke 80x24 zoom=0 layout=8205,80x24,0,0{40x24,0,0,0,39x24,41,0,1}
@1 handoff 80x24 zoom=0 layout=820e,80x24,0,0{40x24,0,0,2,39x24,41,0,3}
--- 15:19:46.172482706
@0 smoke %0 57471 0 act=1 40x24 L=0 T=0 R=39 B=23 wact=1 zoom=0
@0 smoke %1 57475 1 act=0 39x24 L=41 T=0 R=79 B=23 wact=1 zoom=0
@1 handoff %2 57483 0 act=0 40x24 L=0 T=0 R=39 B=23 wact=0 zoom=0
@1 handoff %3 57491 1 act=1 39x24 L=41 T=0 R=79 B=23 wact=0 zoom=0
@0 smoke 80x24 zoom=0 layout=8205,80x24,0,0{40x24,0,0,0,39x24,41,0,1}
@1 handoff 80x24 zoom=0 layout=820e,80x24,0,0{40x24,0,0,2,39x24,41,0,3}
--- 15:19:47.685183419
@0 smoke %0 57471 0 act=1 40x24 L=0 T=0 R=39 B=23 wact=1 zoom=0
@0 smoke %1 57475 1 act=0 39x24 L=41 T=0 R=79 B=23 wact=1 zoom=0
@1 handoff %2 57483 0 act=0 40x24 L=0 T=0 R=39 B=23 wact=0 zoom=0
@1 handoff %3 57491 1 act=1 39x24 L=41 T=0 R=79 B=23 wact=0 zoom=0
@0 smoke 80x24 zoom=0 layout=8205,80x24,0,0{40x24,0,0,0,39x24,41,0,1}
@1 handoff 80x24 zoom=0 layout=820e,80x24,0,0{40x24,0,0,2,39x24,41,0,3}
--- 15:19:49.199100608
@0 smoke %0 57471 0 act=1 40x24 L=0 T=0 R=39 B=23 wact=1 zoom=0
@0 smoke %1 57475 1 act=0 39x24 L=41 T=0 R=79 B=23 wact=1 zoom=0
@1 handoff %2 57483 0 act=0 40x24 L=0 T=0 R=39 B=23 wact=0 zoom=0
@1 handoff %3 57491 1 act=1 39x24 L=41 T=0 R=79 B=23 wact=0 zoom=0
@0 smoke 80x24 zoom=0 layout=8205,80x24,0,0{40x24,0,0,0,39x24,41,0,1}
@1 handoff 80x24 zoom=0 layout=820e,80x24,0,0{40x24,0,0,2,39x24,41,0,3}
--- 15:19:50.711931997
@0 smoke %0 57471 0 act=1 40x24 L=0 T=0 R=39 B=23 wact=1 zoom=0
@0 smoke %1 57475 1 act=0 39x24 L=41 T=0 R=79 B=23 wact=1 zoom=0
@1 handoff %2 57483 0 act=0 40x24 L=0 T=0 R=39 B=23 wact=0 zoom=0
@1 handoff %3 57491 1 act=1 39x24 L=41 T=0 R=79 B=23 wact=0 zoom=0
@0 smoke 80x24 zoom=0 layout=8205,80x24,0,0{40x24,0,0,0,39x24,41,0,1}
@1 handoff 80x24 zoom=0 layout=820e,80x24,0,0{40x24,0,0,2,39x24,41,0,3}
--- 15:19:52.224465202
@0 smoke %0 57471 0 act=1 40x24 L=0 T=0 R=39 B=23 wact=1 zoom=0
@0 smoke %1 57475 1 act=0 39x24 L=41 T=0 R=79 B=23 wact=1 zoom=0
@1 handoff %2 57483 0 act=0 40x24 L=0 T=0 R=39 B=23 wact=0 zoom=0
@1 handoff %3 57491 1 act=1 39x24 L=41 T=0 R=79 B=23 wact=0 zoom=0
@0 smoke 80x24 zoom=0 layout=8205,80x24,0,0{40x24,0,0,0,39x24,41,0,1}
@1 handoff 80x24 zoom=0 layout=820e,80x24,0,0{40x24,0,0,2,39x24,41,0,3}
--- 15:19:53.736870710
@0 smoke %0 57471 0 act=1 40x24 L=0 T=0 R=39 B=23 wact=1 zoom=0
@0 smoke %1 57475 1 act=0 39x24 L=41 T=0 R=79 B=23 wact=1 zoom=0
@1 handoff %2 57483 0 act=0 40x24 L=0 T=0 R=39 B=23 wact=0 zoom=0
@1 handoff %3 57491 1 act=1 39x24 L=41 T=0 R=79 B=23 wact=0 zoom=0
@0 smoke 80x24 zoom=0 layout=8205,80x24,0,0{40x24,0,0,0,39x24,41,0,1}
@1 handoff 80x24 zoom=0 layout=820e,80x24,0,0{40x24,0,0,2,39x24,41,0,3}
--- 15:19:55.249401894
@0 smoke %0 57471 0 act=1 40x24 L=0 T=0 R=39 B=23 wact=1 zoom=0
@0 smoke %1 57475 1 act=0 39x24 L=41 T=0 R=79 B=23 wact=1 zoom=0
@1 handoff %2 57483 0 act=0 40x24 L=0 T=0 R=39 B=23 wact=0 zoom=0
@1 handoff %3 57491 1 act=1 39x24 L=41 T=0 R=79 B=23 wact=0 zoom=0
@0 smoke 80x24 zoom=0 layout=8205,80x24,0,0{40x24,0,0,0,39x24,41,0,1}
@1 handoff 80x24 zoom=0 layout=820e,80x24,0,0{40x24,0,0,2,39x24,41,0,3}
--- 15:19:56.762144589
@0 smoke %0 57471 0 act=1 40x24 L=0 T=0 R=39 B=23 wact=1 zoom=0
@0 smoke %1 57475 1 act=0 39x24 L=41 T=0 R=79 B=23 wact=1 zoom=0
@1 handoff %2 57483 0 act=0 40x24 L=0 T=0 R=39 B=23 wact=0 zoom=0
@1 handoff %3 57491 1 act=1 39x24 L=41 T=0 R=79 B=23 wact=0 zoom=0
@0 smoke 80x24 zoom=0 layout=8205,80x24,0,0{40x24,0,0,0,39x24,41,0,1}
@1 handoff 80x24 zoom=0 layout=820e,80x24,0,0{40x24,0,0,2,39x24,41,0,3}
--- 15:19:58.274882140
@0 smoke %0 57471 0 act=1 40x24 L=0 T=0 R=39 B=23 wact=1 zoom=0
@0 smoke %1 57475 1 act=0 39x24 L=41 T=0 R=79 B=23 wact=1 zoom=0
@1 handoff %2 57483 0 act=0 40x24 L=0 T=0 R=39 B=23 wact=0 zoom=0
@1 handoff %3 57491 1 act=1 39x24 L=41 T=0 R=79 B=23 wact=0 zoom=0
@0 smoke 80x24 zoom=0 layout=8205,80x24,0,0{40x24,0,0,0,39x24,41,0,1}
@1 handoff 80x24 zoom=0 layout=820e,80x24,0,0{40x24,0,0,2,39x24,41,0,3}
--- 15:19:59.788008277
@0 smoke %0 57471 0 act=1 40x24 L=0 T=0 R=39 B=23 wact=1 zoom=0
@0 smoke %1 57475 1 act=0 39x24 L=41 T=0 R=79 B=23 wact=1 zoom=0
@1 handoff %2 57483 0 act=0 40x24 L=0 T=0 R=39 B=23 wact=0 zoom=0
@1 handoff %3 57491 1 act=1 39x24 L=41 T=0 R=79 B=23 wact=0 zoom=0
@0 smoke 80x24 zoom=0 layout=8205,80x24,0,0{40x24,0,0,0,39x24,41,0,1}
@1 handoff 80x24 zoom=0 layout=820e,80x24,0,0{40x24,0,0,2,39x24,41,0,3}
--- 15:20:01.301795413
@0 smoke %0 57471 0 act=1 40x24 L=0 T=0 R=39 B=23 wact=1 zoom=0
@0 smoke %1 57475 1 act=0 39x24 L=41 T=0 R=79 B=23 wact=1 zoom=0
@1 handoff %2 57483 0 act=0 40x24 L=0 T=0 R=39 B=23 wact=0 zoom=0
@1 handoff %3 57491 1 act=1 39x24 L=41 T=0 R=79 B=23 wact=0 zoom=0
@0 smoke 80x24 zoom=0 layout=8205,80x24,0,0{40x24,0,0,0,39x24,41,0,1}
@1 handoff 80x24 zoom=0 layout=820e,80x24,0,0{40x24,0,0,2,39x24,41,0,3}
--- 15:20:02.814226205
@0 smoke %0 57471 0 act=1 40x24 L=0 T=0 R=39 B=23 wact=1 zoom=0
@0 smoke %1 57475 1 act=0 39x24 L=41 T=0 R=79 B=23 wact=1 zoom=0
@1 handoff %2 57483 0 act=0 40x24 L=0 T=0 R=39 B=23 wact=0 zoom=0
@1 handoff %3 57491 1 act=1 39x24 L=41 T=0 R=79 B=23 wact=0 zoom=0
@0 smoke 80x24 zoom=0 layout=8205,80x24,0,0{40x24,0,0,0,39x24,41,0,1}
@1 handoff 80x24 zoom=0 layout=820e,80x24,0,0{40x24,0,0,2,39x24,41,0,3}
--- 15:20:04.326740749
@0 smoke %0 57471 0 act=1 40x24 L=0 T=0 R=39 B=23 wact=1 zoom=0
@0 smoke %1 57475 1 act=0 39x24 L=41 T=0 R=79 B=23 wact=1 zoom=0
@1 handoff %2 57483 0 act=0 40x24 L=0 T=0 R=39 B=23 wact=0 zoom=0
@1 handoff %3 57491 1 act=1 39x24 L=41 T=0 R=79 B=23 wact=0 zoom=0
@0 smoke 80x24 zoom=0 layout=8205,80x24,0,0{40x24,0,0,0,39x24,41,0,1}
@1 handoff 80x24 zoom=0 layout=820e,80x24,0,0{40x24,0,0,2,39x24,41,0,3}
--- 15:20:05.839199362
@0 smoke %0 57471 0 act=1 40x24 L=0 T=0 R=39 B=23 wact=1 zoom=0
@0 smoke %1 57475 1 act=0 39x24 L=41 T=0 R=79 B=23 wact=1 zoom=0
@1 handoff %2 57483 0 act=0 40x24 L=0 T=0 R=39 B=23 wact=0 zoom=0
@1 handoff %3 57491 1 act=1 39x24 L=41 T=0 R=79 B=23 wact=0 zoom=0
@0 smoke 80x24 zoom=0 layout=8205,80x24,0,0{40x24,0,0,0,39x24,41,0,1}
@1 handoff 80x24 zoom=0 layout=820e,80x24,0,0{40x24,0,0,2,39x24,41,0,3}
--- 15:20:07.351923642
@0 smoke %0 57471 0 act=1 40x24 L=0 T=0 R=39 B=23 wact=1 zoom=0
@0 smoke %1 57475 1 act=0 39x24 L=41 T=0 R=79 B=23 wact=1 zoom=0
@1 handoff %2 57483 0 act=0 40x24 L=0 T=0 R=39 B=23 wact=0 zoom=0
@1 handoff %3 57491 1 act=1 39x24 L=41 T=0 R=79 B=23 wact=0 zoom=0
@0 smoke 80x24 zoom=0 layout=8205,80x24,0,0{40x24,0,0,0,39x24,41,0,1}
@1 handoff 80x24 zoom=0 layout=820e,80x24,0,0{40x24,0,0,2,39x24,41,0,3}
--- 15:20:08.871645051
@0 smoke %0 57471 0 act=1 40x24 L=0 T=0 R=39 B=23 wact=1 zoom=0
@0 smoke %1 57475 1 act=0 39x24 L=41 T=0 R=79 B=23 wact=1 zoom=0
@1 handoff %2 57483 0 act=0 40x24 L=0 T=0 R=39 B=23 wact=0 zoom=0
@1 handoff %3 57491 1 act=1 39x24 L=41 T=0 R=79 B=23 wact=0 zoom=0
@0 smoke 80x24 zoom=0 layout=8205,80x24,0,0{40x24,0,0,0,39x24,41,0,1}
@1 handoff 80x24 zoom=0 layout=820e,80x24,0,0{40x24,0,0,2,39x24,41,0,3}
--- 15:20:10.403477928
@0 smoke %0 57471 0 act=1 40x24 L=0 T=0 R=39 B=23 wact=1 zoom=0
@0 smoke %1 57475 1 act=0 39x24 L=41 T=0 R=79 B=23 wact=1 zoom=0
@1 handoff %2 57483 0 act=0 40x24 L=0 T=0 R=39 B=23 wact=0 zoom=0
@1 handoff %3 57491 1 act=1 39x24 L=41 T=0 R=79 B=23 wact=0 zoom=0
@0 smoke 80x24 zoom=0 layout=8205,80x24,0,0{40x24,0,0,0,39x24,41,0,1}
@1 handoff 80x24 zoom=0 layout=820e,80x24,0,0{40x24,0,0,2,39x24,41,0,3}
--- 15:20:11.916101588
@0 smoke %0 57471 0 act=1 40x24 L=0 T=0 R=39 B=23 wact=1 zoom=0
@0 smoke %1 57475 1 act=0 39x24 L=41 T=0 R=79 B=23 wact=1 zoom=0
@1 handoff %2 57483 0 act=0 40x24 L=0 T=0 R=39 B=23 wact=0 zoom=0
@1 handoff %3 57491 1 act=1 39x24 L=41 T=0 R=79 B=23 wact=0 zoom=0
@0 smoke 80x24 zoom=0 layout=8205,80x24,0,0{40x24,0,0,0,39x24,41,0,1}
@1 handoff 80x24 zoom=0 layout=820e,80x24,0,0{40x24,0,0,2,39x24,41,0,3}
--- 15:20:13.429146423
@0 smoke %0 57471 0 act=1 40x24 L=0 T=0 R=39 B=23 wact=1 zoom=0
@0 smoke %1 57475 1 act=0 39x24 L=41 T=0 R=79 B=23 wact=1 zoom=0
@1 handoff %2 57483 0 act=0 40x24 L=0 T=0 R=39 B=23 wact=0 zoom=0
@1 handoff %3 57491 1 act=1 39x24 L=41 T=0 R=79 B=23 wact=0 zoom=0
@0 smoke 80x24 zoom=0 layout=8205,80x24,0,0{40x24,0,0,0,39x24,41,0,1}
@1 handoff 80x24 zoom=0 layout=820e,80x24,0,0{40x24,0,0,2,39x24,41,0,3}
--- 15:20:14.942469822
@0 smoke %0 57471 0 act=1 40x24 L=0 T=0 R=39 B=23 wact=1 zoom=0
@0 smoke %1 57475 1 act=0 39x24 L=41 T=0 R=79 B=23 wact=1 zoom=0
@1 handoff %2 57483 0 act=0 40x24 L=0 T=0 R=39 B=23 wact=0 zoom=0
@1 handoff %3 57491 1 act=1 39x24 L=41 T=0 R=79 B=23 wact=0 zoom=0
@0 smoke 80x24 zoom=0 layout=8205,80x24,0,0{40x24,0,0,0,39x24,41,0,1}
@1 handoff 80x24 zoom=0 layout=820e,80x24,0,0{40x24,0,0,2,39x24,41,0,3}
--- 15:20:16.455189610
@0 smoke %0 57471 0 act=1 40x24 L=0 T=0 R=39 B=23 wact=1 zoom=0
@0 smoke %1 57475 1 act=0 39x24 L=41 T=0 R=79 B=23 wact=1 zoom=0
@1 handoff %2 57483 0 act=0 40x24 L=0 T=0 R=39 B=23 wact=0 zoom=0
@1 handoff %3 57491 1 act=1 39x24 L=41 T=0 R=79 B=23 wact=0 zoom=0
@0 smoke 80x24 zoom=0 layout=8205,80x24,0,0{40x24,0,0,0,39x24,41,0,1}
@1 handoff 80x24 zoom=0 layout=820e,80x24,0,0{40x24,0,0,2,39x24,41,0,3}
--- 15:20:17.995007042
@0 smoke %0 57471 0 act=1 40x24 L=0 T=0 R=39 B=23 wact=1 zoom=0
@0 smoke %1 57475 1 act=0 39x24 L=41 T=0 R=79 B=23 wact=1 zoom=0
@1 handoff %2 57483 0 act=0 40x24 L=0 T=0 R=39 B=23 wact=0 zoom=0
@1 handoff %3 57491 1 act=1 39x24 L=41 T=0 R=79 B=23 wact=0 zoom=0
@0 smoke 80x24 zoom=0 layout=8205,80x24,0,0{40x24,0,0,0,39x24,41,0,1}
@1 handoff 80x24 zoom=0 layout=820e,80x24,0,0{40x24,0,0,2,39x24,41,0,3}
--- 15:20:19.521800583
@0 smoke %0 57471 0 act=1 40x24 L=0 T=0 R=39 B=23 wact=1 zoom=0
@0 smoke %1 57475 1 act=0 39x24 L=41 T=0 R=79 B=23 wact=1 zoom=0
@1 handoff %2 57483 0 act=0 40x24 L=0 T=0 R=39 B=23 wact=0 zoom=0
@1 handoff %3 57491 1 act=1 39x24 L=41 T=0 R=79 B=23 wact=0 zoom=0
@0 smoke 80x24 zoom=0 layout=8205,80x24,0,0{40x24,0,0,0,39x24,41,0,1}
@1 handoff 80x24 zoom=0 layout=820e,80x24,0,0{40x24,0,0,2,39x24,41,0,3}
--- 15:20:21.034600792
@0 smoke %0 57471 0 act=1 40x24 L=0 T=0 R=39 B=23 wact=1 zoom=0
@0 smoke %1 57475 1 act=0 39x24 L=41 T=0 R=79 B=23 wact=1 zoom=0
@1 handoff %2 57483 0 act=0 40x24 L=0 T=0 R=39 B=23 wact=0 zoom=0
@1 handoff %3 57491 1 act=1 39x24 L=41 T=0 R=79 B=23 wact=0 zoom=0
@0 smoke 80x24 zoom=0 layout=8205,80x24,0,0{40x24,0,0,0,39x24,41,0,1}
@1 handoff 80x24 zoom=0 layout=820e,80x24,0,0{40x24,0,0,2,39x24,41,0,3}
--- 15:20:22.547599962
@0 smoke %0 57471 0 act=1 40x24 L=0 T=0 R=39 B=23 wact=1 zoom=0
@0 smoke %1 57475 1 act=0 39x24 L=41 T=0 R=79 B=23 wact=1 zoom=0
@1 handoff %2 57483 0 act=0 40x24 L=0 T=0 R=39 B=23 wact=0 zoom=0
@1 handoff %3 57491 1 act=1 39x24 L=41 T=0 R=79 B=23 wact=0 zoom=0
@0 smoke 80x24 zoom=0 layout=8205,80x24,0,0{40x24,0,0,0,39x24,41,0,1}
@1 handoff 80x24 zoom=0 layout=820e,80x24,0,0{40x24,0,0,2,39x24,41,0,3}
--- 15:20:24.060267994
@0 smoke %0 57471 0 act=1 40x24 L=0 T=0 R=39 B=23 wact=1 zoom=0
@0 smoke %1 57475 1 act=0 39x24 L=41 T=0 R=79 B=23 wact=1 zoom=0
@1 handoff %2 57483 0 act=0 40x24 L=0 T=0 R=39 B=23 wact=0 zoom=0
@1 handoff %3 57491 1 act=1 39x24 L=41 T=0 R=79 B=23 wact=0 zoom=0
@0 smoke 80x24 zoom=0 layout=8205,80x24,0,0{40x24,0,0,0,39x24,41,0,1}
@1 handoff 80x24 zoom=0 layout=820e,80x24,0,0{40x24,0,0,2,39x24,41,0,3}
--- 15:20:25.572967829
@0 smoke %0 57471 0 act=1 40x24 L=0 T=0 R=39 B=23 wact=1 zoom=0
@0 smoke %1 57475 1 act=0 39x24 L=41 T=0 R=79 B=23 wact=1 zoom=0
@1 handoff %2 57483 0 act=0 40x24 L=0 T=0 R=39 B=23 wact=0 zoom=0
@1 handoff %3 57491 1 act=1 39x24 L=41 T=0 R=79 B=23 wact=0 zoom=0
@0 smoke 80x24 zoom=0 layout=8205,80x24,0,0{40x24,0,0,0,39x24,41,0,1}
@1 handoff 80x24 zoom=0 layout=820e,80x24,0,0{40x24,0,0,2,39x24,41,0,3}
--- 15:20:27.085477631
@0 smoke %0 57471 0 act=1 40x24 L=0 T=0 R=39 B=23 wact=1 zoom=0
@0 smoke %1 57475 1 act=0 39x24 L=41 T=0 R=79 B=23 wact=1 zoom=0
@1 handoff %2 57483 0 act=0 40x24 L=0 T=0 R=39 B=23 wact=0 zoom=0
@1 handoff %3 57491 1 act=1 39x24 L=41 T=0 R=79 B=23 wact=0 zoom=0
@0 smoke 80x24 zoom=0 layout=8205,80x24,0,0{40x24,0,0,0,39x24,41,0,1}
@1 handoff 80x24 zoom=0 layout=820e,80x24,0,0{40x24,0,0,2,39x24,41,0,3}
--- 15:20:28.598271676
@0 smoke %0 57471 0 act=1 40x24 L=0 T=0 R=39 B=23 wact=1 zoom=0
@0 smoke %1 57475 1 act=0 39x24 L=41 T=0 R=79 B=23 wact=1 zoom=0
@1 handoff %2 57483 0 act=0 40x24 L=0 T=0 R=39 B=23 wact=0 zoom=0
@1 handoff %3 57491 1 act=1 39x24 L=41 T=0 R=79 B=23 wact=0 zoom=0
@0 smoke 80x24 zoom=0 layout=8205,80x24,0,0{40x24,0,0,0,39x24,41,0,1}
@1 handoff 80x24 zoom=0 layout=820e,80x24,0,0{40x24,0,0,2,39x24,41,0,3}
--- 15:20:30.110820521
@0 smoke %0 57471 0 act=1 40x24 L=0 T=0 R=39 B=23 wact=1 zoom=0
@0 smoke %1 57475 1 act=0 39x24 L=41 T=0 R=79 B=23 wact=1 zoom=0
@1 handoff %2 57483 0 act=0 40x24 L=0 T=0 R=39 B=23 wact=0 zoom=0
@1 handoff %3 57491 1 act=1 39x24 L=41 T=0 R=79 B=23 wact=0 zoom=0
@0 smoke 80x24 zoom=0 layout=8205,80x24,0,0{40x24,0,0,0,39x24,41,0,1}
@1 handoff 80x24 zoom=0 layout=820e,80x24,0,0{40x24,0,0,2,39x24,41,0,3}
--- 15:20:31.623828329
@0 smoke %0 57471 0 act=1 40x24 L=0 T=0 R=39 B=23 wact=1 zoom=0
@0 smoke %1 57475 1 act=0 39x24 L=41 T=0 R=79 B=23 wact=1 zoom=0
@1 handoff %2 57483 0 act=0 40x24 L=0 T=0 R=39 B=23 wact=0 zoom=0
@1 handoff %3 57491 1 act=1 39x24 L=41 T=0 R=79 B=23 wact=0 zoom=0
@0 smoke 80x24 zoom=0 layout=8205,80x24,0,0{40x24,0,0,0,39x24,41,0,1}
@1 handoff 80x24 zoom=0 layout=820e,80x24,0,0{40x24,0,0,2,39x24,41,0,3}
--- 15:20:33.136595907
@0 smoke %0 57471 0 act=1 40x24 L=0 T=0 R=39 B=23 wact=1 zoom=0
@0 smoke %1 57475 1 act=0 39x24 L=41 T=0 R=79 B=23 wact=1 zoom=0
@1 handoff %2 57483 0 act=0 40x24 L=0 T=0 R=39 B=23 wact=0 zoom=0
@1 handoff %3 57491 1 act=1 39x24 L=41 T=0 R=79 B=23 wact=0 zoom=0
@0 smoke 80x24 zoom=0 layout=8205,80x24,0,0{40x24,0,0,0,39x24,41,0,1}
@1 handoff 80x24 zoom=0 layout=820e,80x24,0,0{40x24,0,0,2,39x24,41,0,3}
--- 15:20:34.649614121
@0 smoke %0 57471 0 act=1 40x24 L=0 T=0 R=39 B=23 wact=1 zoom=0
@0 smoke %1 57475 1 act=0 39x24 L=41 T=0 R=79 B=23 wact=1 zoom=0
@1 handoff %2 57483 0 act=0 40x24 L=0 T=0 R=39 B=23 wact=0 zoom=0
@1 handoff %3 57491 1 act=1 39x24 L=41 T=0 R=79 B=23 wact=0 zoom=0
@0 smoke 80x24 zoom=0 layout=8205,80x24,0,0{40x24,0,0,0,39x24,41,0,1}
@1 handoff 80x24 zoom=0 layout=820e,80x24,0,0{40x24,0,0,2,39x24,41,0,3}
--- 15:20:36.162488047
@0 smoke %0 57471 0 act=1 40x24 L=0 T=0 R=39 B=23 wact=1 zoom=0
@0 smoke %1 57475 1 act=0 39x24 L=41 T=0 R=79 B=23 wact=1 zoom=0
@1 handoff %2 57483 0 act=0 40x24 L=0 T=0 R=39 B=23 wact=0 zoom=0
@1 handoff %3 57491 1 act=1 39x24 L=41 T=0 R=79 B=23 wact=0 zoom=0
@0 smoke 80x24 zoom=0 layout=8205,80x24,0,0{40x24,0,0,0,39x24,41,0,1}
@1 handoff 80x24 zoom=0 layout=820e,80x24,0,0{40x24,0,0,2,39x24,41,0,3}
--- 15:20:37.683734763
@0 smoke %0 57471 0 act=1 40x24 L=0 T=0 R=39 B=23 wact=1 zoom=0
@0 smoke %1 57475 1 act=0 39x24 L=41 T=0 R=79 B=23 wact=1 zoom=0
@1 handoff %2 57483 0 act=0 40x24 L=0 T=0 R=39 B=23 wact=0 zoom=0
@1 handoff %3 57491 1 act=1 39x24 L=41 T=0 R=79 B=23 wact=0 zoom=0
@0 smoke 80x24 zoom=0 layout=8205,80x24,0,0{40x24,0,0,0,39x24,41,0,1}
@1 handoff 80x24 zoom=0 layout=820e,80x24,0,0{40x24,0,0,2,39x24,41,0,3}
--- 15:20:39.214939503
@0 smoke %0 57471 0 act=1 40x24 L=0 T=0 R=39 B=23 wact=1 zoom=0
@0 smoke %1 57475 1 act=0 39x24 L=41 T=0 R=79 B=23 wact=1 zoom=0
@1 handoff %2 57483 0 act=0 40x24 L=0 T=0 R=39 B=23 wact=0 zoom=0
@1 handoff %3 57491 1 act=1 39x24 L=41 T=0 R=79 B=23 wact=0 zoom=0
@0 smoke 80x24 zoom=0 layout=8205,80x24,0,0{40x24,0,0,0,39x24,41,0,1}
@1 handoff 80x24 zoom=0 layout=820e,80x24,0,0{40x24,0,0,2,39x24,41,0,3}
--- 15:20:40.727703631
@0 smoke %0 57471 0 act=1 40x24 L=0 T=0 R=39 B=23 wact=1 zoom=0
@0 smoke %1 57475 1 act=0 39x24 L=41 T=0 R=79 B=23 wact=1 zoom=0
@1 handoff %2 57483 0 act=0 40x24 L=0 T=0 R=39 B=23 wact=0 zoom=0
@1 handoff %3 57491 1 act=1 39x24 L=41 T=0 R=79 B=23 wact=0 zoom=0
@0 smoke 80x24 zoom=0 layout=8205,80x24,0,0{40x24,0,0,0,39x24,41,0,1}
@1 handoff 80x24 zoom=0 layout=820e,80x24,0,0{40x24,0,0,2,39x24,41,0,3}
--- 15:20:42.240759590
@0 smoke %0 57471 0 act=1 40x24 L=0 T=0 R=39 B=23 wact=1 zoom=0
@0 smoke %1 57475 1 act=0 39x24 L=41 T=0 R=79 B=23 wact=1 zoom=0
@1 handoff %2 57483 0 act=0 40x24 L=0 T=0 R=39 B=23 wact=0 zoom=0
@1 handoff %3 57491 1 act=1 39x24 L=41 T=0 R=79 B=23 wact=0 zoom=0
@0 smoke 80x24 zoom=0 layout=8205,80x24,0,0{40x24,0,0,0,39x24,41,0,1}
@1 handoff 80x24 zoom=0 layout=820e,80x24,0,0{40x24,0,0,2,39x24,41,0,3}
--- 15:20:43.753292569
@0 smoke %0 57471 0 act=1 40x24 L=0 T=0 R=39 B=23 wact=1 zoom=0
@0 smoke %1 57475 1 act=0 39x24 L=41 T=0 R=79 B=23 wact=1 zoom=0
@1 handoff %2 57483 0 act=0 40x24 L=0 T=0 R=39 B=23 wact=0 zoom=0
@1 handoff %3 57491 1 act=1 39x24 L=41 T=0 R=79 B=23 wact=0 zoom=0
@0 smoke 80x24 zoom=0 layout=8205,80x24,0,0{40x24,0,0,0,39x24,41,0,1}
@1 handoff 80x24 zoom=0 layout=820e,80x24,0,0{40x24,0,0,2,39x24,41,0,3}
--- 15:20:45.265827089
@0 smoke %0 57471 0 act=1 40x24 L=0 T=0 R=39 B=23 wact=1 zoom=0
@0 smoke %1 57475 1 act=0 39x24 L=41 T=0 R=79 B=23 wact=1 zoom=0
@1 handoff %2 57483 0 act=0 40x24 L=0 T=0 R=39 B=23 wact=0 zoom=0
@1 handoff %3 57491 1 act=1 39x24 L=41 T=0 R=79 B=23 wact=0 zoom=0
@0 smoke 80x24 zoom=0 layout=8205,80x24,0,0{40x24,0,0,0,39x24,41,0,1}
@1 handoff 80x24 zoom=0 layout=820e,80x24,0,0{40x24,0,0,2,39x24,41,0,3}
--- 15:20:46.780006983
@0 smoke %0 57471 0 act=1 40x24 L=0 T=0 R=39 B=23 wact=1 zoom=0
@0 smoke %1 57475 1 act=0 39x24 L=41 T=0 R=79 B=23 wact=1 zoom=0
@1 handoff %2 57483 0 act=0 40x24 L=0 T=0 R=39 B=23 wact=0 zoom=0
@1 handoff %3 57491 1 act=1 39x24 L=41 T=0 R=79 B=23 wact=0 zoom=0
@0 smoke 80x24 zoom=0 layout=8205,80x24,0,0{40x24,0,0,0,39x24,41,0,1}
@1 handoff 80x24 zoom=0 layout=820e,80x24,0,0{40x24,0,0,2,39x24,41,0,3}
--- 15:20:48.292950246
@0 smoke %0 57471 0 act=1 40x24 L=0 T=0 R=39 B=23 wact=1 zoom=0
@0 smoke %1 57475 1 act=0 39x24 L=41 T=0 R=79 B=23 wact=1 zoom=0
@1 handoff %2 57483 0 act=0 40x24 L=0 T=0 R=39 B=23 wact=0 zoom=0
@1 handoff %3 57491 1 act=1 39x24 L=41 T=0 R=79 B=23 wact=0 zoom=0
@0 smoke 80x24 zoom=0 layout=8205,80x24,0,0{40x24,0,0,0,39x24,41,0,1}
@1 handoff 80x24 zoom=0 layout=820e,80x24,0,0{40x24,0,0,2,39x24,41,0,3}
--- 15:20:49.805611745
@0 smoke %0 57471 0 act=1 40x24 L=0 T=0 R=39 B=23 wact=1 zoom=0
@0 smoke %1 57475 1 act=0 39x24 L=41 T=0 R=79 B=23 wact=1 zoom=0
@1 handoff %2 57483 0 act=0 40x24 L=0 T=0 R=39 B=23 wact=0 zoom=0
@1 handoff %3 57491 1 act=1 39x24 L=41 T=0 R=79 B=23 wact=0 zoom=0
@0 smoke 80x24 zoom=0 layout=8205,80x24,0,0{40x24,0,0,0,39x24,41,0,1}
@1 handoff 80x24 zoom=0 layout=820e,80x24,0,0{40x24,0,0,2,39x24,41,0,3}
--- 15:20:51.318760789
@0 smoke %0 57471 0 act=1 40x24 L=0 T=0 R=39 B=23 wact=1 zoom=0
@0 smoke %1 57475 1 act=0 39x24 L=41 T=0 R=79 B=23 wact=1 zoom=0
@1 handoff %2 57483 0 act=0 40x24 L=0 T=0 R=39 B=23 wact=0 zoom=0
@1 handoff %3 57491 1 act=1 39x24 L=41 T=0 R=79 B=23 wact=0 zoom=0
@0 smoke 80x24 zoom=0 layout=8205,80x24,0,0{40x24,0,0,0,39x24,41,0,1}
@1 handoff 80x24 zoom=0 layout=820e,80x24,0,0{40x24,0,0,2,39x24,41,0,3}
--- 15:20:52.831494731
@0 smoke %0 57471 0 act=1 40x24 L=0 T=0 R=39 B=23 wact=1 zoom=0
@0 smoke %1 57475 1 act=0 39x24 L=41 T=0 R=79 B=23 wact=1 zoom=0
@1 handoff %2 57483 0 act=0 40x24 L=0 T=0 R=39 B=23 wact=0 zoom=0
@1 handoff %3 57491 1 act=1 39x24 L=41 T=0 R=79 B=23 wact=0 zoom=0
@0 smoke 80x24 zoom=0 layout=8205,80x24,0,0{40x24,0,0,0,39x24,41,0,1}
@1 handoff 80x24 zoom=0 layout=820e,80x24,0,0{40x24,0,0,2,39x24,41,0,3}
--- 15:20:54.344554921
@0 smoke %0 57471 0 act=1 40x24 L=0 T=0 R=39 B=23 wact=1 zoom=0
@0 smoke %1 57475 1 act=0 39x24 L=41 T=0 R=79 B=23 wact=1 zoom=0
@1 handoff %2 57483 0 act=0 40x24 L=0 T=0 R=39 B=23 wact=0 zoom=0
@1 handoff %3 57491 1 act=1 39x24 L=41 T=0 R=79 B=23 wact=0 zoom=0
@0 smoke 80x24 zoom=0 layout=8205,80x24,0,0{40x24,0,0,0,39x24,41,0,1}
@1 handoff 80x24 zoom=0 layout=820e,80x24,0,0{40x24,0,0,2,39x24,41,0,3}
--- 15:20:55.857478579
@0 smoke %0 57471 0 act=1 40x24 L=0 T=0 R=39 B=23 wact=1 zoom=0
@0 smoke %1 57475 1 act=0 39x24 L=41 T=0 R=79 B=23 wact=1 zoom=0
@1 handoff %2 57483 0 act=0 40x24 L=0 T=0 R=39 B=23 wact=0 zoom=0
@1 handoff %3 57491 1 act=1 39x24 L=41 T=0 R=79 B=23 wact=0 zoom=0
@0 smoke 80x24 zoom=0 layout=8205,80x24,0,0{40x24,0,0,0,39x24,41,0,1}
@1 handoff 80x24 zoom=0 layout=820e,80x24,0,0{40x24,0,0,2,39x24,41,0,3}
--- 15:20:57.370000522
@0 smoke %0 57471 0 act=1 40x24 L=0 T=0 R=39 B=23 wact=1 zoom=0
@0 smoke %1 57475 1 act=0 39x24 L=41 T=0 R=79 B=23 wact=1 zoom=0
@1 handoff %2 57483 0 act=0 40x24 L=0 T=0 R=39 B=23 wact=0 zoom=0
@1 handoff %3 57491 1 act=1 39x24 L=41 T=0 R=79 B=23 wact=0 zoom=0
@0 smoke 80x24 zoom=0 layout=8205,80x24,0,0{40x24,0,0,0,39x24,41,0,1}
@1 handoff 80x24 zoom=0 layout=820e,80x24,0,0{40x24,0,0,2,39x24,41,0,3}
--- 15:20:58.882627730
@0 smoke %0 57471 0 act=1 40x24 L=0 T=0 R=39 B=23 wact=1 zoom=0
@0 smoke %1 57475 1 act=0 39x24 L=41 T=0 R=79 B=23 wact=1 zoom=0
@1 handoff %2 57483 0 act=0 40x24 L=0 T=0 R=39 B=23 wact=0 zoom=0
@1 handoff %3 57491 1 act=1 39x24 L=41 T=0 R=79 B=23 wact=0 zoom=0
@0 smoke 80x24 zoom=0 layout=8205,80x24,0,0{40x24,0,0,0,39x24,41,0,1}
@1 handoff 80x24 zoom=0 layout=820e,80x24,0,0{40x24,0,0,2,39x24,41,0,3}
--- 15:21:00.395514365
@0 smoke %0 57471 0 act=1 40x24 L=0 T=0 R=39 B=23 wact=1 zoom=0
@0 smoke %1 57475 1 act=0 39x24 L=41 T=0 R=79 B=23 wact=1 zoom=0
@1 handoff %2 57483 0 act=0 40x24 L=0 T=0 R=39 B=23 wact=0 zoom=0
@1 handoff %3 57491 1 act=1 39x24 L=41 T=0 R=79 B=23 wact=0 zoom=0
@0 smoke 80x24 zoom=0 layout=8205,80x24,0,0{40x24,0,0,0,39x24,41,0,1}
@1 handoff 80x24 zoom=0 layout=820e,80x24,0,0{40x24,0,0,2,39x24,41,0,3}
--- 15:21:01.908375531
@0 smoke %0 57471 0 act=1 40x24 L=0 T=0 R=39 B=23 wact=1 zoom=0
@0 smoke %1 57475 1 act=0 39x24 L=41 T=0 R=79 B=23 wact=1 zoom=0
@1 handoff %2 57483 0 act=0 40x24 L=0 T=0 R=39 B=23 wact=0 zoom=0
@1 handoff %3 57491 1 act=1 39x24 L=41 T=0 R=79 B=23 wact=0 zoom=0
@0 smoke 80x24 zoom=0 layout=8205,80x24,0,0{40x24,0,0,0,39x24,41,0,1}
@1 handoff 80x24 zoom=0 layout=820e,80x24,0,0{40x24,0,0,2,39x24,41,0,3}
--- 15:21:03.421240185
@0 smoke %0 57471 0 act=1 40x24 L=0 T=0 R=39 B=23 wact=1 zoom=0
@0 smoke %1 57475 1 act=0 39x24 L=41 T=0 R=79 B=23 wact=1 zoom=0
@1 handoff %2 57483 0 act=0 40x24 L=0 T=0 R=39 B=23 wact=0 zoom=0
@1 handoff %3 57491 1 act=1 39x24 L=41 T=0 R=79 B=23 wact=0 zoom=0
@0 smoke 80x24 zoom=0 layout=8205,80x24,0,0{40x24,0,0,0,39x24,41,0,1}
@1 handoff 80x24 zoom=0 layout=820e,80x24,0,0{40x24,0,0,2,39x24,41,0,3}
--- 15:21:04.949997462
@0 smoke %0 57471 0 act=1 40x24 L=0 T=0 R=39 B=23 wact=1 zoom=0
@0 smoke %1 57475 1 act=0 39x24 L=41 T=0 R=79 B=23 wact=1 zoom=0
@1 handoff %2 57483 0 act=0 40x24 L=0 T=0 R=39 B=23 wact=0 zoom=0
@1 handoff %3 57491 1 act=1 39x24 L=41 T=0 R=79 B=23 wact=0 zoom=0
@0 smoke 80x24 zoom=0 layout=8205,80x24,0,0{40x24,0,0,0,39x24,41,0,1}
@1 handoff 80x24 zoom=0 layout=820e,80x24,0,0{40x24,0,0,2,39x24,41,0,3}
--- 15:21:06.500041922
@0 smoke %0 57471 0 act=1 40x24 L=0 T=0 R=39 B=23 wact=1 zoom=0
@0 smoke %1 57475 1 act=0 39x24 L=41 T=0 R=79 B=23 wact=1 zoom=0
@1 handoff %2 57483 0 act=0 40x24 L=0 T=0 R=39 B=23 wact=0 zoom=0
@1 handoff %3 57491 1 act=1 39x24 L=41 T=0 R=79 B=23 wact=0 zoom=0
@0 smoke 80x24 zoom=0 layout=8205,80x24,0,0{40x24,0,0,0,39x24,41,0,1}
@1 handoff 80x24 zoom=0 layout=820e,80x24,0,0{40x24,0,0,2,39x24,41,0,3}
--- 15:21:08.015887098
@0 smoke %0 57471 0 act=1 40x24 L=0 T=0 R=39 B=23 wact=1 zoom=0
@0 smoke %1 57475 1 act=0 39x24 L=41 T=0 R=79 B=23 wact=1 zoom=0
@1 handoff %2 57483 0 act=0 40x24 L=0 T=0 R=39 B=23 wact=0 zoom=0
@1 handoff %3 57491 1 act=1 39x24 L=41 T=0 R=79 B=23 wact=0 zoom=0
@0 smoke 80x24 zoom=0 layout=8205,80x24,0,0{40x24,0,0,0,39x24,41,0,1}
@1 handoff 80x24 zoom=0 layout=820e,80x24,0,0{40x24,0,0,2,39x24,41,0,3}
--- 15:21:09.529844147
@0 smoke %0 57471 0 act=1 40x24 L=0 T=0 R=39 B=23 wact=1 zoom=0
@0 smoke %1 57475 1 act=0 39x24 L=41 T=0 R=79 B=23 wact=1 zoom=0
@1 handoff %2 57483 0 act=0 40x24 L=0 T=0 R=39 B=23 wact=0 zoom=0
@1 handoff %3 57491 1 act=1 39x24 L=41 T=0 R=79 B=23 wact=0 zoom=0
@0 smoke 80x24 zoom=0 layout=8205,80x24,0,0{40x24,0,0,0,39x24,41,0,1}
@1 handoff 80x24 zoom=0 layout=820e,80x24,0,0{40x24,0,0,2,39x24,41,0,3}
--- 15:21:11.054295822
@0 smoke %0 57471 0 act=1 40x24 L=0 T=0 R=39 B=23 wact=1 zoom=0
@0 smoke %1 57475 1 act=0 39x24 L=41 T=0 R=79 B=23 wact=1 zoom=0
@1 handoff %2 57483 0 act=0 40x24 L=0 T=0 R=39 B=23 wact=0 zoom=0
@1 handoff %3 57491 1 act=1 39x24 L=41 T=0 R=79 B=23 wact=0 zoom=0
@0 smoke 80x24 zoom=0 layout=8205,80x24,0,0{40x24,0,0,0,39x24,41,0,1}
@1 handoff 80x24 zoom=0 layout=820e,80x24,0,0{40x24,0,0,2,39x24,41,0,3}
--- 15:21:12.573320803
@0 smoke %0 57471 0 act=1 40x24 L=0 T=0 R=39 B=23 wact=1 zoom=0
@0 smoke %1 57475 1 act=0 39x24 L=41 T=0 R=79 B=23 wact=1 zoom=0
@1 handoff %2 57483 0 act=0 40x24 L=0 T=0 R=39 B=23 wact=0 zoom=0
@1 handoff %3 57491 1 act=1 39x24 L=41 T=0 R=79 B=23 wact=0 zoom=0
@0 smoke 80x24 zoom=0 layout=8205,80x24,0,0{40x24,0,0,0,39x24,41,0,1}
@1 handoff 80x24 zoom=0 layout=820e,80x24,0,0{40x24,0,0,2,39x24,41,0,3}
--- 15:21:14.085900811
@0 smoke %0 57471 0 act=1 40x24 L=0 T=0 R=39 B=23 wact=1 zoom=0
@0 smoke %1 57475 1 act=0 39x24 L=41 T=0 R=79 B=23 wact=1 zoom=0
@1 handoff %2 57483 0 act=0 40x24 L=0 T=0 R=39 B=23 wact=0 zoom=0
@1 handoff %3 57491 1 act=1 39x24 L=41 T=0 R=79 B=23 wact=0 zoom=0
@0 smoke 80x24 zoom=0 layout=8205,80x24,0,0{40x24,0,0,0,39x24,41,0,1}
@1 handoff 80x24 zoom=0 layout=820e,80x24,0,0{40x24,0,0,2,39x24,41,0,3}
--- 15:21:15.598389741
@0 smoke %0 57471 0 act=1 40x24 L=0 T=0 R=39 B=23 wact=1 zoom=0
@0 smoke %1 57475 1 act=0 39x24 L=41 T=0 R=79 B=23 wact=1 zoom=0
@1 handoff %2 57483 0 act=0 40x24 L=0 T=0 R=39 B=23 wact=0 zoom=0
@1 handoff %3 57491 1 act=1 39x24 L=41 T=0 R=79 B=23 wact=0 zoom=0
@0 smoke 80x24 zoom=0 layout=8205,80x24,0,0{40x24,0,0,0,39x24,41,0,1}
@1 handoff 80x24 zoom=0 layout=820e,80x24,0,0{40x24,0,0,2,39x24,41,0,3}
--- 15:21:17.111071546
@0 smoke %0 57471 0 act=1 40x24 L=0 T=0 R=39 B=23 wact=1 zoom=0
@0 smoke %1 57475 1 act=0 39x24 L=41 T=0 R=79 B=23 wact=1 zoom=0
@1 handoff %2 57483 0 act=0 40x24 L=0 T=0 R=39 B=23 wact=0 zoom=0
@1 handoff %3 57491 1 act=1 39x24 L=41 T=0 R=79 B=23 wact=0 zoom=0
@0 smoke 80x24 zoom=0 layout=8205,80x24,0,0{40x24,0,0,0,39x24,41,0,1}
@1 handoff 80x24 zoom=0 layout=820e,80x24,0,0{40x24,0,0,2,39x24,41,0,3}
--- 15:21:18.625267126
@0 smoke %0 57471 0 act=1 40x24 L=0 T=0 R=39 B=23 wact=1 zoom=0
@0 smoke %1 57475 1 act=0 39x24 L=41 T=0 R=79 B=23 wact=1 zoom=0
@1 handoff %2 57483 0 act=0 40x24 L=0 T=0 R=39 B=23 wact=0 zoom=0
@1 handoff %3 57491 1 act=1 39x24 L=41 T=0 R=79 B=23 wact=0 zoom=0
@0 smoke 80x24 zoom=0 layout=8205,80x24,0,0{40x24,0,0,0,39x24,41,0,1}
@1 handoff 80x24 zoom=0 layout=820e,80x24,0,0{40x24,0,0,2,39x24,41,0,3}
--- 15:21:20.137701966
@0 smoke %0 57471 0 act=1 40x24 L=0 T=0 R=39 B=23 wact=1 zoom=0
@0 smoke %1 57475 1 act=0 39x24 L=41 T=0 R=79 B=23 wact=1 zoom=0
@1 handoff %2 57483 0 act=0 40x24 L=0 T=0 R=39 B=23 wact=0 zoom=0
@1 handoff %3 57491 1 act=1 39x24 L=41 T=0 R=79 B=23 wact=0 zoom=0
@0 smoke 80x24 zoom=0 layout=8205,80x24,0,0{40x24,0,0,0,39x24,41,0,1}
@1 handoff 80x24 zoom=0 layout=820e,80x24,0,0{40x24,0,0,2,39x24,41,0,3}
--- 15:21:21.652907800
@0 smoke %0 57471 0 act=1 40x24 L=0 T=0 R=39 B=23 wact=1 zoom=0
@0 smoke %1 57475 1 act=0 39x24 L=41 T=0 R=79 B=23 wact=1 zoom=0
@1 handoff %2 57483 0 act=0 40x24 L=0 T=0 R=39 B=23 wact=0 zoom=0
@1 handoff %3 57491 1 act=1 39x24 L=41 T=0 R=79 B=23 wact=0 zoom=0
@0 smoke 80x24 zoom=0 layout=8205,80x24,0,0{40x24,0,0,0,39x24,41,0,1}
@1 handoff 80x24 zoom=0 layout=820e,80x24,0,0{40x24,0,0,2,39x24,41,0,3}
--- 15:21:23.165911248
@0 smoke %0 57471 0 act=1 40x24 L=0 T=0 R=39 B=23 wact=1 zoom=0
@0 smoke %1 57475 1 act=0 39x24 L=41 T=0 R=79 B=23 wact=1 zoom=0
@1 handoff %2 57483 0 act=0 40x24 L=0 T=0 R=39 B=23 wact=0 zoom=0
@1 handoff %3 57491 1 act=1 39x24 L=41 T=0 R=79 B=23 wact=0 zoom=0
@0 smoke 80x24 zoom=0 layout=8205,80x24,0,0{40x24,0,0,0,39x24,41,0,1}
@1 handoff 80x24 zoom=0 layout=820e,80x24,0,0{40x24,0,0,2,39x24,41,0,3}
--- 15:21:24.685762820
@0 smoke %0 57471 0 act=1 40x24 L=0 T=0 R=39 B=23 wact=1 zoom=0
@0 smoke %1 57475 1 act=0 39x24 L=41 T=0 R=79 B=23 wact=1 zoom=0
@1 handoff %2 57483 0 act=0 40x24 L=0 T=0 R=39 B=23 wact=0 zoom=0
@1 handoff %3 57491 1 act=1 39x24 L=41 T=0 R=79 B=23 wact=0 zoom=0
@0 smoke 80x24 zoom=0 layout=8205,80x24,0,0{40x24,0,0,0,39x24,41,0,1}
@1 handoff 80x24 zoom=0 layout=820e,80x24,0,0{40x24,0,0,2,39x24,41,0,3}
--- 15:21:26.214874038
@0 smoke %0 57471 0 act=1 40x24 L=0 T=0 R=39 B=23 wact=1 zoom=0
@0 smoke %1 57475 1 act=0 39x24 L=41 T=0 R=79 B=23 wact=1 zoom=0
@1 handoff %2 57483 0 act=0 40x24 L=0 T=0 R=39 B=23 wact=0 zoom=0
@1 handoff %3 57491 1 act=1 39x24 L=41 T=0 R=79 B=23 wact=0 zoom=0
@0 smoke 80x24 zoom=0 layout=8205,80x24,0,0{40x24,0,0,0,39x24,41,0,1}
@1 handoff 80x24 zoom=0 layout=820e,80x24,0,0{40x24,0,0,2,39x24,41,0,3}
--- 15:21:27.727786632
@0 smoke %0 57471 0 act=1 40x24 L=0 T=0 R=39 B=23 wact=1 zoom=0
@0 smoke %1 57475 1 act=0 39x24 L=41 T=0 R=79 B=23 wact=1 zoom=0
@1 handoff %2 57483 0 act=0 40x24 L=0 T=0 R=39 B=23 wact=0 zoom=0
@1 handoff %3 57491 1 act=1 39x24 L=41 T=0 R=79 B=23 wact=0 zoom=0
@0 smoke 80x24 zoom=0 layout=8205,80x24,0,0{40x24,0,0,0,39x24,41,0,1}
@1 handoff 80x24 zoom=0 layout=820e,80x24,0,0{40x24,0,0,2,39x24,41,0,3}
--- 15:21:29.240253072
@0 smoke %0 57471 0 act=1 40x24 L=0 T=0 R=39 B=23 wact=1 zoom=0
@0 smoke %1 57475 1 act=0 39x24 L=41 T=0 R=79 B=23 wact=1 zoom=0
@1 handoff %2 57483 0 act=0 40x24 L=0 T=0 R=39 B=23 wact=0 zoom=0
@1 handoff %3 57491 1 act=1 39x24 L=41 T=0 R=79 B=23 wact=0 zoom=0
@0 smoke 80x24 zoom=0 layout=8205,80x24,0,0{40x24,0,0,0,39x24,41,0,1}
@1 handoff 80x24 zoom=0 layout=820e,80x24,0,0{40x24,0,0,2,39x24,41,0,3}
--- 15:21:30.753085883
@0 smoke %0 57471 0 act=1 40x24 L=0 T=0 R=39 B=23 wact=1 zoom=0
@0 smoke %1 57475 1 act=0 39x24 L=41 T=0 R=79 B=23 wact=1 zoom=0
@1 handoff %2 57483 0 act=0 40x24 L=0 T=0 R=39 B=23 wact=0 zoom=0
@1 handoff %3 57491 1 act=1 39x24 L=41 T=0 R=79 B=23 wact=0 zoom=0
@0 smoke 80x24 zoom=0 layout=8205,80x24,0,0{40x24,0,0,0,39x24,41,0,1}
@1 handoff 80x24 zoom=0 layout=820e,80x24,0,0{40x24,0,0,2,39x24,41,0,3}
--- 15:21:32.265990479
@0 smoke %0 57471 0 act=1 40x24 L=0 T=0 R=39 B=23 wact=1 zoom=0
@0 smoke %1 57475 1 act=0 39x24 L=41 T=0 R=79 B=23 wact=1 zoom=0
@1 handoff %2 57483 0 act=0 40x24 L=0 T=0 R=39 B=23 wact=0 zoom=0
@1 handoff %3 57491 1 act=1 39x24 L=41 T=0 R=79 B=23 wact=0 zoom=0
@0 smoke 80x24 zoom=0 layout=8205,80x24,0,0{40x24,0,0,0,39x24,41,0,1}
@1 handoff 80x24 zoom=0 layout=820e,80x24,0,0{40x24,0,0,2,39x24,41,0,3}
--- 15:21:33.778655031
@0 smoke %0 57471 0 act=1 40x24 L=0 T=0 R=39 B=23 wact=1 zoom=0
@0 smoke %1 57475 1 act=0 39x24 L=41 T=0 R=79 B=23 wact=1 zoom=0
@1 handoff %2 57483 0 act=0 40x24 L=0 T=0 R=39 B=23 wact=0 zoom=0
@1 handoff %3 57491 1 act=1 39x24 L=41 T=0 R=79 B=23 wact=0 zoom=0
@0 smoke 80x24 zoom=0 layout=8205,80x24,0,0{40x24,0,0,0,39x24,41,0,1}
@1 handoff 80x24 zoom=0 layout=820e,80x24,0,0{40x24,0,0,2,39x24,41,0,3}
--- 15:21:35.291466773
@0 smoke %0 57471 0 act=1 40x24 L=0 T=0 R=39 B=23 wact=1 zoom=0
@0 smoke %1 57475 1 act=0 39x24 L=41 T=0 R=79 B=23 wact=1 zoom=0
@1 handoff %2 57483 0 act=0 40x24 L=0 T=0 R=39 B=23 wact=0 zoom=0
@1 handoff %3 57491 1 act=1 39x24 L=41 T=0 R=79 B=23 wact=0 zoom=0
@0 smoke 80x24 zoom=0 layout=8205,80x24,0,0{40x24,0,0,0,39x24,41,0,1}
@1 handoff 80x24 zoom=0 layout=820e,80x24,0,0{40x24,0,0,2,39x24,41,0,3}
--- 15:21:36.804268766
@0 smoke %0 57471 0 act=1 40x24 L=0 T=0 R=39 B=23 wact=1 zoom=0
@0 smoke %1 57475 1 act=0 39x24 L=41 T=0 R=79 B=23 wact=1 zoom=0
@1 handoff %2 57483 0 act=0 40x24 L=0 T=0 R=39 B=23 wact=0 zoom=0
@1 handoff %3 57491 1 act=1 39x24 L=41 T=0 R=79 B=23 wact=0 zoom=0
@0 smoke 80x24 zoom=0 layout=8205,80x24,0,0{40x24,0,0,0,39x24,41,0,1}
@1 handoff 80x24 zoom=0 layout=820e,80x24,0,0{40x24,0,0,2,39x24,41,0,3}
--- 15:21:38.317495876
@0 smoke %0 57471 0 act=1 40x24 L=0 T=0 R=39 B=23 wact=1 zoom=0
@0 smoke %1 57475 1 act=0 39x24 L=41 T=0 R=79 B=23 wact=1 zoom=0
@1 handoff %2 57483 0 act=0 40x24 L=0 T=0 R=39 B=23 wact=0 zoom=0
@1 handoff %3 57491 1 act=1 39x24 L=41 T=0 R=79 B=23 wact=0 zoom=0
@0 smoke 80x24 zoom=0 layout=8205,80x24,0,0{40x24,0,0,0,39x24,41,0,1}
@1 handoff 80x24 zoom=0 layout=820e,80x24,0,0{40x24,0,0,2,39x24,41,0,3}
--- 15:21:39.830333768
@0 smoke %0 57471 0 act=1 40x24 L=0 T=0 R=39 B=23 wact=1 zoom=0
@0 smoke %1 57475 1 act=0 39x24 L=41 T=0 R=79 B=23 wact=1 zoom=0
@1 handoff %2 57483 0 act=0 40x24 L=0 T=0 R=39 B=23 wact=0 zoom=0
@1 handoff %3 57491 1 act=1 39x24 L=41 T=0 R=79 B=23 wact=0 zoom=0
@0 smoke 80x24 zoom=0 layout=8205,80x24,0,0{40x24,0,0,0,39x24,41,0,1}
@1 handoff 80x24 zoom=0 layout=820e,80x24,0,0{40x24,0,0,2,39x24,41,0,3}
--- 15:21:41.345307119
@0 smoke %0 57471 0 act=1 40x24 L=0 T=0 R=39 B=23 wact=1 zoom=0
@0 smoke %1 57475 1 act=0 39x24 L=41 T=0 R=79 B=23 wact=1 zoom=0
@1 handoff %2 57483 0 act=0 40x24 L=0 T=0 R=39 B=23 wact=0 zoom=0
@1 handoff %3 57491 1 act=1 39x24 L=41 T=0 R=79 B=23 wact=0 zoom=0
@0 smoke 80x24 zoom=0 layout=8205,80x24,0,0{40x24,0,0,0,39x24,41,0,1}
@1 handoff 80x24 zoom=0 layout=820e,80x24,0,0{40x24,0,0,2,39x24,41,0,3}
--- 15:21:42.857974752
@0 smoke %0 57471 0 act=1 40x24 L=0 T=0 R=39 B=23 wact=1 zoom=0
@0 smoke %1 57475 1 act=0 39x24 L=41 T=0 R=79 B=23 wact=1 zoom=0
@1 handoff %2 57483 0 act=0 40x24 L=0 T=0 R=39 B=23 wact=0 zoom=0
@1 handoff %3 57491 1 act=1 39x24 L=41 T=0 R=79 B=23 wact=0 zoom=0
@0 smoke 80x24 zoom=0 layout=8205,80x24,0,0{40x24,0,0,0,39x24,41,0,1}
@1 handoff 80x24 zoom=0 layout=820e,80x24,0,0{40x24,0,0,2,39x24,41,0,3}
--- 15:21:44.370949817
@0 smoke %0 57471 0 act=1 40x24 L=0 T=0 R=39 B=23 wact=1 zoom=0
@0 smoke %1 57475 1 act=0 39x24 L=41 T=0 R=79 B=23 wact=1 zoom=0
@1 handoff %2 57483 0 act=0 40x24 L=0 T=0 R=39 B=23 wact=0 zoom=0
@1 handoff %3 57491 1 act=1 39x24 L=41 T=0 R=79 B=23 wact=0 zoom=0
@0 smoke 80x24 zoom=0 layout=8205,80x24,0,0{40x24,0,0,0,39x24,41,0,1}
@1 handoff 80x24 zoom=0 layout=820e,80x24,0,0{40x24,0,0,2,39x24,41,0,3}
--- 15:21:45.883929395
@0 smoke %0 57471 0 act=1 40x24 L=0 T=0 R=39 B=23 wact=1 zoom=0
@0 smoke %1 57475 1 act=0 39x24 L=41 T=0 R=79 B=23 wact=1 zoom=0
@1 handoff %2 57483 0 act=0 40x24 L=0 T=0 R=39 B=23 wact=0 zoom=0
@1 handoff %3 57491 1 act=1 39x24 L=41 T=0 R=79 B=23 wact=0 zoom=0
@0 smoke 80x24 zoom=0 layout=8205,80x24,0,0{40x24,0,0,0,39x24,41,0,1}
@1 handoff 80x24 zoom=0 layout=820e,80x24,0,0{40x24,0,0,2,39x24,41,0,3}
--- 15:21:47.397211030
@0 smoke %0 57471 0 act=1 40x24 L=0 T=0 R=39 B=23 wact=1 zoom=0
@0 smoke %1 57475 1 act=0 39x24 L=41 T=0 R=79 B=23 wact=1 zoom=0
@1 handoff %2 57483 0 act=0 40x24 L=0 T=0 R=39 B=23 wact=0 zoom=0
@1 handoff %3 57491 1 act=1 39x24 L=41 T=0 R=79 B=23 wact=0 zoom=0
@0 smoke 80x24 zoom=0 layout=8205,80x24,0,0{40x24,0,0,0,39x24,41,0,1}
@1 handoff 80x24 zoom=0 layout=820e,80x24,0,0{40x24,0,0,2,39x24,41,0,3}
--- 15:21:48.909929514
@0 smoke %0 57471 0 act=1 40x24 L=0 T=0 R=39 B=23 wact=1 zoom=0
@0 smoke %1 57475 1 act=0 39x24 L=41 T=0 R=79 B=23 wact=1 zoom=0
@1 handoff %2 57483 0 act=0 40x24 L=0 T=0 R=39 B=23 wact=0 zoom=0
@1 handoff %3 57491 1 act=1 39x24 L=41 T=0 R=79 B=23 wact=0 zoom=0
@0 smoke 80x24 zoom=0 layout=8205,80x24,0,0{40x24,0,0,0,39x24,41,0,1}
@1 handoff 80x24 zoom=0 layout=820e,80x24,0,0{40x24,0,0,2,39x24,41,0,3}
--- 15:21:50.422772713
@0 smoke %0 57471 0 act=1 40x24 L=0 T=0 R=39 B=23 wact=1 zoom=0
@0 smoke %1 57475 1 act=0 39x24 L=41 T=0 R=79 B=23 wact=1 zoom=0
@1 handoff %2 57483 0 act=0 40x24 L=0 T=0 R=39 B=23 wact=0 zoom=0
@1 handoff %3 57491 1 act=1 39x24 L=41 T=0 R=79 B=23 wact=0 zoom=0
@0 smoke 80x24 zoom=0 layout=8205,80x24,0,0{40x24,0,0,0,39x24,41,0,1}
@1 handoff 80x24 zoom=0 layout=820e,80x24,0,0{40x24,0,0,2,39x24,41,0,3}
--- 15:21:51.935294458
@0 smoke %0 57471 0 act=1 40x24 L=0 T=0 R=39 B=23 wact=1 zoom=0
@0 smoke %1 57475 1 act=0 39x24 L=41 T=0 R=79 B=23 wact=1 zoom=0
@1 handoff %2 57483 0 act=0 40x24 L=0 T=0 R=39 B=23 wact=0 zoom=0
@1 handoff %3 57491 1 act=1 39x24 L=41 T=0 R=79 B=23 wact=0 zoom=0
@0 smoke 80x24 zoom=0 layout=8205,80x24,0,0{40x24,0,0,0,39x24,41,0,1}
@1 handoff 80x24 zoom=0 layout=820e,80x24,0,0{40x24,0,0,2,39x24,41,0,3}
--- 15:21:53.449143365
@0 smoke %0 57471 0 act=1 40x24 L=0 T=0 R=39 B=23 wact=1 zoom=0
@0 smoke %1 57475 1 act=0 39x24 L=41 T=0 R=79 B=23 wact=1 zoom=0
@1 handoff %2 57483 0 act=0 40x24 L=0 T=0 R=39 B=23 wact=0 zoom=0
@1 handoff %3 57491 1 act=1 39x24 L=41 T=0 R=79 B=23 wact=0 zoom=0
@0 smoke 80x24 zoom=0 layout=8205,80x24,0,0{40x24,0,0,0,39x24,41,0,1}
@1 handoff 80x24 zoom=0 layout=820e,80x24,0,0{40x24,0,0,2,39x24,41,0,3}
--- 15:21:54.961722075
@0 smoke %0 57471 0 act=1 40x24 L=0 T=0 R=39 B=23 wact=1 zoom=0
@0 smoke %1 57475 1 act=0 39x24 L=41 T=0 R=79 B=23 wact=1 zoom=0
@1 handoff %2 57483 0 act=0 40x24 L=0 T=0 R=39 B=23 wact=0 zoom=0
@1 handoff %3 57491 1 act=1 39x24 L=41 T=0 R=79 B=23 wact=0 zoom=0
@0 smoke 80x24 zoom=0 layout=8205,80x24,0,0{40x24,0,0,0,39x24,41,0,1}
@1 handoff 80x24 zoom=0 layout=820e,80x24,0,0{40x24,0,0,2,39x24,41,0,3}
--- 15:21:56.474482147
@0 smoke %0 57471 0 act=1 40x24 L=0 T=0 R=39 B=23 wact=1 zoom=0
@0 smoke %1 57475 1 act=0 39x24 L=41 T=0 R=79 B=23 wact=1 zoom=0
@1 handoff %2 57483 0 act=0 40x24 L=0 T=0 R=39 B=23 wact=0 zoom=0
@1 handoff %3 57491 1 act=1 39x24 L=41 T=0 R=79 B=23 wact=0 zoom=0
@0 smoke 80x24 zoom=0 layout=8205,80x24,0,0{40x24,0,0,0,39x24,41,0,1}
@1 handoff 80x24 zoom=0 layout=820e,80x24,0,0{40x24,0,0,2,39x24,41,0,3}
--- 15:21:57.987393732
@0 smoke %0 57471 0 act=1 40x24 L=0 T=0 R=39 B=23 wact=1 zoom=0
@0 smoke %1 57475 1 act=0 39x24 L=41 T=0 R=79 B=23 wact=1 zoom=0
@1 handoff %2 57483 0 act=0 40x24 L=0 T=0 R=39 B=23 wact=0 zoom=0
@1 handoff %3 57491 1 act=1 39x24 L=41 T=0 R=79 B=23 wact=0 zoom=0
@0 smoke 80x24 zoom=0 layout=8205,80x24,0,0{40x24,0,0,0,39x24,41,0,1}
@1 handoff 80x24 zoom=0 layout=820e,80x24,0,0{40x24,0,0,2,39x24,41,0,3}
--- 15:21:59.500422950
@0 smoke %0 57471 0 act=1 40x24 L=0 T=0 R=39 B=23 wact=1 zoom=0
@0 smoke %1 57475 1 act=0 39x24 L=41 T=0 R=79 B=23 wact=1 zoom=0
@1 handoff %2 57483 0 act=0 40x24 L=0 T=0 R=39 B=23 wact=0 zoom=0
@1 handoff %3 57491 1 act=1 39x24 L=41 T=0 R=79 B=23 wact=0 zoom=0
@0 smoke 80x24 zoom=0 layout=8205,80x24,0,0{40x24,0,0,0,39x24,41,0,1}
@1 handoff 80x24 zoom=0 layout=820e,80x24,0,0{40x24,0,0,2,39x24,41,0,3}
--- 15:22:01.013658549
@0 smoke %0 57471 0 act=1 40x24 L=0 T=0 R=39 B=23 wact=1 zoom=0
@0 smoke %1 57475 1 act=0 39x24 L=41 T=0 R=79 B=23 wact=1 zoom=0
@1 handoff %2 57483 0 act=0 40x24 L=0 T=0 R=39 B=23 wact=0 zoom=0
@1 handoff %3 57491 1 act=1 39x24 L=41 T=0 R=79 B=23 wact=0 zoom=0
@0 smoke 80x24 zoom=0 layout=8205,80x24,0,0{40x24,0,0,0,39x24,41,0,1}
@1 handoff 80x24 zoom=0 layout=820e,80x24,0,0{40x24,0,0,2,39x24,41,0,3}
--- 15:22:02.526690104
@0 smoke %0 57471 0 act=1 40x24 L=0 T=0 R=39 B=23 wact=1 zoom=0
@0 smoke %1 57475 1 act=0 39x24 L=41 T=0 R=79 B=23 wact=1 zoom=0
@1 handoff %2 57483 0 act=0 40x24 L=0 T=0 R=39 B=23 wact=0 zoom=0
@1 handoff %3 57491 1 act=1 39x24 L=41 T=0 R=79 B=23 wact=0 zoom=0
@0 smoke 80x24 zoom=0 layout=8205,80x24,0,0{40x24,0,0,0,39x24,41,0,1}
@1 handoff 80x24 zoom=0 layout=820e,80x24,0,0{40x24,0,0,2,39x24,41,0,3}
--- 15:22:04.040337927
@0 smoke %0 57471 0 act=1 40x24 L=0 T=0 R=39 B=23 wact=1 zoom=0
@0 smoke %1 57475 1 act=0 39x24 L=41 T=0 R=79 B=23 wact=1 zoom=0
@1 handoff %2 57483 0 act=0 40x24 L=0 T=0 R=39 B=23 wact=0 zoom=0
@1 handoff %3 57491 1 act=1 39x24 L=41 T=0 R=79 B=23 wact=0 zoom=0
@0 smoke 80x24 zoom=0 layout=8205,80x24,0,0{40x24,0,0,0,39x24,41,0,1}
@1 handoff 80x24 zoom=0 layout=820e,80x24,0,0{40x24,0,0,2,39x24,41,0,3}
--- 15:22:05.553461735
@0 smoke %0 57471 0 act=1 40x24 L=0 T=0 R=39 B=23 wact=1 zoom=0
@0 smoke %1 57475 1 act=0 39x24 L=41 T=0 R=79 B=23 wact=1 zoom=0
@1 handoff %2 57483 0 act=0 40x24 L=0 T=0 R=39 B=23 wact=0 zoom=0
@1 handoff %3 57491 1 act=1 39x24 L=41 T=0 R=79 B=23 wact=0 zoom=0
@0 smoke 80x24 zoom=0 layout=8205,80x24,0,0{40x24,0,0,0,39x24,41,0,1}
@1 handoff 80x24 zoom=0 layout=820e,80x24,0,0{40x24,0,0,2,39x24,41,0,3}
--- 15:22:07.067528462
@0 smoke %0 57471 0 act=1 40x24 L=0 T=0 R=39 B=23 wact=1 zoom=0
@0 smoke %1 57475 1 act=0 39x24 L=41 T=0 R=79 B=23 wact=1 zoom=0
@1 handoff %2 57483 0 act=0 40x24 L=0 T=0 R=39 B=23 wact=0 zoom=0
@1 handoff %3 57491 1 act=1 39x24 L=41 T=0 R=79 B=23 wact=0 zoom=0
@0 smoke 80x24 zoom=0 layout=8205,80x24,0,0{40x24,0,0,0,39x24,41,0,1}
@1 handoff 80x24 zoom=0 layout=820e,80x24,0,0{40x24,0,0,2,39x24,41,0,3}
--- 15:22:08.580398054
@0 smoke %0 57471 0 act=1 40x24 L=0 T=0 R=39 B=23 wact=1 zoom=0
@0 smoke %1 57475 1 act=0 39x24 L=41 T=0 R=79 B=23 wact=1 zoom=0
@1 handoff %2 57483 0 act=0 40x24 L=0 T=0 R=39 B=23 wact=0 zoom=0
@1 handoff %3 57491 1 act=1 39x24 L=41 T=0 R=79 B=23 wact=0 zoom=0
@0 smoke 80x24 zoom=0 layout=8205,80x24,0,0{40x24,0,0,0,39x24,41,0,1}
@1 handoff 80x24 zoom=0 layout=820e,80x24,0,0{40x24,0,0,2,39x24,41,0,3}
--- 15:22:10.093291068
@0 smoke %0 57471 0 act=1 40x24 L=0 T=0 R=39 B=23 wact=1 zoom=0
@0 smoke %1 57475 1 act=0 39x24 L=41 T=0 R=79 B=23 wact=1 zoom=0
@1 handoff %2 57483 0 act=0 40x24 L=0 T=0 R=39 B=23 wact=0 zoom=0
@1 handoff %3 57491 1 act=1 39x24 L=41 T=0 R=79 B=23 wact=0 zoom=0
@0 smoke 80x24 zoom=0 layout=8205,80x24,0,0{40x24,0,0,0,39x24,41,0,1}
@1 handoff 80x24 zoom=0 layout=820e,80x24,0,0{40x24,0,0,2,39x24,41,0,3}
--- 15:22:11.615396112
@0 smoke %0 57471 0 act=1 40x24 L=0 T=0 R=39 B=23 wact=1 zoom=0
@0 smoke %1 57475 1 act=0 39x24 L=41 T=0 R=79 B=23 wact=1 zoom=0
@1 handoff %2 57483 0 act=0 40x24 L=0 T=0 R=39 B=23 wact=0 zoom=0
@1 handoff %3 57491 1 act=1 39x24 L=41 T=0 R=79 B=23 wact=0 zoom=0
@0 smoke 80x24 zoom=0 layout=8205,80x24,0,0{40x24,0,0,0,39x24,41,0,1}
@1 handoff 80x24 zoom=0 layout=820e,80x24,0,0{40x24,0,0,2,39x24,41,0,3}
--- 15:22:13.143890286
@0 smoke %0 57471 0 act=1 40x24 L=0 T=0 R=39 B=23 wact=1 zoom=0
@0 smoke %1 57475 1 act=0 39x24 L=41 T=0 R=79 B=23 wact=1 zoom=0
@1 handoff %2 57483 0 act=0 40x24 L=0 T=0 R=39 B=23 wact=0 zoom=0
@1 handoff %3 57491 1 act=1 39x24 L=41 T=0 R=79 B=23 wact=0 zoom=0
@0 smoke 80x24 zoom=0 layout=8205,80x24,0,0{40x24,0,0,0,39x24,41,0,1}
@1 handoff 80x24 zoom=0 layout=820e,80x24,0,0{40x24,0,0,2,39x24,41,0,3}
--- 15:22:14.657077412
@0 smoke %0 57471 0 act=1 40x24 L=0 T=0 R=39 B=23 wact=1 zoom=0
@0 smoke %1 57475 1 act=0 39x24 L=41 T=0 R=79 B=23 wact=1 zoom=0
@1 handoff %2 57483 0 act=0 40x24 L=0 T=0 R=39 B=23 wact=0 zoom=0
@1 handoff %3 57491 1 act=1 39x24 L=41 T=0 R=79 B=23 wact=0 zoom=0
@0 smoke 80x24 zoom=0 layout=8205,80x24,0,0{40x24,0,0,0,39x24,41,0,1}
@1 handoff 80x24 zoom=0 layout=820e,80x24,0,0{40x24,0,0,2,39x24,41,0,3}
--- 15:22:16.171533774
@0 smoke %0 57471 0 act=1 40x24 L=0 T=0 R=39 B=23 wact=1 zoom=0
@0 smoke %1 57475 1 act=0 39x24 L=41 T=0 R=79 B=23 wact=1 zoom=0
@1 handoff %2 57483 0 act=0 40x24 L=0 T=0 R=39 B=23 wact=0 zoom=0
@1 handoff %3 57491 1 act=1 39x24 L=41 T=0 R=79 B=23 wact=0 zoom=0
@0 smoke 80x24 zoom=0 layout=8205,80x24,0,0{40x24,0,0,0,39x24,41,0,1}
@1 handoff 80x24 zoom=0 layout=820e,80x24,0,0{40x24,0,0,2,39x24,41,0,3}
--- 15:22:17.695148734
@0 smoke %0 57471 0 act=1 40x24 L=0 T=0 R=39 B=23 wact=1 zoom=0
@0 smoke %1 57475 1 act=0 39x24 L=41 T=0 R=79 B=23 wact=1 zoom=0
@1 handoff %2 57483 0 act=0 40x24 L=0 T=0 R=39 B=23 wact=0 zoom=0
@1 handoff %3 57491 1 act=1 39x24 L=41 T=0 R=79 B=23 wact=0 zoom=0
@0 smoke 80x24 zoom=0 layout=8205,80x24,0,0{40x24,0,0,0,39x24,41,0,1}
@1 handoff 80x24 zoom=0 layout=820e,80x24,0,0{40x24,0,0,2,39x24,41,0,3}
--- 15:22:19.209799899
@0 smoke %0 57471 0 act=1 40x24 L=0 T=0 R=39 B=23 wact=1 zoom=0
@0 smoke %1 57475 1 act=0 39x24 L=41 T=0 R=79 B=23 wact=1 zoom=0
@1 handoff %2 57483 0 act=0 40x24 L=0 T=0 R=39 B=23 wact=0 zoom=0
@1 handoff %3 57491 1 act=1 39x24 L=41 T=0 R=79 B=23 wact=0 zoom=0
@0 smoke 80x24 zoom=0 layout=8205,80x24,0,0{40x24,0,0,0,39x24,41,0,1}
@1 handoff 80x24 zoom=0 layout=820e,80x24,0,0{40x24,0,0,2,39x24,41,0,3}
--- 15:22:20.722719483
@0 smoke %0 57471 0 act=1 40x24 L=0 T=0 R=39 B=23 wact=1 zoom=0
@0 smoke %1 57475 1 act=0 39x24 L=41 T=0 R=79 B=23 wact=1 zoom=0
@1 handoff %2 57483 0 act=0 40x24 L=0 T=0 R=39 B=23 wact=0 zoom=0
@1 handoff %3 57491 1 act=1 39x24 L=41 T=0 R=79 B=23 wact=0 zoom=0
@0 smoke 80x24 zoom=0 layout=8205,80x24,0,0{40x24,0,0,0,39x24,41,0,1}
@1 handoff 80x24 zoom=0 layout=820e,80x24,0,0{40x24,0,0,2,39x24,41,0,3}
--- 15:22:22.235690447
@0 smoke %0 57471 0 act=1 40x24 L=0 T=0 R=39 B=23 wact=1 zoom=0
@0 smoke %1 57475 1 act=0 39x24 L=41 T=0 R=79 B=23 wact=1 zoom=0
@1 handoff %2 57483 0 act=0 40x24 L=0 T=0 R=39 B=23 wact=0 zoom=0
@1 handoff %3 57491 1 act=1 39x24 L=41 T=0 R=79 B=23 wact=0 zoom=0
@0 smoke 80x24 zoom=0 layout=8205,80x24,0,0{40x24,0,0,0,39x24,41,0,1}
@1 handoff 80x24 zoom=0 layout=820e,80x24,0,0{40x24,0,0,2,39x24,41,0,3}
--- 15:22:23.748603945
@0 smoke %0 57471 0 act=1 40x24 L=0 T=0 R=39 B=23 wact=1 zoom=0
@0 smoke %1 57475 1 act=0 39x24 L=41 T=0 R=79 B=23 wact=1 zoom=0
@1 handoff %2 57483 0 act=0 40x24 L=0 T=0 R=39 B=23 wact=0 zoom=0
@1 handoff %3 57491 1 act=1 39x24 L=41 T=0 R=79 B=23 wact=0 zoom=0
@0 smoke 80x24 zoom=0 layout=8205,80x24,0,0{40x24,0,0,0,39x24,41,0,1}
@1 handoff 80x24 zoom=0 layout=820e,80x24,0,0{40x24,0,0,2,39x24,41,0,3}
--- 15:22:25.267289925
@0 smoke %0 57471 0 act=1 40x24 L=0 T=0 R=39 B=23 wact=1 zoom=0
@0 smoke %1 57475 1 act=0 39x24 L=41 T=0 R=79 B=23 wact=1 zoom=0
@1 handoff %2 57483 0 act=0 40x24 L=0 T=0 R=39 B=23 wact=0 zoom=0
@1 handoff %3 57491 1 act=1 39x24 L=41 T=0 R=79 B=23 wact=0 zoom=0
@0 smoke 80x24 zoom=0 layout=8205,80x24,0,0{40x24,0,0,0,39x24,41,0,1}
@1 handoff 80x24 zoom=0 layout=820e,80x24,0,0{40x24,0,0,2,39x24,41,0,3}
--- 15:22:26.780697792
@0 smoke %0 57471 0 act=1 40x24 L=0 T=0 R=39 B=23 wact=1 zoom=0
@0 smoke %1 57475 1 act=0 39x24 L=41 T=0 R=79 B=23 wact=1 zoom=0
@1 handoff %2 57483 0 act=0 40x24 L=0 T=0 R=39 B=23 wact=0 zoom=0
@1 handoff %3 57491 1 act=1 39x24 L=41 T=0 R=79 B=23 wact=0 zoom=0
@0 smoke 80x24 zoom=0 layout=8205,80x24,0,0{40x24,0,0,0,39x24,41,0,1}
@1 handoff 80x24 zoom=0 layout=820e,80x24,0,0{40x24,0,0,2,39x24,41,0,3}
--- 15:22:28.293555572
@0 smoke %0 57471 0 act=1 40x24 L=0 T=0 R=39 B=23 wact=1 zoom=0
@0 smoke %1 57475 1 act=0 39x24 L=41 T=0 R=79 B=23 wact=1 zoom=0
@1 handoff %2 57483 0 act=0 40x24 L=0 T=0 R=39 B=23 wact=0 zoom=0
@1 handoff %3 57491 1 act=1 39x24 L=41 T=0 R=79 B=23 wact=0 zoom=0
@0 smoke 80x24 zoom=0 layout=8205,80x24,0,0{40x24,0,0,0,39x24,41,0,1}
@1 handoff 80x24 zoom=0 layout=820e,80x24,0,0{40x24,0,0,2,39x24,41,0,3}
--- 15:22:29.806270720
@0 smoke %0 57471 0 act=1 40x24 L=0 T=0 R=39 B=23 wact=1 zoom=0
@0 smoke %1 57475 1 act=0 39x24 L=41 T=0 R=79 B=23 wact=1 zoom=0
@1 handoff %2 57483 0 act=0 40x24 L=0 T=0 R=39 B=23 wact=0 zoom=0
@1 handoff %3 57491 1 act=1 39x24 L=41 T=0 R=79 B=23 wact=0 zoom=0
@0 smoke 80x24 zoom=0 layout=8205,80x24,0,0{40x24,0,0,0,39x24,41,0,1}
@1 handoff 80x24 zoom=0 layout=820e,80x24,0,0{40x24,0,0,2,39x24,41,0,3}
--- 15:22:31.319407497
@0 smoke %0 57471 0 act=1 40x24 L=0 T=0 R=39 B=23 wact=1 zoom=0
@0 smoke %1 57475 1 act=0 39x24 L=41 T=0 R=79 B=23 wact=1 zoom=0
@1 handoff %2 57483 0 act=0 40x24 L=0 T=0 R=39 B=23 wact=0 zoom=0
@1 handoff %3 57491 1 act=1 39x24 L=41 T=0 R=79 B=23 wact=0 zoom=0
@0 smoke 80x24 zoom=0 layout=8205,80x24,0,0{40x24,0,0,0,39x24,41,0,1}
@1 handoff 80x24 zoom=0 layout=820e,80x24,0,0{40x24,0,0,2,39x24,41,0,3}
--- 15:22:32.832431057
@0 smoke %0 57471 0 act=1 40x24 L=0 T=0 R=39 B=23 wact=1 zoom=0
@0 smoke %1 57475 1 act=0 39x24 L=41 T=0 R=79 B=23 wact=1 zoom=0
@1 handoff %2 57483 0 act=0 40x24 L=0 T=0 R=39 B=23 wact=0 zoom=0
@1 handoff %3 57491 1 act=1 39x24 L=41 T=0 R=79 B=23 wact=0 zoom=0
@0 smoke 80x24 zoom=0 layout=8205,80x24,0,0{40x24,0,0,0,39x24,41,0,1}
@1 handoff 80x24 zoom=0 layout=820e,80x24,0,0{40x24,0,0,2,39x24,41,0,3}
--- 15:22:34.345254727
@0 smoke %0 57471 0 act=1 40x24 L=0 T=0 R=39 B=23 wact=1 zoom=0
@0 smoke %1 57475 1 act=0 39x24 L=41 T=0 R=79 B=23 wact=1 zoom=0
@1 handoff %2 57483 0 act=0 40x24 L=0 T=0 R=39 B=23 wact=0 zoom=0
@1 handoff %3 57491 1 act=1 39x24 L=41 T=0 R=79 B=23 wact=0 zoom=0
@0 smoke 80x24 zoom=0 layout=8205,80x24,0,0{40x24,0,0,0,39x24,41,0,1}
@1 handoff 80x24 zoom=0 layout=820e,80x24,0,0{40x24,0,0,2,39x24,41,0,3}
--- 15:22:35.858232734
@0 smoke %0 57471 0 act=1 40x24 L=0 T=0 R=39 B=23 wact=1 zoom=0
@0 smoke %1 57475 1 act=0 39x24 L=41 T=0 R=79 B=23 wact=1 zoom=0
@1 handoff %2 57483 0 act=0 40x24 L=0 T=0 R=39 B=23 wact=0 zoom=0
@1 handoff %3 57491 1 act=1 39x24 L=41 T=0 R=79 B=23 wact=0 zoom=0
@0 smoke 80x24 zoom=0 layout=8205,80x24,0,0{40x24,0,0,0,39x24,41,0,1}
@1 handoff 80x24 zoom=0 layout=820e,80x24,0,0{40x24,0,0,2,39x24,41,0,3}
--- 15:22:37.371229938
@0 smoke %0 57471 0 act=1 40x24 L=0 T=0 R=39 B=23 wact=1 zoom=0
@0 smoke %1 57475 1 act=0 39x24 L=41 T=0 R=79 B=23 wact=1 zoom=0
@1 handoff %2 57483 0 act=0 40x24 L=0 T=0 R=39 B=23 wact=0 zoom=0
@1 handoff %3 57491 1 act=1 39x24 L=41 T=0 R=79 B=23 wact=0 zoom=0
@0 smoke 80x24 zoom=0 layout=8205,80x24,0,0{40x24,0,0,0,39x24,41,0,1}
@1 handoff 80x24 zoom=0 layout=820e,80x24,0,0{40x24,0,0,2,39x24,41,0,3}
--- 15:22:38.888324831
@0 smoke %0 57471 0 act=1 40x24 L=0 T=0 R=39 B=23 wact=1 zoom=0
@0 smoke %1 57475 1 act=0 39x24 L=41 T=0 R=79 B=23 wact=1 zoom=0
@1 handoff %2 57483 0 act=0 40x24 L=0 T=0 R=39 B=23 wact=0 zoom=0
@1 handoff %3 57491 1 act=1 39x24 L=41 T=0 R=79 B=23 wact=0 zoom=0
@0 smoke 80x24 zoom=0 layout=8205,80x24,0,0{40x24,0,0,0,39x24,41,0,1}
@1 handoff 80x24 zoom=0 layout=820e,80x24,0,0{40x24,0,0,2,39x24,41,0,3}
--- 15:22:40.411948871
@0 smoke %0 57471 0 act=1 40x24 L=0 T=0 R=39 B=23 wact=1 zoom=0
@0 smoke %1 57475 1 act=0 39x24 L=41 T=0 R=79 B=23 wact=1 zoom=0
@1 handoff %2 57483 0 act=0 40x24 L=0 T=0 R=39 B=23 wact=0 zoom=0
@1 handoff %3 57491 1 act=1 39x24 L=41 T=0 R=79 B=23 wact=0 zoom=0
@0 smoke 80x24 zoom=0 layout=8205,80x24,0,0{40x24,0,0,0,39x24,41,0,1}
@1 handoff 80x24 zoom=0 layout=820e,80x24,0,0{40x24,0,0,2,39x24,41,0,3}
--- 15:22:41.924863325
@0 smoke %0 57471 0 act=1 40x24 L=0 T=0 R=39 B=23 wact=1 zoom=0
@0 smoke %1 57475 1 act=0 39x24 L=41 T=0 R=79 B=23 wact=1 zoom=0
@1 handoff %2 57483 0 act=0 40x24 L=0 T=0 R=39 B=23 wact=0 zoom=0
@1 handoff %3 57491 1 act=1 39x24 L=41 T=0 R=79 B=23 wact=0 zoom=0
@0 smoke 80x24 zoom=0 layout=8205,80x24,0,0{40x24,0,0,0,39x24,41,0,1}
@1 handoff 80x24 zoom=0 layout=820e,80x24,0,0{40x24,0,0,2,39x24,41,0,3}
--- 15:22:43.437680797
@0 smoke %0 57471 0 act=1 40x24 L=0 T=0 R=39 B=23 wact=1 zoom=0
@0 smoke %1 57475 1 act=0 39x24 L=41 T=0 R=79 B=23 wact=1 zoom=0
@1 handoff %2 57483 0 act=0 40x24 L=0 T=0 R=39 B=23 wact=0 zoom=0
@1 handoff %3 57491 1 act=1 39x24 L=41 T=0 R=79 B=23 wact=0 zoom=0
@0 smoke 80x24 zoom=0 layout=8205,80x24,0,0{40x24,0,0,0,39x24,41,0,1}
@1 handoff 80x24 zoom=0 layout=820e,80x24,0,0{40x24,0,0,2,39x24,41,0,3}
--- 15:22:44.950527541
@0 smoke %0 57471 0 act=1 40x24 L=0 T=0 R=39 B=23 wact=1 zoom=0
@0 smoke %1 57475 1 act=0 39x24 L=41 T=0 R=79 B=23 wact=1 zoom=0
@1 handoff %2 57483 0 act=0 40x24 L=0 T=0 R=39 B=23 wact=0 zoom=0
@1 handoff %3 57491 1 act=1 39x24 L=41 T=0 R=79 B=23 wact=0 zoom=0
@0 smoke 80x24 zoom=0 layout=8205,80x24,0,0{40x24,0,0,0,39x24,41,0,1}
@1 handoff 80x24 zoom=0 layout=820e,80x24,0,0{40x24,0,0,2,39x24,41,0,3}
--- 15:22:46.465055773
@0 smoke %0 57471 0 act=1 40x24 L=0 T=0 R=39 B=23 wact=1 zoom=0
@0 smoke %1 57475 1 act=0 39x24 L=41 T=0 R=79 B=23 wact=1 zoom=0
@1 handoff %2 57483 0 act=0 40x24 L=0 T=0 R=39 B=23 wact=0 zoom=0
@1 handoff %3 57491 1 act=1 39x24 L=41 T=0 R=79 B=23 wact=0 zoom=0
@0 smoke 80x24 zoom=0 layout=8205,80x24,0,0{40x24,0,0,0,39x24,41,0,1}
@1 handoff 80x24 zoom=0 layout=820e,80x24,0,0{40x24,0,0,2,39x24,41,0,3}
--- 15:22:47.978177168
@0 smoke %0 57471 0 act=1 40x24 L=0 T=0 R=39 B=23 wact=1 zoom=0
@0 smoke %1 57475 1 act=0 39x24 L=41 T=0 R=79 B=23 wact=1 zoom=0
@1 handoff %2 57483 0 act=0 40x24 L=0 T=0 R=39 B=23 wact=0 zoom=0
@1 handoff %3 57491 1 act=1 39x24 L=41 T=0 R=79 B=23 wact=0 zoom=0
@0 smoke 80x24 zoom=0 layout=8205,80x24,0,0{40x24,0,0,0,39x24,41,0,1}
@1 handoff 80x24 zoom=0 layout=820e,80x24,0,0{40x24,0,0,2,39x24,41,0,3}
--- 15:22:49.494829736
@0 smoke %0 57471 0 act=1 40x24 L=0 T=0 R=39 B=23 wact=1 zoom=0
@0 smoke %1 57475 1 act=0 39x24 L=41 T=0 R=79 B=23 wact=1 zoom=0
@1 handoff %2 57483 0 act=0 40x24 L=0 T=0 R=39 B=23 wact=0 zoom=0
@1 handoff %3 57491 1 act=1 39x24 L=41 T=0 R=79 B=23 wact=0 zoom=0
@0 smoke 80x24 zoom=0 layout=8205,80x24,0,0{40x24,0,0,0,39x24,41,0,1}
@1 handoff 80x24 zoom=0 layout=820e,80x24,0,0{40x24,0,0,2,39x24,41,0,3}
--- 15:22:51.013527687
@0 smoke %0 57471 0 act=1 40x24 L=0 T=0 R=39 B=23 wact=1 zoom=0
@0 smoke %1 57475 1 act=0 39x24 L=41 T=0 R=79 B=23 wact=1 zoom=0
@1 handoff %2 57483 0 act=0 40x24 L=0 T=0 R=39 B=23 wact=0 zoom=0
@1 handoff %3 57491 1 act=1 39x24 L=41 T=0 R=79 B=23 wact=0 zoom=0
@0 smoke 80x24 zoom=0 layout=8205,80x24,0,0{40x24,0,0,0,39x24,41,0,1}
@1 handoff 80x24 zoom=0 layout=820e,80x24,0,0{40x24,0,0,2,39x24,41,0,3}
--- 15:22:52.527170994
@0 smoke %0 57471 0 act=1 40x24 L=0 T=0 R=39 B=23 wact=1 zoom=0
@0 smoke %1 57475 1 act=0 39x24 L=41 T=0 R=79 B=23 wact=1 zoom=0
@1 handoff %2 57483 0 act=0 40x24 L=0 T=0 R=39 B=23 wact=0 zoom=0
@1 handoff %3 57491 1 act=1 39x24 L=41 T=0 R=79 B=23 wact=0 zoom=0
@0 smoke 80x24 zoom=0 layout=8205,80x24,0,0{40x24,0,0,0,39x24,41,0,1}
@1 handoff 80x24 zoom=0 layout=820e,80x24,0,0{40x24,0,0,2,39x24,41,0,3}
--- 15:22:54.040850805
@0 smoke %0 57471 0 act=1 40x24 L=0 T=0 R=39 B=23 wact=1 zoom=0
@0 smoke %1 57475 1 act=0 39x24 L=41 T=0 R=79 B=23 wact=1 zoom=0
@1 handoff %2 57483 0 act=0 40x24 L=0 T=0 R=39 B=23 wact=0 zoom=0
@1 handoff %3 57491 1 act=1 39x24 L=41 T=0 R=79 B=23 wact=0 zoom=0
@0 smoke 80x24 zoom=0 layout=8205,80x24,0,0{40x24,0,0,0,39x24,41,0,1}
@1 handoff 80x24 zoom=0 layout=820e,80x24,0,0{40x24,0,0,2,39x24,41,0,3}
--- 15:22:55.554467243
@0 smoke %0 57471 0 act=1 40x24 L=0 T=0 R=39 B=23 wact=1 zoom=0
@0 smoke %1 57475 1 act=0 39x24 L=41 T=0 R=79 B=23 wact=1 zoom=0
@1 handoff %2 57483 0 act=0 40x24 L=0 T=0 R=39 B=23 wact=0 zoom=0
@1 handoff %3 57491 1 act=1 39x24 L=41 T=0 R=79 B=23 wact=0 zoom=0
@0 smoke 80x24 zoom=0 layout=8205,80x24,0,0{40x24,0,0,0,39x24,41,0,1}
@1 handoff 80x24 zoom=0 layout=820e,80x24,0,0{40x24,0,0,2,39x24,41,0,3}
--- 15:22:57.070246125
@0 smoke %0 57471 0 act=1 40x24 L=0 T=0 R=39 B=23 wact=1 zoom=0
@0 smoke %1 57475 1 act=0 39x24 L=41 T=0 R=79 B=23 wact=1 zoom=0
@1 handoff %2 57483 0 act=0 40x24 L=0 T=0 R=39 B=23 wact=0 zoom=0
@1 handoff %3 57491 1 act=1 39x24 L=41 T=0 R=79 B=23 wact=0 zoom=0
@0 smoke 80x24 zoom=0 layout=8205,80x24,0,0{40x24,0,0,0,39x24,41,0,1}
@1 handoff 80x24 zoom=0 layout=820e,80x24,0,0{40x24,0,0,2,39x24,41,0,3}
--- 15:22:58.587038163
@0 smoke %0 57471 0 act=1 40x24 L=0 T=0 R=39 B=23 wact=1 zoom=0
@0 smoke %1 57475 1 act=0 39x24 L=41 T=0 R=79 B=23 wact=1 zoom=0
@1 handoff %2 57483 0 act=0 40x24 L=0 T=0 R=39 B=23 wact=0 zoom=0
@1 handoff %3 57491 1 act=1 39x24 L=41 T=0 R=79 B=23 wact=0 zoom=0
@0 smoke 80x24 zoom=0 layout=8205,80x24,0,0{40x24,0,0,0,39x24,41,0,1}
@1 handoff 80x24 zoom=0 layout=820e,80x24,0,0{40x24,0,0,2,39x24,41,0,3}
--- 15:23:00.108688379
@0 smoke %0 57471 0 act=1 40x24 L=0 T=0 R=39 B=23 wact=1 zoom=0
@0 smoke %1 57475 1 act=0 39x24 L=41 T=0 R=79 B=23 wact=1 zoom=0
@1 handoff %2 57483 0 act=0 40x24 L=0 T=0 R=39 B=23 wact=0 zoom=0
@1 handoff %3 57491 1 act=1 39x24 L=41 T=0 R=79 B=23 wact=0 zoom=0
@0 smoke 80x24 zoom=0 layout=8205,80x24,0,0{40x24,0,0,0,39x24,41,0,1}
@1 handoff 80x24 zoom=0 layout=820e,80x24,0,0{40x24,0,0,2,39x24,41,0,3}
--- 15:23:01.623718945
@0 smoke %0 57471 0 act=1 40x24 L=0 T=0 R=39 B=23 wact=1 zoom=0
@0 smoke %1 57475 1 act=0 39x24 L=41 T=0 R=79 B=23 wact=1 zoom=0
@1 handoff %2 57483 0 act=0 40x24 L=0 T=0 R=39 B=23 wact=0 zoom=0
@1 handoff %3 57491 1 act=1 39x24 L=41 T=0 R=79 B=23 wact=0 zoom=0
@0 smoke 80x24 zoom=0 layout=8205,80x24,0,0{40x24,0,0,0,39x24,41,0,1}
@1 handoff 80x24 zoom=0 layout=820e,80x24,0,0{40x24,0,0,2,39x24,41,0,3}
--- 15:23:03.136834324
@0 smoke %0 57471 0 act=1 40x24 L=0 T=0 R=39 B=23 wact=1 zoom=0
@0 smoke %1 57475 1 act=0 39x24 L=41 T=0 R=79 B=23 wact=1 zoom=0
@1 handoff %2 57483 0 act=0 40x24 L=0 T=0 R=39 B=23 wact=0 zoom=0
@1 handoff %3 57491 1 act=1 39x24 L=41 T=0 R=79 B=23 wact=0 zoom=0
@0 smoke 80x24 zoom=0 layout=8205,80x24,0,0{40x24,0,0,0,39x24,41,0,1}
@1 handoff 80x24 zoom=0 layout=820e,80x24,0,0{40x24,0,0,2,39x24,41,0,3}
--- 15:23:04.649857114
@0 smoke %0 57471 0 act=1 40x24 L=0 T=0 R=39 B=23 wact=1 zoom=0
@0 smoke %1 57475 1 act=0 39x24 L=41 T=0 R=79 B=23 wact=1 zoom=0
@1 handoff %2 57483 0 act=0 40x24 L=0 T=0 R=39 B=23 wact=0 zoom=0
@1 handoff %3 57491 1 act=1 39x24 L=41 T=0 R=79 B=23 wact=0 zoom=0
@0 smoke 80x24 zoom=0 layout=8205,80x24,0,0{40x24,0,0,0,39x24,41,0,1}
@1 handoff 80x24 zoom=0 layout=820e,80x24,0,0{40x24,0,0,2,39x24,41,0,3}
--- 15:23:06.162683341
@0 smoke %0 57471 0 act=1 40x24 L=0 T=0 R=39 B=23 wact=1 zoom=0
@0 smoke %1 57475 1 act=0 39x24 L=41 T=0 R=79 B=23 wact=1 zoom=0
@1 handoff %2 57483 0 act=0 40x24 L=0 T=0 R=39 B=23 wact=0 zoom=0
@1 handoff %3 57491 1 act=1 39x24 L=41 T=0 R=79 B=23 wact=0 zoom=0
@0 smoke 80x24 zoom=0 layout=8205,80x24,0,0{40x24,0,0,0,39x24,41,0,1}
@1 handoff 80x24 zoom=0 layout=820e,80x24,0,0{40x24,0,0,2,39x24,41,0,3}
--- 15:23:07.675697505
@0 smoke %0 57471 0 act=1 40x24 L=0 T=0 R=39 B=23 wact=1 zoom=0
@0 smoke %1 57475 1 act=0 39x24 L=41 T=0 R=79 B=23 wact=1 zoom=0
@1 handoff %2 57483 0 act=0 40x24 L=0 T=0 R=39 B=23 wact=0 zoom=0
@1 handoff %3 57491 1 act=1 39x24 L=41 T=0 R=79 B=23 wact=0 zoom=0
@0 smoke 80x24 zoom=0 layout=8205,80x24,0,0{40x24,0,0,0,39x24,41,0,1}
@1 handoff 80x24 zoom=0 layout=820e,80x24,0,0{40x24,0,0,2,39x24,41,0,3}
--- 15:23:09.188908618
@0 smoke %0 57471 0 act=1 40x24 L=0 T=0 R=39 B=23 wact=1 zoom=0
@0 smoke %1 57475 1 act=0 39x24 L=41 T=0 R=79 B=23 wact=1 zoom=0
@1 handoff %2 57483 0 act=0 40x24 L=0 T=0 R=39 B=23 wact=0 zoom=0
@1 handoff %3 57491 1 act=1 39x24 L=41 T=0 R=79 B=23 wact=0 zoom=0
@0 smoke 80x24 zoom=0 layout=8205,80x24,0,0{40x24,0,0,0,39x24,41,0,1}
@1 handoff 80x24 zoom=0 layout=820e,80x24,0,0{40x24,0,0,2,39x24,41,0,3}
--- 15:23:10.701977793
@0 smoke %0 57471 0 act=1 40x24 L=0 T=0 R=39 B=23 wact=1 zoom=0
@0 smoke %1 57475 1 act=0 39x24 L=41 T=0 R=79 B=23 wact=1 zoom=0
@1 handoff %2 57483 0 act=0 40x24 L=0 T=0 R=39 B=23 wact=0 zoom=0
@1 handoff %3 57491 1 act=1 39x24 L=41 T=0 R=79 B=23 wact=0 zoom=0
@0 smoke 80x24 zoom=0 layout=8205,80x24,0,0{40x24,0,0,0,39x24,41,0,1}
@1 handoff 80x24 zoom=0 layout=820e,80x24,0,0{40x24,0,0,2,39x24,41,0,3}
--- 15:23:12.216279925
@0 smoke %0 57471 0 act=1 40x24 L=0 T=0 R=39 B=23 wact=1 zoom=0
@0 smoke %1 57475 1 act=0 39x24 L=41 T=0 R=79 B=23 wact=1 zoom=0
@1 handoff %2 57483 0 act=0 40x24 L=0 T=0 R=39 B=23 wact=0 zoom=0
@1 handoff %3 57491 1 act=1 39x24 L=41 T=0 R=79 B=23 wact=0 zoom=0
@0 smoke 80x24 zoom=0 layout=8205,80x24,0,0{40x24,0,0,0,39x24,41,0,1}
@1 handoff 80x24 zoom=0 layout=820e,80x24,0,0{40x24,0,0,2,39x24,41,0,3}
--- 15:23:13.729492712
@0 smoke %0 57471 0 act=1 40x24 L=0 T=0 R=39 B=23 wact=1 zoom=0
@0 smoke %1 57475 1 act=0 39x24 L=41 T=0 R=79 B=23 wact=1 zoom=0
@1 handoff %2 57483 0 act=0 40x24 L=0 T=0 R=39 B=23 wact=0 zoom=0
@1 handoff %3 57491 1 act=1 39x24 L=41 T=0 R=79 B=23 wact=0 zoom=0
@0 smoke 80x24 zoom=0 layout=8205,80x24,0,0{40x24,0,0,0,39x24,41,0,1}
@1 handoff 80x24 zoom=0 layout=820e,80x24,0,0{40x24,0,0,2,39x24,41,0,3}
--- 15:23:15.253427099
@0 smoke %0 57471 0 act=1 40x24 L=0 T=0 R=39 B=23 wact=1 zoom=0
@0 smoke %1 57475 1 act=0 39x24 L=41 T=0 R=79 B=23 wact=1 zoom=0
@1 handoff %2 57483 0 act=0 40x24 L=0 T=0 R=39 B=23 wact=0 zoom=0
@1 handoff %3 57491 1 act=1 39x24 L=41 T=0 R=79 B=23 wact=0 zoom=0
@0 smoke 80x24 zoom=0 layout=8205,80x24,0,0{40x24,0,0,0,39x24,41,0,1}
@1 handoff 80x24 zoom=0 layout=820e,80x24,0,0{40x24,0,0,2,39x24,41,0,3}
--- 15:23:16.774943328
@0 smoke %0 57471 0 act=1 40x24 L=0 T=0 R=39 B=23 wact=1 zoom=0
@0 smoke %1 57475 1 act=0 39x24 L=41 T=0 R=79 B=23 wact=1 zoom=0
@1 handoff %2 57483 0 act=0 40x24 L=0 T=0 R=39 B=23 wact=0 zoom=0
@1 handoff %3 57491 1 act=1 39x24 L=41 T=0 R=79 B=23 wact=0 zoom=0
@0 smoke 80x24 zoom=0 layout=8205,80x24,0,0{40x24,0,0,0,39x24,41,0,1}
@1 handoff 80x24 zoom=0 layout=820e,80x24,0,0{40x24,0,0,2,39x24,41,0,3}
--- 15:23:18.296906773
@0 smoke %0 57471 0 act=1 40x24 L=0 T=0 R=39 B=23 wact=1 zoom=0
@0 smoke %1 57475 1 act=0 39x24 L=41 T=0 R=79 B=23 wact=1 zoom=0
@1 handoff %2 57483 0 act=0 40x24 L=0 T=0 R=39 B=23 wact=0 zoom=0
@1 handoff %3 57491 1 act=1 39x24 L=41 T=0 R=79 B=23 wact=0 zoom=0
@0 smoke 80x24 zoom=0 layout=8205,80x24,0,0{40x24,0,0,0,39x24,41,0,1}
@1 handoff 80x24 zoom=0 layout=820e,80x24,0,0{40x24,0,0,2,39x24,41,0,3}
--- 15:23:19.821863449
@0 smoke %0 57471 0 act=1 40x24 L=0 T=0 R=39 B=23 wact=1 zoom=0
@0 smoke %1 57475 1 act=0 39x24 L=41 T=0 R=79 B=23 wact=1 zoom=0
@1 handoff %2 57483 0 act=0 40x24 L=0 T=0 R=39 B=23 wact=0 zoom=0
@1 handoff %3 57491 1 act=1 39x24 L=41 T=0 R=79 B=23 wact=0 zoom=0
@0 smoke 80x24 zoom=0 layout=8205,80x24,0,0{40x24,0,0,0,39x24,41,0,1}
@1 handoff 80x24 zoom=0 layout=820e,80x24,0,0{40x24,0,0,2,39x24,41,0,3}
--- 15:23:21.343809916
@0 smoke %0 57471 0 act=1 40x24 L=0 T=0 R=39 B=23 wact=1 zoom=0
@0 smoke %1 57475 1 act=0 39x24 L=41 T=0 R=79 B=23 wact=1 zoom=0
@1 handoff %2 57483 0 act=0 40x24 L=0 T=0 R=39 B=23 wact=0 zoom=0
@1 handoff %3 57491 1 act=1 39x24 L=41 T=0 R=79 B=23 wact=0 zoom=0
@0 smoke 80x24 zoom=0 layout=8205,80x24,0,0{40x24,0,0,0,39x24,41,0,1}
@1 handoff 80x24 zoom=0 layout=820e,80x24,0,0{40x24,0,0,2,39x24,41,0,3}
--- 15:23:22.866984776
@0 smoke %0 57471 0 act=1 80x24 L=0 T=0 R=79 B=23 wact=1 zoom=1
@0 smoke %1 57475 1 act=0 39x24 L=41 T=0 R=79 B=23 wact=1 zoom=1
@1 handoff %2 57483 0 act=0 40x24 L=0 T=0 R=39 B=23 wact=0 zoom=0
@1 handoff %3 57491 1 act=1 39x24 L=41 T=0 R=79 B=23 wact=0 zoom=0
@0 smoke 80x24 zoom=1 layout=8205,80x24,0,0{40x24,0,0,0,39x24,41,0,1}
@1 handoff 80x24 zoom=0 layout=820e,80x24,0,0{40x24,0,0,2,39x24,41,0,3}
client-63066 unknown 80x flags=attached,focused,control-mode,UTF-8
client-detached[1000] if-shell -F -t "=$0:.%0" "#{window_zoomed_flag}" "resize-pane -Z -t =$0:.%0" ; set-hook -u -t "=$0:" client-detached[1000] ; set-hook -u -t "=$0:" client-session-changed[1000]
client-session-changed[1000] if-shell -F -t "=$0:.%0" "#{window_zoomed_flag}" "resize-pane -Z -t =$0:.%0" ; set-hook -u -t "=$0:" client-detached[1000] ; set-hook -u -t "=$0:" client-session-changed[1000]
--- 15:23:24.387635619
@0 smoke %0 57471 0 act=1 80x24 L=0 T=0 R=79 B=23 wact=1 zoom=1
@0 smoke %1 57475 1 act=0 39x24 L=41 T=0 R=79 B=23 wact=1 zoom=1
@1 handoff %2 57483 0 act=0 40x24 L=0 T=0 R=39 B=23 wact=0 zoom=0
@1 handoff %3 57491 1 act=1 39x24 L=41 T=0 R=79 B=23 wact=0 zoom=0
@0 smoke 80x24 zoom=1 layout=8205,80x24,0,0{40x24,0,0,0,39x24,41,0,1}
@1 handoff 80x24 zoom=0 layout=820e,80x24,0,0{40x24,0,0,2,39x24,41,0,3}
client-63066 unknown 80x flags=attached,focused,control-mode,UTF-8
client-detached[1000] if-shell -F -t "=$0:.%0" "#{window_zoomed_flag}" "resize-pane -Z -t =$0:.%0" ; set-hook -u -t "=$0:" client-detached[1000] ; set-hook -u -t "=$0:" client-session-changed[1000]
client-session-changed[1000] if-shell -F -t "=$0:.%0" "#{window_zoomed_flag}" "resize-pane -Z -t =$0:.%0" ; set-hook -u -t "=$0:" client-detached[1000] ; set-hook -u -t "=$0:" client-session-changed[1000]
--- 15:23:25.904289286
@0 smoke %0 57471 0 act=1 80x24 L=0 T=0 R=79 B=23 wact=1 zoom=1
@0 smoke %1 57475 1 act=0 39x24 L=41 T=0 R=79 B=23 wact=1 zoom=1
@1 handoff %2 57483 0 act=0 40x24 L=0 T=0 R=39 B=23 wact=0 zoom=0
@1 handoff %3 57491 1 act=1 39x24 L=41 T=0 R=79 B=23 wact=0 zoom=0
@0 smoke 80x24 zoom=1 layout=8205,80x24,0,0{40x24,0,0,0,39x24,41,0,1}
@1 handoff 80x24 zoom=0 layout=820e,80x24,0,0{40x24,0,0,2,39x24,41,0,3}
client-63066 unknown 80x flags=attached,focused,control-mode,UTF-8
client-detached[1000] if-shell -F -t "=$0:.%0" "#{window_zoomed_flag}" "resize-pane -Z -t =$0:.%0" ; set-hook -u -t "=$0:" client-detached[1000] ; set-hook -u -t "=$0:" client-session-changed[1000]
client-session-changed[1000] if-shell -F -t "=$0:.%0" "#{window_zoomed_flag}" "resize-pane -Z -t =$0:.%0" ; set-hook -u -t "=$0:" client-detached[1000] ; set-hook -u -t "=$0:" client-session-changed[1000]
--- 15:23:27.417038093
@0 smoke %0 57471 0 act=1 80x24 L=0 T=0 R=79 B=23 wact=1 zoom=1
@0 smoke %1 57475 1 act=0 39x24 L=41 T=0 R=79 B=23 wact=1 zoom=1
@1 handoff %2 57483 0 act=0 40x24 L=0 T=0 R=39 B=23 wact=0 zoom=0
@1 handoff %3 57491 1 act=1 39x24 L=41 T=0 R=79 B=23 wact=0 zoom=0
@0 smoke 80x24 zoom=1 layout=8205,80x24,0,0{40x24,0,0,0,39x24,41,0,1}
@1 handoff 80x24 zoom=0 layout=820e,80x24,0,0{40x24,0,0,2,39x24,41,0,3}
client-63066 unknown 80x flags=attached,focused,control-mode,UTF-8
client-detached[1000] if-shell -F -t "=$0:.%0" "#{window_zoomed_flag}" "resize-pane -Z -t =$0:.%0" ; set-hook -u -t "=$0:" client-detached[1000] ; set-hook -u -t "=$0:" client-session-changed[1000]
client-session-changed[1000] if-shell -F -t "=$0:.%0" "#{window_zoomed_flag}" "resize-pane -Z -t =$0:.%0" ; set-hook -u -t "=$0:" client-detached[1000] ; set-hook -u -t "=$0:" client-session-changed[1000]
--- 15:23:28.930344604
@0 smoke %0 57471 0 act=1 80x24 L=0 T=0 R=79 B=23 wact=1 zoom=1
@0 smoke %1 57475 1 act=0 39x24 L=41 T=0 R=79 B=23 wact=1 zoom=1
@1 handoff %2 57483 0 act=0 40x24 L=0 T=0 R=39 B=23 wact=0 zoom=0
@1 handoff %3 57491 1 act=1 39x24 L=41 T=0 R=79 B=23 wact=0 zoom=0
@0 smoke 80x24 zoom=1 layout=8205,80x24,0,0{40x24,0,0,0,39x24,41,0,1}
@1 handoff 80x24 zoom=0 layout=820e,80x24,0,0{40x24,0,0,2,39x24,41,0,3}
client-63066 unknown 80x flags=attached,focused,control-mode,UTF-8
client-detached[1000] if-shell -F -t "=$0:.%0" "#{window_zoomed_flag}" "resize-pane -Z -t =$0:.%0" ; set-hook -u -t "=$0:" client-detached[1000] ; set-hook -u -t "=$0:" client-session-changed[1000]
client-session-changed[1000] if-shell -F -t "=$0:.%0" "#{window_zoomed_flag}" "resize-pane -Z -t =$0:.%0" ; set-hook -u -t "=$0:" client-detached[1000] ; set-hook -u -t "=$0:" client-session-changed[1000]
--- 15:23:30.443893206
@0 smoke %0 57471 0 act=1 80x24 L=0 T=0 R=79 B=23 wact=1 zoom=1
@0 smoke %1 57475 1 act=0 39x24 L=41 T=0 R=79 B=23 wact=1 zoom=1
@1 handoff %2 57483 0 act=0 40x24 L=0 T=0 R=39 B=23 wact=0 zoom=0
@1 handoff %3 57491 1 act=1 39x24 L=41 T=0 R=79 B=23 wact=0 zoom=0
@0 smoke 80x24 zoom=1 layout=8205,80x24,0,0{40x24,0,0,0,39x24,41,0,1}
@1 handoff 80x24 zoom=0 layout=820e,80x24,0,0{40x24,0,0,2,39x24,41,0,3}
client-63066 unknown 80x flags=attached,focused,control-mode,UTF-8
client-detached[1000] if-shell -F -t "=$0:.%0" "#{window_zoomed_flag}" "resize-pane -Z -t =$0:.%0" ; set-hook -u -t "=$0:" client-detached[1000] ; set-hook -u -t "=$0:" client-session-changed[1000]
client-session-changed[1000] if-shell -F -t "=$0:.%0" "#{window_zoomed_flag}" "resize-pane -Z -t =$0:.%0" ; set-hook -u -t "=$0:" client-detached[1000] ; set-hook -u -t "=$0:" client-session-changed[1000]
--- 15:23:31.957048928
@0 smoke %0 57471 0 act=1 80x24 L=0 T=0 R=79 B=23 wact=1 zoom=1
@0 smoke %1 57475 1 act=0 39x24 L=41 T=0 R=79 B=23 wact=1 zoom=1
@1 handoff %2 57483 0 act=0 40x24 L=0 T=0 R=39 B=23 wact=0 zoom=0
@1 handoff %3 57491 1 act=1 39x24 L=41 T=0 R=79 B=23 wact=0 zoom=0
@0 smoke 80x24 zoom=1 layout=8205,80x24,0,0{40x24,0,0,0,39x24,41,0,1}
@1 handoff 80x24 zoom=0 layout=820e,80x24,0,0{40x24,0,0,2,39x24,41,0,3}
client-63066 unknown 80x flags=attached,focused,control-mode,UTF-8
client-detached[1000] if-shell -F -t "=$0:.%0" "#{window_zoomed_flag}" "resize-pane -Z -t =$0:.%0" ; set-hook -u -t "=$0:" client-detached[1000] ; set-hook -u -t "=$0:" client-session-changed[1000]
client-session-changed[1000] if-shell -F -t "=$0:.%0" "#{window_zoomed_flag}" "resize-pane -Z -t =$0:.%0" ; set-hook -u -t "=$0:" client-detached[1000] ; set-hook -u -t "=$0:" client-session-changed[1000]
--- 15:23:33.473863846
@0 smoke %0 57471 0 act=1 80x24 L=0 T=0 R=79 B=23 wact=1 zoom=1
@0 smoke %1 57475 1 act=0 39x24 L=41 T=0 R=79 B=23 wact=1 zoom=1
@1 handoff %2 57483 0 act=0 40x24 L=0 T=0 R=39 B=23 wact=0 zoom=0
@1 handoff %3 57491 1 act=1 39x24 L=41 T=0 R=79 B=23 wact=0 zoom=0
@0 smoke 80x24 zoom=1 layout=8205,80x24,0,0{40x24,0,0,0,39x24,41,0,1}
@1 handoff 80x24 zoom=0 layout=820e,80x24,0,0{40x24,0,0,2,39x24,41,0,3}
client-63066 unknown 80x flags=attached,focused,control-mode,UTF-8
client-detached[1000] if-shell -F -t "=$0:.%0" "#{window_zoomed_flag}" "resize-pane -Z -t =$0:.%0" ; set-hook -u -t "=$0:" client-detached[1000] ; set-hook -u -t "=$0:" client-session-changed[1000]
client-session-changed[1000] if-shell -F -t "=$0:.%0" "#{window_zoomed_flag}" "resize-pane -Z -t =$0:.%0" ; set-hook -u -t "=$0:" client-detached[1000] ; set-hook -u -t "=$0:" client-session-changed[1000]
--- 15:23:34.989105693
@0 smoke %0 57471 0 act=1 80x24 L=0 T=0 R=79 B=23 wact=1 zoom=1
@0 smoke %1 57475 1 act=0 39x24 L=41 T=0 R=79 B=23 wact=1 zoom=1
@1 handoff %2 57483 0 act=0 40x24 L=0 T=0 R=39 B=23 wact=0 zoom=0
@1 handoff %3 57491 1 act=1 39x24 L=41 T=0 R=79 B=23 wact=0 zoom=0
@0 smoke 80x24 zoom=1 layout=8205,80x24,0,0{40x24,0,0,0,39x24,41,0,1}
@1 handoff 80x24 zoom=0 layout=820e,80x24,0,0{40x24,0,0,2,39x24,41,0,3}
client-63066 unknown 80x flags=attached,focused,control-mode,UTF-8
client-detached[1000] if-shell -F -t "=$0:.%0" "#{window_zoomed_flag}" "resize-pane -Z -t =$0:.%0" ; set-hook -u -t "=$0:" client-detached[1000] ; set-hook -u -t "=$0:" client-session-changed[1000]
client-session-changed[1000] if-shell -F -t "=$0:.%0" "#{window_zoomed_flag}" "resize-pane -Z -t =$0:.%0" ; set-hook -u -t "=$0:" client-detached[1000] ; set-hook -u -t "=$0:" client-session-changed[1000]
--- 15:23:36.503678641
@0 smoke %0 57471 0 act=1 80x24 L=0 T=0 R=79 B=23 wact=1 zoom=1
@0 smoke %1 57475 1 act=0 39x24 L=41 T=0 R=79 B=23 wact=1 zoom=1
@1 handoff %2 57483 0 act=0 40x24 L=0 T=0 R=39 B=23 wact=0 zoom=0
@1 handoff %3 57491 1 act=1 39x24 L=41 T=0 R=79 B=23 wact=0 zoom=0
@0 smoke 80x24 zoom=1 layout=8205,80x24,0,0{40x24,0,0,0,39x24,41,0,1}
@1 handoff 80x24 zoom=0 layout=820e,80x24,0,0{40x24,0,0,2,39x24,41,0,3}
client-63066 unknown 80x flags=attached,focused,control-mode,UTF-8
client-detached[1000] if-shell -F -t "=$0:.%0" "#{window_zoomed_flag}" "resize-pane -Z -t =$0:.%0" ; set-hook -u -t "=$0:" client-detached[1000] ; set-hook -u -t "=$0:" client-session-changed[1000]
client-session-changed[1000] if-shell -F -t "=$0:.%0" "#{window_zoomed_flag}" "resize-pane -Z -t =$0:.%0" ; set-hook -u -t "=$0:" client-detached[1000] ; set-hook -u -t "=$0:" client-session-changed[1000]
--- 15:23:38.029904278
@0 smoke %0 57471 0 act=1 80x24 L=0 T=0 R=79 B=23 wact=1 zoom=1
@0 smoke %1 57475 1 act=0 39x24 L=41 T=0 R=79 B=23 wact=1 zoom=1
@1 handoff %2 57483 0 act=0 40x24 L=0 T=0 R=39 B=23 wact=0 zoom=0
@1 handoff %3 57491 1 act=1 39x24 L=41 T=0 R=79 B=23 wact=0 zoom=0
@0 smoke 80x24 zoom=1 layout=8205,80x24,0,0{40x24,0,0,0,39x24,41,0,1}
@1 handoff 80x24 zoom=0 layout=820e,80x24,0,0{40x24,0,0,2,39x24,41,0,3}
client-63066 unknown 80x flags=attached,focused,control-mode,UTF-8
client-detached[1000] if-shell -F -t "=$0:.%0" "#{window_zoomed_flag}" "resize-pane -Z -t =$0:.%0" ; set-hook -u -t "=$0:" client-detached[1000] ; set-hook -u -t "=$0:" client-session-changed[1000]
client-session-changed[1000] if-shell -F -t "=$0:.%0" "#{window_zoomed_flag}" "resize-pane -Z -t =$0:.%0" ; set-hook -u -t "=$0:" client-detached[1000] ; set-hook -u -t "=$0:" client-session-changed[1000]
--- 15:23:39.566385746
@0 smoke %0 57471 0 act=1 80x24 L=0 T=0 R=79 B=23 wact=1 zoom=1
@0 smoke %1 57475 1 act=0 39x24 L=41 T=0 R=79 B=23 wact=1 zoom=1
@1 handoff %2 57483 0 act=0 40x24 L=0 T=0 R=39 B=23 wact=0 zoom=0
@1 handoff %3 57491 1 act=1 39x24 L=41 T=0 R=79 B=23 wact=0 zoom=0
@0 smoke 80x24 zoom=1 layout=8205,80x24,0,0{40x24,0,0,0,39x24,41,0,1}
@1 handoff 80x24 zoom=0 layout=820e,80x24,0,0{40x24,0,0,2,39x24,41,0,3}
client-63066 unknown 80x flags=attached,focused,control-mode,UTF-8
client-detached[1000] if-shell -F -t "=$0:.%0" "#{window_zoomed_flag}" "resize-pane -Z -t =$0:.%0" ; set-hook -u -t "=$0:" client-detached[1000] ; set-hook -u -t "=$0:" client-session-changed[1000]
client-session-changed[1000] if-shell -F -t "=$0:.%0" "#{window_zoomed_flag}" "resize-pane -Z -t =$0:.%0" ; set-hook -u -t "=$0:" client-detached[1000] ; set-hook -u -t "=$0:" client-session-changed[1000]
--- 15:23:41.088386399
@0 smoke %0 57471 0 act=1 80x24 L=0 T=0 R=79 B=23 wact=1 zoom=1
@0 smoke %1 57475 1 act=0 39x24 L=41 T=0 R=79 B=23 wact=1 zoom=1
@1 handoff %2 57483 0 act=0 40x24 L=0 T=0 R=39 B=23 wact=0 zoom=0
@1 handoff %3 57491 1 act=1 39x24 L=41 T=0 R=79 B=23 wact=0 zoom=0
@0 smoke 80x24 zoom=1 layout=8205,80x24,0,0{40x24,0,0,0,39x24,41,0,1}
@1 handoff 80x24 zoom=0 layout=820e,80x24,0,0{40x24,0,0,2,39x24,41,0,3}
client-63066 unknown 80x flags=attached,focused,control-mode,UTF-8
client-detached[1000] if-shell -F -t "=$0:.%0" "#{window_zoomed_flag}" "resize-pane -Z -t =$0:.%0" ; set-hook -u -t "=$0:" client-detached[1000] ; set-hook -u -t "=$0:" client-session-changed[1000]
client-session-changed[1000] if-shell -F -t "=$0:.%0" "#{window_zoomed_flag}" "resize-pane -Z -t =$0:.%0" ; set-hook -u -t "=$0:" client-detached[1000] ; set-hook -u -t "=$0:" client-session-changed[1000]
--- 15:23:42.610329314
@0 smoke %0 57471 0 act=1 80x24 L=0 T=0 R=79 B=23 wact=1 zoom=1
@0 smoke %1 57475 1 act=0 39x24 L=41 T=0 R=79 B=23 wact=1 zoom=1
@1 handoff %2 57483 0 act=0 40x24 L=0 T=0 R=39 B=23 wact=0 zoom=0
@1 handoff %3 57491 1 act=1 39x24 L=41 T=0 R=79 B=23 wact=0 zoom=0
@0 smoke 80x24 zoom=1 layout=8205,80x24,0,0{40x24,0,0,0,39x24,41,0,1}
@1 handoff 80x24 zoom=0 layout=820e,80x24,0,0{40x24,0,0,2,39x24,41,0,3}
client-63066 unknown 80x flags=attached,focused,control-mode,UTF-8
client-detached[1000] if-shell -F -t "=$0:.%0" "#{window_zoomed_flag}" "resize-pane -Z -t =$0:.%0" ; set-hook -u -t "=$0:" client-detached[1000] ; set-hook -u -t "=$0:" client-session-changed[1000]
client-session-changed[1000] if-shell -F -t "=$0:.%0" "#{window_zoomed_flag}" "resize-pane -Z -t =$0:.%0" ; set-hook -u -t "=$0:" client-detached[1000] ; set-hook -u -t "=$0:" client-session-changed[1000]
--- 15:23:44.125401335
@0 smoke %0 57471 0 act=1 80x24 L=0 T=0 R=79 B=23 wact=1 zoom=1
@0 smoke %1 57475 1 act=0 39x24 L=41 T=0 R=79 B=23 wact=1 zoom=1
@1 handoff %2 57483 0 act=0 40x24 L=0 T=0 R=39 B=23 wact=0 zoom=0
@1 handoff %3 57491 1 act=1 39x24 L=41 T=0 R=79 B=23 wact=0 zoom=0
@0 smoke 80x24 zoom=1 layout=8205,80x24,0,0{40x24,0,0,0,39x24,41,0,1}
@1 handoff 80x24 zoom=0 layout=820e,80x24,0,0{40x24,0,0,2,39x24,41,0,3}
client-63066 unknown 80x flags=attached,focused,control-mode,UTF-8
client-detached[1000] if-shell -F -t "=$0:.%0" "#{window_zoomed_flag}" "resize-pane -Z -t =$0:.%0" ; set-hook -u -t "=$0:" client-detached[1000] ; set-hook -u -t "=$0:" client-session-changed[1000]
client-session-changed[1000] if-shell -F -t "=$0:.%0" "#{window_zoomed_flag}" "resize-pane -Z -t =$0:.%0" ; set-hook -u -t "=$0:" client-detached[1000] ; set-hook -u -t "=$0:" client-session-changed[1000]
--- 15:23:45.645262739
@0 smoke %0 57471 0 act=1 80x24 L=0 T=0 R=79 B=23 wact=1 zoom=1
@0 smoke %1 57475 1 act=0 39x24 L=41 T=0 R=79 B=23 wact=1 zoom=1
@1 handoff %2 57483 0 act=0 40x24 L=0 T=0 R=39 B=23 wact=0 zoom=0
@1 handoff %3 57491 1 act=1 39x24 L=41 T=0 R=79 B=23 wact=0 zoom=0
@0 smoke 80x24 zoom=1 layout=8205,80x24,0,0{40x24,0,0,0,39x24,41,0,1}
@1 handoff 80x24 zoom=0 layout=820e,80x24,0,0{40x24,0,0,2,39x24,41,0,3}
client-63066 unknown 80x flags=attached,focused,control-mode,UTF-8
client-detached[1000] if-shell -F -t "=$0:.%0" "#{window_zoomed_flag}" "resize-pane -Z -t =$0:.%0" ; set-hook -u -t "=$0:" client-detached[1000] ; set-hook -u -t "=$0:" client-session-changed[1000]
client-session-changed[1000] if-shell -F -t "=$0:.%0" "#{window_zoomed_flag}" "resize-pane -Z -t =$0:.%0" ; set-hook -u -t "=$0:" client-detached[1000] ; set-hook -u -t "=$0:" client-session-changed[1000]
--- 15:23:47.175004311
@0 smoke %0 57471 0 act=1 80x24 L=0 T=0 R=79 B=23 wact=1 zoom=1
@0 smoke %1 57475 1 act=0 39x24 L=41 T=0 R=79 B=23 wact=1 zoom=1
@1 handoff %2 57483 0 act=0 40x24 L=0 T=0 R=39 B=23 wact=0 zoom=0
@1 handoff %3 57491 1 act=1 39x24 L=41 T=0 R=79 B=23 wact=0 zoom=0
@0 smoke 80x24 zoom=1 layout=8205,80x24,0,0{40x24,0,0,0,39x24,41,0,1}
@1 handoff 80x24 zoom=0 layout=820e,80x24,0,0{40x24,0,0,2,39x24,41,0,3}
client-63066 unknown 80x flags=attached,focused,control-mode,UTF-8
client-detached[1000] if-shell -F -t "=$0:.%0" "#{window_zoomed_flag}" "resize-pane -Z -t =$0:.%0" ; set-hook -u -t "=$0:" client-detached[1000] ; set-hook -u -t "=$0:" client-session-changed[1000]
client-session-changed[1000] if-shell -F -t "=$0:.%0" "#{window_zoomed_flag}" "resize-pane -Z -t =$0:.%0" ; set-hook -u -t "=$0:" client-detached[1000] ; set-hook -u -t "=$0:" client-session-changed[1000]
--- 15:23:48.699774406
@0 smoke %0 57471 0 act=1 80x24 L=0 T=0 R=79 B=23 wact=1 zoom=1
@0 smoke %1 57475 1 act=0 39x24 L=41 T=0 R=79 B=23 wact=1 zoom=1
@1 handoff %2 57483 0 act=0 40x24 L=0 T=0 R=39 B=23 wact=0 zoom=0
@1 handoff %3 57491 1 act=1 39x24 L=41 T=0 R=79 B=23 wact=0 zoom=0
@0 smoke 80x24 zoom=1 layout=8205,80x24,0,0{40x24,0,0,0,39x24,41,0,1}
@1 handoff 80x24 zoom=0 layout=820e,80x24,0,0{40x24,0,0,2,39x24,41,0,3}
client-63066 unknown 80x flags=attached,focused,control-mode,UTF-8
client-detached[1000] if-shell -F -t "=$0:.%0" "#{window_zoomed_flag}" "resize-pane -Z -t =$0:.%0" ; set-hook -u -t "=$0:" client-detached[1000] ; set-hook -u -t "=$0:" client-session-changed[1000]
client-session-changed[1000] if-shell -F -t "=$0:.%0" "#{window_zoomed_flag}" "resize-pane -Z -t =$0:.%0" ; set-hook -u -t "=$0:" client-detached[1000] ; set-hook -u -t "=$0:" client-session-changed[1000]
--- 15:23:50.227006413
@0 smoke %0 57471 0 act=1 80x24 L=0 T=0 R=79 B=23 wact=1 zoom=1
@0 smoke %1 57475 1 act=0 39x24 L=41 T=0 R=79 B=23 wact=1 zoom=1
@1 handoff %2 57483 0 act=0 40x24 L=0 T=0 R=39 B=23 wact=0 zoom=0
@1 handoff %3 57491 1 act=1 39x24 L=41 T=0 R=79 B=23 wact=0 zoom=0
@0 smoke 80x24 zoom=1 layout=8205,80x24,0,0{40x24,0,0,0,39x24,41,0,1}
@1 handoff 80x24 zoom=0 layout=820e,80x24,0,0{40x24,0,0,2,39x24,41,0,3}
client-63066 unknown 80x flags=attached,focused,control-mode,UTF-8
client-detached[1000] if-shell -F -t "=$0:.%0" "#{window_zoomed_flag}" "resize-pane -Z -t =$0:.%0" ; set-hook -u -t "=$0:" client-detached[1000] ; set-hook -u -t "=$0:" client-session-changed[1000]
client-session-changed[1000] if-shell -F -t "=$0:.%0" "#{window_zoomed_flag}" "resize-pane -Z -t =$0:.%0" ; set-hook -u -t "=$0:" client-detached[1000] ; set-hook -u -t "=$0:" client-session-changed[1000]
--- 15:23:51.739922045
@0 smoke %0 57471 0 act=1 80x24 L=0 T=0 R=79 B=23 wact=1 zoom=1
@0 smoke %1 57475 1 act=0 39x24 L=41 T=0 R=79 B=23 wact=1 zoom=1
@1 handoff %2 57483 0 act=0 40x24 L=0 T=0 R=39 B=23 wact=0 zoom=0
@1 handoff %3 57491 1 act=1 39x24 L=41 T=0 R=79 B=23 wact=0 zoom=0
@0 smoke 80x24 zoom=1 layout=8205,80x24,0,0{40x24,0,0,0,39x24,41,0,1}
@1 handoff 80x24 zoom=0 layout=820e,80x24,0,0{40x24,0,0,2,39x24,41,0,3}
client-63066 unknown 80x flags=attached,focused,control-mode,UTF-8
client-detached[1000] if-shell -F -t "=$0:.%0" "#{window_zoomed_flag}" "resize-pane -Z -t =$0:.%0" ; set-hook -u -t "=$0:" client-detached[1000] ; set-hook -u -t "=$0:" client-session-changed[1000]
client-session-changed[1000] if-shell -F -t "=$0:.%0" "#{window_zoomed_flag}" "resize-pane -Z -t =$0:.%0" ; set-hook -u -t "=$0:" client-detached[1000] ; set-hook -u -t "=$0:" client-session-changed[1000]
--- 15:23:53.252844190
@0 smoke %0 57471 0 act=1 80x24 L=0 T=0 R=79 B=23 wact=1 zoom=1
@0 smoke %1 57475 1 act=0 39x24 L=41 T=0 R=79 B=23 wact=1 zoom=1
@1 handoff %2 57483 0 act=0 40x24 L=0 T=0 R=39 B=23 wact=0 zoom=0
@1 handoff %3 57491 1 act=1 39x24 L=41 T=0 R=79 B=23 wact=0 zoom=0
@0 smoke 80x24 zoom=1 layout=8205,80x24,0,0{40x24,0,0,0,39x24,41,0,1}
@1 handoff 80x24 zoom=0 layout=820e,80x24,0,0{40x24,0,0,2,39x24,41,0,3}
client-63066 unknown 80x flags=attached,focused,control-mode,UTF-8
client-detached[1000] if-shell -F -t "=$0:.%0" "#{window_zoomed_flag}" "resize-pane -Z -t =$0:.%0" ; set-hook -u -t "=$0:" client-detached[1000] ; set-hook -u -t "=$0:" client-session-changed[1000]
client-session-changed[1000] if-shell -F -t "=$0:.%0" "#{window_zoomed_flag}" "resize-pane -Z -t =$0:.%0" ; set-hook -u -t "=$0:" client-detached[1000] ; set-hook -u -t "=$0:" client-session-changed[1000]
--- 15:23:54.774334859
@0 smoke %0 57471 0 act=1 80x24 L=0 T=0 R=79 B=23 wact=1 zoom=1
@0 smoke %1 57475 1 act=0 39x24 L=41 T=0 R=79 B=23 wact=1 zoom=1
@1 handoff %2 57483 0 act=0 40x24 L=0 T=0 R=39 B=23 wact=0 zoom=0
@1 handoff %3 57491 1 act=1 39x24 L=41 T=0 R=79 B=23 wact=0 zoom=0
@0 smoke 80x24 zoom=1 layout=8205,80x24,0,0{40x24,0,0,0,39x24,41,0,1}
@1 handoff 80x24 zoom=0 layout=820e,80x24,0,0{40x24,0,0,2,39x24,41,0,3}
client-63066 unknown 80x flags=attached,focused,control-mode,UTF-8
client-detached[1000] if-shell -F -t "=$0:.%0" "#{window_zoomed_flag}" "resize-pane -Z -t =$0:.%0" ; set-hook -u -t "=$0:" client-detached[1000] ; set-hook -u -t "=$0:" client-session-changed[1000]
client-session-changed[1000] if-shell -F -t "=$0:.%0" "#{window_zoomed_flag}" "resize-pane -Z -t =$0:.%0" ; set-hook -u -t "=$0:" client-detached[1000] ; set-hook -u -t "=$0:" client-session-changed[1000]
--- 15:23:56.309065049
@0 smoke %0 57471 0 act=1 80x24 L=0 T=0 R=79 B=23 wact=1 zoom=1
@0 smoke %1 57475 1 act=0 39x24 L=41 T=0 R=79 B=23 wact=1 zoom=1
@1 handoff %2 57483 0 act=0 40x24 L=0 T=0 R=39 B=23 wact=0 zoom=0
@1 handoff %3 57491 1 act=1 39x24 L=41 T=0 R=79 B=23 wact=0 zoom=0
@0 smoke 80x24 zoom=1 layout=8205,80x24,0,0{40x24,0,0,0,39x24,41,0,1}
@1 handoff 80x24 zoom=0 layout=820e,80x24,0,0{40x24,0,0,2,39x24,41,0,3}
client-63066 unknown 80x flags=attached,focused,control-mode,UTF-8
client-detached[1000] if-shell -F -t "=$0:.%0" "#{window_zoomed_flag}" "resize-pane -Z -t =$0:.%0" ; set-hook -u -t "=$0:" client-detached[1000] ; set-hook -u -t "=$0:" client-session-changed[1000]
client-session-changed[1000] if-shell -F -t "=$0:.%0" "#{window_zoomed_flag}" "resize-pane -Z -t =$0:.%0" ; set-hook -u -t "=$0:" client-detached[1000] ; set-hook -u -t "=$0:" client-session-changed[1000]
--- 15:23:57.854054531
@0 smoke %0 57471 0 act=1 80x24 L=0 T=0 R=79 B=23 wact=1 zoom=1
@0 smoke %1 57475 1 act=0 39x24 L=41 T=0 R=79 B=23 wact=1 zoom=1
@1 handoff %2 57483 0 act=0 40x24 L=0 T=0 R=39 B=23 wact=0 zoom=0
@1 handoff %3 57491 1 act=1 39x24 L=41 T=0 R=79 B=23 wact=0 zoom=0
@0 smoke 80x24 zoom=1 layout=8205,80x24,0,0{40x24,0,0,0,39x24,41,0,1}
@1 handoff 80x24 zoom=0 layout=820e,80x24,0,0{40x24,0,0,2,39x24,41,0,3}
client-63066 unknown 80x flags=attached,focused,control-mode,UTF-8
client-detached[1000] if-shell -F -t "=$0:.%0" "#{window_zoomed_flag}" "resize-pane -Z -t =$0:.%0" ; set-hook -u -t "=$0:" client-detached[1000] ; set-hook -u -t "=$0:" client-session-changed[1000]
client-session-changed[1000] if-shell -F -t "=$0:.%0" "#{window_zoomed_flag}" "resize-pane -Z -t =$0:.%0" ; set-hook -u -t "=$0:" client-detached[1000] ; set-hook -u -t "=$0:" client-session-changed[1000]
--- 15:23:59.395086163
@0 smoke %0 57471 0 act=1 80x24 L=0 T=0 R=79 B=23 wact=1 zoom=1
@0 smoke %1 57475 1 act=0 39x24 L=41 T=0 R=79 B=23 wact=1 zoom=1
@1 handoff %2 57483 0 act=0 40x24 L=0 T=0 R=39 B=23 wact=0 zoom=0
@1 handoff %3 57491 1 act=1 39x24 L=41 T=0 R=79 B=23 wact=0 zoom=0
@0 smoke 80x24 zoom=1 layout=8205,80x24,0,0{40x24,0,0,0,39x24,41,0,1}
@1 handoff 80x24 zoom=0 layout=820e,80x24,0,0{40x24,0,0,2,39x24,41,0,3}
client-63066 unknown 80x flags=attached,focused,control-mode,UTF-8
client-detached[1000] if-shell -F -t "=$0:.%0" "#{window_zoomed_flag}" "resize-pane -Z -t =$0:.%0" ; set-hook -u -t "=$0:" client-detached[1000] ; set-hook -u -t "=$0:" client-session-changed[1000]
client-session-changed[1000] if-shell -F -t "=$0:.%0" "#{window_zoomed_flag}" "resize-pane -Z -t =$0:.%0" ; set-hook -u -t "=$0:" client-detached[1000] ; set-hook -u -t "=$0:" client-session-changed[1000]
--- 15:24:00.925155330
@0 smoke %0 57471 0 act=1 40x24 L=0 T=0 R=39 B=23 wact=1 zoom=0
@0 smoke %1 57475 1 act=0 39x24 L=41 T=0 R=79 B=23 wact=1 zoom=0
@1 handoff %2 57483 0 act=0 40x24 L=0 T=0 R=39 B=23 wact=0 zoom=0
@1 handoff %3 57491 1 act=1 39x24 L=41 T=0 R=79 B=23 wact=0 zoom=0
@0 smoke 80x24 zoom=0 layout=8205,80x24,0,0{40x24,0,0,0,39x24,41,0,1}
@1 handoff 80x24 zoom=0 layout=820e,80x24,0,0{40x24,0,0,2,39x24,41,0,3}
client-63066 unknown 80x flags=attached,focused,control-mode,UTF-8
client-detached
client-session-changed
--- 15:24:02.439216707
@0 smoke %0 57471 0 act=1 40x24 L=0 T=0 R=39 B=23 wact=1 zoom=0
@0 smoke %1 57475 1 act=0 39x24 L=41 T=0 R=79 B=23 wact=1 zoom=0
@1 handoff %2 57483 0 act=0 40x24 L=0 T=0 R=39 B=23 wact=0 zoom=0
@1 handoff %3 57491 1 act=1 39x24 L=41 T=0 R=79 B=23 wact=0 zoom=0
@0 smoke 80x24 zoom=0 layout=8205,80x24,0,0{40x24,0,0,0,39x24,41,0,1}
@1 handoff 80x24 zoom=0 layout=820e,80x24,0,0{40x24,0,0,2,39x24,41,0,3}
client-63066 unknown 80x flags=attached,focused,control-mode,UTF-8
client-detached
client-session-changed
--- 15:24:03.952656342
@0 smoke %0 57471 0 act=1 40x24 L=0 T=0 R=39 B=23 wact=1 zoom=0
@0 smoke %1 57475 1 act=0 39x24 L=41 T=0 R=79 B=23 wact=1 zoom=0
@1 handoff %2 57483 0 act=0 40x24 L=0 T=0 R=39 B=23 wact=0 zoom=0
@1 handoff %3 57491 1 act=1 39x24 L=41 T=0 R=79 B=23 wact=0 zoom=0
@0 smoke 80x24 zoom=0 layout=8205,80x24,0,0{40x24,0,0,0,39x24,41,0,1}
@1 handoff 80x24 zoom=0 layout=820e,80x24,0,0{40x24,0,0,2,39x24,41,0,3}
client-63066 unknown 80x flags=attached,focused,control-mode,UTF-8
client-detached
client-session-changed
--- 15:24:05.466241749
@0 smoke %0 57471 0 act=1 40x24 L=0 T=0 R=39 B=23 wact=1 zoom=0
@0 smoke %1 57475 1 act=0 39x24 L=41 T=0 R=79 B=23 wact=1 zoom=0
@1 handoff %2 57483 0 act=0 40x24 L=0 T=0 R=39 B=23 wact=0 zoom=0
@1 handoff %3 57491 1 act=1 39x24 L=41 T=0 R=79 B=23 wact=0 zoom=0
@0 smoke 80x24 zoom=0 layout=8205,80x24,0,0{40x24,0,0,0,39x24,41,0,1}
@1 handoff 80x24 zoom=0 layout=820e,80x24,0,0{40x24,0,0,2,39x24,41,0,3}
client-detached
client-session-changed
--- 15:24:06.979962272
@0 smoke %0 57471 0 act=1 40x24 L=0 T=0 R=39 B=23 wact=1 zoom=0
@0 smoke %1 57475 1 act=0 39x24 L=41 T=0 R=79 B=23 wact=1 zoom=0
@1 handoff %2 57483 0 act=0 40x24 L=0 T=0 R=39 B=23 wact=0 zoom=0
@1 handoff %3 57491 1 act=1 39x24 L=41 T=0 R=79 B=23 wact=0 zoom=0
@0 smoke 80x24 zoom=0 layout=8205,80x24,0,0{40x24,0,0,0,39x24,41,0,1}
@1 handoff 80x24 zoom=0 layout=820e,80x24,0,0{40x24,0,0,2,39x24,41,0,3}
client-detached
client-session-changed
--- 15:24:08.493481320
@0 smoke %0 57471 0 act=1 40x24 L=0 T=0 R=39 B=23 wact=1 zoom=0
@0 smoke %1 57475 1 act=0 39x24 L=41 T=0 R=79 B=23 wact=1 zoom=0
@1 handoff %2 57483 0 act=0 40x24 L=0 T=0 R=39 B=23 wact=0 zoom=0
@1 handoff %3 57491 1 act=1 39x24 L=41 T=0 R=79 B=23 wact=0 zoom=0
@0 smoke 80x24 zoom=0 layout=8205,80x24,0,0{40x24,0,0,0,39x24,41,0,1}
@1 handoff 80x24 zoom=0 layout=820e,80x24,0,0{40x24,0,0,2,39x24,41,0,3}
client-detached
client-session-changed
--- 15:24:10.007234257
@0 smoke %0 57471 0 act=1 40x24 L=0 T=0 R=39 B=23 wact=1 zoom=0
@0 smoke %1 57475 1 act=0 39x24 L=41 T=0 R=79 B=23 wact=1 zoom=0
@1 handoff %2 57483 0 act=0 40x24 L=0 T=0 R=39 B=23 wact=0 zoom=0
@1 handoff %3 57491 1 act=1 39x24 L=41 T=0 R=79 B=23 wact=0 zoom=0
@0 smoke 80x24 zoom=0 layout=8205,80x24,0,0{40x24,0,0,0,39x24,41,0,1}
@1 handoff 80x24 zoom=0 layout=820e,80x24,0,0{40x24,0,0,2,39x24,41,0,3}
client-detached
client-session-changed
--- 15:24:11.520505907
@0 smoke %0 57471 0 act=1 40x24 L=0 T=0 R=39 B=23 wact=1 zoom=0
@0 smoke %1 57475 1 act=0 39x24 L=41 T=0 R=79 B=23 wact=1 zoom=0
@1 handoff %2 57483 0 act=0 40x24 L=0 T=0 R=39 B=23 wact=0 zoom=0
@1 handoff %3 57491 1 act=1 39x24 L=41 T=0 R=79 B=23 wact=0 zoom=0
@0 smoke 80x24 zoom=0 layout=8205,80x24,0,0{40x24,0,0,0,39x24,41,0,1}
@1 handoff 80x24 zoom=0 layout=820e,80x24,0,0{40x24,0,0,2,39x24,41,0,3}
client-detached
client-session-changed
--- 15:24:13.035176836
@0 smoke %0 57471 0 act=1 40x24 L=0 T=0 R=39 B=23 wact=1 zoom=0
@0 smoke %1 57475 1 act=0 39x24 L=41 T=0 R=79 B=23 wact=1 zoom=0
@1 handoff %2 57483 0 act=0 40x24 L=0 T=0 R=39 B=23 wact=0 zoom=0
@1 handoff %3 57491 1 act=1 39x24 L=41 T=0 R=79 B=23 wact=0 zoom=0
@0 smoke 80x24 zoom=0 layout=8205,80x24,0,0{40x24,0,0,0,39x24,41,0,1}
@1 handoff 80x24 zoom=0 layout=820e,80x24,0,0{40x24,0,0,2,39x24,41,0,3}
client-detached
client-session-changed
--- 15:24:14.561415464
@0 smoke %0 57471 0 act=1 40x24 L=0 T=0 R=39 B=23 wact=1 zoom=0
@0 smoke %1 57475 1 act=0 39x24 L=41 T=0 R=79 B=23 wact=1 zoom=0
@1 handoff %2 57483 0 act=0 40x24 L=0 T=0 R=39 B=23 wact=0 zoom=0
@1 handoff %3 57491 1 act=1 39x24 L=41 T=0 R=79 B=23 wact=0 zoom=0
@0 smoke 80x24 zoom=0 layout=8205,80x24,0,0{40x24,0,0,0,39x24,41,0,1}
@1 handoff 80x24 zoom=0 layout=820e,80x24,0,0{40x24,0,0,2,39x24,41,0,3}
client-detached
client-session-changed
--- 15:24:16.084885632
@0 smoke %0 57471 0 act=1 40x24 L=0 T=0 R=39 B=23 wact=1 zoom=0
@0 smoke %1 57475 1 act=0 39x24 L=41 T=0 R=79 B=23 wact=1 zoom=0
@1 handoff %2 57483 0 act=0 40x24 L=0 T=0 R=39 B=23 wact=0 zoom=0
@1 handoff %3 57491 1 act=1 39x24 L=41 T=0 R=79 B=23 wact=0 zoom=0
@0 smoke 80x24 zoom=0 layout=8205,80x24,0,0{40x24,0,0,0,39x24,41,0,1}
@1 handoff 80x24 zoom=0 layout=820e,80x24,0,0{40x24,0,0,2,39x24,41,0,3}
client-detached
client-session-changed
--- 15:24:17.597606059
@0 smoke %0 57471 0 act=1 40x24 L=0 T=0 R=39 B=23 wact=1 zoom=0
@0 smoke %1 57475 1 act=0 39x24 L=41 T=0 R=79 B=23 wact=1 zoom=0
@1 handoff %2 57483 0 act=0 40x24 L=0 T=0 R=39 B=23 wact=0 zoom=0
@1 handoff %3 57491 1 act=1 39x24 L=41 T=0 R=79 B=23 wact=0 zoom=0
@0 smoke 80x24 zoom=0 layout=8205,80x24,0,0{40x24,0,0,0,39x24,41,0,1}
@1 handoff 80x24 zoom=0 layout=820e,80x24,0,0{40x24,0,0,2,39x24,41,0,3}
client-detached
client-session-changed
--- 15:24:19.110522706
@0 smoke %0 57471 0 act=1 40x24 L=0 T=0 R=39 B=23 wact=1 zoom=0
@0 smoke %1 57475 1 act=0 39x24 L=41 T=0 R=79 B=23 wact=1 zoom=0
@1 handoff %2 57483 0 act=0 40x24 L=0 T=0 R=39 B=23 wact=0 zoom=0
@1 handoff %3 57491 1 act=1 39x24 L=41 T=0 R=79 B=23 wact=0 zoom=0
@0 smoke 80x24 zoom=0 layout=8205,80x24,0,0{40x24,0,0,0,39x24,41,0,1}
@1 handoff 80x24 zoom=0 layout=820e,80x24,0,0{40x24,0,0,2,39x24,41,0,3}
client-detached
client-session-changed
--- 15:24:20.623783803
@0 smoke %0 57471 0 act=1 40x24 L=0 T=0 R=39 B=23 wact=1 zoom=0
@0 smoke %1 57475 1 act=0 39x24 L=41 T=0 R=79 B=23 wact=1 zoom=0
@1 handoff %2 57483 0 act=0 40x24 L=0 T=0 R=39 B=23 wact=0 zoom=0
@1 handoff %3 57491 1 act=1 39x24 L=41 T=0 R=79 B=23 wact=0 zoom=0
@0 smoke 80x24 zoom=0 layout=8205,80x24,0,0{40x24,0,0,0,39x24,41,0,1}
@1 handoff 80x24 zoom=0 layout=820e,80x24,0,0{40x24,0,0,2,39x24,41,0,3}
client-detached
client-session-changed
--- 15:24:22.136228927
@0 smoke %0 57471 0 act=1 40x24 L=0 T=0 R=39 B=23 wact=1 zoom=0
@0 smoke %1 57475 1 act=0 39x24 L=41 T=0 R=79 B=23 wact=1 zoom=0
@1 handoff %2 57483 0 act=0 40x24 L=0 T=0 R=39 B=23 wact=0 zoom=0
@1 handoff %3 57491 1 act=1 39x24 L=41 T=0 R=79 B=23 wact=0 zoom=0
@0 smoke 80x24 zoom=0 layout=8205,80x24,0,0{40x24,0,0,0,39x24,41,0,1}
@1 handoff 80x24 zoom=0 layout=820e,80x24,0,0{40x24,0,0,2,39x24,41,0,3}
client-detached
client-session-changed
--- 15:24:23.655266441
@0 smoke %0 57471 0 act=1 40x24 L=0 T=0 R=39 B=23 wact=1 zoom=0
@0 smoke %1 57475 1 act=0 39x24 L=41 T=0 R=79 B=23 wact=1 zoom=0
@1 handoff %2 57483 0 act=0 40x24 L=0 T=0 R=39 B=23 wact=0 zoom=0
@1 handoff %3 57491 1 act=1 39x24 L=41 T=0 R=79 B=23 wact=0 zoom=0
@0 smoke 80x24 zoom=0 layout=8205,80x24,0,0{40x24,0,0,0,39x24,41,0,1}
@1 handoff 80x24 zoom=0 layout=820e,80x24,0,0{40x24,0,0,2,39x24,41,0,3}
client-detached
client-session-changed
--- 15:24:25.189702346
@0 smoke %0 57471 0 act=1 40x24 L=0 T=0 R=39 B=23 wact=1 zoom=0
@0 smoke %1 57475 1 act=0 39x24 L=41 T=0 R=79 B=23 wact=1 zoom=0
@1 handoff %2 57483 0 act=0 40x24 L=0 T=0 R=39 B=23 wact=0 zoom=0
@1 handoff %3 57491 1 act=1 39x24 L=41 T=0 R=79 B=23 wact=0 zoom=0
@0 smoke 80x24 zoom=0 layout=8205,80x24,0,0{40x24,0,0,0,39x24,41,0,1}
@1 handoff 80x24 zoom=0 layout=820e,80x24,0,0{40x24,0,0,2,39x24,41,0,3}
client-detached
client-session-changed
--- 15:24:26.704166622
@0 smoke %0 57471 0 act=1 40x24 L=0 T=0 R=39 B=23 wact=1 zoom=0
@0 smoke %1 57475 1 act=0 39x24 L=41 T=0 R=79 B=23 wact=1 zoom=0
@1 handoff %2 57483 0 act=0 40x24 L=0 T=0 R=39 B=23 wact=0 zoom=0
@1 handoff %3 57491 1 act=1 39x24 L=41 T=0 R=79 B=23 wact=0 zoom=0
@0 smoke 80x24 zoom=0 layout=8205,80x24,0,0{40x24,0,0,0,39x24,41,0,1}
@1 handoff 80x24 zoom=0 layout=820e,80x24,0,0{40x24,0,0,2,39x24,41,0,3}
client-detached
client-session-changed
--- 15:24:28.217967947
@0 smoke %0 57471 0 act=1 40x24 L=0 T=0 R=39 B=23 wact=1 zoom=0
@0 smoke %1 57475 1 act=0 39x24 L=41 T=0 R=79 B=23 wact=1 zoom=0
@1 handoff %2 57483 0 act=0 40x24 L=0 T=0 R=39 B=23 wact=0 zoom=0
@1 handoff %3 57491 1 act=1 39x24 L=41 T=0 R=79 B=23 wact=0 zoom=0
@0 smoke 80x24 zoom=0 layout=8205,80x24,0,0{40x24,0,0,0,39x24,41,0,1}
@1 handoff 80x24 zoom=0 layout=820e,80x24,0,0{40x24,0,0,2,39x24,41,0,3}
client-detached
client-session-changed
--- 15:24:29.730697732
@0 smoke %0 57471 0 act=1 40x24 L=0 T=0 R=39 B=23 wact=1 zoom=0
@0 smoke %1 57475 1 act=0 39x24 L=41 T=0 R=79 B=23 wact=1 zoom=0
@1 handoff %2 57483 0 act=0 40x24 L=0 T=0 R=39 B=23 wact=0 zoom=0
@1 handoff %3 57491 1 act=1 39x24 L=41 T=0 R=79 B=23 wact=0 zoom=0
@0 smoke 80x24 zoom=0 layout=8205,80x24,0,0{40x24,0,0,0,39x24,41,0,1}
@1 handoff 80x24 zoom=0 layout=820e,80x24,0,0{40x24,0,0,2,39x24,41,0,3}
client-detached
client-session-changed
--- 15:24:31.243149520
@0 smoke %0 57471 0 act=1 40x24 L=0 T=0 R=39 B=23 wact=1 zoom=0
@0 smoke %1 57475 1 act=0 39x24 L=41 T=0 R=79 B=23 wact=1 zoom=0
@1 handoff %2 57483 0 act=0 40x24 L=0 T=0 R=39 B=23 wact=0 zoom=0
@1 handoff %3 57491 1 act=1 39x24 L=41 T=0 R=79 B=23 wact=0 zoom=0
@0 smoke 80x24 zoom=0 layout=8205,80x24,0,0{40x24,0,0,0,39x24,41,0,1}
@1 handoff 80x24 zoom=0 layout=820e,80x24,0,0{40x24,0,0,2,39x24,41,0,3}
client-detached
client-session-changed
--- 15:24:32.755887409
@0 smoke %0 57471 0 act=1 40x24 L=0 T=0 R=39 B=23 wact=1 zoom=0
@0 smoke %1 57475 1 act=0 39x24 L=41 T=0 R=79 B=23 wact=1 zoom=0
@1 handoff %2 57483 0 act=0 40x24 L=0 T=0 R=39 B=23 wact=0 zoom=0
@1 handoff %3 57491 1 act=1 39x24 L=41 T=0 R=79 B=23 wact=0 zoom=0
@0 smoke 80x24 zoom=0 layout=8205,80x24,0,0{40x24,0,0,0,39x24,41,0,1}
@1 handoff 80x24 zoom=0 layout=820e,80x24,0,0{40x24,0,0,2,39x24,41,0,3}
client-detached
client-session-changed
--- 15:24:34.268787021
@0 smoke %0 57471 0 act=1 40x24 L=0 T=0 R=39 B=23 wact=1 zoom=0
@0 smoke %1 57475 1 act=0 39x24 L=41 T=0 R=79 B=23 wact=1 zoom=0
@1 handoff %2 57483 0 act=0 40x24 L=0 T=0 R=39 B=23 wact=0 zoom=0
@1 handoff %3 57491 1 act=1 39x24 L=41 T=0 R=79 B=23 wact=0 zoom=0
@0 smoke 80x24 zoom=0 layout=8205,80x24,0,0{40x24,0,0,0,39x24,41,0,1}
@1 handoff 80x24 zoom=0 layout=820e,80x24,0,0{40x24,0,0,2,39x24,41,0,3}
client-detached
client-session-changed
--- 15:24:35.782484836
@0 smoke %0 57471 0 act=1 40x24 L=0 T=0 R=39 B=23 wact=1 zoom=0
@0 smoke %1 57475 1 act=0 39x24 L=41 T=0 R=79 B=23 wact=1 zoom=0
@1 handoff %2 57483 0 act=0 40x24 L=0 T=0 R=39 B=23 wact=0 zoom=0
@1 handoff %3 57491 1 act=1 39x24 L=41 T=0 R=79 B=23 wact=0 zoom=0
@0 smoke 80x24 zoom=0 layout=8205,80x24,0,0{40x24,0,0,0,39x24,41,0,1}
@1 handoff 80x24 zoom=0 layout=820e,80x24,0,0{40x24,0,0,2,39x24,41,0,3}
client-detached
client-session-changed
--- 15:24:37.296284879
@0 smoke %0 57471 0 act=1 40x24 L=0 T=0 R=39 B=23 wact=1 zoom=0
@0 smoke %1 57475 1 act=0 39x24 L=41 T=0 R=79 B=23 wact=1 zoom=0
@1 handoff %2 57483 0 act=0 40x24 L=0 T=0 R=39 B=23 wact=0 zoom=0
@1 handoff %3 57491 1 act=1 39x24 L=41 T=0 R=79 B=23 wact=0 zoom=0
@0 smoke 80x24 zoom=0 layout=8205,80x24,0,0{40x24,0,0,0,39x24,41,0,1}
@1 handoff 80x24 zoom=0 layout=820e,80x24,0,0{40x24,0,0,2,39x24,41,0,3}
client-detached
client-session-changed
--- 15:24:38.810087229
@0 smoke %0 57471 0 act=1 40x24 L=0 T=0 R=39 B=23 wact=1 zoom=0
@0 smoke %1 57475 1 act=0 39x24 L=41 T=0 R=79 B=23 wact=1 zoom=0
@1 handoff %2 57483 0 act=0 40x24 L=0 T=0 R=39 B=23 wact=0 zoom=0
@1 handoff %3 57491 1 act=1 39x24 L=41 T=0 R=79 B=23 wact=0 zoom=0
@0 smoke 80x24 zoom=0 layout=8205,80x24,0,0{40x24,0,0,0,39x24,41,0,1}
@1 handoff 80x24 zoom=0 layout=820e,80x24,0,0{40x24,0,0,2,39x24,41,0,3}
client-detached
client-session-changed
--- 15:24:40.323192630
@0 smoke %0 57471 0 act=1 40x24 L=0 T=0 R=39 B=23 wact=1 zoom=0
@0 smoke %1 57475 1 act=0 39x24 L=41 T=0 R=79 B=23 wact=1 zoom=0
@1 handoff %2 57483 0 act=0 40x24 L=0 T=0 R=39 B=23 wact=0 zoom=0
@1 handoff %3 57491 1 act=1 39x24 L=41 T=0 R=79 B=23 wact=0 zoom=0
@0 smoke 80x24 zoom=0 layout=8205,80x24,0,0{40x24,0,0,0,39x24,41,0,1}
@1 handoff 80x24 zoom=0 layout=820e,80x24,0,0{40x24,0,0,2,39x24,41,0,3}
client-detached
client-session-changed
--- 15:24:41.843608605
@0 smoke %0 57471 0 act=1 40x24 L=0 T=0 R=39 B=23 wact=1 zoom=0
@0 smoke %1 57475 1 act=0 39x24 L=41 T=0 R=79 B=23 wact=1 zoom=0
@1 handoff %2 57483 0 act=0 40x24 L=0 T=0 R=39 B=23 wact=0 zoom=0
@1 handoff %3 57491 1 act=1 39x24 L=41 T=0 R=79 B=23 wact=0 zoom=0
@0 smoke 80x24 zoom=0 layout=8205,80x24,0,0{40x24,0,0,0,39x24,41,0,1}
@1 handoff 80x24 zoom=0 layout=820e,80x24,0,0{40x24,0,0,2,39x24,41,0,3}
client-detached
client-session-changed
--- 15:24:43.360089424
@0 smoke %0 57471 0 act=1 40x24 L=0 T=0 R=39 B=23 wact=1 zoom=0
@0 smoke %1 57475 1 act=0 39x24 L=41 T=0 R=79 B=23 wact=1 zoom=0
@1 handoff %2 57483 0 act=0 40x24 L=0 T=0 R=39 B=23 wact=0 zoom=0
@1 handoff %3 57491 1 act=1 39x24 L=41 T=0 R=79 B=23 wact=0 zoom=0
@0 smoke 80x24 zoom=0 layout=8205,80x24,0,0{40x24,0,0,0,39x24,41,0,1}
@1 handoff 80x24 zoom=0 layout=820e,80x24,0,0{40x24,0,0,2,39x24,41,0,3}
client-detached
client-session-changed
--- 15:24:44.875457016
@0 smoke %0 57471 0 act=1 40x24 L=0 T=0 R=39 B=23 wact=1 zoom=0
@0 smoke %1 57475 1 act=0 39x24 L=41 T=0 R=79 B=23 wact=1 zoom=0
@1 handoff %2 57483 0 act=0 40x24 L=0 T=0 R=39 B=23 wact=0 zoom=0
@1 handoff %3 57491 1 act=1 39x24 L=41 T=0 R=79 B=23 wact=0 zoom=0
@0 smoke 80x24 zoom=0 layout=8205,80x24,0,0{40x24,0,0,0,39x24,41,0,1}
@1 handoff 80x24 zoom=0 layout=820e,80x24,0,0{40x24,0,0,2,39x24,41,0,3}
client-detached
client-session-changed
--- 15:24:46.395513967
@0 smoke %0 57471 0 act=1 40x24 L=0 T=0 R=39 B=23 wact=1 zoom=0
@0 smoke %1 57475 1 act=0 39x24 L=41 T=0 R=79 B=23 wact=1 zoom=0
@1 handoff %2 57483 0 act=0 40x24 L=0 T=0 R=39 B=23 wact=0 zoom=0
@1 handoff %3 57491 1 act=1 39x24 L=41 T=0 R=79 B=23 wact=0 zoom=0
@0 smoke 80x24 zoom=0 layout=8205,80x24,0,0{40x24,0,0,0,39x24,41,0,1}
@1 handoff 80x24 zoom=0 layout=820e,80x24,0,0{40x24,0,0,2,39x24,41,0,3}
client-detached
client-session-changed
--- 15:24:47.908709594
@0 smoke %0 57471 0 act=1 40x24 L=0 T=0 R=39 B=23 wact=1 zoom=0
@0 smoke %1 57475 1 act=0 39x24 L=41 T=0 R=79 B=23 wact=1 zoom=0
@1 handoff %2 57483 0 act=0 40x24 L=0 T=0 R=39 B=23 wact=0 zoom=0
@1 handoff %3 57491 1 act=1 39x24 L=41 T=0 R=79 B=23 wact=0 zoom=0
@0 smoke 80x24 zoom=0 layout=8205,80x24,0,0{40x24,0,0,0,39x24,41,0,1}
@1 handoff 80x24 zoom=0 layout=820e,80x24,0,0{40x24,0,0,2,39x24,41,0,3}
client-detached
client-session-changed
--- 15:24:49.423293804
@0 smoke %0 57471 0 act=1 40x24 L=0 T=0 R=39 B=23 wact=1 zoom=0
@0 smoke %1 57475 1 act=0 39x24 L=41 T=0 R=79 B=23 wact=1 zoom=0
@1 handoff %2 57483 0 act=0 40x24 L=0 T=0 R=39 B=23 wact=0 zoom=0
@1 handoff %3 57491 1 act=1 39x24 L=41 T=0 R=79 B=23 wact=0 zoom=0
@0 smoke 80x24 zoom=0 layout=8205,80x24,0,0{40x24,0,0,0,39x24,41,0,1}
@1 handoff 80x24 zoom=0 layout=820e,80x24,0,0{40x24,0,0,2,39x24,41,0,3}
client-detached
client-session-changed
--- 15:24:50.936236177
@0 smoke %0 57471 0 act=1 40x24 L=0 T=0 R=39 B=23 wact=1 zoom=0
@0 smoke %1 57475 1 act=0 39x24 L=41 T=0 R=79 B=23 wact=1 zoom=0
@1 handoff %2 57483 0 act=0 40x24 L=0 T=0 R=39 B=23 wact=0 zoom=0
@1 handoff %3 57491 1 act=1 39x24 L=41 T=0 R=79 B=23 wact=0 zoom=0
@0 smoke 80x24 zoom=0 layout=8205,80x24,0,0{40x24,0,0,0,39x24,41,0,1}
@1 handoff 80x24 zoom=0 layout=820e,80x24,0,0{40x24,0,0,2,39x24,41,0,3}
client-detached
client-session-changed
--- 15:24:52.449010235
@0 smoke %0 57471 0 act=1 40x24 L=0 T=0 R=39 B=23 wact=1 zoom=0
@0 smoke %1 57475 1 act=0 39x24 L=41 T=0 R=79 B=23 wact=1 zoom=0
@1 handoff %2 57483 0 act=0 40x24 L=0 T=0 R=39 B=23 wact=0 zoom=0
@1 handoff %3 57491 1 act=1 39x24 L=41 T=0 R=79 B=23 wact=0 zoom=0
@0 smoke 80x24 zoom=0 layout=8205,80x24,0,0{40x24,0,0,0,39x24,41,0,1}
@1 handoff 80x24 zoom=0 layout=820e,80x24,0,0{40x24,0,0,2,39x24,41,0,3}
client-detached
client-session-changed
--- 15:24:53.961873278
@0 smoke %0 57471 0 act=1 40x24 L=0 T=0 R=39 B=23 wact=1 zoom=0
@0 smoke %1 57475 1 act=0 39x24 L=41 T=0 R=79 B=23 wact=1 zoom=0
@1 handoff %2 57483 0 act=0 40x24 L=0 T=0 R=39 B=23 wact=0 zoom=0
@1 handoff %3 57491 1 act=1 39x24 L=41 T=0 R=79 B=23 wact=0 zoom=0
@0 smoke 80x24 zoom=0 layout=8205,80x24,0,0{40x24,0,0,0,39x24,41,0,1}
@1 handoff 80x24 zoom=0 layout=820e,80x24,0,0{40x24,0,0,2,39x24,41,0,3}
client-detached
client-session-changed
--- 15:24:55.474553694
@0 smoke %0 57471 0 act=1 40x24 L=0 T=0 R=39 B=23 wact=1 zoom=0
@0 smoke %1 57475 1 act=0 39x24 L=41 T=0 R=79 B=23 wact=1 zoom=0
@1 handoff %2 57483 0 act=0 40x24 L=0 T=0 R=39 B=23 wact=0 zoom=0
@1 handoff %3 57491 1 act=1 39x24 L=41 T=0 R=79 B=23 wact=0 zoom=0
@0 smoke 80x24 zoom=0 layout=8205,80x24,0,0{40x24,0,0,0,39x24,41,0,1}
@1 handoff 80x24 zoom=0 layout=820e,80x24,0,0{40x24,0,0,2,39x24,41,0,3}
client-detached
client-session-changed
--- 15:24:56.987163060
@0 smoke %0 57471 0 act=1 40x24 L=0 T=0 R=39 B=23 wact=1 zoom=0
@0 smoke %1 57475 1 act=0 39x24 L=41 T=0 R=79 B=23 wact=1 zoom=0
@1 handoff %2 57483 0 act=0 40x24 L=0 T=0 R=39 B=23 wact=0 zoom=0
@1 handoff %3 57491 1 act=1 39x24 L=41 T=0 R=79 B=23 wact=0 zoom=0
@0 smoke 80x24 zoom=0 layout=8205,80x24,0,0{40x24,0,0,0,39x24,41,0,1}
@1 handoff 80x24 zoom=0 layout=820e,80x24,0,0{40x24,0,0,2,39x24,41,0,3}
client-detached
client-session-changed
--- 15:24:58.499982912
@0 smoke %0 57471 0 act=1 40x24 L=0 T=0 R=39 B=23 wact=1 zoom=0
@0 smoke %1 57475 1 act=0 39x24 L=41 T=0 R=79 B=23 wact=1 zoom=0
@1 handoff %2 57483 0 act=0 40x24 L=0 T=0 R=39 B=23 wact=0 zoom=0
@1 handoff %3 57491 1 act=1 39x24 L=41 T=0 R=79 B=23 wact=0 zoom=0
@0 smoke 80x24 zoom=0 layout=8205,80x24,0,0{40x24,0,0,0,39x24,41,0,1}
@1 handoff 80x24 zoom=0 layout=820e,80x24,0,0{40x24,0,0,2,39x24,41,0,3}
client-detached
client-session-changed
--- 15:25:00.014103911
@0 smoke %0 57471 0 act=1 40x24 L=0 T=0 R=39 B=23 wact=1 zoom=0
@0 smoke %1 57475 1 act=0 39x24 L=41 T=0 R=79 B=23 wact=1 zoom=0
@1 handoff %2 57483 0 act=0 40x24 L=0 T=0 R=39 B=23 wact=0 zoom=0
@1 handoff %3 57491 1 act=1 39x24 L=41 T=0 R=79 B=23 wact=0 zoom=0
@0 smoke 80x24 zoom=0 layout=8205,80x24,0,0{40x24,0,0,0,39x24,41,0,1}
@1 handoff 80x24 zoom=0 layout=820e,80x24,0,0{40x24,0,0,2,39x24,41,0,3}
client-detached
client-session-changed
--- 15:25:01.528579509
@0 smoke %0 57471 0 act=1 40x24 L=0 T=0 R=39 B=23 wact=1 zoom=0
@0 smoke %1 57475 1 act=0 39x24 L=41 T=0 R=79 B=23 wact=1 zoom=0
@1 handoff %2 57483 0 act=0 40x24 L=0 T=0 R=39 B=23 wact=0 zoom=0
@1 handoff %3 57491 1 act=1 39x24 L=41 T=0 R=79 B=23 wact=0 zoom=0
@0 smoke 80x24 zoom=0 layout=8205,80x24,0,0{40x24,0,0,0,39x24,41,0,1}
@1 handoff 80x24 zoom=0 layout=820e,80x24,0,0{40x24,0,0,2,39x24,41,0,3}
client-detached
client-session-changed
--- 15:25:03.041631745
@0 smoke %0 57471 0 act=1 40x24 L=0 T=0 R=39 B=23 wact=1 zoom=0
@0 smoke %1 57475 1 act=0 39x24 L=41 T=0 R=79 B=23 wact=1 zoom=0
@1 handoff %2 57483 0 act=0 40x24 L=0 T=0 R=39 B=23 wact=0 zoom=0
@1 handoff %3 57491 1 act=1 39x24 L=41 T=0 R=79 B=23 wact=0 zoom=0
@0 smoke 80x24 zoom=0 layout=8205,80x24,0,0{40x24,0,0,0,39x24,41,0,1}
@1 handoff 80x24 zoom=0 layout=820e,80x24,0,0{40x24,0,0,2,39x24,41,0,3}
client-detached
client-session-changed
--- 15:25:04.554318584
@0 smoke %0 57471 0 act=1 40x24 L=0 T=0 R=39 B=23 wact=1 zoom=0
@0 smoke %1 57475 1 act=0 39x24 L=41 T=0 R=79 B=23 wact=1 zoom=0
@1 handoff %2 57483 0 act=0 40x24 L=0 T=0 R=39 B=23 wact=0 zoom=0
@1 handoff %3 57491 1 act=1 39x24 L=41 T=0 R=79 B=23 wact=0 zoom=0
@0 smoke 80x24 zoom=0 layout=8205,80x24,0,0{40x24,0,0,0,39x24,41,0,1}
@1 handoff 80x24 zoom=0 layout=820e,80x24,0,0{40x24,0,0,2,39x24,41,0,3}
client-detached
client-session-changed
--- 15:25:06.066965622
@0 smoke %0 57471 0 act=1 40x24 L=0 T=0 R=39 B=23 wact=1 zoom=0
@0 smoke %1 57475 1 act=0 39x24 L=41 T=0 R=79 B=23 wact=1 zoom=0
@1 handoff %2 57483 0 act=0 40x24 L=0 T=0 R=39 B=23 wact=0 zoom=0
@1 handoff %3 57491 1 act=1 39x24 L=41 T=0 R=79 B=23 wact=0 zoom=0
@0 smoke 80x24 zoom=0 layout=8205,80x24,0,0{40x24,0,0,0,39x24,41,0,1}
@1 handoff 80x24 zoom=0 layout=820e,80x24,0,0{40x24,0,0,2,39x24,41,0,3}
client-detached
client-session-changed
--- 15:25:07.579559263
@0 smoke %0 57471 0 act=1 40x24 L=0 T=0 R=39 B=23 wact=1 zoom=0
@0 smoke %1 57475 1 act=0 39x24 L=41 T=0 R=79 B=23 wact=1 zoom=0
@1 handoff %2 57483 0 act=0 40x24 L=0 T=0 R=39 B=23 wact=0 zoom=0
@1 handoff %3 57491 1 act=1 39x24 L=41 T=0 R=79 B=23 wact=0 zoom=0
@0 smoke 80x24 zoom=0 layout=8205,80x24,0,0{40x24,0,0,0,39x24,41,0,1}
@1 handoff 80x24 zoom=0 layout=820e,80x24,0,0{40x24,0,0,2,39x24,41,0,3}
client-detached
client-session-changed
--- 15:25:09.092406414
@0 smoke %0 57471 0 act=1 40x24 L=0 T=0 R=39 B=23 wact=1 zoom=0
@0 smoke %1 57475 1 act=0 39x24 L=41 T=0 R=79 B=23 wact=1 zoom=0
@1 handoff %2 57483 0 act=0 40x24 L=0 T=0 R=39 B=23 wact=0 zoom=0
@1 handoff %3 57491 1 act=1 39x24 L=41 T=0 R=79 B=23 wact=0 zoom=0
@0 smoke 80x24 zoom=0 layout=8205,80x24,0,0{40x24,0,0,0,39x24,41,0,1}
@1 handoff 80x24 zoom=0 layout=820e,80x24,0,0{40x24,0,0,2,39x24,41,0,3}
client-detached
client-session-changed
--- 15:25:10.607374681
@0 smoke %0 57471 0 act=1 40x24 L=0 T=0 R=39 B=23 wact=1 zoom=0
@0 smoke %1 57475 1 act=0 39x24 L=41 T=0 R=79 B=23 wact=1 zoom=0
@1 handoff %2 57483 0 act=0 40x24 L=0 T=0 R=39 B=23 wact=0 zoom=0
@1 handoff %3 57491 1 act=1 39x24 L=41 T=0 R=79 B=23 wact=0 zoom=0
@0 smoke 80x24 zoom=0 layout=8205,80x24,0,0{40x24,0,0,0,39x24,41,0,1}
@1 handoff 80x24 zoom=0 layout=820e,80x24,0,0{40x24,0,0,2,39x24,41,0,3}
client-detached
client-session-changed
--- 15:25:12.120056776
@0 smoke %0 57471 0 act=1 40x24 L=0 T=0 R=39 B=23 wact=1 zoom=0
@0 smoke %1 57475 1 act=0 39x24 L=41 T=0 R=79 B=23 wact=1 zoom=0
@1 handoff %2 57483 0 act=0 40x24 L=0 T=0 R=39 B=23 wact=0 zoom=0
@1 handoff %3 57491 1 act=1 39x24 L=41 T=0 R=79 B=23 wact=0 zoom=0
@0 smoke 80x24 zoom=0 layout=8205,80x24,0,0{40x24,0,0,0,39x24,41,0,1}
@1 handoff 80x24 zoom=0 layout=820e,80x24,0,0{40x24,0,0,2,39x24,41,0,3}
client-detached
client-session-changed
--- 15:25:13.632837560
@0 smoke %0 57471 0 act=1 40x24 L=0 T=0 R=39 B=23 wact=1 zoom=0
@0 smoke %1 57475 1 act=0 39x24 L=41 T=0 R=79 B=23 wact=1 zoom=0
@1 handoff %2 57483 0 act=0 40x24 L=0 T=0 R=39 B=23 wact=0 zoom=0
@1 handoff %3 57491 1 act=1 39x24 L=41 T=0 R=79 B=23 wact=0 zoom=0
@0 smoke 80x24 zoom=0 layout=8205,80x24,0,0{40x24,0,0,0,39x24,41,0,1}
@1 handoff 80x24 zoom=0 layout=820e,80x24,0,0{40x24,0,0,2,39x24,41,0,3}
client-detached
client-session-changed
--- 15:25:15.145643847
@0 smoke %0 57471 0 act=1 40x24 L=0 T=0 R=39 B=23 wact=1 zoom=0
@0 smoke %1 57475 1 act=0 39x24 L=41 T=0 R=79 B=23 wact=1 zoom=0
@1 handoff %2 57483 0 act=0 40x24 L=0 T=0 R=39 B=23 wact=0 zoom=0
@1 handoff %3 57491 1 act=1 39x24 L=41 T=0 R=79 B=23 wact=0 zoom=0
@0 smoke 80x24 zoom=0 layout=8205,80x24,0,0{40x24,0,0,0,39x24,41,0,1}
@1 handoff 80x24 zoom=0 layout=820e,80x24,0,0{40x24,0,0,2,39x24,41,0,3}
client-detached
client-session-changed
--- 15:25:16.665560845
@0 smoke %0 57471 0 act=1 40x24 L=0 T=0 R=39 B=23 wact=1 zoom=0
@0 smoke %1 57475 1 act=0 39x24 L=41 T=0 R=79 B=23 wact=1 zoom=0
@1 handoff %2 57483 0 act=0 40x24 L=0 T=0 R=39 B=23 wact=0 zoom=0
@1 handoff %3 57491 1 act=1 39x24 L=41 T=0 R=79 B=23 wact=0 zoom=0
@0 smoke 80x24 zoom=0 layout=8205,80x24,0,0{40x24,0,0,0,39x24,41,0,1}
@1 handoff 80x24 zoom=0 layout=820e,80x24,0,0{40x24,0,0,2,39x24,41,0,3}
client-detached
client-session-changed
--- 15:25:18.197186986
@0 smoke %0 57471 0 act=1 40x24 L=0 T=0 R=39 B=23 wact=1 zoom=0
@0 smoke %1 57475 1 act=0 39x24 L=41 T=0 R=79 B=23 wact=1 zoom=0
@1 handoff %2 57483 0 act=0 40x24 L=0 T=0 R=39 B=23 wact=0 zoom=0
@1 handoff %3 57491 1 act=1 39x24 L=41 T=0 R=79 B=23 wact=0 zoom=0
@0 smoke 80x24 zoom=0 layout=8205,80x24,0,0{40x24,0,0,0,39x24,41,0,1}
@1 handoff 80x24 zoom=0 layout=820e,80x24,0,0{40x24,0,0,2,39x24,41,0,3}
client-detached
client-session-changed
--- 15:25:19.710049032
@0 smoke %0 57471 0 act=1 40x24 L=0 T=0 R=39 B=23 wact=1 zoom=0
@0 smoke %1 57475 1 act=0 39x24 L=41 T=0 R=79 B=23 wact=1 zoom=0
@1 handoff %2 57483 0 act=0 40x24 L=0 T=0 R=39 B=23 wact=0 zoom=0
@1 handoff %3 57491 1 act=1 39x24 L=41 T=0 R=79 B=23 wact=0 zoom=0
@0 smoke 80x24 zoom=0 layout=8205,80x24,0,0{40x24,0,0,0,39x24,41,0,1}
@1 handoff 80x24 zoom=0 layout=820e,80x24,0,0{40x24,0,0,2,39x24,41,0,3}
client-detached
client-session-changed
--- 15:25:21.222969355
@0 smoke %0 57471 0 act=1 40x24 L=0 T=0 R=39 B=23 wact=1 zoom=0
@0 smoke %1 57475 1 act=0 39x24 L=41 T=0 R=79 B=23 wact=1 zoom=0
@1 handoff %2 57483 0 act=0 40x24 L=0 T=0 R=39 B=23 wact=0 zoom=0
@1 handoff %3 57491 1 act=1 39x24 L=41 T=0 R=79 B=23 wact=0 zoom=0
@0 smoke 80x24 zoom=0 layout=8205,80x24,0,0{40x24,0,0,0,39x24,41,0,1}
@1 handoff 80x24 zoom=0 layout=820e,80x24,0,0{40x24,0,0,2,39x24,41,0,3}
client-detached
client-session-changed
--- 15:25:22.735871167
@0 smoke %0 57471 0 act=1 40x24 L=0 T=0 R=39 B=23 wact=1 zoom=0
@0 smoke %1 57475 1 act=0 39x24 L=41 T=0 R=79 B=23 wact=1 zoom=0
@1 handoff %2 57483 0 act=0 40x24 L=0 T=0 R=39 B=23 wact=0 zoom=0
@1 handoff %3 57491 1 act=1 39x24 L=41 T=0 R=79 B=23 wact=0 zoom=0
@0 smoke 80x24 zoom=0 layout=8205,80x24,0,0{40x24,0,0,0,39x24,41,0,1}
@1 handoff 80x24 zoom=0 layout=820e,80x24,0,0{40x24,0,0,2,39x24,41,0,3}
client-detached
client-session-changed
--- 15:25:24.248710757
@0 smoke %0 57471 0 act=1 40x24 L=0 T=0 R=39 B=23 wact=1 zoom=0
@0 smoke %1 57475 1 act=0 39x24 L=41 T=0 R=79 B=23 wact=1 zoom=0
@1 handoff %2 57483 0 act=0 40x24 L=0 T=0 R=39 B=23 wact=0 zoom=0
@1 handoff %3 57491 1 act=1 39x24 L=41 T=0 R=79 B=23 wact=0 zoom=0
@0 smoke 80x24 zoom=0 layout=8205,80x24,0,0{40x24,0,0,0,39x24,41,0,1}
@1 handoff 80x24 zoom=0 layout=820e,80x24,0,0{40x24,0,0,2,39x24,41,0,3}
client-detached
client-session-changed
--- 15:25:25.761790270
@0 smoke %0 57471 0 act=1 40x24 L=0 T=0 R=39 B=23 wact=1 zoom=0
@0 smoke %1 57475 1 act=0 39x24 L=41 T=0 R=79 B=23 wact=1 zoom=0
@1 handoff %2 57483 0 act=0 40x24 L=0 T=0 R=39 B=23 wact=0 zoom=0
@1 handoff %3 57491 1 act=1 39x24 L=41 T=0 R=79 B=23 wact=0 zoom=0
@0 smoke 80x24 zoom=0 layout=8205,80x24,0,0{40x24,0,0,0,39x24,41,0,1}
@1 handoff 80x24 zoom=0 layout=820e,80x24,0,0{40x24,0,0,2,39x24,41,0,3}
client-detached
client-session-changed
--- 15:25:27.274692937
@0 smoke %0 57471 0 act=1 40x24 L=0 T=0 R=39 B=23 wact=1 zoom=0
@0 smoke %1 57475 1 act=0 39x24 L=41 T=0 R=79 B=23 wact=1 zoom=0
@1 handoff %2 57483 0 act=0 40x24 L=0 T=0 R=39 B=23 wact=0 zoom=0
@1 handoff %3 57491 1 act=1 39x24 L=41 T=0 R=79 B=23 wact=0 zoom=0
@0 smoke 80x24 zoom=0 layout=8205,80x24,0,0{40x24,0,0,0,39x24,41,0,1}
@1 handoff 80x24 zoom=0 layout=820e,80x24,0,0{40x24,0,0,2,39x24,41,0,3}
client-detached
client-session-changed
--- 15:25:28.787648512
@0 smoke %0 57471 0 act=1 40x24 L=0 T=0 R=39 B=23 wact=1 zoom=0
@0 smoke %1 57475 1 act=0 39x24 L=41 T=0 R=79 B=23 wact=1 zoom=0
@1 handoff %2 57483 0 act=0 40x24 L=0 T=0 R=39 B=23 wact=0 zoom=0
@1 handoff %3 57491 1 act=1 39x24 L=41 T=0 R=79 B=23 wact=0 zoom=0
@0 smoke 80x24 zoom=0 layout=8205,80x24,0,0{40x24,0,0,0,39x24,41,0,1}
@1 handoff 80x24 zoom=0 layout=820e,80x24,0,0{40x24,0,0,2,39x24,41,0,3}
client-detached
client-session-changed
--- 15:25:30.300727190
@0 smoke %0 57471 0 act=1 40x24 L=0 T=0 R=39 B=23 wact=1 zoom=0
@0 smoke %1 57475 1 act=0 39x24 L=41 T=0 R=79 B=23 wact=1 zoom=0
@1 handoff %2 57483 0 act=0 40x24 L=0 T=0 R=39 B=23 wact=0 zoom=0
@1 handoff %3 57491 1 act=1 39x24 L=41 T=0 R=79 B=23 wact=0 zoom=0
@0 smoke 80x24 zoom=0 layout=8205,80x24,0,0{40x24,0,0,0,39x24,41,0,1}
@1 handoff 80x24 zoom=0 layout=820e,80x24,0,0{40x24,0,0,2,39x24,41,0,3}
client-detached
client-session-changed
--- 15:25:31.814854193
@0 smoke %0 57471 0 act=1 40x24 L=0 T=0 R=39 B=23 wact=1 zoom=0
@0 smoke %1 57475 1 act=0 39x24 L=41 T=0 R=79 B=23 wact=1 zoom=0
@1 handoff %2 57483 0 act=0 40x24 L=0 T=0 R=39 B=23 wact=0 zoom=0
@1 handoff %3 57491 1 act=1 39x24 L=41 T=0 R=79 B=23 wact=0 zoom=0
@0 smoke 80x24 zoom=0 layout=8205,80x24,0,0{40x24,0,0,0,39x24,41,0,1}
@1 handoff 80x24 zoom=0 layout=820e,80x24,0,0{40x24,0,0,2,39x24,41,0,3}
client-detached
client-session-changed
--- 15:25:33.327679214
@0 smoke %0 57471 0 act=1 40x24 L=0 T=0 R=39 B=23 wact=1 zoom=0
@0 smoke %1 57475 1 act=0 39x24 L=41 T=0 R=79 B=23 wact=1 zoom=0
@1 handoff %2 57483 0 act=0 40x24 L=0 T=0 R=39 B=23 wact=0 zoom=0
@1 handoff %3 57491 1 act=1 39x24 L=41 T=0 R=79 B=23 wact=0 zoom=0
@0 smoke 80x24 zoom=0 layout=8205,80x24,0,0{40x24,0,0,0,39x24,41,0,1}
@1 handoff 80x24 zoom=0 layout=820e,80x24,0,0{40x24,0,0,2,39x24,41,0,3}
client-detached
client-session-changed
--- 15:25:34.840793000
@0 smoke %0 57471 0 act=1 40x24 L=0 T=0 R=39 B=23 wact=1 zoom=0
@0 smoke %1 57475 1 act=0 39x24 L=41 T=0 R=79 B=23 wact=1 zoom=0
@1 handoff %2 57483 0 act=0 40x24 L=0 T=0 R=39 B=23 wact=0 zoom=0
@1 handoff %3 57491 1 act=1 39x24 L=41 T=0 R=79 B=23 wact=0 zoom=0
@0 smoke 80x24 zoom=0 layout=8205,80x24,0,0{40x24,0,0,0,39x24,41,0,1}
@1 handoff 80x24 zoom=0 layout=820e,80x24,0,0{40x24,0,0,2,39x24,41,0,3}
client-detached
client-session-changed
--- 15:25:36.353896205
@0 smoke %0 57471 0 act=1 40x24 L=0 T=0 R=39 B=23 wact=1 zoom=0
@0 smoke %1 57475 1 act=0 39x24 L=41 T=0 R=79 B=23 wact=1 zoom=0
@1 handoff %2 57483 0 act=0 40x24 L=0 T=0 R=39 B=23 wact=0 zoom=0
@1 handoff %3 57491 1 act=1 39x24 L=41 T=0 R=79 B=23 wact=0 zoom=0
@0 smoke 80x24 zoom=0 layout=8205,80x24,0,0{40x24,0,0,0,39x24,41,0,1}
@1 handoff 80x24 zoom=0 layout=820e,80x24,0,0{40x24,0,0,2,39x24,41,0,3}
client-detached
client-session-changed
--- 15:25:37.867023640
@0 smoke %0 57471 0 act=1 40x24 L=0 T=0 R=39 B=23 wact=1 zoom=0
@0 smoke %1 57475 1 act=0 39x24 L=41 T=0 R=79 B=23 wact=1 zoom=0
@1 handoff %2 57483 0 act=0 40x24 L=0 T=0 R=39 B=23 wact=0 zoom=0
@1 handoff %3 57491 1 act=1 39x24 L=41 T=0 R=79 B=23 wact=0 zoom=0
@0 smoke 80x24 zoom=0 layout=8205,80x24,0,0{40x24,0,0,0,39x24,41,0,1}
@1 handoff 80x24 zoom=0 layout=820e,80x24,0,0{40x24,0,0,2,39x24,41,0,3}
client-detached
client-session-changed
--- 15:25:39.379750059
@0 smoke %0 57471 0 act=1 40x24 L=0 T=0 R=39 B=23 wact=1 zoom=0
@0 smoke %1 57475 1 act=0 39x24 L=41 T=0 R=79 B=23 wact=1 zoom=0
@1 handoff %2 57483 0 act=0 40x24 L=0 T=0 R=39 B=23 wact=0 zoom=0
@1 handoff %3 57491 1 act=1 39x24 L=41 T=0 R=79 B=23 wact=0 zoom=0
@0 smoke 80x24 zoom=0 layout=8205,80x24,0,0{40x24,0,0,0,39x24,41,0,1}
@1 handoff 80x24 zoom=0 layout=820e,80x24,0,0{40x24,0,0,2,39x24,41,0,3}
client-detached
client-session-changed
--- 15:25:40.892249748
@0 smoke %0 57471 0 act=1 40x24 L=0 T=0 R=39 B=23 wact=1 zoom=0
@0 smoke %1 57475 1 act=0 39x24 L=41 T=0 R=79 B=23 wact=1 zoom=0
@1 handoff %2 57483 0 act=0 40x24 L=0 T=0 R=39 B=23 wact=0 zoom=0
@1 handoff %3 57491 1 act=1 39x24 L=41 T=0 R=79 B=23 wact=0 zoom=0
@0 smoke 80x24 zoom=0 layout=8205,80x24,0,0{40x24,0,0,0,39x24,41,0,1}
@1 handoff 80x24 zoom=0 layout=820e,80x24,0,0{40x24,0,0,2,39x24,41,0,3}
client-detached
client-session-changed
--- 15:25:42.404949972
@0 smoke %0 57471 0 act=1 40x24 L=0 T=0 R=39 B=23 wact=1 zoom=0
@0 smoke %1 57475 1 act=0 39x24 L=41 T=0 R=79 B=23 wact=1 zoom=0
@1 handoff %2 57483 0 act=0 40x24 L=0 T=0 R=39 B=23 wact=0 zoom=0
@1 handoff %3 57491 1 act=1 39x24 L=41 T=0 R=79 B=23 wact=0 zoom=0
@0 smoke 80x24 zoom=0 layout=8205,80x24,0,0{40x24,0,0,0,39x24,41,0,1}
@1 handoff 80x24 zoom=0 layout=820e,80x24,0,0{40x24,0,0,2,39x24,41,0,3}
client-detached
client-session-changed
--- 15:25:43.917704780
@0 smoke %0 57471 0 act=1 40x24 L=0 T=0 R=39 B=23 wact=1 zoom=0
@0 smoke %1 57475 1 act=0 39x24 L=41 T=0 R=79 B=23 wact=1 zoom=0
@1 handoff %2 57483 0 act=0 40x24 L=0 T=0 R=39 B=23 wact=0 zoom=0
@1 handoff %3 57491 1 act=1 39x24 L=41 T=0 R=79 B=23 wact=0 zoom=0
@0 smoke 80x24 zoom=0 layout=8205,80x24,0,0{40x24,0,0,0,39x24,41,0,1}
@1 handoff 80x24 zoom=0 layout=820e,80x24,0,0{40x24,0,0,2,39x24,41,0,3}
client-detached
client-session-changed
--- 15:25:45.430354457
@0 smoke %0 57471 0 act=1 40x24 L=0 T=0 R=39 B=23 wact=1 zoom=0
@0 smoke %1 57475 1 act=0 39x24 L=41 T=0 R=79 B=23 wact=1 zoom=0
@1 handoff %2 57483 0 act=0 40x24 L=0 T=0 R=39 B=23 wact=0 zoom=0
@1 handoff %3 57491 1 act=1 39x24 L=41 T=0 R=79 B=23 wact=0 zoom=0
@0 smoke 80x24 zoom=0 layout=8205,80x24,0,0{40x24,0,0,0,39x24,41,0,1}
@1 handoff 80x24 zoom=0 layout=820e,80x24,0,0{40x24,0,0,2,39x24,41,0,3}
client-detached
client-session-changed
--- 15:25:46.942965759
@0 smoke %0 57471 0 act=1 40x24 L=0 T=0 R=39 B=23 wact=1 zoom=0
@0 smoke %1 57475 1 act=0 39x24 L=41 T=0 R=79 B=23 wact=1 zoom=0
@1 handoff %2 57483 0 act=0 40x24 L=0 T=0 R=39 B=23 wact=0 zoom=0
@1 handoff %3 57491 1 act=1 39x24 L=41 T=0 R=79 B=23 wact=0 zoom=0
@0 smoke 80x24 zoom=0 layout=8205,80x24,0,0{40x24,0,0,0,39x24,41,0,1}
@1 handoff 80x24 zoom=0 layout=820e,80x24,0,0{40x24,0,0,2,39x24,41,0,3}
client-detached
client-session-changed
--- 15:25:48.455863392
@0 smoke %0 57471 0 act=1 40x24 L=0 T=0 R=39 B=23 wact=1 zoom=0
@0 smoke %1 57475 1 act=0 39x24 L=41 T=0 R=79 B=23 wact=1 zoom=0
@1 handoff %2 57483 0 act=0 40x24 L=0 T=0 R=39 B=23 wact=0 zoom=0
@1 handoff %3 57491 1 act=1 39x24 L=41 T=0 R=79 B=23 wact=0 zoom=0
@0 smoke 80x24 zoom=0 layout=8205,80x24,0,0{40x24,0,0,0,39x24,41,0,1}
@1 handoff 80x24 zoom=0 layout=820e,80x24,0,0{40x24,0,0,2,39x24,41,0,3}
client-detached
client-session-changed
--- 15:25:49.968502569
@0 smoke %0 57471 0 act=1 40x24 L=0 T=0 R=39 B=23 wact=1 zoom=0
@0 smoke %1 57475 1 act=0 39x24 L=41 T=0 R=79 B=23 wact=1 zoom=0
@1 handoff %2 57483 0 act=0 40x24 L=0 T=0 R=39 B=23 wact=0 zoom=0
@1 handoff %3 57491 1 act=1 39x24 L=41 T=0 R=79 B=23 wact=0 zoom=0
@0 smoke 80x24 zoom=0 layout=8205,80x24,0,0{40x24,0,0,0,39x24,41,0,1}
@1 handoff 80x24 zoom=0 layout=820e,80x24,0,0{40x24,0,0,2,39x24,41,0,3}
client-detached
client-session-changed
--- 15:25:51.481845049
@0 smoke %0 57471 0 act=1 40x24 L=0 T=0 R=39 B=23 wact=1 zoom=0
@0 smoke %1 57475 1 act=0 39x24 L=41 T=0 R=79 B=23 wact=1 zoom=0
@1 handoff %2 57483 0 act=0 40x24 L=0 T=0 R=39 B=23 wact=0 zoom=0
@1 handoff %3 57491 1 act=1 39x24 L=41 T=0 R=79 B=23 wact=0 zoom=0
@0 smoke 80x24 zoom=0 layout=8205,80x24,0,0{40x24,0,0,0,39x24,41,0,1}
@1 handoff 80x24 zoom=0 layout=820e,80x24,0,0{40x24,0,0,2,39x24,41,0,3}
client-detached
client-session-changed
--- 15:25:52.994667801
@0 smoke %0 57471 0 act=1 40x24 L=0 T=0 R=39 B=23 wact=1 zoom=0
@0 smoke %1 57475 1 act=0 39x24 L=41 T=0 R=79 B=23 wact=1 zoom=0
@1 handoff %2 57483 0 act=0 40x24 L=0 T=0 R=39 B=23 wact=0 zoom=0
@1 handoff %3 57491 1 act=1 39x24 L=41 T=0 R=79 B=23 wact=0 zoom=0
@0 smoke 80x24 zoom=0 layout=8205,80x24,0,0{40x24,0,0,0,39x24,41,0,1}
@1 handoff 80x24 zoom=0 layout=820e,80x24,0,0{40x24,0,0,2,39x24,41,0,3}
client-detached
client-session-changed
--- 15:25:54.516931356
@0 smoke %0 57471 0 act=1 40x24 L=0 T=0 R=39 B=23 wact=1 zoom=0
@0 smoke %1 57475 1 act=0 39x24 L=41 T=0 R=79 B=23 wact=1 zoom=0
@1 handoff %2 57483 0 act=0 40x24 L=0 T=0 R=39 B=23 wact=0 zoom=0
@1 handoff %3 57491 1 act=1 39x24 L=41 T=0 R=79 B=23 wact=0 zoom=0
@0 smoke 80x24 zoom=0 layout=8205,80x24,0,0{40x24,0,0,0,39x24,41,0,1}
@1 handoff 80x24 zoom=0 layout=820e,80x24,0,0{40x24,0,0,2,39x24,41,0,3}
client-detached
client-session-changed
--- 15:25:56.043612324
@0 smoke %0 57471 0 act=1 40x24 L=0 T=0 R=39 B=23 wact=1 zoom=0
@0 smoke %1 57475 1 act=0 39x24 L=41 T=0 R=79 B=23 wact=1 zoom=0
@1 handoff %2 57483 0 act=0 40x24 L=0 T=0 R=39 B=23 wact=0 zoom=0
@1 handoff %3 57491 1 act=1 39x24 L=41 T=0 R=79 B=23 wact=0 zoom=0
@0 smoke 80x24 zoom=0 layout=8205,80x24,0,0{40x24,0,0,0,39x24,41,0,1}
@1 handoff 80x24 zoom=0 layout=820e,80x24,0,0{40x24,0,0,2,39x24,41,0,3}
client-detached
client-session-changed
--- 15:25:57.556473669
@0 smoke %0 57471 0 act=1 40x24 L=0 T=0 R=39 B=23 wact=1 zoom=0
@0 smoke %1 57475 1 act=0 39x24 L=41 T=0 R=79 B=23 wact=1 zoom=0
@1 handoff %2 57483 0 act=0 40x24 L=0 T=0 R=39 B=23 wact=0 zoom=0
@1 handoff %3 57491 1 act=1 39x24 L=41 T=0 R=79 B=23 wact=0 zoom=0
@0 smoke 80x24 zoom=0 layout=8205,80x24,0,0{40x24,0,0,0,39x24,41,0,1}
@1 handoff 80x24 zoom=0 layout=820e,80x24,0,0{40x24,0,0,2,39x24,41,0,3}
client-detached
client-session-changed
--- 15:25:59.069424404
@0 smoke %0 57471 0 act=1 40x24 L=0 T=0 R=39 B=23 wact=1 zoom=0
@0 smoke %1 57475 1 act=0 39x24 L=41 T=0 R=79 B=23 wact=1 zoom=0
@1 handoff %2 57483 0 act=0 40x24 L=0 T=0 R=39 B=23 wact=0 zoom=0
@1 handoff %3 57491 1 act=1 39x24 L=41 T=0 R=79 B=23 wact=0 zoom=0
@0 smoke 80x24 zoom=0 layout=8205,80x24,0,0{40x24,0,0,0,39x24,41,0,1}
@1 handoff 80x24 zoom=0 layout=820e,80x24,0,0{40x24,0,0,2,39x24,41,0,3}
client-detached
client-session-changed
--- 15:26:00.582603686
@0 smoke %0 57471 0 act=1 40x24 L=0 T=0 R=39 B=23 wact=1 zoom=0
@0 smoke %1 57475 1 act=0 39x24 L=41 T=0 R=79 B=23 wact=1 zoom=0
@1 handoff %2 57483 0 act=0 40x24 L=0 T=0 R=39 B=23 wact=0 zoom=0
@1 handoff %3 57491 1 act=1 39x24 L=41 T=0 R=79 B=23 wact=0 zoom=0
@0 smoke 80x24 zoom=0 layout=8205,80x24,0,0{40x24,0,0,0,39x24,41,0,1}
@1 handoff 80x24 zoom=0 layout=820e,80x24,0,0{40x24,0,0,2,39x24,41,0,3}
client-detached
client-session-changed
--- 15:26:02.096853864
@0 smoke %0 57471 0 act=1 40x24 L=0 T=0 R=39 B=23 wact=1 zoom=0
@0 smoke %1 57475 1 act=0 39x24 L=41 T=0 R=79 B=23 wact=1 zoom=0
@1 handoff %2 57483 0 act=0 40x24 L=0 T=0 R=39 B=23 wact=0 zoom=0
@1 handoff %3 57491 1 act=1 39x24 L=41 T=0 R=79 B=23 wact=0 zoom=0
@0 smoke 80x24 zoom=0 layout=8205,80x24,0,0{40x24,0,0,0,39x24,41,0,1}
@1 handoff 80x24 zoom=0 layout=820e,80x24,0,0{40x24,0,0,2,39x24,41,0,3}
client-detached
client-session-changed
--- 15:26:03.609910600
@0 smoke %0 57471 0 act=1 40x24 L=0 T=0 R=39 B=23 wact=1 zoom=0
@0 smoke %1 57475 1 act=0 39x24 L=41 T=0 R=79 B=23 wact=1 zoom=0
@1 handoff %2 57483 0 act=0 40x24 L=0 T=0 R=39 B=23 wact=0 zoom=0
@1 handoff %3 57491 1 act=1 39x24 L=41 T=0 R=79 B=23 wact=0 zoom=0
@0 smoke 80x24 zoom=0 layout=8205,80x24,0,0{40x24,0,0,0,39x24,41,0,1}
@1 handoff 80x24 zoom=0 layout=820e,80x24,0,0{40x24,0,0,2,39x24,41,0,3}
client-detached
client-session-changed
--- 15:26:05.128917761
@0 smoke %0 57471 0 act=1 40x24 L=0 T=0 R=39 B=23 wact=1 zoom=0
@0 smoke %1 57475 1 act=0 39x24 L=41 T=0 R=79 B=23 wact=1 zoom=0
@1 handoff %2 57483 0 act=0 40x24 L=0 T=0 R=39 B=23 wact=0 zoom=0
@1 handoff %3 57491 1 act=1 39x24 L=41 T=0 R=79 B=23 wact=0 zoom=0
@0 smoke 80x24 zoom=0 layout=8205,80x24,0,0{40x24,0,0,0,39x24,41,0,1}
@1 handoff 80x24 zoom=0 layout=820e,80x24,0,0{40x24,0,0,2,39x24,41,0,3}
client-detached
client-session-changed
--- 15:26:06.657941348
@0 smoke %0 57471 0 act=1 40x24 L=0 T=0 R=39 B=23 wact=1 zoom=0
@0 smoke %1 57475 1 act=0 39x24 L=41 T=0 R=79 B=23 wact=1 zoom=0
@1 handoff %2 57483 0 act=0 40x24 L=0 T=0 R=39 B=23 wact=0 zoom=0
@1 handoff %3 57491 1 act=1 39x24 L=41 T=0 R=79 B=23 wact=0 zoom=0
@0 smoke 80x24 zoom=0 layout=8205,80x24,0,0{40x24,0,0,0,39x24,41,0,1}
@1 handoff 80x24 zoom=0 layout=820e,80x24,0,0{40x24,0,0,2,39x24,41,0,3}
client-detached
client-session-changed
--- 15:26:08.170902978
@0 smoke %0 57471 0 act=1 40x24 L=0 T=0 R=39 B=23 wact=1 zoom=0
@0 smoke %1 57475 1 act=0 39x24 L=41 T=0 R=79 B=23 wact=1 zoom=0
@1 handoff %2 57483 0 act=0 40x24 L=0 T=0 R=39 B=23 wact=0 zoom=0
@1 handoff %3 57491 1 act=1 39x24 L=41 T=0 R=79 B=23 wact=0 zoom=0
@0 smoke 80x24 zoom=0 layout=8205,80x24,0,0{40x24,0,0,0,39x24,41,0,1}
@1 handoff 80x24 zoom=0 layout=820e,80x24,0,0{40x24,0,0,2,39x24,41,0,3}
client-detached
client-session-changed
--- 15:26:09.684162277
@0 smoke %0 57471 0 act=1 40x24 L=0 T=0 R=39 B=23 wact=1 zoom=0
@0 smoke %1 57475 1 act=0 39x24 L=41 T=0 R=79 B=23 wact=1 zoom=0
@1 handoff %2 57483 0 act=0 40x24 L=0 T=0 R=39 B=23 wact=0 zoom=0
@1 handoff %3 57491 1 act=1 39x24 L=41 T=0 R=79 B=23 wact=0 zoom=0
@0 smoke 80x24 zoom=0 layout=8205,80x24,0,0{40x24,0,0,0,39x24,41,0,1}
@1 handoff 80x24 zoom=0 layout=820e,80x24,0,0{40x24,0,0,2,39x24,41,0,3}
client-detached
client-session-changed
--- 15:26:11.196813259
@0 smoke %0 57471 0 act=1 40x24 L=0 T=0 R=39 B=23 wact=1 zoom=0
@0 smoke %1 57475 1 act=0 39x24 L=41 T=0 R=79 B=23 wact=1 zoom=0
@1 handoff %2 57483 0 act=0 40x24 L=0 T=0 R=39 B=23 wact=0 zoom=0
@1 handoff %3 57491 1 act=1 39x24 L=41 T=0 R=79 B=23 wact=0 zoom=0
@0 smoke 80x24 zoom=0 layout=8205,80x24,0,0{40x24,0,0,0,39x24,41,0,1}
@1 handoff 80x24 zoom=0 layout=820e,80x24,0,0{40x24,0,0,2,39x24,41,0,3}
client-detached
client-session-changed
--- 15:26:12.709914505
@0 smoke %0 57471 0 act=1 40x24 L=0 T=0 R=39 B=23 wact=1 zoom=0
@0 smoke %1 57475 1 act=0 39x24 L=41 T=0 R=79 B=23 wact=1 zoom=0
@1 handoff %2 57483 0 act=0 40x24 L=0 T=0 R=39 B=23 wact=0 zoom=0
@1 handoff %3 57491 1 act=1 39x24 L=41 T=0 R=79 B=23 wact=0 zoom=0
@0 smoke 80x24 zoom=0 layout=8205,80x24,0,0{40x24,0,0,0,39x24,41,0,1}
@1 handoff 80x24 zoom=0 layout=820e,80x24,0,0{40x24,0,0,2,39x24,41,0,3}
client-detached
client-session-changed
--- 15:26:14.233705303
@0 smoke %0 57471 0 act=1 40x24 L=0 T=0 R=39 B=23 wact=1 zoom=0
@0 smoke %1 57475 1 act=0 39x24 L=41 T=0 R=79 B=23 wact=1 zoom=0
@1 handoff %2 57483 0 act=0 40x24 L=0 T=0 R=39 B=23 wact=0 zoom=0
@1 handoff %3 57491 1 act=1 39x24 L=41 T=0 R=79 B=23 wact=0 zoom=0
@0 smoke 80x24 zoom=0 layout=8205,80x24,0,0{40x24,0,0,0,39x24,41,0,1}
@1 handoff 80x24 zoom=0 layout=820e,80x24,0,0{40x24,0,0,2,39x24,41,0,3}
client-detached
client-session-changed
--- 15:26:15.756159634
@0 smoke %0 57471 0 act=1 40x24 L=0 T=0 R=39 B=23 wact=1 zoom=0
@0 smoke %1 57475 1 act=0 39x24 L=41 T=0 R=79 B=23 wact=1 zoom=0
@1 handoff %2 57483 0 act=0 40x24 L=0 T=0 R=39 B=23 wact=0 zoom=0
@1 handoff %3 57491 1 act=1 39x24 L=41 T=0 R=79 B=23 wact=0 zoom=0
@0 smoke 80x24 zoom=0 layout=8205,80x24,0,0{40x24,0,0,0,39x24,41,0,1}
@1 handoff 80x24 zoom=0 layout=820e,80x24,0,0{40x24,0,0,2,39x24,41,0,3}
client-detached
client-session-changed
--- 15:26:17.269805020
@0 smoke %0 57471 0 act=1 40x24 L=0 T=0 R=39 B=23 wact=1 zoom=0
@0 smoke %1 57475 1 act=0 39x24 L=41 T=0 R=79 B=23 wact=1 zoom=0
@1 handoff %2 57483 0 act=0 40x24 L=0 T=0 R=39 B=23 wact=0 zoom=0
@1 handoff %3 57491 1 act=1 39x24 L=41 T=0 R=79 B=23 wact=0 zoom=0
@0 smoke 80x24 zoom=0 layout=8205,80x24,0,0{40x24,0,0,0,39x24,41,0,1}
@1 handoff 80x24 zoom=0 layout=820e,80x24,0,0{40x24,0,0,2,39x24,41,0,3}
client-detached
client-session-changed
--- 15:26:18.783724921
@0 smoke %0 57471 0 act=1 40x24 L=0 T=0 R=39 B=23 wact=1 zoom=0
@0 smoke %1 57475 1 act=0 39x24 L=41 T=0 R=79 B=23 wact=1 zoom=0
@1 handoff %2 57483 0 act=0 40x24 L=0 T=0 R=39 B=23 wact=0 zoom=0
@1 handoff %3 57491 1 act=1 39x24 L=41 T=0 R=79 B=23 wact=0 zoom=0
@0 smoke 80x24 zoom=0 layout=8205,80x24,0,0{40x24,0,0,0,39x24,41,0,1}
@1 handoff 80x24 zoom=0 layout=820e,80x24,0,0{40x24,0,0,2,39x24,41,0,3}
client-detached
client-session-changed
--- 15:26:20.296778829
@0 smoke %0 57471 0 act=1 40x24 L=0 T=0 R=39 B=23 wact=1 zoom=0
@0 smoke %1 57475 1 act=0 39x24 L=41 T=0 R=79 B=23 wact=1 zoom=0
@1 handoff %2 57483 0 act=0 40x24 L=0 T=0 R=39 B=23 wact=0 zoom=0
@1 handoff %3 57491 1 act=1 39x24 L=41 T=0 R=79 B=23 wact=0 zoom=0
@0 smoke 80x24 zoom=0 layout=8205,80x24,0,0{40x24,0,0,0,39x24,41,0,1}
@1 handoff 80x24 zoom=0 layout=820e,80x24,0,0{40x24,0,0,2,39x24,41,0,3}
client-detached
client-session-changed
--- 15:26:21.809696558
@0 smoke %0 57471 0 act=1 40x24 L=0 T=0 R=39 B=23 wact=1 zoom=0
@0 smoke %1 57475 1 act=0 39x24 L=41 T=0 R=79 B=23 wact=1 zoom=0
@1 handoff %2 57483 0 act=0 40x24 L=0 T=0 R=39 B=23 wact=0 zoom=0
@1 handoff %3 57491 1 act=1 39x24 L=41 T=0 R=79 B=23 wact=0 zoom=0
@0 smoke 80x24 zoom=0 layout=8205,80x24,0,0{40x24,0,0,0,39x24,41,0,1}
@1 handoff 80x24 zoom=0 layout=820e,80x24,0,0{40x24,0,0,2,39x24,41,0,3}
client-detached
client-session-changed
--- 15:26:23.323011371
@0 smoke %0 57471 0 act=1 40x24 L=0 T=0 R=39 B=23 wact=1 zoom=0
@0 smoke %1 57475 1 act=0 39x24 L=41 T=0 R=79 B=23 wact=1 zoom=0
@1 handoff %2 57483 0 act=0 40x24 L=0 T=0 R=39 B=23 wact=0 zoom=0
@1 handoff %3 57491 1 act=1 39x24 L=41 T=0 R=79 B=23 wact=0 zoom=0
@0 smoke 80x24 zoom=0 layout=8205,80x24,0,0{40x24,0,0,0,39x24,41,0,1}
@1 handoff 80x24 zoom=0 layout=820e,80x24,0,0{40x24,0,0,2,39x24,41,0,3}
client-detached
client-session-changed
--- 15:26:24.836222342
@0 smoke %0 57471 0 act=1 40x24 L=0 T=0 R=39 B=23 wact=1 zoom=0
@0 smoke %1 57475 1 act=0 39x24 L=41 T=0 R=79 B=23 wact=1 zoom=0
@1 handoff %2 57483 0 act=0 40x24 L=0 T=0 R=39 B=23 wact=0 zoom=0
@1 handoff %3 57491 1 act=1 39x24 L=41 T=0 R=79 B=23 wact=0 zoom=0
@0 smoke 80x24 zoom=0 layout=8205,80x24,0,0{40x24,0,0,0,39x24,41,0,1}
@1 handoff 80x24 zoom=0 layout=820e,80x24,0,0{40x24,0,0,2,39x24,41,0,3}
client-detached
client-session-changed
--- 15:26:26.349276620
@0 smoke %0 57471 0 act=1 40x24 L=0 T=0 R=39 B=23 wact=1 zoom=0
@0 smoke %1 57475 1 act=0 39x24 L=41 T=0 R=79 B=23 wact=1 zoom=0
@1 handoff %2 57483 0 act=0 40x24 L=0 T=0 R=39 B=23 wact=0 zoom=0
@1 handoff %3 57491 1 act=1 39x24 L=41 T=0 R=79 B=23 wact=0 zoom=0
@0 smoke 80x24 zoom=0 layout=8205,80x24,0,0{40x24,0,0,0,39x24,41,0,1}
@1 handoff 80x24 zoom=0 layout=820e,80x24,0,0{40x24,0,0,2,39x24,41,0,3}
client-detached
client-session-changed
--- 15:26:27.862319624
@0 smoke %0 57471 0 act=1 40x24 L=0 T=0 R=39 B=23 wact=1 zoom=0
@0 smoke %1 57475 1 act=0 39x24 L=41 T=0 R=79 B=23 wact=1 zoom=0
@1 handoff %2 57483 0 act=0 40x24 L=0 T=0 R=39 B=23 wact=0 zoom=0
@1 handoff %3 57491 1 act=1 39x24 L=41 T=0 R=79 B=23 wact=0 zoom=0
@0 smoke 80x24 zoom=0 layout=8205,80x24,0,0{40x24,0,0,0,39x24,41,0,1}
@1 handoff 80x24 zoom=0 layout=820e,80x24,0,0{40x24,0,0,2,39x24,41,0,3}
client-detached
client-session-changed
--- 15:26:29.375033127
@0 smoke %0 57471 0 act=1 40x24 L=0 T=0 R=39 B=23 wact=1 zoom=0
@0 smoke %1 57475 1 act=0 39x24 L=41 T=0 R=79 B=23 wact=1 zoom=0
@1 handoff %2 57483 0 act=0 40x24 L=0 T=0 R=39 B=23 wact=0 zoom=0
@1 handoff %3 57491 1 act=1 39x24 L=41 T=0 R=79 B=23 wact=0 zoom=0
@0 smoke 80x24 zoom=0 layout=8205,80x24,0,0{40x24,0,0,0,39x24,41,0,1}
@1 handoff 80x24 zoom=0 layout=820e,80x24,0,0{40x24,0,0,2,39x24,41,0,3}
client-detached
client-session-changed
--- 15:26:30.887936093
@0 smoke %0 57471 0 act=1 40x24 L=0 T=0 R=39 B=23 wact=1 zoom=0
@0 smoke %1 57475 1 act=0 39x24 L=41 T=0 R=79 B=23 wact=1 zoom=0
@1 handoff %2 57483 0 act=0 40x24 L=0 T=0 R=39 B=23 wact=0 zoom=0
@1 handoff %3 57491 1 act=1 39x24 L=41 T=0 R=79 B=23 wact=0 zoom=0
@0 smoke 80x24 zoom=0 layout=8205,80x24,0,0{40x24,0,0,0,39x24,41,0,1}
@1 handoff 80x24 zoom=0 layout=820e,80x24,0,0{40x24,0,0,2,39x24,41,0,3}
client-detached
client-session-changed
--- 15:26:32.401170254
@0 smoke %0 57471 0 act=1 40x24 L=0 T=0 R=39 B=23 wact=1 zoom=0
@0 smoke %1 57475 1 act=0 39x24 L=41 T=0 R=79 B=23 wact=1 zoom=0
@1 handoff %2 57483 0 act=0 40x24 L=0 T=0 R=39 B=23 wact=0 zoom=0
@1 handoff %3 57491 1 act=1 39x24 L=41 T=0 R=79 B=23 wact=0 zoom=0
@0 smoke 80x24 zoom=0 layout=8205,80x24,0,0{40x24,0,0,0,39x24,41,0,1}
@1 handoff 80x24 zoom=0 layout=820e,80x24,0,0{40x24,0,0,2,39x24,41,0,3}
client-detached
client-session-changed
--- 15:26:33.913814410
@0 smoke %0 57471 0 act=1 40x24 L=0 T=0 R=39 B=23 wact=1 zoom=0
@0 smoke %1 57475 1 act=0 39x24 L=41 T=0 R=79 B=23 wact=1 zoom=0
@1 handoff %2 57483 0 act=0 40x24 L=0 T=0 R=39 B=23 wact=0 zoom=0
@1 handoff %3 57491 1 act=1 39x24 L=41 T=0 R=79 B=23 wact=0 zoom=0
@0 smoke 80x24 zoom=0 layout=8205,80x24,0,0{40x24,0,0,0,39x24,41,0,1}
@1 handoff 80x24 zoom=0 layout=820e,80x24,0,0{40x24,0,0,2,39x24,41,0,3}
client-detached
client-session-changed
--- 15:26:35.427475875
@0 smoke %0 57471 0 act=1 40x24 L=0 T=0 R=39 B=23 wact=1 zoom=0
@0 smoke %1 57475 1 act=0 39x24 L=41 T=0 R=79 B=23 wact=1 zoom=0
@1 handoff %2 57483 0 act=0 40x24 L=0 T=0 R=39 B=23 wact=0 zoom=0
@1 handoff %3 57491 1 act=1 39x24 L=41 T=0 R=79 B=23 wact=0 zoom=0
@0 smoke 80x24 zoom=0 layout=8205,80x24,0,0{40x24,0,0,0,39x24,41,0,1}
@1 handoff 80x24 zoom=0 layout=820e,80x24,0,0{40x24,0,0,2,39x24,41,0,3}
client-detached
client-session-changed
--- 15:26:36.942466544
@0 smoke %0 57471 0 act=1 40x24 L=0 T=0 R=39 B=23 wact=1 zoom=0
@0 smoke %1 57475 1 act=0 39x24 L=41 T=0 R=79 B=23 wact=1 zoom=0
@1 handoff %2 57483 0 act=0 40x24 L=0 T=0 R=39 B=23 wact=0 zoom=0
@1 handoff %3 57491 1 act=1 39x24 L=41 T=0 R=79 B=23 wact=0 zoom=0
@0 smoke 80x24 zoom=0 layout=8205,80x24,0,0{40x24,0,0,0,39x24,41,0,1}
@1 handoff 80x24 zoom=0 layout=820e,80x24,0,0{40x24,0,0,2,39x24,41,0,3}
client-detached
client-session-changed
--- 15:26:38.454981957
@0 smoke %0 57471 0 act=1 40x24 L=0 T=0 R=39 B=23 wact=1 zoom=0
@0 smoke %1 57475 1 act=0 39x24 L=41 T=0 R=79 B=23 wact=1 zoom=0
@1 handoff %2 57483 0 act=0 40x24 L=0 T=0 R=39 B=23 wact=0 zoom=0
@1 handoff %3 57491 1 act=1 39x24 L=41 T=0 R=79 B=23 wact=0 zoom=0
@0 smoke 80x24 zoom=0 layout=8205,80x24,0,0{40x24,0,0,0,39x24,41,0,1}
@1 handoff 80x24 zoom=0 layout=820e,80x24,0,0{40x24,0,0,2,39x24,41,0,3}
client-detached
client-session-changed
--- 15:26:39.968093257
@0 smoke %0 57471 0 act=1 40x24 L=0 T=0 R=39 B=23 wact=1 zoom=0
@0 smoke %1 57475 1 act=0 39x24 L=41 T=0 R=79 B=23 wact=1 zoom=0
@1 handoff %2 57483 0 act=0 40x24 L=0 T=0 R=39 B=23 wact=0 zoom=0
@1 handoff %3 57491 1 act=1 39x24 L=41 T=0 R=79 B=23 wact=0 zoom=0
@0 smoke 80x24 zoom=0 layout=8205,80x24,0,0{40x24,0,0,0,39x24,41,0,1}
@1 handoff 80x24 zoom=0 layout=820e,80x24,0,0{40x24,0,0,2,39x24,41,0,3}
client-detached
client-session-changed
--- 15:26:41.483967076
@0 smoke %0 57471 0 act=1 40x24 L=0 T=0 R=39 B=23 wact=1 zoom=0
@0 smoke %1 57475 1 act=0 39x24 L=41 T=0 R=79 B=23 wact=1 zoom=0
@1 handoff %2 57483 0 act=0 40x24 L=0 T=0 R=39 B=23 wact=0 zoom=0
@1 handoff %3 57491 1 act=1 39x24 L=41 T=0 R=79 B=23 wact=0 zoom=0
@0 smoke 80x24 zoom=0 layout=8205,80x24,0,0{40x24,0,0,0,39x24,41,0,1}
@1 handoff 80x24 zoom=0 layout=820e,80x24,0,0{40x24,0,0,2,39x24,41,0,3}
client-detached
client-session-changed
--- 15:26:43.009585417
@0 smoke %0 57471 0 act=1 40x24 L=0 T=0 R=39 B=23 wact=1 zoom=0
@0 smoke %1 57475 1 act=0 39x24 L=41 T=0 R=79 B=23 wact=1 zoom=0
@1 handoff %2 57483 0 act=0 40x24 L=0 T=0 R=39 B=23 wact=0 zoom=0
@1 handoff %3 57491 1 act=1 39x24 L=41 T=0 R=79 B=23 wact=0 zoom=0
@0 smoke 80x24 zoom=0 layout=8205,80x24,0,0{40x24,0,0,0,39x24,41,0,1}
@1 handoff 80x24 zoom=0 layout=820e,80x24,0,0{40x24,0,0,2,39x24,41,0,3}
client-detached
client-session-changed
--- 15:26:44.526736670
@0 smoke %0 57471 0 act=1 40x24 L=0 T=0 R=39 B=23 wact=1 zoom=0
@0 smoke %1 57475 1 act=0 39x24 L=41 T=0 R=79 B=23 wact=1 zoom=0
@1 handoff %2 57483 0 act=0 40x24 L=0 T=0 R=39 B=23 wact=0 zoom=0
@1 handoff %3 57491 1 act=1 39x24 L=41 T=0 R=79 B=23 wact=0 zoom=0
@0 smoke 80x24 zoom=0 layout=8205,80x24,0,0{40x24,0,0,0,39x24,41,0,1}
@1 handoff 80x24 zoom=0 layout=820e,80x24,0,0{40x24,0,0,2,39x24,41,0,3}
client-detached
client-session-changed
--- 15:26:46.039672379
@0 smoke %0 57471 0 act=1 40x24 L=0 T=0 R=39 B=23 wact=1 zoom=0
@0 smoke %1 57475 1 act=0 39x24 L=41 T=0 R=79 B=23 wact=1 zoom=0
@1 handoff %2 57483 0 act=0 40x24 L=0 T=0 R=39 B=23 wact=0 zoom=0
@1 handoff %3 57491 1 act=1 39x24 L=41 T=0 R=79 B=23 wact=0 zoom=0
@0 smoke 80x24 zoom=0 layout=8205,80x24,0,0{40x24,0,0,0,39x24,41,0,1}
@1 handoff 80x24 zoom=0 layout=820e,80x24,0,0{40x24,0,0,2,39x24,41,0,3}
client-detached
client-session-changed
--- 15:26:47.552929592
@0 smoke %0 57471 0 act=1 40x24 L=0 T=0 R=39 B=23 wact=1 zoom=0
@0 smoke %1 57475 1 act=0 39x24 L=41 T=0 R=79 B=23 wact=1 zoom=0
@1 handoff %2 57483 0 act=0 40x24 L=0 T=0 R=39 B=23 wact=0 zoom=0
@1 handoff %3 57491 1 act=1 39x24 L=41 T=0 R=79 B=23 wact=0 zoom=0
@0 smoke 80x24 zoom=0 layout=8205,80x24,0,0{40x24,0,0,0,39x24,41,0,1}
@1 handoff 80x24 zoom=0 layout=820e,80x24,0,0{40x24,0,0,2,39x24,41,0,3}
client-detached
client-session-changed
--- 15:26:49.065910942
@0 smoke %0 57471 0 act=1 40x24 L=0 T=0 R=39 B=23 wact=1 zoom=0
@0 smoke %1 57475 1 act=0 39x24 L=41 T=0 R=79 B=23 wact=1 zoom=0
@1 handoff %2 57483 0 act=0 40x24 L=0 T=0 R=39 B=23 wact=0 zoom=0
@1 handoff %3 57491 1 act=1 39x24 L=41 T=0 R=79 B=23 wact=0 zoom=0
@0 smoke 80x24 zoom=0 layout=8205,80x24,0,0{40x24,0,0,0,39x24,41,0,1}
@1 handoff 80x24 zoom=0 layout=820e,80x24,0,0{40x24,0,0,2,39x24,41,0,3}
client-detached
client-session-changed
--- 15:26:50.578952323
@0 smoke %0 57471 0 act=1 40x24 L=0 T=0 R=39 B=23 wact=1 zoom=0
@0 smoke %1 57475 1 act=0 39x24 L=41 T=0 R=79 B=23 wact=1 zoom=0
@1 handoff %2 57483 0 act=0 40x24 L=0 T=0 R=39 B=23 wact=0 zoom=0
@1 handoff %3 57491 1 act=1 39x24 L=41 T=0 R=79 B=23 wact=0 zoom=0
@0 smoke 80x24 zoom=0 layout=8205,80x24,0,0{40x24,0,0,0,39x24,41,0,1}
@1 handoff 80x24 zoom=0 layout=820e,80x24,0,0{40x24,0,0,2,39x24,41,0,3}
client-detached
client-session-changed
--- 15:26:52.102326583
@0 smoke %0 57471 0 act=1 40x24 L=0 T=0 R=39 B=23 wact=1 zoom=0
@0 smoke %1 57475 1 act=0 39x24 L=41 T=0 R=79 B=23 wact=1 zoom=0
@1 handoff %2 57483 0 act=0 40x24 L=0 T=0 R=39 B=23 wact=0 zoom=0
@1 handoff %3 57491 1 act=1 39x24 L=41 T=0 R=79 B=23 wact=0 zoom=0
@0 smoke 80x24 zoom=0 layout=8205,80x24,0,0{40x24,0,0,0,39x24,41,0,1}
@1 handoff 80x24 zoom=0 layout=820e,80x24,0,0{40x24,0,0,2,39x24,41,0,3}
client-detached
client-session-changed
--- 15:26:53.665718958
@0 smoke %0 57471 0 act=1 40x24 L=0 T=0 R=39 B=23 wact=1 zoom=0
@0 smoke %1 57475 1 act=0 39x24 L=41 T=0 R=79 B=23 wact=1 zoom=0
@1 handoff %2 57483 0 act=0 40x24 L=0 T=0 R=39 B=23 wact=0 zoom=0
@1 handoff %3 57491 1 act=1 39x24 L=41 T=0 R=79 B=23 wact=0 zoom=0
@0 smoke 80x24 zoom=0 layout=8205,80x24,0,0{40x24,0,0,0,39x24,41,0,1}
@1 handoff 80x24 zoom=0 layout=820e,80x24,0,0{40x24,0,0,2,39x24,41,0,3}
client-detached
client-session-changed
--- 15:26:55.178972706
@0 smoke %0 57471 0 act=1 40x24 L=0 T=0 R=39 B=23 wact=1 zoom=0
@0 smoke %1 57475 1 act=0 39x24 L=41 T=0 R=79 B=23 wact=1 zoom=0
@1 handoff %2 57483 0 act=0 40x24 L=0 T=0 R=39 B=23 wact=0 zoom=0
@1 handoff %3 57491 1 act=1 39x24 L=41 T=0 R=79 B=23 wact=0 zoom=0
@0 smoke 80x24 zoom=0 layout=8205,80x24,0,0{40x24,0,0,0,39x24,41,0,1}
@1 handoff 80x24 zoom=0 layout=820e,80x24,0,0{40x24,0,0,2,39x24,41,0,3}
client-detached
client-session-changed
--- 15:26:56.692033101
@0 smoke %0 57471 0 act=1 40x24 L=0 T=0 R=39 B=23 wact=1 zoom=0
@0 smoke %1 57475 1 act=0 39x24 L=41 T=0 R=79 B=23 wact=1 zoom=0
@1 handoff %2 57483 0 act=0 40x24 L=0 T=0 R=39 B=23 wact=0 zoom=0
@1 handoff %3 57491 1 act=1 39x24 L=41 T=0 R=79 B=23 wact=0 zoom=0
@0 smoke 80x24 zoom=0 layout=8205,80x24,0,0{40x24,0,0,0,39x24,41,0,1}
@1 handoff 80x24 zoom=0 layout=820e,80x24,0,0{40x24,0,0,2,39x24,41,0,3}
client-detached
client-session-changed
--- 15:26:58.204994622
@0 smoke %0 57471 0 act=1 40x24 L=0 T=0 R=39 B=23 wact=1 zoom=0
@0 smoke %1 57475 1 act=0 39x24 L=41 T=0 R=79 B=23 wact=1 zoom=0
@1 handoff %2 57483 0 act=0 40x24 L=0 T=0 R=39 B=23 wact=0 zoom=0
@1 handoff %3 57491 1 act=1 39x24 L=41 T=0 R=79 B=23 wact=0 zoom=0
@0 smoke 80x24 zoom=0 layout=8205,80x24,0,0{40x24,0,0,0,39x24,41,0,1}
@1 handoff 80x24 zoom=0 layout=820e,80x24,0,0{40x24,0,0,2,39x24,41,0,3}
client-detached
client-session-changed
--- 15:26:59.718572996
@0 smoke %0 57471 0 act=1 40x24 L=0 T=0 R=39 B=23 wact=1 zoom=0
@0 smoke %1 57475 1 act=0 39x24 L=41 T=0 R=79 B=23 wact=1 zoom=0
@1 handoff %2 57483 0 act=0 40x24 L=0 T=0 R=39 B=23 wact=0 zoom=0
@1 handoff %3 57491 1 act=1 39x24 L=41 T=0 R=79 B=23 wact=0 zoom=0
@0 smoke 80x24 zoom=0 layout=8205,80x24,0,0{40x24,0,0,0,39x24,41,0,1}
@1 handoff 80x24 zoom=0 layout=820e,80x24,0,0{40x24,0,0,2,39x24,41,0,3}
client-detached
client-session-changed
--- 15:27:01.231932135
@0 smoke %0 57471 0 act=1 40x24 L=0 T=0 R=39 B=23 wact=1 zoom=0
@0 smoke %1 57475 1 act=0 39x24 L=41 T=0 R=79 B=23 wact=1 zoom=0
@1 handoff %2 57483 0 act=0 40x24 L=0 T=0 R=39 B=23 wact=0 zoom=0
@1 handoff %3 57491 1 act=1 39x24 L=41 T=0 R=79 B=23 wact=0 zoom=0
@0 smoke 80x24 zoom=0 layout=8205,80x24,0,0{40x24,0,0,0,39x24,41,0,1}
@1 handoff 80x24 zoom=0 layout=820e,80x24,0,0{40x24,0,0,2,39x24,41,0,3}
client-detached
client-session-changed
--- 15:27:02.744705946
@0 smoke %0 57471 0 act=1 40x24 L=0 T=0 R=39 B=23 wact=1 zoom=0
@0 smoke %1 57475 1 act=0 39x24 L=41 T=0 R=79 B=23 wact=1 zoom=0
@1 handoff %2 57483 0 act=0 40x24 L=0 T=0 R=39 B=23 wact=0 zoom=0
@1 handoff %3 57491 1 act=1 39x24 L=41 T=0 R=79 B=23 wact=0 zoom=0
@0 smoke 80x24 zoom=0 layout=8205,80x24,0,0{40x24,0,0,0,39x24,41,0,1}
@1 handoff 80x24 zoom=0 layout=820e,80x24,0,0{40x24,0,0,2,39x24,41,0,3}
client-detached
client-session-changed
--- 15:27:04.257572369
@0 smoke %0 57471 0 act=1 40x24 L=0 T=0 R=39 B=23 wact=1 zoom=0
@0 smoke %1 57475 1 act=0 39x24 L=41 T=0 R=79 B=23 wact=1 zoom=0
@1 handoff %2 57483 0 act=0 40x24 L=0 T=0 R=39 B=23 wact=0 zoom=0
@1 handoff %3 57491 1 act=1 39x24 L=41 T=0 R=79 B=23 wact=0 zoom=0
@0 smoke 80x24 zoom=0 layout=8205,80x24,0,0{40x24,0,0,0,39x24,41,0,1}
@1 handoff 80x24 zoom=0 layout=820e,80x24,0,0{40x24,0,0,2,39x24,41,0,3}
client-detached
client-session-changed
--- 15:27:05.771117883
@0 smoke %0 57471 0 act=1 40x24 L=0 T=0 R=39 B=23 wact=1 zoom=0
@0 smoke %1 57475 1 act=0 39x24 L=41 T=0 R=79 B=23 wact=1 zoom=0
@1 handoff %2 57483 0 act=0 40x24 L=0 T=0 R=39 B=23 wact=0 zoom=0
@1 handoff %3 57491 1 act=1 39x24 L=41 T=0 R=79 B=23 wact=0 zoom=0
@0 smoke 80x24 zoom=0 layout=8205,80x24,0,0{40x24,0,0,0,39x24,41,0,1}
@1 handoff 80x24 zoom=0 layout=820e,80x24,0,0{40x24,0,0,2,39x24,41,0,3}
client-detached
client-session-changed
--- 15:27:07.298090754
@0 smoke %0 57471 0 act=1 40x24 L=0 T=0 R=39 B=23 wact=1 zoom=0
@0 smoke %1 57475 1 act=0 39x24 L=41 T=0 R=79 B=23 wact=1 zoom=0
@1 handoff %2 57483 0 act=0 40x24 L=0 T=0 R=39 B=23 wact=0 zoom=0
@1 handoff %3 57491 1 act=1 39x24 L=41 T=0 R=79 B=23 wact=0 zoom=0
@0 smoke 80x24 zoom=0 layout=8205,80x24,0,0{40x24,0,0,0,39x24,41,0,1}
@1 handoff 80x24 zoom=0 layout=820e,80x24,0,0{40x24,0,0,2,39x24,41,0,3}
client-detached
client-session-changed
--- 15:27:08.815902364
@0 smoke %0 57471 0 act=1 40x24 L=0 T=0 R=39 B=23 wact=1 zoom=0
@0 smoke %1 57475 1 act=0 39x24 L=41 T=0 R=79 B=23 wact=1 zoom=0
@1 handoff %2 57483 0 act=0 40x24 L=0 T=0 R=39 B=23 wact=0 zoom=0
@1 handoff %3 57491 1 act=1 39x24 L=41 T=0 R=79 B=23 wact=0 zoom=0
@0 smoke 80x24 zoom=0 layout=8205,80x24,0,0{40x24,0,0,0,39x24,41,0,1}
@1 handoff 80x24 zoom=0 layout=820e,80x24,0,0{40x24,0,0,2,39x24,41,0,3}
client-detached
client-session-changed
--- 15:27:10.328511996
@0 smoke %0 57471 0 act=1 40x24 L=0 T=0 R=39 B=23 wact=1 zoom=0
@0 smoke %1 57475 1 act=0 39x24 L=41 T=0 R=79 B=23 wact=1 zoom=0
@1 handoff %2 57483 0 act=0 40x24 L=0 T=0 R=39 B=23 wact=0 zoom=0
@1 handoff %3 57491 1 act=1 39x24 L=41 T=0 R=79 B=23 wact=0 zoom=0
@0 smoke 80x24 zoom=0 layout=8205,80x24,0,0{40x24,0,0,0,39x24,41,0,1}
@1 handoff 80x24 zoom=0 layout=820e,80x24,0,0{40x24,0,0,2,39x24,41,0,3}
client-detached
client-session-changed
--- 15:27:11.860915188
@0 smoke %0 57471 0 act=1 40x24 L=0 T=0 R=39 B=23 wact=1 zoom=0
@0 smoke %1 57475 1 act=0 39x24 L=41 T=0 R=79 B=23 wact=1 zoom=0
@1 handoff %2 57483 0 act=0 40x24 L=0 T=0 R=39 B=23 wact=0 zoom=0
@1 handoff %3 57491 1 act=1 39x24 L=41 T=0 R=79 B=23 wact=0 zoom=0
@0 smoke 80x24 zoom=0 layout=8205,80x24,0,0{40x24,0,0,0,39x24,41,0,1}
@1 handoff 80x24 zoom=0 layout=820e,80x24,0,0{40x24,0,0,2,39x24,41,0,3}
client-detached
client-session-changed
--- 15:27:13.388469755
@0 smoke %0 57471 0 act=1 40x24 L=0 T=0 R=39 B=23 wact=1 zoom=0
@0 smoke %1 57475 1 act=0 39x24 L=41 T=0 R=79 B=23 wact=1 zoom=0
@1 handoff %2 57483 0 act=0 40x24 L=0 T=0 R=39 B=23 wact=0 zoom=0
@1 handoff %3 57491 1 act=1 39x24 L=41 T=0 R=79 B=23 wact=0 zoom=0
@0 smoke 80x24 zoom=0 layout=8205,80x24,0,0{40x24,0,0,0,39x24,41,0,1}
@1 handoff 80x24 zoom=0 layout=820e,80x24,0,0{40x24,0,0,2,39x24,41,0,3}
client-detached
client-session-changed
--- 15:27:14.900929789
@0 smoke %0 57471 0 act=1 40x24 L=0 T=0 R=39 B=23 wact=1 zoom=0
@0 smoke %1 57475 1 act=0 39x24 L=41 T=0 R=79 B=23 wact=1 zoom=0
@1 handoff %2 57483 0 act=0 40x24 L=0 T=0 R=39 B=23 wact=0 zoom=0
@1 handoff %3 57491 1 act=1 39x24 L=41 T=0 R=79 B=23 wact=0 zoom=0
@0 smoke 80x24 zoom=0 layout=8205,80x24,0,0{40x24,0,0,0,39x24,41,0,1}
@1 handoff 80x24 zoom=0 layout=820e,80x24,0,0{40x24,0,0,2,39x24,41,0,3}
client-detached
client-session-changed
--- 15:27:16.413826002
@0 smoke %0 57471 0 act=1 40x24 L=0 T=0 R=39 B=23 wact=1 zoom=0
@0 smoke %1 57475 1 act=0 39x24 L=41 T=0 R=79 B=23 wact=1 zoom=0
@1 handoff %2 57483 0 act=0 40x24 L=0 T=0 R=39 B=23 wact=0 zoom=0
@1 handoff %3 57491 1 act=1 39x24 L=41 T=0 R=79 B=23 wact=0 zoom=0
@0 smoke 80x24 zoom=0 layout=8205,80x24,0,0{40x24,0,0,0,39x24,41,0,1}
@1 handoff 80x24 zoom=0 layout=820e,80x24,0,0{40x24,0,0,2,39x24,41,0,3}
client-detached
client-session-changed
--- 15:27:17.926832811
@0 smoke %0 57471 0 act=1 40x24 L=0 T=0 R=39 B=23 wact=1 zoom=0
@0 smoke %1 57475 1 act=0 39x24 L=41 T=0 R=79 B=23 wact=1 zoom=0
@1 handoff %2 57483 0 act=0 40x24 L=0 T=0 R=39 B=23 wact=0 zoom=0
@1 handoff %3 57491 1 act=1 39x24 L=41 T=0 R=79 B=23 wact=0 zoom=0
@0 smoke 80x24 zoom=0 layout=8205,80x24,0,0{40x24,0,0,0,39x24,41,0,1}
@1 handoff 80x24 zoom=0 layout=820e,80x24,0,0{40x24,0,0,2,39x24,41,0,3}
client-detached
client-session-changed
--- 15:27:19.439904564
@0 smoke %0 57471 0 act=1 40x24 L=0 T=0 R=39 B=23 wact=1 zoom=0
@0 smoke %1 57475 1 act=0 39x24 L=41 T=0 R=79 B=23 wact=1 zoom=0
@1 handoff %2 57483 0 act=0 40x24 L=0 T=0 R=39 B=23 wact=0 zoom=0
@1 handoff %3 57491 1 act=1 39x24 L=41 T=0 R=79 B=23 wact=0 zoom=0
@0 smoke 80x24 zoom=0 layout=8205,80x24,0,0{40x24,0,0,0,39x24,41,0,1}
@1 handoff 80x24 zoom=0 layout=820e,80x24,0,0{40x24,0,0,2,39x24,41,0,3}
client-detached
client-session-changed
--- 15:27:20.952633117
@0 smoke %0 57471 0 act=1 40x24 L=0 T=0 R=39 B=23 wact=1 zoom=0
@0 smoke %1 57475 1 act=0 39x24 L=41 T=0 R=79 B=23 wact=1 zoom=0
@1 handoff %2 57483 0 act=0 40x24 L=0 T=0 R=39 B=23 wact=0 zoom=0
@1 handoff %3 57491 1 act=1 39x24 L=41 T=0 R=79 B=23 wact=0 zoom=0
@0 smoke 80x24 zoom=0 layout=8205,80x24,0,0{40x24,0,0,0,39x24,41,0,1}
@1 handoff 80x24 zoom=0 layout=820e,80x24,0,0{40x24,0,0,2,39x24,41,0,3}
client-detached
client-session-changed
--- 15:27:22.465243222
@0 smoke %0 57471 0 act=1 40x24 L=0 T=0 R=39 B=23 wact=1 zoom=0
@0 smoke %1 57475 1 act=0 39x24 L=41 T=0 R=79 B=23 wact=1 zoom=0
@1 handoff %2 57483 0 act=0 40x24 L=0 T=0 R=39 B=23 wact=0 zoom=0
@1 handoff %3 57491 1 act=1 39x24 L=41 T=0 R=79 B=23 wact=0 zoom=0
@0 smoke 80x24 zoom=0 layout=8205,80x24,0,0{40x24,0,0,0,39x24,41,0,1}
@1 handoff 80x24 zoom=0 layout=820e,80x24,0,0{40x24,0,0,2,39x24,41,0,3}
client-detached
client-session-changed
--- 15:27:23.977942535
@0 smoke %0 57471 0 act=1 40x24 L=0 T=0 R=39 B=23 wact=1 zoom=0
@0 smoke %1 57475 1 act=0 39x24 L=41 T=0 R=79 B=23 wact=1 zoom=0
@1 handoff %2 57483 0 act=0 40x24 L=0 T=0 R=39 B=23 wact=0 zoom=0
@1 handoff %3 57491 1 act=1 39x24 L=41 T=0 R=79 B=23 wact=0 zoom=0
@0 smoke 80x24 zoom=0 layout=8205,80x24,0,0{40x24,0,0,0,39x24,41,0,1}
@1 handoff 80x24 zoom=0 layout=820e,80x24,0,0{40x24,0,0,2,39x24,41,0,3}
client-detached
client-session-changed
--- 15:27:25.490944903
@0 smoke %0 57471 0 act=1 40x24 L=0 T=0 R=39 B=23 wact=1 zoom=0
@0 smoke %1 57475 1 act=0 39x24 L=41 T=0 R=79 B=23 wact=1 zoom=0
@1 handoff %2 57483 0 act=0 40x24 L=0 T=0 R=39 B=23 wact=0 zoom=0
@1 handoff %3 57491 1 act=1 39x24 L=41 T=0 R=79 B=23 wact=0 zoom=0
@0 smoke 80x24 zoom=0 layout=8205,80x24,0,0{40x24,0,0,0,39x24,41,0,1}
@1 handoff 80x24 zoom=0 layout=820e,80x24,0,0{40x24,0,0,2,39x24,41,0,3}
client-detached
client-session-changed
--- 15:27:27.003935999
@0 smoke %0 57471 0 act=1 40x24 L=0 T=0 R=39 B=23 wact=1 zoom=0
@0 smoke %1 57475 1 act=0 39x24 L=41 T=0 R=79 B=23 wact=1 zoom=0
@1 handoff %2 57483 0 act=0 40x24 L=0 T=0 R=39 B=23 wact=0 zoom=0
@1 handoff %3 57491 1 act=1 39x24 L=41 T=0 R=79 B=23 wact=0 zoom=0
@0 smoke 80x24 zoom=0 layout=8205,80x24,0,0{40x24,0,0,0,39x24,41,0,1}
@1 handoff 80x24 zoom=0 layout=820e,80x24,0,0{40x24,0,0,2,39x24,41,0,3}
client-detached
client-session-changed
--- 15:27:28.516614345
@0 smoke %0 57471 0 act=1 40x24 L=0 T=0 R=39 B=23 wact=1 zoom=0
@0 smoke %1 57475 1 act=0 39x24 L=41 T=0 R=79 B=23 wact=1 zoom=0
@1 handoff %2 57483 0 act=0 40x24 L=0 T=0 R=39 B=23 wact=0 zoom=0
@1 handoff %3 57491 1 act=1 39x24 L=41 T=0 R=79 B=23 wact=0 zoom=0
@0 smoke 80x24 zoom=0 layout=8205,80x24,0,0{40x24,0,0,0,39x24,41,0,1}
@1 handoff 80x24 zoom=0 layout=820e,80x24,0,0{40x24,0,0,2,39x24,41,0,3}
client-detached
client-session-changed
--- 15:27:30.029384117
@0 smoke %0 57471 0 act=1 40x24 L=0 T=0 R=39 B=23 wact=1 zoom=0
@0 smoke %1 57475 1 act=0 39x24 L=41 T=0 R=79 B=23 wact=1 zoom=0
@1 handoff %2 57483 0 act=0 40x24 L=0 T=0 R=39 B=23 wact=0 zoom=0
@1 handoff %3 57491 1 act=1 39x24 L=41 T=0 R=79 B=23 wact=0 zoom=0
@0 smoke 80x24 zoom=0 layout=8205,80x24,0,0{40x24,0,0,0,39x24,41,0,1}
@1 handoff 80x24 zoom=0 layout=820e,80x24,0,0{40x24,0,0,2,39x24,41,0,3}
client-detached
client-session-changed
--- 15:27:31.543966635
@0 smoke %0 57471 0 act=1 40x24 L=0 T=0 R=39 B=23 wact=1 zoom=0
@0 smoke %1 57475 1 act=0 39x24 L=41 T=0 R=79 B=23 wact=1 zoom=0
@1 handoff %2 57483 0 act=0 40x24 L=0 T=0 R=39 B=23 wact=0 zoom=0
@1 handoff %3 57491 1 act=1 39x24 L=41 T=0 R=79 B=23 wact=0 zoom=0
@0 smoke 80x24 zoom=0 layout=8205,80x24,0,0{40x24,0,0,0,39x24,41,0,1}
@1 handoff 80x24 zoom=0 layout=820e,80x24,0,0{40x24,0,0,2,39x24,41,0,3}
client-detached
client-session-changed
--- 15:27:33.056966923
@0 smoke %0 57471 0 act=1 40x24 L=0 T=0 R=39 B=23 wact=1 zoom=0
@0 smoke %1 57475 1 act=0 39x24 L=41 T=0 R=79 B=23 wact=1 zoom=0
@1 handoff %2 57483 0 act=0 40x24 L=0 T=0 R=39 B=23 wact=0 zoom=0
@1 handoff %3 57491 1 act=1 39x24 L=41 T=0 R=79 B=23 wact=0 zoom=0
@0 smoke 80x24 zoom=0 layout=8205,80x24,0,0{40x24,0,0,0,39x24,41,0,1}
@1 handoff 80x24 zoom=0 layout=820e,80x24,0,0{40x24,0,0,2,39x24,41,0,3}
client-detached
client-session-changed
--- 15:27:34.569792956
@0 smoke %0 57471 0 act=1 40x24 L=0 T=0 R=39 B=23 wact=1 zoom=0
@0 smoke %1 57475 1 act=0 39x24 L=41 T=0 R=79 B=23 wact=1 zoom=0
@1 handoff %2 57483 0 act=0 40x24 L=0 T=0 R=39 B=23 wact=0 zoom=0
@1 handoff %3 57491 1 act=1 39x24 L=41 T=0 R=79 B=23 wact=0 zoom=0
@0 smoke 80x24 zoom=0 layout=8205,80x24,0,0{40x24,0,0,0,39x24,41,0,1}
@1 handoff 80x24 zoom=0 layout=820e,80x24,0,0{40x24,0,0,2,39x24,41,0,3}
client-detached
client-session-changed
--- 15:27:36.083070529
@0 smoke %0 57471 0 act=1 40x24 L=0 T=0 R=39 B=23 wact=1 zoom=0
@0 smoke %1 57475 1 act=0 39x24 L=41 T=0 R=79 B=23 wact=1 zoom=0
@1 handoff %2 57483 0 act=0 40x24 L=0 T=0 R=39 B=23 wact=0 zoom=0
@1 handoff %3 57491 1 act=1 39x24 L=41 T=0 R=79 B=23 wact=0 zoom=0
@0 smoke 80x24 zoom=0 layout=8205,80x24,0,0{40x24,0,0,0,39x24,41,0,1}
@1 handoff 80x24 zoom=0 layout=820e,80x24,0,0{40x24,0,0,2,39x24,41,0,3}
client-detached
client-session-changed
--- 15:27:37.604000169
@0 smoke %0 57471 0 act=1 40x24 L=0 T=0 R=39 B=23 wact=1 zoom=0
@0 smoke %1 57475 1 act=0 39x24 L=41 T=0 R=79 B=23 wact=1 zoom=0
@1 handoff %2 57483 0 act=0 40x24 L=0 T=0 R=39 B=23 wact=0 zoom=0
@1 handoff %3 57491 1 act=1 39x24 L=41 T=0 R=79 B=23 wact=0 zoom=0
@0 smoke 80x24 zoom=0 layout=8205,80x24,0,0{40x24,0,0,0,39x24,41,0,1}
@1 handoff 80x24 zoom=0 layout=820e,80x24,0,0{40x24,0,0,2,39x24,41,0,3}
client-detached
client-session-changed
--- 15:27:39.117171200
@0 smoke %0 57471 0 act=1 40x24 L=0 T=0 R=39 B=23 wact=1 zoom=0
@0 smoke %1 57475 1 act=0 39x24 L=41 T=0 R=79 B=23 wact=1 zoom=0
@1 handoff %2 57483 0 act=0 40x24 L=0 T=0 R=39 B=23 wact=0 zoom=0
@1 handoff %3 57491 1 act=1 39x24 L=41 T=0 R=79 B=23 wact=0 zoom=0
@0 smoke 80x24 zoom=0 layout=8205,80x24,0,0{40x24,0,0,0,39x24,41,0,1}
@1 handoff 80x24 zoom=0 layout=820e,80x24,0,0{40x24,0,0,2,39x24,41,0,3}
client-detached
client-session-changed
--- 15:27:40.629861199
@0 smoke %0 57471 0 act=1 40x24 L=0 T=0 R=39 B=23 wact=1 zoom=0
@0 smoke %1 57475 1 act=0 39x24 L=41 T=0 R=79 B=23 wact=1 zoom=0
@1 handoff %2 57483 0 act=0 40x24 L=0 T=0 R=39 B=23 wact=0 zoom=0
@1 handoff %3 57491 1 act=1 39x24 L=41 T=0 R=79 B=23 wact=0 zoom=0
@0 smoke 80x24 zoom=0 layout=8205,80x24,0,0{40x24,0,0,0,39x24,41,0,1}
@1 handoff 80x24 zoom=0 layout=820e,80x24,0,0{40x24,0,0,2,39x24,41,0,3}
client-detached
client-session-changed
--- 15:27:42.142488881
@0 smoke %0 57471 0 act=1 40x24 L=0 T=0 R=39 B=23 wact=1 zoom=0
@0 smoke %1 57475 1 act=0 39x24 L=41 T=0 R=79 B=23 wact=1 zoom=0
@1 handoff %2 57483 0 act=0 40x24 L=0 T=0 R=39 B=23 wact=0 zoom=0
@1 handoff %3 57491 1 act=1 39x24 L=41 T=0 R=79 B=23 wact=0 zoom=0
@0 smoke 80x24 zoom=0 layout=8205,80x24,0,0{40x24,0,0,0,39x24,41,0,1}
@1 handoff 80x24 zoom=0 layout=820e,80x24,0,0{40x24,0,0,2,39x24,41,0,3}
client-detached
client-session-changed
--- 15:27:43.659902442
@0 smoke %0 57471 0 act=1 40x24 L=0 T=0 R=39 B=23 wact=1 zoom=0
@0 smoke %1 57475 1 act=0 39x24 L=41 T=0 R=79 B=23 wact=1 zoom=0
@1 handoff %2 57483 0 act=0 40x24 L=0 T=0 R=39 B=23 wact=0 zoom=0
@1 handoff %3 57491 1 act=1 39x24 L=41 T=0 R=79 B=23 wact=0 zoom=0
@0 smoke 80x24 zoom=0 layout=8205,80x24,0,0{40x24,0,0,0,39x24,41,0,1}
@1 handoff 80x24 zoom=0 layout=820e,80x24,0,0{40x24,0,0,2,39x24,41,0,3}
client-detached
client-session-changed
--- 15:27:45.173716839
@0 smoke %0 57471 0 act=1 40x24 L=0 T=0 R=39 B=23 wact=1 zoom=0
@0 smoke %1 57475 1 act=0 39x24 L=41 T=0 R=79 B=23 wact=1 zoom=0
@1 handoff %2 57483 0 act=0 40x24 L=0 T=0 R=39 B=23 wact=0 zoom=0
@1 handoff %3 57491 1 act=1 39x24 L=41 T=0 R=79 B=23 wact=0 zoom=0
@0 smoke 80x24 zoom=0 layout=8205,80x24,0,0{40x24,0,0,0,39x24,41,0,1}
@1 handoff 80x24 zoom=0 layout=820e,80x24,0,0{40x24,0,0,2,39x24,41,0,3}
client-detached
client-session-changed
--- 15:27:46.687425104
@0 smoke %0 57471 0 act=1 40x24 L=0 T=0 R=39 B=23 wact=1 zoom=0
@0 smoke %1 57475 1 act=0 39x24 L=41 T=0 R=79 B=23 wact=1 zoom=0
@1 handoff %2 57483 0 act=0 40x24 L=0 T=0 R=39 B=23 wact=0 zoom=0
@1 handoff %3 57491 1 act=1 39x24 L=41 T=0 R=79 B=23 wact=0 zoom=0
@0 smoke 80x24 zoom=0 layout=8205,80x24,0,0{40x24,0,0,0,39x24,41,0,1}
@1 handoff 80x24 zoom=0 layout=820e,80x24,0,0{40x24,0,0,2,39x24,41,0,3}
client-detached
client-session-changed
--- 15:27:48.207213466
@0 smoke %0 57471 0 act=1 40x24 L=0 T=0 R=39 B=23 wact=1 zoom=0
@0 smoke %1 57475 1 act=0 39x24 L=41 T=0 R=79 B=23 wact=1 zoom=0
@1 handoff %2 57483 0 act=0 40x24 L=0 T=0 R=39 B=23 wact=0 zoom=0
@1 handoff %3 57491 1 act=1 39x24 L=41 T=0 R=79 B=23 wact=0 zoom=0
@0 smoke 80x24 zoom=0 layout=8205,80x24,0,0{40x24,0,0,0,39x24,41,0,1}
@1 handoff 80x24 zoom=0 layout=820e,80x24,0,0{40x24,0,0,2,39x24,41,0,3}
client-detached
client-session-changed
--- 15:27:49.732007243
@0 smoke %0 57471 0 act=1 40x24 L=0 T=0 R=39 B=23 wact=1 zoom=0
@0 smoke %1 57475 1 act=0 39x24 L=41 T=0 R=79 B=23 wact=1 zoom=0
@1 handoff %2 57483 0 act=0 40x24 L=0 T=0 R=39 B=23 wact=0 zoom=0
@1 handoff %3 57491 1 act=1 39x24 L=41 T=0 R=79 B=23 wact=0 zoom=0
@0 smoke 80x24 zoom=0 layout=8205,80x24,0,0{40x24,0,0,0,39x24,41,0,1}
@1 handoff 80x24 zoom=0 layout=820e,80x24,0,0{40x24,0,0,2,39x24,41,0,3}
client-detached
client-session-changed
--- 15:27:51.252282860
@0 smoke %0 57471 0 act=1 40x24 L=0 T=0 R=39 B=23 wact=1 zoom=0
@0 smoke %1 57475 1 act=0 39x24 L=41 T=0 R=79 B=23 wact=1 zoom=0
@1 handoff %2 57483 0 act=0 40x24 L=0 T=0 R=39 B=23 wact=0 zoom=0
@1 handoff %3 57491 1 act=1 39x24 L=41 T=0 R=79 B=23 wact=0 zoom=0
@0 smoke 80x24 zoom=0 layout=8205,80x24,0,0{40x24,0,0,0,39x24,41,0,1}
@1 handoff 80x24 zoom=0 layout=820e,80x24,0,0{40x24,0,0,2,39x24,41,0,3}
client-detached
client-session-changed
--- 15:27:52.767807214
@0 smoke %0 57471 0 act=1 40x24 L=0 T=0 R=39 B=23 wact=1 zoom=0
@0 smoke %1 57475 1 act=0 39x24 L=41 T=0 R=79 B=23 wact=1 zoom=0
@1 handoff %2 57483 0 act=0 40x24 L=0 T=0 R=39 B=23 wact=0 zoom=0
@1 handoff %3 57491 1 act=1 39x24 L=41 T=0 R=79 B=23 wact=0 zoom=0
@0 smoke 80x24 zoom=0 layout=8205,80x24,0,0{40x24,0,0,0,39x24,41,0,1}
@1 handoff 80x24 zoom=0 layout=820e,80x24,0,0{40x24,0,0,2,39x24,41,0,3}
client-detached
client-session-changed
--- 15:27:54.281118129
@0 smoke %0 57471 0 act=1 40x24 L=0 T=0 R=39 B=23 wact=1 zoom=0
@0 smoke %1 57475 1 act=0 39x24 L=41 T=0 R=79 B=23 wact=1 zoom=0
@1 handoff %2 57483 0 act=0 40x24 L=0 T=0 R=39 B=23 wact=0 zoom=0
@1 handoff %3 57491 1 act=1 39x24 L=41 T=0 R=79 B=23 wact=0 zoom=0
@0 smoke 80x24 zoom=0 layout=8205,80x24,0,0{40x24,0,0,0,39x24,41,0,1}
@1 handoff 80x24 zoom=0 layout=820e,80x24,0,0{40x24,0,0,2,39x24,41,0,3}
client-detached
client-session-changed
--- 15:27:55.794097198
@0 smoke %0 57471 0 act=1 40x24 L=0 T=0 R=39 B=23 wact=1 zoom=0
@0 smoke %1 57475 1 act=0 39x24 L=41 T=0 R=79 B=23 wact=1 zoom=0
@1 handoff %2 57483 0 act=0 40x24 L=0 T=0 R=39 B=23 wact=0 zoom=0
@1 handoff %3 57491 1 act=1 39x24 L=41 T=0 R=79 B=23 wact=0 zoom=0
@0 smoke 80x24 zoom=0 layout=8205,80x24,0,0{40x24,0,0,0,39x24,41,0,1}
@1 handoff 80x24 zoom=0 layout=820e,80x24,0,0{40x24,0,0,2,39x24,41,0,3}
client-detached
client-session-changed
--- 15:27:57.307513091
@0 smoke %0 57471 0 act=1 40x24 L=0 T=0 R=39 B=23 wact=1 zoom=0
@0 smoke %1 57475 1 act=0 39x24 L=41 T=0 R=79 B=23 wact=1 zoom=0
@1 handoff %2 57483 0 act=0 40x24 L=0 T=0 R=39 B=23 wact=0 zoom=0
@1 handoff %3 57491 1 act=1 39x24 L=41 T=0 R=79 B=23 wact=0 zoom=0
@0 smoke 80x24 zoom=0 layout=8205,80x24,0,0{40x24,0,0,0,39x24,41,0,1}
@1 handoff 80x24 zoom=0 layout=820e,80x24,0,0{40x24,0,0,2,39x24,41,0,3}
client-detached
client-session-changed
--- 15:27:58.836632271
@0 smoke %0 57471 0 act=1 40x24 L=0 T=0 R=39 B=23 wact=1 zoom=0
@0 smoke %1 57475 1 act=0 39x24 L=41 T=0 R=79 B=23 wact=1 zoom=0
@1 handoff %2 57483 0 act=0 40x24 L=0 T=0 R=39 B=23 wact=0 zoom=0
@1 handoff %3 57491 1 act=1 39x24 L=41 T=0 R=79 B=23 wact=0 zoom=0
@0 smoke 80x24 zoom=0 layout=8205,80x24,0,0{40x24,0,0,0,39x24,41,0,1}
@1 handoff 80x24 zoom=0 layout=820e,80x24,0,0{40x24,0,0,2,39x24,41,0,3}
client-detached
client-session-changed
--- 15:28:00.359908713
@0 smoke %0 57471 0 act=1 40x24 L=0 T=0 R=39 B=23 wact=1 zoom=0
@0 smoke %1 57475 1 act=0 39x24 L=41 T=0 R=79 B=23 wact=1 zoom=0
@1 handoff %2 57483 0 act=0 40x24 L=0 T=0 R=39 B=23 wact=0 zoom=0
@1 handoff %3 57491 1 act=1 39x24 L=41 T=0 R=79 B=23 wact=0 zoom=0
@0 smoke 80x24 zoom=0 layout=8205,80x24,0,0{40x24,0,0,0,39x24,41,0,1}
@1 handoff 80x24 zoom=0 layout=820e,80x24,0,0{40x24,0,0,2,39x24,41,0,3}
client-detached
client-session-changed
--- 15:28:01.872599745
@0 smoke %0 57471 0 act=1 40x24 L=0 T=0 R=39 B=23 wact=1 zoom=0
@0 smoke %1 57475 1 act=0 39x24 L=41 T=0 R=79 B=23 wact=1 zoom=0
@1 handoff %2 57483 0 act=0 40x24 L=0 T=0 R=39 B=23 wact=0 zoom=0
@1 handoff %3 57491 1 act=1 39x24 L=41 T=0 R=79 B=23 wact=0 zoom=0
@0 smoke 80x24 zoom=0 layout=8205,80x24,0,0{40x24,0,0,0,39x24,41,0,1}
@1 handoff 80x24 zoom=0 layout=820e,80x24,0,0{40x24,0,0,2,39x24,41,0,3}
client-detached
client-session-changed
--- 15:28:03.385308591
@0 smoke %0 57471 0 act=1 40x24 L=0 T=0 R=39 B=23 wact=1 zoom=0
@0 smoke %1 57475 1 act=0 39x24 L=41 T=0 R=79 B=23 wact=1 zoom=0
@1 handoff %2 57483 0 act=0 40x24 L=0 T=0 R=39 B=23 wact=0 zoom=0
@1 handoff %3 57491 1 act=1 39x24 L=41 T=0 R=79 B=23 wact=0 zoom=0
@0 smoke 80x24 zoom=0 layout=8205,80x24,0,0{40x24,0,0,0,39x24,41,0,1}
@1 handoff 80x24 zoom=0 layout=820e,80x24,0,0{40x24,0,0,2,39x24,41,0,3}
client-detached
client-session-changed
--- 15:28:04.898011998
@0 smoke %0 57471 0 act=1 40x24 L=0 T=0 R=39 B=23 wact=1 zoom=0
@0 smoke %1 57475 1 act=0 39x24 L=41 T=0 R=79 B=23 wact=1 zoom=0
@1 handoff %2 57483 0 act=0 40x24 L=0 T=0 R=39 B=23 wact=0 zoom=0
@1 handoff %3 57491 1 act=1 39x24 L=41 T=0 R=79 B=23 wact=0 zoom=0
@0 smoke 80x24 zoom=0 layout=8205,80x24,0,0{40x24,0,0,0,39x24,41,0,1}
@1 handoff 80x24 zoom=0 layout=820e,80x24,0,0{40x24,0,0,2,39x24,41,0,3}
client-detached
client-session-changed
--- 15:28:06.410840932
@0 smoke %0 57471 0 act=1 40x24 L=0 T=0 R=39 B=23 wact=1 zoom=0
@0 smoke %1 57475 1 act=0 39x24 L=41 T=0 R=79 B=23 wact=1 zoom=0
@1 handoff %2 57483 0 act=0 40x24 L=0 T=0 R=39 B=23 wact=0 zoom=0
@1 handoff %3 57491 1 act=1 39x24 L=41 T=0 R=79 B=23 wact=0 zoom=0
@0 smoke 80x24 zoom=0 layout=8205,80x24,0,0{40x24,0,0,0,39x24,41,0,1}
@1 handoff 80x24 zoom=0 layout=820e,80x24,0,0{40x24,0,0,2,39x24,41,0,3}
client-detached
client-session-changed
--- 15:28:07.925461177
@0 smoke %0 57471 0 act=1 40x24 L=0 T=0 R=39 B=23 wact=1 zoom=0
@0 smoke %1 57475 1 act=0 39x24 L=41 T=0 R=79 B=23 wact=1 zoom=0
@1 handoff %2 57483 0 act=0 40x24 L=0 T=0 R=39 B=23 wact=0 zoom=0
@1 handoff %3 57491 1 act=1 39x24 L=41 T=0 R=79 B=23 wact=0 zoom=0
@0 smoke 80x24 zoom=0 layout=8205,80x24,0,0{40x24,0,0,0,39x24,41,0,1}
@1 handoff 80x24 zoom=0 layout=820e,80x24,0,0{40x24,0,0,2,39x24,41,0,3}
client-detached
client-session-changed
--- 15:28:09.438327100
@0 smoke %0 57471 0 act=1 40x24 L=0 T=0 R=39 B=23 wact=1 zoom=0
@0 smoke %1 57475 1 act=0 39x24 L=41 T=0 R=79 B=23 wact=1 zoom=0
@1 handoff %2 57483 0 act=0 40x24 L=0 T=0 R=39 B=23 wact=0 zoom=0
@1 handoff %3 57491 1 act=1 39x24 L=41 T=0 R=79 B=23 wact=0 zoom=0
@0 smoke 80x24 zoom=0 layout=8205,80x24,0,0{40x24,0,0,0,39x24,41,0,1}
@1 handoff 80x24 zoom=0 layout=820e,80x24,0,0{40x24,0,0,2,39x24,41,0,3}
client-detached
client-session-changed
--- 15:28:10.951822117
@0 smoke %0 57471 0 act=1 40x24 L=0 T=0 R=39 B=23 wact=1 zoom=0
@0 smoke %1 57475 1 act=0 39x24 L=41 T=0 R=79 B=23 wact=1 zoom=0
@1 handoff %2 57483 0 act=0 40x24 L=0 T=0 R=39 B=23 wact=0 zoom=0
@1 handoff %3 57491 1 act=1 39x24 L=41 T=0 R=79 B=23 wact=0 zoom=0
@0 smoke 80x24 zoom=0 layout=8205,80x24,0,0{40x24,0,0,0,39x24,41,0,1}
@1 handoff 80x24 zoom=0 layout=820e,80x24,0,0{40x24,0,0,2,39x24,41,0,3}
client-detached
client-session-changed
--- 15:28:12.464538643
@0 smoke %0 57471 0 act=1 40x24 L=0 T=0 R=39 B=23 wact=1 zoom=0
@0 smoke %1 57475 1 act=0 39x24 L=41 T=0 R=79 B=23 wact=1 zoom=0
@1 handoff %2 57483 0 act=0 40x24 L=0 T=0 R=39 B=23 wact=0 zoom=0
@1 handoff %3 57491 1 act=1 39x24 L=41 T=0 R=79 B=23 wact=0 zoom=0
@0 smoke 80x24 zoom=0 layout=8205,80x24,0,0{40x24,0,0,0,39x24,41,0,1}
@1 handoff 80x24 zoom=0 layout=820e,80x24,0,0{40x24,0,0,2,39x24,41,0,3}
client-detached
client-session-changed
--- 15:28:13.977791969
@0 smoke %0 57471 0 act=1 40x24 L=0 T=0 R=39 B=23 wact=1 zoom=0
@0 smoke %1 57475 1 act=0 39x24 L=41 T=0 R=79 B=23 wact=1 zoom=0
@1 handoff %2 57483 0 act=0 40x24 L=0 T=0 R=39 B=23 wact=0 zoom=0
@1 handoff %3 57491 1 act=1 39x24 L=41 T=0 R=79 B=23 wact=0 zoom=0
@0 smoke 80x24 zoom=0 layout=8205,80x24,0,0{40x24,0,0,0,39x24,41,0,1}
@1 handoff 80x24 zoom=0 layout=820e,80x24,0,0{40x24,0,0,2,39x24,41,0,3}
client-detached
client-session-changed
--- 15:28:15.490768210
@0 smoke %0 57471 0 act=1 40x24 L=0 T=0 R=39 B=23 wact=1 zoom=0
@0 smoke %1 57475 1 act=0 39x24 L=41 T=0 R=79 B=23 wact=1 zoom=0
@1 handoff %2 57483 0 act=0 40x24 L=0 T=0 R=39 B=23 wact=0 zoom=0
@1 handoff %3 57491 1 act=1 39x24 L=41 T=0 R=79 B=23 wact=0 zoom=0
@0 smoke 80x24 zoom=0 layout=8205,80x24,0,0{40x24,0,0,0,39x24,41,0,1}
@1 handoff 80x24 zoom=0 layout=820e,80x24,0,0{40x24,0,0,2,39x24,41,0,3}
client-detached
client-session-changed
--- 15:28:17.003571234
@0 smoke %0 57471 0 act=1 40x24 L=0 T=0 R=39 B=23 wact=1 zoom=0
@0 smoke %1 57475 1 act=0 39x24 L=41 T=0 R=79 B=23 wact=1 zoom=0
@1 handoff %2 57483 0 act=0 40x24 L=0 T=0 R=39 B=23 wact=0 zoom=0
@1 handoff %3 57491 1 act=1 39x24 L=41 T=0 R=79 B=23 wact=0 zoom=0
@0 smoke 80x24 zoom=0 layout=8205,80x24,0,0{40x24,0,0,0,39x24,41,0,1}
@1 handoff 80x24 zoom=0 layout=820e,80x24,0,0{40x24,0,0,2,39x24,41,0,3}
client-detached
client-session-changed
--- 15:28:18.516213969
@0 smoke %0 57471 0 act=1 40x24 L=0 T=0 R=39 B=23 wact=1 zoom=0
@0 smoke %1 57475 1 act=0 39x24 L=41 T=0 R=79 B=23 wact=1 zoom=0
@1 handoff %2 57483 0 act=0 40x24 L=0 T=0 R=39 B=23 wact=0 zoom=0
@1 handoff %3 57491 1 act=1 39x24 L=41 T=0 R=79 B=23 wact=0 zoom=0
@0 smoke 80x24 zoom=0 layout=8205,80x24,0,0{40x24,0,0,0,39x24,41,0,1}
@1 handoff 80x24 zoom=0 layout=820e,80x24,0,0{40x24,0,0,2,39x24,41,0,3}
client-detached
client-session-changed
--- 15:28:20.029113635
@0 smoke %0 57471 0 act=1 40x24 L=0 T=0 R=39 B=23 wact=1 zoom=0
@0 smoke %1 57475 1 act=0 39x24 L=41 T=0 R=79 B=23 wact=1 zoom=0
@1 handoff %2 57483 0 act=0 40x24 L=0 T=0 R=39 B=23 wact=0 zoom=0
@1 handoff %3 57491 1 act=1 39x24 L=41 T=0 R=79 B=23 wact=0 zoom=0
@0 smoke 80x24 zoom=0 layout=8205,80x24,0,0{40x24,0,0,0,39x24,41,0,1}
@1 handoff 80x24 zoom=0 layout=820e,80x24,0,0{40x24,0,0,2,39x24,41,0,3}
client-detached
client-session-changed
--- 15:28:21.542074058
@0 smoke %0 57471 0 act=1 40x24 L=0 T=0 R=39 B=23 wact=1 zoom=0
@0 smoke %1 57475 1 act=0 39x24 L=41 T=0 R=79 B=23 wact=1 zoom=0
@1 handoff %2 57483 0 act=0 40x24 L=0 T=0 R=39 B=23 wact=0 zoom=0
@1 handoff %3 57491 1 act=1 39x24 L=41 T=0 R=79 B=23 wact=0 zoom=0
@0 smoke 80x24 zoom=0 layout=8205,80x24,0,0{40x24,0,0,0,39x24,41,0,1}
@1 handoff 80x24 zoom=0 layout=820e,80x24,0,0{40x24,0,0,2,39x24,41,0,3}
client-detached
client-session-changed
--- 15:28:23.055203057
@0 smoke %0 57471 0 act=1 40x24 L=0 T=0 R=39 B=23 wact=1 zoom=0
@0 smoke %1 57475 1 act=0 39x24 L=41 T=0 R=79 B=23 wact=1 zoom=0
@1 handoff %2 57483 0 act=0 40x24 L=0 T=0 R=39 B=23 wact=0 zoom=0
@1 handoff %3 57491 1 act=1 39x24 L=41 T=0 R=79 B=23 wact=0 zoom=0
@0 smoke 80x24 zoom=0 layout=8205,80x24,0,0{40x24,0,0,0,39x24,41,0,1}
@1 handoff 80x24 zoom=0 layout=820e,80x24,0,0{40x24,0,0,2,39x24,41,0,3}
client-detached
client-session-changed
--- 15:28:24.569995681
@0 smoke %0 57471 0 act=1 40x24 L=0 T=0 R=39 B=23 wact=1 zoom=0
@0 smoke %1 57475 1 act=0 39x24 L=41 T=0 R=79 B=23 wact=1 zoom=0
@1 handoff %2 57483 0 act=0 40x24 L=0 T=0 R=39 B=23 wact=0 zoom=0
@1 handoff %3 57491 1 act=1 39x24 L=41 T=0 R=79 B=23 wact=0 zoom=0
@0 smoke 80x24 zoom=0 layout=8205,80x24,0,0{40x24,0,0,0,39x24,41,0,1}
@1 handoff 80x24 zoom=0 layout=820e,80x24,0,0{40x24,0,0,2,39x24,41,0,3}
client-detached
client-session-changed
--- 15:28:26.082899336
@0 smoke %0 57471 0 act=1 40x24 L=0 T=0 R=39 B=23 wact=1 zoom=0
@0 smoke %1 57475 1 act=0 39x24 L=41 T=0 R=79 B=23 wact=1 zoom=0
@1 handoff %2 57483 0 act=0 40x24 L=0 T=0 R=39 B=23 wact=0 zoom=0
@1 handoff %3 57491 1 act=1 39x24 L=41 T=0 R=79 B=23 wact=0 zoom=0
@0 smoke 80x24 zoom=0 layout=8205,80x24,0,0{40x24,0,0,0,39x24,41,0,1}
@1 handoff 80x24 zoom=0 layout=820e,80x24,0,0{40x24,0,0,2,39x24,41,0,3}
client-detached
client-session-changed
--- 15:28:27.600392400
@0 smoke %0 57471 0 act=1 40x24 L=0 T=0 R=39 B=23 wact=1 zoom=0
@0 smoke %1 57475 1 act=0 39x24 L=41 T=0 R=79 B=23 wact=1 zoom=0
@1 handoff %2 57483 0 act=0 40x24 L=0 T=0 R=39 B=23 wact=0 zoom=0
@1 handoff %3 57491 1 act=1 39x24 L=41 T=0 R=79 B=23 wact=0 zoom=0
@0 smoke 80x24 zoom=0 layout=8205,80x24,0,0{40x24,0,0,0,39x24,41,0,1}
@1 handoff 80x24 zoom=0 layout=820e,80x24,0,0{40x24,0,0,2,39x24,41,0,3}
client-detached
client-session-changed
--- 15:28:29.113586151
@0 smoke %0 57471 0 act=1 40x24 L=0 T=0 R=39 B=23 wact=1 zoom=0
@0 smoke %1 57475 1 act=0 39x24 L=41 T=0 R=79 B=23 wact=1 zoom=0
@1 handoff %2 57483 0 act=0 40x24 L=0 T=0 R=39 B=23 wact=0 zoom=0
@1 handoff %3 57491 1 act=1 39x24 L=41 T=0 R=79 B=23 wact=0 zoom=0
@0 smoke 80x24 zoom=0 layout=8205,80x24,0,0{40x24,0,0,0,39x24,41,0,1}
@1 handoff 80x24 zoom=0 layout=820e,80x24,0,0{40x24,0,0,2,39x24,41,0,3}
client-detached
client-session-changed
--- 15:28:30.627149293
@0 smoke %0 57471 0 act=1 40x24 L=0 T=0 R=39 B=23 wact=1 zoom=0
@0 smoke %1 57475 1 act=0 39x24 L=41 T=0 R=79 B=23 wact=1 zoom=0
@1 handoff %2 57483 0 act=0 40x24 L=0 T=0 R=39 B=23 wact=0 zoom=0
@1 handoff %3 57491 1 act=1 39x24 L=41 T=0 R=79 B=23 wact=0 zoom=0
@0 smoke 80x24 zoom=0 layout=8205,80x24,0,0{40x24,0,0,0,39x24,41,0,1}
@1 handoff 80x24 zoom=0 layout=820e,80x24,0,0{40x24,0,0,2,39x24,41,0,3}
client-detached
client-session-changed
--- 15:28:32.141074441
@0 smoke %0 57471 0 act=1 40x24 L=0 T=0 R=39 B=23 wact=1 zoom=0
@0 smoke %1 57475 1 act=0 39x24 L=41 T=0 R=79 B=23 wact=1 zoom=0
@1 handoff %2 57483 0 act=0 40x24 L=0 T=0 R=39 B=23 wact=0 zoom=0
@1 handoff %3 57491 1 act=1 39x24 L=41 T=0 R=79 B=23 wact=0 zoom=0
@0 smoke 80x24 zoom=0 layout=8205,80x24,0,0{40x24,0,0,0,39x24,41,0,1}
@1 handoff 80x24 zoom=0 layout=820e,80x24,0,0{40x24,0,0,2,39x24,41,0,3}
client-detached
client-session-changed
--- 15:28:33.665007530
@0 smoke %0 57471 0 act=1 40x24 L=0 T=0 R=39 B=23 wact=1 zoom=0
@0 smoke %1 57475 1 act=0 39x24 L=41 T=0 R=79 B=23 wact=1 zoom=0
@1 handoff %2 57483 0 act=0 40x24 L=0 T=0 R=39 B=23 wact=0 zoom=0
@1 handoff %3 57491 1 act=1 39x24 L=41 T=0 R=79 B=23 wact=0 zoom=0
@0 smoke 80x24 zoom=0 layout=8205,80x24,0,0{40x24,0,0,0,39x24,41,0,1}
@1 handoff 80x24 zoom=0 layout=820e,80x24,0,0{40x24,0,0,2,39x24,41,0,3}
client-detached
client-session-changed
--- 15:28:35.179807982
@0 smoke %0 57471 0 act=1 40x24 L=0 T=0 R=39 B=23 wact=1 zoom=0
@0 smoke %1 57475 1 act=0 39x24 L=41 T=0 R=79 B=23 wact=1 zoom=0
@1 handoff %2 57483 0 act=0 40x24 L=0 T=0 R=39 B=23 wact=0 zoom=0
@1 handoff %3 57491 1 act=1 39x24 L=41 T=0 R=79 B=23 wact=0 zoom=0
@0 smoke 80x24 zoom=0 layout=8205,80x24,0,0{40x24,0,0,0,39x24,41,0,1}
@1 handoff 80x24 zoom=0 layout=820e,80x24,0,0{40x24,0,0,2,39x24,41,0,3}
client-detached
client-session-changed
--- 15:28:36.704940996
@0 smoke %0 57471 0 act=1 40x24 L=0 T=0 R=39 B=23 wact=1 zoom=0
@0 smoke %1 57475 1 act=0 39x24 L=41 T=0 R=79 B=23 wact=1 zoom=0
@1 handoff %2 57483 0 act=0 40x24 L=0 T=0 R=39 B=23 wact=0 zoom=0
@1 handoff %3 57491 1 act=1 39x24 L=41 T=0 R=79 B=23 wact=0 zoom=0
@0 smoke 80x24 zoom=0 layout=8205,80x24,0,0{40x24,0,0,0,39x24,41,0,1}
@1 handoff 80x24 zoom=0 layout=820e,80x24,0,0{40x24,0,0,2,39x24,41,0,3}
client-detached
client-session-changed
--- 15:28:38.238028815
@0 smoke %0 57471 0 act=1 40x24 L=0 T=0 R=39 B=23 wact=1 zoom=0
@0 smoke %1 57475 1 act=0 39x24 L=41 T=0 R=79 B=23 wact=1 zoom=0
@1 handoff %2 57483 0 act=0 40x24 L=0 T=0 R=39 B=23 wact=0 zoom=0
@1 handoff %3 57491 1 act=1 39x24 L=41 T=0 R=79 B=23 wact=0 zoom=0
@0 smoke 80x24 zoom=0 layout=8205,80x24,0,0{40x24,0,0,0,39x24,41,0,1}
@1 handoff 80x24 zoom=0 layout=820e,80x24,0,0{40x24,0,0,2,39x24,41,0,3}
client-detached
client-session-changed
--- 15:28:39.751378489
@0 smoke %0 57471 0 act=1 40x24 L=0 T=0 R=39 B=23 wact=1 zoom=0
@0 smoke %1 57475 1 act=0 39x24 L=41 T=0 R=79 B=23 wact=1 zoom=0
@1 handoff %2 57483 0 act=0 40x24 L=0 T=0 R=39 B=23 wact=0 zoom=0
@1 handoff %3 57491 1 act=1 39x24 L=41 T=0 R=79 B=23 wact=0 zoom=0
@0 smoke 80x24 zoom=0 layout=8205,80x24,0,0{40x24,0,0,0,39x24,41,0,1}
@1 handoff 80x24 zoom=0 layout=820e,80x24,0,0{40x24,0,0,2,39x24,41,0,3}
client-detached
client-session-changed
--- 15:28:41.264159231
@0 smoke %0 57471 0 act=1 40x24 L=0 T=0 R=39 B=23 wact=1 zoom=0
@0 smoke %1 57475 1 act=0 39x24 L=41 T=0 R=79 B=23 wact=1 zoom=0
@1 handoff %2 57483 0 act=0 40x24 L=0 T=0 R=39 B=23 wact=0 zoom=0
@1 handoff %3 57491 1 act=1 39x24 L=41 T=0 R=79 B=23 wact=0 zoom=0
@0 smoke 80x24 zoom=0 layout=8205,80x24,0,0{40x24,0,0,0,39x24,41,0,1}
@1 handoff 80x24 zoom=0 layout=820e,80x24,0,0{40x24,0,0,2,39x24,41,0,3}
client-detached
client-session-changed
--- 15:28:42.784529703
@0 smoke %0 57471 0 act=1 40x24 L=0 T=0 R=39 B=23 wact=1 zoom=0
@0 smoke %1 57475 1 act=0 39x24 L=41 T=0 R=79 B=23 wact=1 zoom=0
@1 handoff %2 57483 0 act=0 40x24 L=0 T=0 R=39 B=23 wact=0 zoom=0
@1 handoff %3 57491 1 act=1 39x24 L=41 T=0 R=79 B=23 wact=0 zoom=0
@0 smoke 80x24 zoom=0 layout=8205,80x24,0,0{40x24,0,0,0,39x24,41,0,1}
@1 handoff 80x24 zoom=0 layout=820e,80x24,0,0{40x24,0,0,2,39x24,41,0,3}
client-detached
client-session-changed
--- 15:28:44.307460145
@0 smoke %0 57471 0 act=1 40x24 L=0 T=0 R=39 B=23 wact=1 zoom=0
@0 smoke %1 57475 1 act=0 39x24 L=41 T=0 R=79 B=23 wact=1 zoom=0
@1 handoff %2 57483 0 act=0 40x24 L=0 T=0 R=39 B=23 wact=0 zoom=0
@1 handoff %3 57491 1 act=1 39x24 L=41 T=0 R=79 B=23 wact=0 zoom=0
@0 smoke 80x24 zoom=0 layout=8205,80x24,0,0{40x24,0,0,0,39x24,41,0,1}
@1 handoff 80x24 zoom=0 layout=820e,80x24,0,0{40x24,0,0,2,39x24,41,0,3}
client-detached
client-session-changed
--- 15:28:45.820405434
@0 smoke %0 57471 0 act=1 40x24 L=0 T=0 R=39 B=23 wact=1 zoom=0
@0 smoke %1 57475 1 act=0 39x24 L=41 T=0 R=79 B=23 wact=1 zoom=0
@1 handoff %2 57483 0 act=0 40x24 L=0 T=0 R=39 B=23 wact=0 zoom=0
@1 handoff %3 57491 1 act=1 39x24 L=41 T=0 R=79 B=23 wact=0 zoom=0
@0 smoke 80x24 zoom=0 layout=8205,80x24,0,0{40x24,0,0,0,39x24,41,0,1}
@1 handoff 80x24 zoom=0 layout=820e,80x24,0,0{40x24,0,0,2,39x24,41,0,3}
client-detached
client-session-changed
--- 15:28:47.333486633
@0 smoke %0 57471 0 act=1 40x24 L=0 T=0 R=39 B=23 wact=1 zoom=0
@0 smoke %1 57475 1 act=0 39x24 L=41 T=0 R=79 B=23 wact=1 zoom=0
@1 handoff %2 57483 0 act=0 40x24 L=0 T=0 R=39 B=23 wact=0 zoom=0
@1 handoff %3 57491 1 act=1 39x24 L=41 T=0 R=79 B=23 wact=0 zoom=0
@0 smoke 80x24 zoom=0 layout=8205,80x24,0,0{40x24,0,0,0,39x24,41,0,1}
@1 handoff 80x24 zoom=0 layout=820e,80x24,0,0{40x24,0,0,2,39x24,41,0,3}
client-detached
client-session-changed
--- 15:28:48.846473303
@0 smoke %0 57471 0 act=1 40x24 L=0 T=0 R=39 B=23 wact=1 zoom=0
@0 smoke %1 57475 1 act=0 39x24 L=41 T=0 R=79 B=23 wact=1 zoom=0
@1 handoff %2 57483 0 act=0 40x24 L=0 T=0 R=39 B=23 wact=0 zoom=0
@1 handoff %3 57491 1 act=1 39x24 L=41 T=0 R=79 B=23 wact=0 zoom=0
@0 smoke 80x24 zoom=0 layout=8205,80x24,0,0{40x24,0,0,0,39x24,41,0,1}
@1 handoff 80x24 zoom=0 layout=820e,80x24,0,0{40x24,0,0,2,39x24,41,0,3}
client-detached
client-session-changed
--- 15:28:50.360172632
@0 smoke %0 57471 0 act=1 40x24 L=0 T=0 R=39 B=23 wact=1 zoom=0
@0 smoke %1 57475 1 act=0 39x24 L=41 T=0 R=79 B=23 wact=1 zoom=0
@1 handoff %2 57483 0 act=0 40x24 L=0 T=0 R=39 B=23 wact=0 zoom=0
@1 handoff %3 57491 1 act=1 39x24 L=41 T=0 R=79 B=23 wact=0 zoom=0
@0 smoke 80x24 zoom=0 layout=8205,80x24,0,0{40x24,0,0,0,39x24,41,0,1}
@1 handoff 80x24 zoom=0 layout=820e,80x24,0,0{40x24,0,0,2,39x24,41,0,3}
client-detached
client-session-changed
--- 15:28:51.873213090
@0 smoke %0 57471 0 act=1 40x24 L=0 T=0 R=39 B=23 wact=1 zoom=0
@0 smoke %1 57475 1 act=0 39x24 L=41 T=0 R=79 B=23 wact=1 zoom=0
@1 handoff %2 57483 0 act=0 40x24 L=0 T=0 R=39 B=23 wact=0 zoom=0
@1 handoff %3 57491 1 act=1 39x24 L=41 T=0 R=79 B=23 wact=0 zoom=0
@0 smoke 80x24 zoom=0 layout=8205,80x24,0,0{40x24,0,0,0,39x24,41,0,1}
@1 handoff 80x24 zoom=0 layout=820e,80x24,0,0{40x24,0,0,2,39x24,41,0,3}
client-detached
client-session-changed
--- 15:28:53.386927271
@0 smoke %0 57471 0 act=1 40x24 L=0 T=0 R=39 B=23 wact=1 zoom=0
@0 smoke %1 57475 1 act=0 39x24 L=41 T=0 R=79 B=23 wact=1 zoom=0
@1 handoff %2 57483 0 act=0 40x24 L=0 T=0 R=39 B=23 wact=0 zoom=0
@1 handoff %3 57491 1 act=1 39x24 L=41 T=0 R=79 B=23 wact=0 zoom=0
@0 smoke 80x24 zoom=0 layout=8205,80x24,0,0{40x24,0,0,0,39x24,41,0,1}
@1 handoff 80x24 zoom=0 layout=820e,80x24,0,0{40x24,0,0,2,39x24,41,0,3}
client-detached
client-session-changed
--- 15:28:54.899708151
@0 smoke %0 57471 0 act=1 40x24 L=0 T=0 R=39 B=23 wact=1 zoom=0
@0 smoke %1 57475 1 act=0 39x24 L=41 T=0 R=79 B=23 wact=1 zoom=0
@1 handoff %2 57483 0 act=0 40x24 L=0 T=0 R=39 B=23 wact=0 zoom=0
@1 handoff %3 57491 1 act=1 39x24 L=41 T=0 R=79 B=23 wact=0 zoom=0
@0 smoke 80x24 zoom=0 layout=8205,80x24,0,0{40x24,0,0,0,39x24,41,0,1}
@1 handoff 80x24 zoom=0 layout=820e,80x24,0,0{40x24,0,0,2,39x24,41,0,3}
client-detached
client-session-changed
--- 15:28:56.427790901
@0 smoke %0 57471 0 act=1 40x24 L=0 T=0 R=39 B=23 wact=1 zoom=0
@0 smoke %1 57475 1 act=0 39x24 L=41 T=0 R=79 B=23 wact=1 zoom=0
@1 handoff %2 57483 0 act=0 40x24 L=0 T=0 R=39 B=23 wact=0 zoom=0
@1 handoff %3 57491 1 act=1 39x24 L=41 T=0 R=79 B=23 wact=0 zoom=0
@0 smoke 80x24 zoom=0 layout=8205,80x24,0,0{40x24,0,0,0,39x24,41,0,1}
@1 handoff 80x24 zoom=0 layout=820e,80x24,0,0{40x24,0,0,2,39x24,41,0,3}
client-detached
client-session-changed
--- 15:28:57.945216224
@0 smoke %0 57471 0 act=1 40x24 L=0 T=0 R=39 B=23 wact=1 zoom=0
@0 smoke %1 57475 1 act=0 39x24 L=41 T=0 R=79 B=23 wact=1 zoom=0
@1 handoff %2 57483 0 act=0 40x24 L=0 T=0 R=39 B=23 wact=0 zoom=0
@1 handoff %3 57491 1 act=1 39x24 L=41 T=0 R=79 B=23 wact=0 zoom=0
@0 smoke 80x24 zoom=0 layout=8205,80x24,0,0{40x24,0,0,0,39x24,41,0,1}
@1 handoff 80x24 zoom=0 layout=820e,80x24,0,0{40x24,0,0,2,39x24,41,0,3}
client-detached
client-session-changed
--- 15:28:59.458217651
@0 smoke %0 57471 0 act=1 40x24 L=0 T=0 R=39 B=23 wact=1 zoom=0
@0 smoke %1 57475 1 act=0 39x24 L=41 T=0 R=79 B=23 wact=1 zoom=0
@1 handoff %2 57483 0 act=0 40x24 L=0 T=0 R=39 B=23 wact=0 zoom=0
@1 handoff %3 57491 1 act=1 39x24 L=41 T=0 R=79 B=23 wact=0 zoom=0
@0 smoke 80x24 zoom=0 layout=8205,80x24,0,0{40x24,0,0,0,39x24,41,0,1}
@1 handoff 80x24 zoom=0 layout=820e,80x24,0,0{40x24,0,0,2,39x24,41,0,3}
client-detached
client-session-changed
--- 15:29:00.977145158
@0 smoke %0 57471 0 act=1 40x24 L=0 T=0 R=39 B=23 wact=1 zoom=0
@0 smoke %1 57475 1 act=0 39x24 L=41 T=0 R=79 B=23 wact=1 zoom=0
@1 handoff %2 57483 0 act=0 40x24 L=0 T=0 R=39 B=23 wact=0 zoom=0
@1 handoff %3 57491 1 act=1 39x24 L=41 T=0 R=79 B=23 wact=0 zoom=0
@0 smoke 80x24 zoom=0 layout=8205,80x24,0,0{40x24,0,0,0,39x24,41,0,1}
@1 handoff 80x24 zoom=0 layout=820e,80x24,0,0{40x24,0,0,2,39x24,41,0,3}
client-detached
client-session-changed
--- 15:29:02.490312617
@0 smoke %0 57471 0 act=1 40x24 L=0 T=0 R=39 B=23 wact=1 zoom=0
@0 smoke %1 57475 1 act=0 39x24 L=41 T=0 R=79 B=23 wact=1 zoom=0
@1 handoff %2 57483 0 act=0 40x24 L=0 T=0 R=39 B=23 wact=0 zoom=0
@1 handoff %3 57491 1 act=1 39x24 L=41 T=0 R=79 B=23 wact=0 zoom=0
@0 smoke 80x24 zoom=0 layout=8205,80x24,0,0{40x24,0,0,0,39x24,41,0,1}
@1 handoff 80x24 zoom=0 layout=820e,80x24,0,0{40x24,0,0,2,39x24,41,0,3}
client-detached
client-session-changed
--- 15:29:04.005877064
@0 smoke %0 57471 0 act=1 40x24 L=0 T=0 R=39 B=23 wact=1 zoom=0
@0 smoke %1 57475 1 act=0 39x24 L=41 T=0 R=79 B=23 wact=1 zoom=0
@1 handoff %2 57483 0 act=0 40x24 L=0 T=0 R=39 B=23 wact=0 zoom=0
@1 handoff %3 57491 1 act=1 39x24 L=41 T=0 R=79 B=23 wact=0 zoom=0
@0 smoke 80x24 zoom=0 layout=8205,80x24,0,0{40x24,0,0,0,39x24,41,0,1}
@1 handoff 80x24 zoom=0 layout=820e,80x24,0,0{40x24,0,0,2,39x24,41,0,3}
client-detached
client-session-changed
--- 15:29:05.518571376
@0 smoke %0 57471 0 act=1 40x24 L=0 T=0 R=39 B=23 wact=1 zoom=0
@0 smoke %1 57475 1 act=0 39x24 L=41 T=0 R=79 B=23 wact=1 zoom=0
@1 handoff %2 57483 0 act=0 40x24 L=0 T=0 R=39 B=23 wact=0 zoom=0
@1 handoff %3 57491 1 act=1 39x24 L=41 T=0 R=79 B=23 wact=0 zoom=0
@0 smoke 80x24 zoom=0 layout=8205,80x24,0,0{40x24,0,0,0,39x24,41,0,1}
@1 handoff 80x24 zoom=0 layout=820e,80x24,0,0{40x24,0,0,2,39x24,41,0,3}
client-detached
client-session-changed
--- 15:29:07.031905264
@0 smoke %0 57471 0 act=1 40x24 L=0 T=0 R=39 B=23 wact=1 zoom=0
@0 smoke %1 57475 1 act=0 39x24 L=41 T=0 R=79 B=23 wact=1 zoom=0
@1 handoff %2 57483 0 act=0 40x24 L=0 T=0 R=39 B=23 wact=0 zoom=0
@1 handoff %3 57491 1 act=1 39x24 L=41 T=0 R=79 B=23 wact=0 zoom=0
@0 smoke 80x24 zoom=0 layout=8205,80x24,0,0{40x24,0,0,0,39x24,41,0,1}
@1 handoff 80x24 zoom=0 layout=820e,80x24,0,0{40x24,0,0,2,39x24,41,0,3}
client-detached
client-session-changed
--- 15:29:08.544847242
@0 smoke %0 57471 0 act=1 40x24 L=0 T=0 R=39 B=23 wact=1 zoom=0
@0 smoke %1 57475 1 act=0 39x24 L=41 T=0 R=79 B=23 wact=1 zoom=0
@1 handoff %2 57483 0 act=0 40x24 L=0 T=0 R=39 B=23 wact=0 zoom=0
@1 handoff %3 57491 1 act=1 39x24 L=41 T=0 R=79 B=23 wact=0 zoom=0
@0 smoke 80x24 zoom=0 layout=8205,80x24,0,0{40x24,0,0,0,39x24,41,0,1}
@1 handoff 80x24 zoom=0 layout=820e,80x24,0,0{40x24,0,0,2,39x24,41,0,3}
client-detached
client-session-changed
--- 15:29:10.059603486
@0 smoke %0 57471 0 act=1 40x24 L=0 T=0 R=39 B=23 wact=1 zoom=0
@0 smoke %1 57475 1 act=0 39x24 L=41 T=0 R=79 B=23 wact=1 zoom=0
@1 handoff %2 57483 0 act=0 40x24 L=0 T=0 R=39 B=23 wact=0 zoom=0
@1 handoff %3 57491 1 act=1 39x24 L=41 T=0 R=79 B=23 wact=0 zoom=0
@0 smoke 80x24 zoom=0 layout=8205,80x24,0,0{40x24,0,0,0,39x24,41,0,1}
@1 handoff 80x24 zoom=0 layout=820e,80x24,0,0{40x24,0,0,2,39x24,41,0,3}
client-detached
client-session-changed
--- 15:29:11.574417477
@0 smoke %0 57471 0 act=1 40x24 L=0 T=0 R=39 B=23 wact=1 zoom=0
@0 smoke %1 57475 1 act=0 39x24 L=41 T=0 R=79 B=23 wact=1 zoom=0
@1 handoff %2 57483 0 act=0 40x24 L=0 T=0 R=39 B=23 wact=0 zoom=0
@1 handoff %3 57491 1 act=1 39x24 L=41 T=0 R=79 B=23 wact=0 zoom=0
@0 smoke 80x24 zoom=0 layout=8205,80x24,0,0{40x24,0,0,0,39x24,41,0,1}
@1 handoff 80x24 zoom=0 layout=820e,80x24,0,0{40x24,0,0,2,39x24,41,0,3}
client-detached
client-session-changed
--- 15:29:13.091312804
@0 smoke %0 57471 0 act=1 40x24 L=0 T=0 R=39 B=23 wact=1 zoom=0
@0 smoke %1 57475 1 act=0 39x24 L=41 T=0 R=79 B=23 wact=1 zoom=0
@1 handoff %2 57483 0 act=0 40x24 L=0 T=0 R=39 B=23 wact=0 zoom=0
@1 handoff %3 57491 1 act=1 39x24 L=41 T=0 R=79 B=23 wact=0 zoom=0
@0 smoke 80x24 zoom=0 layout=8205,80x24,0,0{40x24,0,0,0,39x24,41,0,1}
@1 handoff 80x24 zoom=0 layout=820e,80x24,0,0{40x24,0,0,2,39x24,41,0,3}
client-detached
client-session-changed
--- 15:29:14.605685266
@0 smoke %0 57471 0 act=1 40x24 L=0 T=0 R=39 B=23 wact=1 zoom=0
@0 smoke %1 57475 1 act=0 39x24 L=41 T=0 R=79 B=23 wact=1 zoom=0
@1 handoff %2 57483 0 act=0 40x24 L=0 T=0 R=39 B=23 wact=0 zoom=0
@1 handoff %3 57491 1 act=1 39x24 L=41 T=0 R=79 B=23 wact=0 zoom=0
@0 smoke 80x24 zoom=0 layout=8205,80x24,0,0{40x24,0,0,0,39x24,41,0,1}
@1 handoff 80x24 zoom=0 layout=820e,80x24,0,0{40x24,0,0,2,39x24,41,0,3}
client-detached
client-session-changed
--- 15:29:16.118172295
@0 smoke %0 57471 0 act=1 40x24 L=0 T=0 R=39 B=23 wact=1 zoom=0
@0 smoke %1 57475 1 act=0 39x24 L=41 T=0 R=79 B=23 wact=1 zoom=0
@1 handoff %2 57483 0 act=0 40x24 L=0 T=0 R=39 B=23 wact=0 zoom=0
@1 handoff %3 57491 1 act=1 39x24 L=41 T=0 R=79 B=23 wact=0 zoom=0
@0 smoke 80x24 zoom=0 layout=8205,80x24,0,0{40x24,0,0,0,39x24,41,0,1}
@1 handoff 80x24 zoom=0 layout=820e,80x24,0,0{40x24,0,0,2,39x24,41,0,3}
client-detached
client-session-changed
--- 15:29:17.631081561
@0 smoke %0 57471 0 act=1 40x24 L=0 T=0 R=39 B=23 wact=1 zoom=0
@0 smoke %1 57475 1 act=0 39x24 L=41 T=0 R=79 B=23 wact=1 zoom=0
@1 handoff %2 57483 0 act=0 40x24 L=0 T=0 R=39 B=23 wact=0 zoom=0
@1 handoff %3 57491 1 act=1 39x24 L=41 T=0 R=79 B=23 wact=0 zoom=0
@0 smoke 80x24 zoom=0 layout=8205,80x24,0,0{40x24,0,0,0,39x24,41,0,1}
@1 handoff 80x24 zoom=0 layout=820e,80x24,0,0{40x24,0,0,2,39x24,41,0,3}
client-detached
client-session-changed
--- 15:29:19.144051533
@0 smoke %0 57471 0 act=1 40x24 L=0 T=0 R=39 B=23 wact=1 zoom=0
@0 smoke %1 57475 1 act=0 39x24 L=41 T=0 R=79 B=23 wact=1 zoom=0
@1 handoff %2 57483 0 act=0 40x24 L=0 T=0 R=39 B=23 wact=0 zoom=0
@1 handoff %3 57491 1 act=1 39x24 L=41 T=0 R=79 B=23 wact=0 zoom=0
@0 smoke 80x24 zoom=0 layout=8205,80x24,0,0{40x24,0,0,0,39x24,41,0,1}
@1 handoff 80x24 zoom=0 layout=820e,80x24,0,0{40x24,0,0,2,39x24,41,0,3}
client-detached
client-session-changed
--- 15:29:20.657179277
@0 smoke %0 57471 0 act=1 40x24 L=0 T=0 R=39 B=23 wact=1 zoom=0
@0 smoke %1 57475 1 act=0 39x24 L=41 T=0 R=79 B=23 wact=1 zoom=0
@1 handoff %2 57483 0 act=0 40x24 L=0 T=0 R=39 B=23 wact=0 zoom=0
@1 handoff %3 57491 1 act=1 39x24 L=41 T=0 R=79 B=23 wact=0 zoom=0
@0 smoke 80x24 zoom=0 layout=8205,80x24,0,0{40x24,0,0,0,39x24,41,0,1}
@1 handoff 80x24 zoom=0 layout=820e,80x24,0,0{40x24,0,0,2,39x24,41,0,3}
client-detached
client-session-changed
--- 15:29:22.170000504
@0 smoke %0 57471 0 act=1 40x24 L=0 T=0 R=39 B=23 wact=1 zoom=0
@0 smoke %1 57475 1 act=0 39x24 L=41 T=0 R=79 B=23 wact=1 zoom=0
@1 handoff %2 57483 0 act=0 40x24 L=0 T=0 R=39 B=23 wact=0 zoom=0
@1 handoff %3 57491 1 act=1 39x24 L=41 T=0 R=79 B=23 wact=0 zoom=0
@0 smoke 80x24 zoom=0 layout=8205,80x24,0,0{40x24,0,0,0,39x24,41,0,1}
@1 handoff 80x24 zoom=0 layout=820e,80x24,0,0{40x24,0,0,2,39x24,41,0,3}
client-detached
client-session-changed
--- 15:29:23.682832983
@0 smoke %0 57471 0 act=1 40x24 L=0 T=0 R=39 B=23 wact=1 zoom=0
@0 smoke %1 57475 1 act=0 39x24 L=41 T=0 R=79 B=23 wact=1 zoom=0
@1 handoff %2 57483 0 act=0 40x24 L=0 T=0 R=39 B=23 wact=0 zoom=0
@1 handoff %3 57491 1 act=1 39x24 L=41 T=0 R=79 B=23 wact=0 zoom=0
@0 smoke 80x24 zoom=0 layout=8205,80x24,0,0{40x24,0,0,0,39x24,41,0,1}
@1 handoff 80x24 zoom=0 layout=820e,80x24,0,0{40x24,0,0,2,39x24,41,0,3}
client-detached
client-session-changed
--- 15:29:25.196406242
@0 smoke %0 57471 0 act=1 40x24 L=0 T=0 R=39 B=23 wact=1 zoom=0
@0 smoke %1 57475 1 act=0 39x24 L=41 T=0 R=79 B=23 wact=1 zoom=0
@1 handoff %2 57483 0 act=0 40x24 L=0 T=0 R=39 B=23 wact=0 zoom=0
@1 handoff %3 57491 1 act=1 39x24 L=41 T=0 R=79 B=23 wact=0 zoom=0
@0 smoke 80x24 zoom=0 layout=8205,80x24,0,0{40x24,0,0,0,39x24,41,0,1}
@1 handoff 80x24 zoom=0 layout=820e,80x24,0,0{40x24,0,0,2,39x24,41,0,3}
client-detached
client-session-changed
--- 15:29:26.709508117
@0 smoke %0 57471 0 act=1 40x24 L=0 T=0 R=39 B=23 wact=1 zoom=0
@0 smoke %1 57475 1 act=0 39x24 L=41 T=0 R=79 B=23 wact=1 zoom=0
@1 handoff %2 57483 0 act=0 40x24 L=0 T=0 R=39 B=23 wact=0 zoom=0
@1 handoff %3 57491 1 act=1 39x24 L=41 T=0 R=79 B=23 wact=0 zoom=0
@0 smoke 80x24 zoom=0 layout=8205,80x24,0,0{40x24,0,0,0,39x24,41,0,1}
@1 handoff 80x24 zoom=0 layout=820e,80x24,0,0{40x24,0,0,2,39x24,41,0,3}
client-detached
client-session-changed
--- 15:29:28.223063287
@0 smoke %0 57471 0 act=1 40x24 L=0 T=0 R=39 B=23 wact=1 zoom=0
@0 smoke %1 57475 1 act=0 39x24 L=41 T=0 R=79 B=23 wact=1 zoom=0
@1 handoff %2 57483 0 act=0 40x24 L=0 T=0 R=39 B=23 wact=0 zoom=0
@1 handoff %3 57491 1 act=1 39x24 L=41 T=0 R=79 B=23 wact=0 zoom=0
@0 smoke 80x24 zoom=0 layout=8205,80x24,0,0{40x24,0,0,0,39x24,41,0,1}
@1 handoff 80x24 zoom=0 layout=820e,80x24,0,0{40x24,0,0,2,39x24,41,0,3}
client-detached
client-session-changed
--- 15:29:29.736013556
@0 smoke %0 57471 0 act=1 40x24 L=0 T=0 R=39 B=23 wact=1 zoom=0
@0 smoke %1 57475 1 act=0 39x24 L=41 T=0 R=79 B=23 wact=1 zoom=0
@1 handoff %2 57483 0 act=0 40x24 L=0 T=0 R=39 B=23 wact=0 zoom=0
@1 handoff %3 57491 1 act=1 39x24 L=41 T=0 R=79 B=23 wact=0 zoom=0
@0 smoke 80x24 zoom=0 layout=8205,80x24,0,0{40x24,0,0,0,39x24,41,0,1}
@1 handoff 80x24 zoom=0 layout=820e,80x24,0,0{40x24,0,0,2,39x24,41,0,3}
client-detached
client-session-changed
--- 15:29:31.248731474
@0 smoke %0 57471 0 act=1 40x24 L=0 T=0 R=39 B=23 wact=1 zoom=0
@0 smoke %1 57475 1 act=0 39x24 L=41 T=0 R=79 B=23 wact=1 zoom=0
@1 handoff %2 57483 0 act=0 40x24 L=0 T=0 R=39 B=23 wact=0 zoom=0
@1 handoff %3 57491 1 act=1 39x24 L=41 T=0 R=79 B=23 wact=0 zoom=0
@0 smoke 80x24 zoom=0 layout=8205,80x24,0,0{40x24,0,0,0,39x24,41,0,1}
@1 handoff 80x24 zoom=0 layout=820e,80x24,0,0{40x24,0,0,2,39x24,41,0,3}
client-detached
client-session-changed
--- 15:29:32.770668279
@0 smoke %0 57471 0 act=1 40x24 L=0 T=0 R=39 B=23 wact=1 zoom=0
@0 smoke %1 57475 1 act=0 39x24 L=41 T=0 R=79 B=23 wact=1 zoom=0
@1 handoff %2 57483 0 act=0 40x24 L=0 T=0 R=39 B=23 wact=0 zoom=0
@1 handoff %3 57491 1 act=1 39x24 L=41 T=0 R=79 B=23 wact=0 zoom=0
@0 smoke 80x24 zoom=0 layout=8205,80x24,0,0{40x24,0,0,0,39x24,41,0,1}
@1 handoff 80x24 zoom=0 layout=820e,80x24,0,0{40x24,0,0,2,39x24,41,0,3}
client-detached
client-session-changed
--- 15:29:34.290643258
@0 smoke %0 57471 0 act=1 40x24 L=0 T=0 R=39 B=23 wact=1 zoom=0
@0 smoke %1 57475 1 act=0 39x24 L=41 T=0 R=79 B=23 wact=1 zoom=0
@1 handoff %2 57483 0 act=0 40x24 L=0 T=0 R=39 B=23 wact=0 zoom=0
@1 handoff %3 57491 1 act=1 39x24 L=41 T=0 R=79 B=23 wact=0 zoom=0
@0 smoke 80x24 zoom=0 layout=8205,80x24,0,0{40x24,0,0,0,39x24,41,0,1}
@1 handoff 80x24 zoom=0 layout=820e,80x24,0,0{40x24,0,0,2,39x24,41,0,3}
client-detached
client-session-changed
--- 15:29:35.803788259
@0 smoke %0 57471 0 act=1 40x24 L=0 T=0 R=39 B=23 wact=1 zoom=0
@0 smoke %1 57475 1 act=0 39x24 L=41 T=0 R=79 B=23 wact=1 zoom=0
@1 handoff %2 57483 0 act=0 40x24 L=0 T=0 R=39 B=23 wact=0 zoom=0
@1 handoff %3 57491 1 act=1 39x24 L=41 T=0 R=79 B=23 wact=0 zoom=0
@0 smoke 80x24 zoom=0 layout=8205,80x24,0,0{40x24,0,0,0,39x24,41,0,1}
@1 handoff 80x24 zoom=0 layout=820e,80x24,0,0{40x24,0,0,2,39x24,41,0,3}
client-detached
client-session-changed
--- 15:29:37.316912221
@0 smoke %0 57471 0 act=1 40x24 L=0 T=0 R=39 B=23 wact=1 zoom=0
@0 smoke %1 57475 1 act=0 39x24 L=41 T=0 R=79 B=23 wact=1 zoom=0
@1 handoff %2 57483 0 act=0 40x24 L=0 T=0 R=39 B=23 wact=0 zoom=0
@1 handoff %3 57491 1 act=1 39x24 L=41 T=0 R=79 B=23 wact=0 zoom=0
@0 smoke 80x24 zoom=0 layout=8205,80x24,0,0{40x24,0,0,0,39x24,41,0,1}
@1 handoff 80x24 zoom=0 layout=820e,80x24,0,0{40x24,0,0,2,39x24,41,0,3}
client-detached
client-session-changed
--- 15:29:38.831585005
@0 smoke %0 57471 0 act=1 40x24 L=0 T=0 R=39 B=23 wact=1 zoom=0
@0 smoke %1 57475 1 act=0 39x24 L=41 T=0 R=79 B=23 wact=1 zoom=0
@1 handoff %2 57483 0 act=0 40x24 L=0 T=0 R=39 B=23 wact=0 zoom=0
@1 handoff %3 57491 1 act=1 39x24 L=41 T=0 R=79 B=23 wact=0 zoom=0
@0 smoke 80x24 zoom=0 layout=8205,80x24,0,0{40x24,0,0,0,39x24,41,0,1}
@1 handoff 80x24 zoom=0 layout=820e,80x24,0,0{40x24,0,0,2,39x24,41,0,3}
client-detached
client-session-changed
--- 15:29:40.344667441
@0 smoke %0 57471 0 act=1 40x24 L=0 T=0 R=39 B=23 wact=1 zoom=0
@0 smoke %1 57475 1 act=0 39x24 L=41 T=0 R=79 B=23 wact=1 zoom=0
@1 handoff %2 57483 0 act=0 40x24 L=0 T=0 R=39 B=23 wact=0 zoom=0
@1 handoff %3 57491 1 act=1 39x24 L=41 T=0 R=79 B=23 wact=0 zoom=0
@0 smoke 80x24 zoom=0 layout=8205,80x24,0,0{40x24,0,0,0,39x24,41,0,1}
@1 handoff 80x24 zoom=0 layout=820e,80x24,0,0{40x24,0,0,2,39x24,41,0,3}
client-detached
client-session-changed
--- 15:29:41.857884067
@0 smoke %0 57471 0 act=1 40x24 L=0 T=0 R=39 B=23 wact=1 zoom=0
@0 smoke %1 57475 1 act=0 39x24 L=41 T=0 R=79 B=23 wact=1 zoom=0
@1 handoff %2 57483 0 act=0 40x24 L=0 T=0 R=39 B=23 wact=0 zoom=0
@1 handoff %3 57491 1 act=1 39x24 L=41 T=0 R=79 B=23 wact=0 zoom=0
@0 smoke 80x24 zoom=0 layout=8205,80x24,0,0{40x24,0,0,0,39x24,41,0,1}
@1 handoff 80x24 zoom=0 layout=820e,80x24,0,0{40x24,0,0,2,39x24,41,0,3}
client-detached
client-session-changed
--- 15:29:43.378884986
@0 smoke %0 57471 0 act=1 40x24 L=0 T=0 R=39 B=23 wact=1 zoom=0
@0 smoke %1 57475 1 act=0 39x24 L=41 T=0 R=79 B=23 wact=1 zoom=0
@1 handoff %2 57483 0 act=0 40x24 L=0 T=0 R=39 B=23 wact=0 zoom=0
@1 handoff %3 57491 1 act=1 39x24 L=41 T=0 R=79 B=23 wact=0 zoom=0
@0 smoke 80x24 zoom=0 layout=8205,80x24,0,0{40x24,0,0,0,39x24,41,0,1}
@1 handoff 80x24 zoom=0 layout=820e,80x24,0,0{40x24,0,0,2,39x24,41,0,3}
client-detached
client-session-changed
--- 15:29:44.906763181
@0 smoke %0 57471 0 act=1 40x24 L=0 T=0 R=39 B=23 wact=1 zoom=0
@0 smoke %1 57475 1 act=0 39x24 L=41 T=0 R=79 B=23 wact=1 zoom=0
@1 handoff %2 57483 0 act=0 40x24 L=0 T=0 R=39 B=23 wact=0 zoom=0
@1 handoff %3 57491 1 act=1 39x24 L=41 T=0 R=79 B=23 wact=0 zoom=0
@0 smoke 80x24 zoom=0 layout=8205,80x24,0,0{40x24,0,0,0,39x24,41,0,1}
@1 handoff 80x24 zoom=0 layout=820e,80x24,0,0{40x24,0,0,2,39x24,41,0,3}
client-detached
client-session-changed
--- 15:29:46.419619855
@0 smoke %0 57471 0 act=1 40x24 L=0 T=0 R=39 B=23 wact=1 zoom=0
@0 smoke %1 57475 1 act=0 39x24 L=41 T=0 R=79 B=23 wact=1 zoom=0
@1 handoff %2 57483 0 act=0 40x24 L=0 T=0 R=39 B=23 wact=0 zoom=0
@1 handoff %3 57491 1 act=1 39x24 L=41 T=0 R=79 B=23 wact=0 zoom=0
@0 smoke 80x24 zoom=0 layout=8205,80x24,0,0{40x24,0,0,0,39x24,41,0,1}
@1 handoff 80x24 zoom=0 layout=820e,80x24,0,0{40x24,0,0,2,39x24,41,0,3}
client-detached
client-session-changed
--- 15:29:47.932293265
@0 smoke %0 57471 0 act=1 40x24 L=0 T=0 R=39 B=23 wact=1 zoom=0
@0 smoke %1 57475 1 act=0 39x24 L=41 T=0 R=79 B=23 wact=1 zoom=0
@1 handoff %2 57483 0 act=0 40x24 L=0 T=0 R=39 B=23 wact=0 zoom=0
@1 handoff %3 57491 1 act=1 39x24 L=41 T=0 R=79 B=23 wact=0 zoom=0
@0 smoke 80x24 zoom=0 layout=8205,80x24,0,0{40x24,0,0,0,39x24,41,0,1}
@1 handoff 80x24 zoom=0 layout=820e,80x24,0,0{40x24,0,0,2,39x24,41,0,3}
client-detached
client-session-changed
--- 15:29:49.445433949
@0 smoke %0 57471 0 act=1 40x24 L=0 T=0 R=39 B=23 wact=1 zoom=0
@0 smoke %1 57475 1 act=0 39x24 L=41 T=0 R=79 B=23 wact=1 zoom=0
@1 handoff %2 57483 0 act=0 40x24 L=0 T=0 R=39 B=23 wact=0 zoom=0
@1 handoff %3 57491 1 act=1 39x24 L=41 T=0 R=79 B=23 wact=0 zoom=0
@0 smoke 80x24 zoom=0 layout=8205,80x24,0,0{40x24,0,0,0,39x24,41,0,1}
@1 handoff 80x24 zoom=0 layout=820e,80x24,0,0{40x24,0,0,2,39x24,41,0,3}
client-detached
client-session-changed
--- 15:29:50.958369935
@0 smoke %0 57471 0 act=1 40x24 L=0 T=0 R=39 B=23 wact=1 zoom=0
@0 smoke %1 57475 1 act=0 39x24 L=41 T=0 R=79 B=23 wact=1 zoom=0
@1 handoff %2 57483 0 act=0 40x24 L=0 T=0 R=39 B=23 wact=0 zoom=0
@1 handoff %3 57491 1 act=1 39x24 L=41 T=0 R=79 B=23 wact=0 zoom=0
@0 smoke 80x24 zoom=0 layout=8205,80x24,0,0{40x24,0,0,0,39x24,41,0,1}
@1 handoff 80x24 zoom=0 layout=820e,80x24,0,0{40x24,0,0,2,39x24,41,0,3}
client-detached
client-session-changed
--- 15:29:52.476674539
@0 smoke %0 57471 0 act=1 40x24 L=0 T=0 R=39 B=23 wact=1 zoom=0
@0 smoke %1 57475 1 act=0 39x24 L=41 T=0 R=79 B=23 wact=1 zoom=0
@1 handoff %2 57483 0 act=0 40x24 L=0 T=0 R=39 B=23 wact=0 zoom=0
@1 handoff %3 57491 1 act=1 39x24 L=41 T=0 R=79 B=23 wact=0 zoom=0
@0 smoke 80x24 zoom=0 layout=8205,80x24,0,0{40x24,0,0,0,39x24,41,0,1}
@1 handoff 80x24 zoom=0 layout=820e,80x24,0,0{40x24,0,0,2,39x24,41,0,3}
client-detached
client-session-changed
--- 15:29:53.994948157
@0 smoke %0 57471 0 act=1 40x24 L=0 T=0 R=39 B=23 wact=1 zoom=0
@0 smoke %1 57475 1 act=0 39x24 L=41 T=0 R=79 B=23 wact=1 zoom=0
@1 handoff %2 57483 0 act=0 40x24 L=0 T=0 R=39 B=23 wact=0 zoom=0
@1 handoff %3 57491 1 act=1 39x24 L=41 T=0 R=79 B=23 wact=0 zoom=0
@0 smoke 80x24 zoom=0 layout=8205,80x24,0,0{40x24,0,0,0,39x24,41,0,1}
@1 handoff 80x24 zoom=0 layout=820e,80x24,0,0{40x24,0,0,2,39x24,41,0,3}
client-detached
client-session-changed
--- 15:29:55.520123182
@0 smoke %0 57471 0 act=1 40x24 L=0 T=0 R=39 B=23 wact=1 zoom=0
@0 smoke %1 57475 1 act=0 39x24 L=41 T=0 R=79 B=23 wact=1 zoom=0
@1 handoff %2 57483 0 act=0 40x24 L=0 T=0 R=39 B=23 wact=0 zoom=0
@1 handoff %3 57491 1 act=1 39x24 L=41 T=0 R=79 B=23 wact=0 zoom=0
@0 smoke 80x24 zoom=0 layout=8205,80x24,0,0{40x24,0,0,0,39x24,41,0,1}
@1 handoff 80x24 zoom=0 layout=820e,80x24,0,0{40x24,0,0,2,39x24,41,0,3}
client-detached
client-session-changed
--- 15:29:57.033435879
@0 smoke %0 57471 0 act=1 40x24 L=0 T=0 R=39 B=23 wact=1 zoom=0
@0 smoke %1 57475 1 act=0 39x24 L=41 T=0 R=79 B=23 wact=1 zoom=0
@1 handoff %2 57483 0 act=0 40x24 L=0 T=0 R=39 B=23 wact=0 zoom=0
@1 handoff %3 57491 1 act=1 39x24 L=41 T=0 R=79 B=23 wact=0 zoom=0
@0 smoke 80x24 zoom=0 layout=8205,80x24,0,0{40x24,0,0,0,39x24,41,0,1}
@1 handoff 80x24 zoom=0 layout=820e,80x24,0,0{40x24,0,0,2,39x24,41,0,3}
client-detached
client-session-changed
--- 15:29:58.546465665
@0 smoke %0 57471 0 act=1 40x24 L=0 T=0 R=39 B=23 wact=1 zoom=0
@0 smoke %1 57475 1 act=0 39x24 L=41 T=0 R=79 B=23 wact=1 zoom=0
@1 handoff %2 57483 0 act=0 40x24 L=0 T=0 R=39 B=23 wact=0 zoom=0
@1 handoff %3 57491 1 act=1 39x24 L=41 T=0 R=79 B=23 wact=0 zoom=0
@0 smoke 80x24 zoom=0 layout=8205,80x24,0,0{40x24,0,0,0,39x24,41,0,1}
@1 handoff 80x24 zoom=0 layout=820e,80x24,0,0{40x24,0,0,2,39x24,41,0,3}
client-detached
client-session-changed
--- 15:30:00.059429862
@0 smoke %0 57471 0 act=1 40x24 L=0 T=0 R=39 B=23 wact=1 zoom=0
@0 smoke %1 57475 1 act=0 39x24 L=41 T=0 R=79 B=23 wact=1 zoom=0
@1 handoff %2 57483 0 act=0 40x24 L=0 T=0 R=39 B=23 wact=0 zoom=0
@1 handoff %3 57491 1 act=1 39x24 L=41 T=0 R=79 B=23 wact=0 zoom=0
@0 smoke 80x24 zoom=0 layout=8205,80x24,0,0{40x24,0,0,0,39x24,41,0,1}
@1 handoff 80x24 zoom=0 layout=820e,80x24,0,0{40x24,0,0,2,39x24,41,0,3}
client-detached
client-session-changed
--- 15:30:01.572037858
@0 smoke %0 57471 0 act=1 40x24 L=0 T=0 R=39 B=23 wact=1 zoom=0
@0 smoke %1 57475 1 act=0 39x24 L=41 T=0 R=79 B=23 wact=1 zoom=0
@1 handoff %2 57483 0 act=0 40x24 L=0 T=0 R=39 B=23 wact=0 zoom=0
@1 handoff %3 57491 1 act=1 39x24 L=41 T=0 R=79 B=23 wact=0 zoom=0
@0 smoke 80x24 zoom=0 layout=8205,80x24,0,0{40x24,0,0,0,39x24,41,0,1}
@1 handoff 80x24 zoom=0 layout=820e,80x24,0,0{40x24,0,0,2,39x24,41,0,3}
client-detached
client-session-changed
--- 15:30:03.089444771
@0 smoke %0 57471 0 act=1 40x24 L=0 T=0 R=39 B=23 wact=1 zoom=0
@0 smoke %1 57475 1 act=0 39x24 L=41 T=0 R=79 B=23 wact=1 zoom=0
@1 handoff %2 57483 0 act=0 40x24 L=0 T=0 R=39 B=23 wact=0 zoom=0
@1 handoff %3 57491 1 act=1 39x24 L=41 T=0 R=79 B=23 wact=0 zoom=0
@0 smoke 80x24 zoom=0 layout=8205,80x24,0,0{40x24,0,0,0,39x24,41,0,1}
@1 handoff 80x24 zoom=0 layout=820e,80x24,0,0{40x24,0,0,2,39x24,41,0,3}
client-detached
client-session-changed
--- 15:30:04.605900883
@0 smoke %0 57471 0 act=1 40x24 L=0 T=0 R=39 B=23 wact=1 zoom=0
@0 smoke %1 57475 1 act=0 39x24 L=41 T=0 R=79 B=23 wact=1 zoom=0
@1 handoff %2 57483 0 act=0 40x24 L=0 T=0 R=39 B=23 wact=0 zoom=0
@1 handoff %3 57491 1 act=1 39x24 L=41 T=0 R=79 B=23 wact=0 zoom=0
@0 smoke 80x24 zoom=0 layout=8205,80x24,0,0{40x24,0,0,0,39x24,41,0,1}
@1 handoff 80x24 zoom=0 layout=820e,80x24,0,0{40x24,0,0,2,39x24,41,0,3}
client-detached
client-session-changed
--- 15:30:06.118645721
@0 smoke %0 57471 0 act=1 40x24 L=0 T=0 R=39 B=23 wact=1 zoom=0
@0 smoke %1 57475 1 act=0 39x24 L=41 T=0 R=79 B=23 wact=1 zoom=0
@1 handoff %2 57483 0 act=0 40x24 L=0 T=0 R=39 B=23 wact=0 zoom=0
@1 handoff %3 57491 1 act=1 39x24 L=41 T=0 R=79 B=23 wact=0 zoom=0
@0 smoke 80x24 zoom=0 layout=8205,80x24,0,0{40x24,0,0,0,39x24,41,0,1}
@1 handoff 80x24 zoom=0 layout=820e,80x24,0,0{40x24,0,0,2,39x24,41,0,3}
client-detached
client-session-changed
--- 15:30:07.631303898
@0 smoke %0 57471 0 act=1 40x24 L=0 T=0 R=39 B=23 wact=1 zoom=0
@0 smoke %1 57475 1 act=0 39x24 L=41 T=0 R=79 B=23 wact=1 zoom=0
@1 handoff %2 57483 0 act=0 40x24 L=0 T=0 R=39 B=23 wact=0 zoom=0
@1 handoff %3 57491 1 act=1 39x24 L=41 T=0 R=79 B=23 wact=0 zoom=0
@0 smoke 80x24 zoom=0 layout=8205,80x24,0,0{40x24,0,0,0,39x24,41,0,1}
@1 handoff 80x24 zoom=0 layout=820e,80x24,0,0{40x24,0,0,2,39x24,41,0,3}
client-detached
client-session-changed
--- 15:30:09.143976877
@0 smoke %0 57471 0 act=1 40x24 L=0 T=0 R=39 B=23 wact=1 zoom=0
@0 smoke %1 57475 1 act=0 39x24 L=41 T=0 R=79 B=23 wact=1 zoom=0
@1 handoff %2 57483 0 act=0 40x24 L=0 T=0 R=39 B=23 wact=0 zoom=0
@1 handoff %3 57491 1 act=1 39x24 L=41 T=0 R=79 B=23 wact=0 zoom=0
@0 smoke 80x24 zoom=0 layout=8205,80x24,0,0{40x24,0,0,0,39x24,41,0,1}
@1 handoff 80x24 zoom=0 layout=820e,80x24,0,0{40x24,0,0,2,39x24,41,0,3}
client-detached
client-session-changed
--- 15:30:10.656841770
@0 smoke %0 57471 0 act=1 40x24 L=0 T=0 R=39 B=23 wact=1 zoom=0
@0 smoke %1 57475 1 act=0 39x24 L=41 T=0 R=79 B=23 wact=1 zoom=0
@1 handoff %2 57483 0 act=0 40x24 L=0 T=0 R=39 B=23 wact=0 zoom=0
@1 handoff %3 57491 1 act=1 39x24 L=41 T=0 R=79 B=23 wact=0 zoom=0
@0 smoke 80x24 zoom=0 layout=8205,80x24,0,0{40x24,0,0,0,39x24,41,0,1}
@1 handoff 80x24 zoom=0 layout=820e,80x24,0,0{40x24,0,0,2,39x24,41,0,3}
client-detached
client-session-changed
--- 15:30:12.169706542
@0 smoke %0 57471 0 act=1 40x24 L=0 T=0 R=39 B=23 wact=1 zoom=0
@0 smoke %1 57475 1 act=0 39x24 L=41 T=0 R=79 B=23 wact=1 zoom=0
@1 handoff %2 57483 0 act=0 40x24 L=0 T=0 R=39 B=23 wact=0 zoom=0
@1 handoff %3 57491 1 act=1 39x24 L=41 T=0 R=79 B=23 wact=0 zoom=0
@0 smoke 80x24 zoom=0 layout=8205,80x24,0,0{40x24,0,0,0,39x24,41,0,1}
@1 handoff 80x24 zoom=0 layout=820e,80x24,0,0{40x24,0,0,2,39x24,41,0,3}
client-detached
client-session-changed
--- 15:30:13.682411471
@0 smoke %0 57471 0 act=1 40x24 L=0 T=0 R=39 B=23 wact=1 zoom=0
@0 smoke %1 57475 1 act=0 39x24 L=41 T=0 R=79 B=23 wact=1 zoom=0
@1 handoff %2 57483 0 act=0 40x24 L=0 T=0 R=39 B=23 wact=0 zoom=0
@1 handoff %3 57491 1 act=1 39x24 L=41 T=0 R=79 B=23 wact=0 zoom=0
@0 smoke 80x24 zoom=0 layout=8205,80x24,0,0{40x24,0,0,0,39x24,41,0,1}
@1 handoff 80x24 zoom=0 layout=820e,80x24,0,0{40x24,0,0,2,39x24,41,0,3}
client-detached
client-session-changed
--- 15:30:15.195504628
@0 smoke %0 57471 0 act=1 40x24 L=0 T=0 R=39 B=23 wact=1 zoom=0
@0 smoke %1 57475 1 act=0 39x24 L=41 T=0 R=79 B=23 wact=1 zoom=0
@1 handoff %2 57483 0 act=0 40x24 L=0 T=0 R=39 B=23 wact=0 zoom=0
@1 handoff %3 57491 1 act=1 39x24 L=41 T=0 R=79 B=23 wact=0 zoom=0
@0 smoke 80x24 zoom=0 layout=8205,80x24,0,0{40x24,0,0,0,39x24,41,0,1}
@1 handoff 80x24 zoom=0 layout=820e,80x24,0,0{40x24,0,0,2,39x24,41,0,3}
client-detached
client-session-changed
--- 15:30:16.708059171
@0 smoke %0 57471 0 act=1 40x24 L=0 T=0 R=39 B=23 wact=1 zoom=0
@0 smoke %1 57475 1 act=0 39x24 L=41 T=0 R=79 B=23 wact=1 zoom=0
@1 handoff %2 57483 0 act=0 40x24 L=0 T=0 R=39 B=23 wact=0 zoom=0
@1 handoff %3 57491 1 act=1 39x24 L=41 T=0 R=79 B=23 wact=0 zoom=0
@0 smoke 80x24 zoom=0 layout=8205,80x24,0,0{40x24,0,0,0,39x24,41,0,1}
@1 handoff 80x24 zoom=0 layout=820e,80x24,0,0{40x24,0,0,2,39x24,41,0,3}
client-detached
client-session-changed
--- 15:30:18.220942412
@0 smoke %0 57471 0 act=1 40x24 L=0 T=0 R=39 B=23 wact=1 zoom=0
@0 smoke %1 57475 1 act=0 39x24 L=41 T=0 R=79 B=23 wact=1 zoom=0
@1 handoff %2 57483 0 act=0 40x24 L=0 T=0 R=39 B=23 wact=0 zoom=0
@1 handoff %3 57491 1 act=1 39x24 L=41 T=0 R=79 B=23 wact=0 zoom=0
@0 smoke 80x24 zoom=0 layout=8205,80x24,0,0{40x24,0,0,0,39x24,41,0,1}
@1 handoff 80x24 zoom=0 layout=820e,80x24,0,0{40x24,0,0,2,39x24,41,0,3}
client-detached
client-session-changed
--- 15:30:19.735248579
@0 smoke %0 57471 0 act=1 40x24 L=0 T=0 R=39 B=23 wact=1 zoom=0
@0 smoke %1 57475 1 act=0 39x24 L=41 T=0 R=79 B=23 wact=1 zoom=0
@1 handoff %2 57483 0 act=0 40x24 L=0 T=0 R=39 B=23 wact=0 zoom=0
@1 handoff %3 57491 1 act=1 39x24 L=41 T=0 R=79 B=23 wact=0 zoom=0
@0 smoke 80x24 zoom=0 layout=8205,80x24,0,0{40x24,0,0,0,39x24,41,0,1}
@1 handoff 80x24 zoom=0 layout=820e,80x24,0,0{40x24,0,0,2,39x24,41,0,3}
client-detached
client-session-changed
--- 15:30:21.268074017
@0 smoke %0 57471 0 act=1 40x24 L=0 T=0 R=39 B=23 wact=1 zoom=0
@0 smoke %1 57475 1 act=0 39x24 L=41 T=0 R=79 B=23 wact=1 zoom=0
@1 handoff %2 57483 0 act=0 40x24 L=0 T=0 R=39 B=23 wact=0 zoom=0
@1 handoff %3 57491 1 act=1 39x24 L=41 T=0 R=79 B=23 wact=0 zoom=0
@0 smoke 80x24 zoom=0 layout=8205,80x24,0,0{40x24,0,0,0,39x24,41,0,1}
@1 handoff 80x24 zoom=0 layout=820e,80x24,0,0{40x24,0,0,2,39x24,41,0,3}
client-detached
client-session-changed
--- 15:30:22.804771484
@0 smoke %0 57471 0 act=1 40x24 L=0 T=0 R=39 B=23 wact=1 zoom=0
@0 smoke %1 57475 1 act=0 39x24 L=41 T=0 R=79 B=23 wact=1 zoom=0
@1 handoff %2 57483 0 act=0 40x24 L=0 T=0 R=39 B=23 wact=0 zoom=0
@1 handoff %3 57491 1 act=1 39x24 L=41 T=0 R=79 B=23 wact=0 zoom=0
@0 smoke 80x24 zoom=0 layout=8205,80x24,0,0{40x24,0,0,0,39x24,41,0,1}
@1 handoff 80x24 zoom=0 layout=820e,80x24,0,0{40x24,0,0,2,39x24,41,0,3}
client-detached
client-session-changed
--- 15:30:24.319279018
@0 smoke %0 57471 0 act=1 40x24 L=0 T=0 R=39 B=23 wact=1 zoom=0
@0 smoke %1 57475 1 act=0 39x24 L=41 T=0 R=79 B=23 wact=1 zoom=0
@1 handoff %2 57483 0 act=0 40x24 L=0 T=0 R=39 B=23 wact=0 zoom=0
@1 handoff %3 57491 1 act=1 39x24 L=41 T=0 R=79 B=23 wact=0 zoom=0
@0 smoke 80x24 zoom=0 layout=8205,80x24,0,0{40x24,0,0,0,39x24,41,0,1}
@1 handoff 80x24 zoom=0 layout=820e,80x24,0,0{40x24,0,0,2,39x24,41,0,3}
client-detached
client-session-changed
--- 15:30:25.832069198
@0 smoke %0 57471 0 act=1 40x24 L=0 T=0 R=39 B=23 wact=1 zoom=0
@0 smoke %1 57475 1 act=0 39x24 L=41 T=0 R=79 B=23 wact=1 zoom=0
@1 handoff %2 57483 0 act=0 40x24 L=0 T=0 R=39 B=23 wact=0 zoom=0
@1 handoff %3 57491 1 act=1 39x24 L=41 T=0 R=79 B=23 wact=0 zoom=0
@0 smoke 80x24 zoom=0 layout=8205,80x24,0,0{40x24,0,0,0,39x24,41,0,1}
@1 handoff 80x24 zoom=0 layout=820e,80x24,0,0{40x24,0,0,2,39x24,41,0,3}
client-detached
client-session-changed
--- 15:30:27.344696784
@0 smoke %0 57471 0 act=1 40x24 L=0 T=0 R=39 B=23 wact=1 zoom=0
@0 smoke %1 57475 1 act=0 39x24 L=41 T=0 R=79 B=23 wact=1 zoom=0
@1 handoff %2 57483 0 act=0 40x24 L=0 T=0 R=39 B=23 wact=0 zoom=0
@1 handoff %3 57491 1 act=1 39x24 L=41 T=0 R=79 B=23 wact=0 zoom=0
@0 smoke 80x24 zoom=0 layout=8205,80x24,0,0{40x24,0,0,0,39x24,41,0,1}
@1 handoff 80x24 zoom=0 layout=820e,80x24,0,0{40x24,0,0,2,39x24,41,0,3}
client-detached
client-session-changed
--- 15:30:28.858198169
@0 smoke %0 57471 0 act=1 40x24 L=0 T=0 R=39 B=23 wact=1 zoom=0
@0 smoke %1 57475 1 act=0 39x24 L=41 T=0 R=79 B=23 wact=1 zoom=0
@1 handoff %2 57483 0 act=0 40x24 L=0 T=0 R=39 B=23 wact=0 zoom=0
@1 handoff %3 57491 1 act=1 39x24 L=41 T=0 R=79 B=23 wact=0 zoom=0
@0 smoke 80x24 zoom=0 layout=8205,80x24,0,0{40x24,0,0,0,39x24,41,0,1}
@1 handoff 80x24 zoom=0 layout=820e,80x24,0,0{40x24,0,0,2,39x24,41,0,3}
client-detached
client-session-changed
--- 15:30:30.370863140
@0 smoke %0 57471 0 act=1 40x24 L=0 T=0 R=39 B=23 wact=1 zoom=0
@0 smoke %1 57475 1 act=0 39x24 L=41 T=0 R=79 B=23 wact=1 zoom=0
@1 handoff %2 57483 0 act=0 40x24 L=0 T=0 R=39 B=23 wact=0 zoom=0
@1 handoff %3 57491 1 act=1 39x24 L=41 T=0 R=79 B=23 wact=0 zoom=0
@0 smoke 80x24 zoom=0 layout=8205,80x24,0,0{40x24,0,0,0,39x24,41,0,1}
@1 handoff 80x24 zoom=0 layout=820e,80x24,0,0{40x24,0,0,2,39x24,41,0,3}
client-detached
client-session-changed
--- 15:30:31.884949164
@0 smoke %0 57471 0 act=1 40x24 L=0 T=0 R=39 B=23 wact=1 zoom=0
@0 smoke %1 57475 1 act=0 39x24 L=41 T=0 R=79 B=23 wact=1 zoom=0
@1 handoff %2 57483 0 act=0 40x24 L=0 T=0 R=39 B=23 wact=0 zoom=0
@1 handoff %3 57491 1 act=1 39x24 L=41 T=0 R=79 B=23 wact=0 zoom=0
@0 smoke 80x24 zoom=0 layout=8205,80x24,0,0{40x24,0,0,0,39x24,41,0,1}
@1 handoff 80x24 zoom=0 layout=820e,80x24,0,0{40x24,0,0,2,39x24,41,0,3}
client-detached
client-session-changed
--- 15:30:33.397604351
@0 smoke %0 57471 0 act=1 40x24 L=0 T=0 R=39 B=23 wact=1 zoom=0
@0 smoke %1 57475 1 act=0 39x24 L=41 T=0 R=79 B=23 wact=1 zoom=0
@1 handoff %2 57483 0 act=0 40x24 L=0 T=0 R=39 B=23 wact=0 zoom=0
@1 handoff %3 57491 1 act=1 39x24 L=41 T=0 R=79 B=23 wact=0 zoom=0
@0 smoke 80x24 zoom=0 layout=8205,80x24,0,0{40x24,0,0,0,39x24,41,0,1}
@1 handoff 80x24 zoom=0 layout=820e,80x24,0,0{40x24,0,0,2,39x24,41,0,3}
client-detached
client-session-changed
--- 15:30:34.910383790
@0 smoke %0 57471 0 act=1 40x24 L=0 T=0 R=39 B=23 wact=1 zoom=0
@0 smoke %1 57475 1 act=0 39x24 L=41 T=0 R=79 B=23 wact=1 zoom=0
@1 handoff %2 57483 0 act=0 40x24 L=0 T=0 R=39 B=23 wact=0 zoom=0
@1 handoff %3 57491 1 act=1 39x24 L=41 T=0 R=79 B=23 wact=0 zoom=0
@0 smoke 80x24 zoom=0 layout=8205,80x24,0,0{40x24,0,0,0,39x24,41,0,1}
@1 handoff 80x24 zoom=0 layout=820e,80x24,0,0{40x24,0,0,2,39x24,41,0,3}
client-detached
client-session-changed
--- 15:30:36.422948717
@0 smoke %0 57471 0 act=1 40x24 L=0 T=0 R=39 B=23 wact=1 zoom=0
@0 smoke %1 57475 1 act=0 39x24 L=41 T=0 R=79 B=23 wact=1 zoom=0
@1 handoff %2 57483 0 act=0 40x24 L=0 T=0 R=39 B=23 wact=0 zoom=0
@1 handoff %3 57491 1 act=1 39x24 L=41 T=0 R=79 B=23 wact=0 zoom=0
@0 smoke 80x24 zoom=0 layout=8205,80x24,0,0{40x24,0,0,0,39x24,41,0,1}
@1 handoff 80x24 zoom=0 layout=820e,80x24,0,0{40x24,0,0,2,39x24,41,0,3}
client-detached
client-session-changed
--- 15:30:37.942282374
@0 smoke %0 57471 0 act=1 40x24 L=0 T=0 R=39 B=23 wact=1 zoom=0
@0 smoke %1 57475 1 act=0 39x24 L=41 T=0 R=79 B=23 wact=1 zoom=0
@1 handoff %2 57483 0 act=0 40x24 L=0 T=0 R=39 B=23 wact=0 zoom=0
@1 handoff %3 57491 1 act=1 39x24 L=41 T=0 R=79 B=23 wact=0 zoom=0
@0 smoke 80x24 zoom=0 layout=8205,80x24,0,0{40x24,0,0,0,39x24,41,0,1}
@1 handoff 80x24 zoom=0 layout=820e,80x24,0,0{40x24,0,0,2,39x24,41,0,3}
client-detached
client-session-changed
--- 15:30:39.455037052
@0 smoke %0 57471 0 act=1 40x24 L=0 T=0 R=39 B=23 wact=1 zoom=0
@0 smoke %1 57475 1 act=0 39x24 L=41 T=0 R=79 B=23 wact=1 zoom=0
@1 handoff %2 57483 0 act=0 40x24 L=0 T=0 R=39 B=23 wact=0 zoom=0
@1 handoff %3 57491 1 act=1 39x24 L=41 T=0 R=79 B=23 wact=0 zoom=0
@0 smoke 80x24 zoom=0 layout=8205,80x24,0,0{40x24,0,0,0,39x24,41,0,1}
@1 handoff 80x24 zoom=0 layout=820e,80x24,0,0{40x24,0,0,2,39x24,41,0,3}
client-detached
client-session-changed
--- 15:30:40.967658841
@0 smoke %0 57471 0 act=1 40x24 L=0 T=0 R=39 B=23 wact=1 zoom=0
@0 smoke %1 57475 1 act=0 39x24 L=41 T=0 R=79 B=23 wact=1 zoom=0
@1 handoff %2 57483 0 act=0 40x24 L=0 T=0 R=39 B=23 wact=0 zoom=0
@1 handoff %3 57491 1 act=1 39x24 L=41 T=0 R=79 B=23 wact=0 zoom=0
@0 smoke 80x24 zoom=0 layout=8205,80x24,0,0{40x24,0,0,0,39x24,41,0,1}
@1 handoff 80x24 zoom=0 layout=820e,80x24,0,0{40x24,0,0,2,39x24,41,0,3}
client-detached
client-session-changed
--- 15:30:42.480602556
@0 smoke %0 57471 0 act=1 40x24 L=0 T=0 R=39 B=23 wact=1 zoom=0
@0 smoke %1 57475 1 act=0 39x24 L=41 T=0 R=79 B=23 wact=1 zoom=0
@1 handoff %2 57483 0 act=0 40x24 L=0 T=0 R=39 B=23 wact=0 zoom=0
@1 handoff %3 57491 1 act=1 39x24 L=41 T=0 R=79 B=23 wact=0 zoom=0
@0 smoke 80x24 zoom=0 layout=8205,80x24,0,0{40x24,0,0,0,39x24,41,0,1}
@1 handoff 80x24 zoom=0 layout=820e,80x24,0,0{40x24,0,0,2,39x24,41,0,3}
client-detached
client-session-changed
--- 15:30:43.993518200
@0 smoke %0 57471 0 act=1 40x24 L=0 T=0 R=39 B=23 wact=1 zoom=0
@0 smoke %1 57475 1 act=0 39x24 L=41 T=0 R=79 B=23 wact=1 zoom=0
@1 handoff %2 57483 0 act=0 40x24 L=0 T=0 R=39 B=23 wact=0 zoom=0
@1 handoff %3 57491 1 act=1 39x24 L=41 T=0 R=79 B=23 wact=0 zoom=0
@0 smoke 80x24 zoom=0 layout=8205,80x24,0,0{40x24,0,0,0,39x24,41,0,1}
@1 handoff 80x24 zoom=0 layout=820e,80x24,0,0{40x24,0,0,2,39x24,41,0,3}
client-detached
client-session-changed
--- 15:30:45.506401644
@0 smoke %0 57471 0 act=1 40x24 L=0 T=0 R=39 B=23 wact=1 zoom=0
@0 smoke %1 57475 1 act=0 39x24 L=41 T=0 R=79 B=23 wact=1 zoom=0
@1 handoff %2 57483 0 act=0 40x24 L=0 T=0 R=39 B=23 wact=0 zoom=0
@1 handoff %3 57491 1 act=1 39x24 L=41 T=0 R=79 B=23 wact=0 zoom=0
@0 smoke 80x24 zoom=0 layout=8205,80x24,0,0{40x24,0,0,0,39x24,41,0,1}
@1 handoff 80x24 zoom=0 layout=820e,80x24,0,0{40x24,0,0,2,39x24,41,0,3}
client-detached
client-session-changed
--- 15:30:47.021447872
@0 smoke %0 57471 0 act=1 40x24 L=0 T=0 R=39 B=23 wact=1 zoom=0
@0 smoke %1 57475 1 act=0 39x24 L=41 T=0 R=79 B=23 wact=1 zoom=0
@1 handoff %2 57483 0 act=0 40x24 L=0 T=0 R=39 B=23 wact=0 zoom=0
@1 handoff %3 57491 1 act=1 39x24 L=41 T=0 R=79 B=23 wact=0 zoom=0
@0 smoke 80x24 zoom=0 layout=8205,80x24,0,0{40x24,0,0,0,39x24,41,0,1}
@1 handoff 80x24 zoom=0 layout=820e,80x24,0,0{40x24,0,0,2,39x24,41,0,3}
client-detached
client-session-changed
--- 15:30:48.534967380
@0 smoke %0 57471 0 act=1 40x24 L=0 T=0 R=39 B=23 wact=1 zoom=0
@0 smoke %1 57475 1 act=0 39x24 L=41 T=0 R=79 B=23 wact=1 zoom=0
@1 handoff %2 57483 0 act=0 40x24 L=0 T=0 R=39 B=23 wact=0 zoom=0
@1 handoff %3 57491 1 act=1 39x24 L=41 T=0 R=79 B=23 wact=0 zoom=0
@0 smoke 80x24 zoom=0 layout=8205,80x24,0,0{40x24,0,0,0,39x24,41,0,1}
@1 handoff 80x24 zoom=0 layout=820e,80x24,0,0{40x24,0,0,2,39x24,41,0,3}
client-detached
client-session-changed
--- 15:30:50.048021137
@0 smoke %0 57471 0 act=1 40x24 L=0 T=0 R=39 B=23 wact=1 zoom=0
@0 smoke %1 57475 1 act=0 39x24 L=41 T=0 R=79 B=23 wact=1 zoom=0
@1 handoff %2 57483 0 act=0 40x24 L=0 T=0 R=39 B=23 wact=0 zoom=0
@1 handoff %3 57491 1 act=1 39x24 L=41 T=0 R=79 B=23 wact=0 zoom=0
@0 smoke 80x24 zoom=0 layout=8205,80x24,0,0{40x24,0,0,0,39x24,41,0,1}
@1 handoff 80x24 zoom=0 layout=820e,80x24,0,0{40x24,0,0,2,39x24,41,0,3}
client-detached
client-session-changed
--- 15:30:51.571922687
@0 smoke %0 57471 0 act=1 40x24 L=0 T=0 R=39 B=23 wact=1 zoom=0
@0 smoke %1 57475 1 act=0 39x24 L=41 T=0 R=79 B=23 wact=1 zoom=0
@1 handoff %2 57483 0 act=0 40x24 L=0 T=0 R=39 B=23 wact=0 zoom=0
@1 handoff %3 57491 1 act=1 39x24 L=41 T=0 R=79 B=23 wact=0 zoom=0
@0 smoke 80x24 zoom=0 layout=8205,80x24,0,0{40x24,0,0,0,39x24,41,0,1}
@1 handoff 80x24 zoom=0 layout=820e,80x24,0,0{40x24,0,0,2,39x24,41,0,3}
client-detached
client-session-changed
--- 15:30:53.102802252
@0 smoke %0 57471 0 act=1 40x24 L=0 T=0 R=39 B=23 wact=1 zoom=0
@0 smoke %1 57475 1 act=0 39x24 L=41 T=0 R=79 B=23 wact=1 zoom=0
@1 handoff %2 57483 0 act=0 40x24 L=0 T=0 R=39 B=23 wact=0 zoom=0
@1 handoff %3 57491 1 act=1 39x24 L=41 T=0 R=79 B=23 wact=0 zoom=0
@0 smoke 80x24 zoom=0 layout=8205,80x24,0,0{40x24,0,0,0,39x24,41,0,1}
@1 handoff 80x24 zoom=0 layout=820e,80x24,0,0{40x24,0,0,2,39x24,41,0,3}
client-detached
client-session-changed
--- 15:30:54.618498145
@0 smoke %0 57471 0 act=1 40x24 L=0 T=0 R=39 B=23 wact=1 zoom=0
@0 smoke %1 57475 1 act=0 39x24 L=41 T=0 R=79 B=23 wact=1 zoom=0
@1 handoff %2 57483 0 act=0 40x24 L=0 T=0 R=39 B=23 wact=0 zoom=0
@1 handoff %3 57491 1 act=1 39x24 L=41 T=0 R=79 B=23 wact=0 zoom=0
@0 smoke 80x24 zoom=0 layout=8205,80x24,0,0{40x24,0,0,0,39x24,41,0,1}
@1 handoff 80x24 zoom=0 layout=820e,80x24,0,0{40x24,0,0,2,39x24,41,0,3}
client-detached
client-session-changed
--- 15:30:56.132519918
@0 smoke %0 57471 0 act=1 40x24 L=0 T=0 R=39 B=23 wact=1 zoom=0
@0 smoke %1 57475 1 act=0 39x24 L=41 T=0 R=79 B=23 wact=1 zoom=0
@1 handoff %2 57483 0 act=0 40x24 L=0 T=0 R=39 B=23 wact=0 zoom=0
@1 handoff %3 57491 1 act=1 39x24 L=41 T=0 R=79 B=23 wact=0 zoom=0
@0 smoke 80x24 zoom=0 layout=8205,80x24,0,0{40x24,0,0,0,39x24,41,0,1}
@1 handoff 80x24 zoom=0 layout=820e,80x24,0,0{40x24,0,0,2,39x24,41,0,3}
client-detached
client-session-changed
--- 15:30:57.645093929
@0 smoke %0 57471 0 act=1 40x24 L=0 T=0 R=39 B=23 wact=1 zoom=0
@0 smoke %1 57475 1 act=0 39x24 L=41 T=0 R=79 B=23 wact=1 zoom=0
@1 handoff %2 57483 0 act=0 40x24 L=0 T=0 R=39 B=23 wact=0 zoom=0
@1 handoff %3 57491 1 act=1 39x24 L=41 T=0 R=79 B=23 wact=0 zoom=0
@0 smoke 80x24 zoom=0 layout=8205,80x24,0,0{40x24,0,0,0,39x24,41,0,1}
@1 handoff 80x24 zoom=0 layout=820e,80x24,0,0{40x24,0,0,2,39x24,41,0,3}
client-detached
client-session-changed
--- 15:30:59.158631087
@0 smoke %0 57471 0 act=1 80x24 L=0 T=0 R=79 B=23 wact=1 zoom=1
@0 smoke %1 57475 1 act=0 39x24 L=41 T=0 R=79 B=23 wact=1 zoom=1
@1 handoff %2 57483 0 act=0 40x24 L=0 T=0 R=39 B=23 wact=0 zoom=0
@1 handoff %3 57491 1 act=1 39x24 L=41 T=0 R=79 B=23 wact=0 zoom=0
@0 smoke 80x24 zoom=1 layout=8205,80x24,0,0{40x24,0,0,0,39x24,41,0,1}
@1 handoff 80x24 zoom=0 layout=820e,80x24,0,0{40x24,0,0,2,39x24,41,0,3}
client-68994 unknown 80x flags=attached,focused,control-mode,UTF-8
client-detached[1000] if-shell -F -t "=$0:.%0" "#{window_zoomed_flag}" "resize-pane -Z -t =$0:.%0" ; set-hook -u -t "=$0:" client-detached[1000] ; set-hook -u -t "=$0:" client-session-changed[1000]
client-session-changed[1000] if-shell -F -t "=$0:.%0" "#{window_zoomed_flag}" "resize-pane -Z -t =$0:.%0" ; set-hook -u -t "=$0:" client-detached[1000] ; set-hook -u -t "=$0:" client-session-changed[1000]
--- 15:31:00.673417643
@0 smoke %0 57471 0 act=1 80x24 L=0 T=0 R=79 B=23 wact=1 zoom=1
@0 smoke %1 57475 1 act=0 39x24 L=41 T=0 R=79 B=23 wact=1 zoom=1
@1 handoff %2 57483 0 act=0 40x24 L=0 T=0 R=39 B=23 wact=0 zoom=0
@1 handoff %3 57491 1 act=1 39x24 L=41 T=0 R=79 B=23 wact=0 zoom=0
@0 smoke 80x24 zoom=1 layout=8205,80x24,0,0{40x24,0,0,0,39x24,41,0,1}
@1 handoff 80x24 zoom=0 layout=820e,80x24,0,0{40x24,0,0,2,39x24,41,0,3}
client-68994 unknown 80x flags=attached,focused,control-mode,UTF-8
client-detached[1000] if-shell -F -t "=$0:.%0" "#{window_zoomed_flag}" "resize-pane -Z -t =$0:.%0" ; set-hook -u -t "=$0:" client-detached[1000] ; set-hook -u -t "=$0:" client-session-changed[1000]
client-session-changed[1000] if-shell -F -t "=$0:.%0" "#{window_zoomed_flag}" "resize-pane -Z -t =$0:.%0" ; set-hook -u -t "=$0:" client-detached[1000] ; set-hook -u -t "=$0:" client-session-changed[1000]
--- 15:31:02.185975714
@0 smoke %0 57471 0 act=1 80x24 L=0 T=0 R=79 B=23 wact=1 zoom=1
@0 smoke %1 57475 1 act=0 39x24 L=41 T=0 R=79 B=23 wact=1 zoom=1
@1 handoff %2 57483 0 act=0 40x24 L=0 T=0 R=39 B=23 wact=0 zoom=0
@1 handoff %3 57491 1 act=1 39x24 L=41 T=0 R=79 B=23 wact=0 zoom=0
@0 smoke 80x24 zoom=1 layout=8205,80x24,0,0{40x24,0,0,0,39x24,41,0,1}
@1 handoff 80x24 zoom=0 layout=820e,80x24,0,0{40x24,0,0,2,39x24,41,0,3}
client-68994 unknown 80x flags=attached,focused,control-mode,UTF-8
client-detached[1000] if-shell -F -t "=$0:.%0" "#{window_zoomed_flag}" "resize-pane -Z -t =$0:.%0" ; set-hook -u -t "=$0:" client-detached[1000] ; set-hook -u -t "=$0:" client-session-changed[1000]
client-session-changed[1000] if-shell -F -t "=$0:.%0" "#{window_zoomed_flag}" "resize-pane -Z -t =$0:.%0" ; set-hook -u -t "=$0:" client-detached[1000] ; set-hook -u -t "=$0:" client-session-changed[1000]
--- 15:31:03.700473751
@0 smoke %0 57471 0 act=1 80x24 L=0 T=0 R=79 B=23 wact=1 zoom=1
@0 smoke %1 57475 1 act=0 39x24 L=41 T=0 R=79 B=23 wact=1 zoom=1
@1 handoff %2 57483 0 act=0 40x24 L=0 T=0 R=39 B=23 wact=0 zoom=0
@1 handoff %3 57491 1 act=1 39x24 L=41 T=0 R=79 B=23 wact=0 zoom=0
@0 smoke 80x24 zoom=1 layout=8205,80x24,0,0{40x24,0,0,0,39x24,41,0,1}
@1 handoff 80x24 zoom=0 layout=820e,80x24,0,0{40x24,0,0,2,39x24,41,0,3}
client-68994 unknown 80x flags=attached,focused,control-mode,UTF-8
client-detached[1000] if-shell -F -t "=$0:.%0" "#{window_zoomed_flag}" "resize-pane -Z -t =$0:.%0" ; set-hook -u -t "=$0:" client-detached[1000] ; set-hook -u -t "=$0:" client-session-changed[1000]
client-session-changed[1000] if-shell -F -t "=$0:.%0" "#{window_zoomed_flag}" "resize-pane -Z -t =$0:.%0" ; set-hook -u -t "=$0:" client-detached[1000] ; set-hook -u -t "=$0:" client-session-changed[1000]
--- 15:31:05.218101007
@0 smoke %0 57471 0 act=1 80x24 L=0 T=0 R=79 B=23 wact=1 zoom=1
@0 smoke %1 57475 1 act=0 39x24 L=41 T=0 R=79 B=23 wact=1 zoom=1
@1 handoff %2 57483 0 act=0 40x24 L=0 T=0 R=39 B=23 wact=0 zoom=0
@1 handoff %3 57491 1 act=1 39x24 L=41 T=0 R=79 B=23 wact=0 zoom=0
@0 smoke 80x24 zoom=1 layout=8205,80x24,0,0{40x24,0,0,0,39x24,41,0,1}
@1 handoff 80x24 zoom=0 layout=820e,80x24,0,0{40x24,0,0,2,39x24,41,0,3}
client-68994 unknown 80x flags=attached,focused,control-mode,UTF-8
client-detached[1000] if-shell -F -t "=$0:.%0" "#{window_zoomed_flag}" "resize-pane -Z -t =$0:.%0" ; set-hook -u -t "=$0:" client-detached[1000] ; set-hook -u -t "=$0:" client-session-changed[1000]
client-session-changed[1000] if-shell -F -t "=$0:.%0" "#{window_zoomed_flag}" "resize-pane -Z -t =$0:.%0" ; set-hook -u -t "=$0:" client-detached[1000] ; set-hook -u -t "=$0:" client-session-changed[1000]
--- 15:31:06.738940474
@0 smoke %0 57471 0 act=1 80x24 L=0 T=0 R=79 B=23 wact=1 zoom=1
@0 smoke %1 57475 1 act=0 39x24 L=41 T=0 R=79 B=23 wact=1 zoom=1
@1 handoff %2 57483 0 act=0 40x24 L=0 T=0 R=39 B=23 wact=0 zoom=0
@1 handoff %3 57491 1 act=1 39x24 L=41 T=0 R=79 B=23 wact=0 zoom=0
@0 smoke 80x24 zoom=1 layout=8205,80x24,0,0{40x24,0,0,0,39x24,41,0,1}
@1 handoff 80x24 zoom=0 layout=820e,80x24,0,0{40x24,0,0,2,39x24,41,0,3}
client-68994 unknown 80x flags=attached,focused,control-mode,UTF-8
client-detached[1000] if-shell -F -t "=$0:.%0" "#{window_zoomed_flag}" "resize-pane -Z -t =$0:.%0" ; set-hook -u -t "=$0:" client-detached[1000] ; set-hook -u -t "=$0:" client-session-changed[1000]
client-session-changed[1000] if-shell -F -t "=$0:.%0" "#{window_zoomed_flag}" "resize-pane -Z -t =$0:.%0" ; set-hook -u -t "=$0:" client-detached[1000] ; set-hook -u -t "=$0:" client-session-changed[1000]
--- 15:31:08.254570413
@0 smoke %0 57471 0 act=1 80x24 L=0 T=0 R=79 B=23 wact=1 zoom=1
@0 smoke %1 57475 1 act=0 39x24 L=41 T=0 R=79 B=23 wact=1 zoom=1
@1 handoff %2 57483 0 act=0 40x24 L=0 T=0 R=39 B=23 wact=0 zoom=0
@1 handoff %3 57491 1 act=1 39x24 L=41 T=0 R=79 B=23 wact=0 zoom=0
@0 smoke 80x24 zoom=1 layout=8205,80x24,0,0{40x24,0,0,0,39x24,41,0,1}
@1 handoff 80x24 zoom=0 layout=820e,80x24,0,0{40x24,0,0,2,39x24,41,0,3}
client-68994 unknown 80x flags=attached,focused,control-mode,UTF-8
client-detached[1000] if-shell -F -t "=$0:.%0" "#{window_zoomed_flag}" "resize-pane -Z -t =$0:.%0" ; set-hook -u -t "=$0:" client-detached[1000] ; set-hook -u -t "=$0:" client-session-changed[1000]
client-session-changed[1000] if-shell -F -t "=$0:.%0" "#{window_zoomed_flag}" "resize-pane -Z -t =$0:.%0" ; set-hook -u -t "=$0:" client-detached[1000] ; set-hook -u -t "=$0:" client-session-changed[1000]
--- 15:31:09.767502039
@0 smoke %0 57471 0 act=1 80x24 L=0 T=0 R=79 B=23 wact=1 zoom=1
@0 smoke %1 57475 1 act=0 39x24 L=41 T=0 R=79 B=23 wact=1 zoom=1
@1 handoff %2 57483 0 act=0 40x24 L=0 T=0 R=39 B=23 wact=0 zoom=0
@1 handoff %3 57491 1 act=1 39x24 L=41 T=0 R=79 B=23 wact=0 zoom=0
@0 smoke 80x24 zoom=1 layout=8205,80x24,0,0{40x24,0,0,0,39x24,41,0,1}
@1 handoff 80x24 zoom=0 layout=820e,80x24,0,0{40x24,0,0,2,39x24,41,0,3}
client-68994 unknown 80x flags=attached,focused,control-mode,UTF-8
client-detached[1000] if-shell -F -t "=$0:.%0" "#{window_zoomed_flag}" "resize-pane -Z -t =$0:.%0" ; set-hook -u -t "=$0:" client-detached[1000] ; set-hook -u -t "=$0:" client-session-changed[1000]
client-session-changed[1000] if-shell -F -t "=$0:.%0" "#{window_zoomed_flag}" "resize-pane -Z -t =$0:.%0" ; set-hook -u -t "=$0:" client-detached[1000] ; set-hook -u -t "=$0:" client-session-changed[1000]
--- 15:31:11.280380778
@0 smoke %0 57471 0 act=1 80x24 L=0 T=0 R=79 B=23 wact=1 zoom=1
@0 smoke %1 57475 1 act=0 39x24 L=41 T=0 R=79 B=23 wact=1 zoom=1
@1 handoff %2 57483 0 act=0 40x24 L=0 T=0 R=39 B=23 wact=0 zoom=0
@1 handoff %3 57491 1 act=1 39x24 L=41 T=0 R=79 B=23 wact=0 zoom=0
@0 smoke 80x24 zoom=1 layout=8205,80x24,0,0{40x24,0,0,0,39x24,41,0,1}
@1 handoff 80x24 zoom=0 layout=820e,80x24,0,0{40x24,0,0,2,39x24,41,0,3}
client-68994 unknown 80x flags=attached,focused,control-mode,UTF-8
client-detached[1000] if-shell -F -t "=$0:.%0" "#{window_zoomed_flag}" "resize-pane -Z -t =$0:.%0" ; set-hook -u -t "=$0:" client-detached[1000] ; set-hook -u -t "=$0:" client-session-changed[1000]
client-session-changed[1000] if-shell -F -t "=$0:.%0" "#{window_zoomed_flag}" "resize-pane -Z -t =$0:.%0" ; set-hook -u -t "=$0:" client-detached[1000] ; set-hook -u -t "=$0:" client-session-changed[1000]
--- 15:31:12.793015188
@0 smoke %0 57471 0 act=1 80x24 L=0 T=0 R=79 B=23 wact=1 zoom=1
@0 smoke %1 57475 1 act=0 39x24 L=41 T=0 R=79 B=23 wact=1 zoom=1
@1 handoff %2 57483 0 act=0 40x24 L=0 T=0 R=39 B=23 wact=0 zoom=0
@1 handoff %3 57491 1 act=1 39x24 L=41 T=0 R=79 B=23 wact=0 zoom=0
@0 smoke 80x24 zoom=1 layout=8205,80x24,0,0{40x24,0,0,0,39x24,41,0,1}
@1 handoff 80x24 zoom=0 layout=820e,80x24,0,0{40x24,0,0,2,39x24,41,0,3}
client-68994 unknown 80x flags=attached,focused,control-mode,UTF-8
client-detached[1000] if-shell -F -t "=$0:.%0" "#{window_zoomed_flag}" "resize-pane -Z -t =$0:.%0" ; set-hook -u -t "=$0:" client-detached[1000] ; set-hook -u -t "=$0:" client-session-changed[1000]
client-session-changed[1000] if-shell -F -t "=$0:.%0" "#{window_zoomed_flag}" "resize-pane -Z -t =$0:.%0" ; set-hook -u -t "=$0:" client-detached[1000] ; set-hook -u -t "=$0:" client-session-changed[1000]
--- 15:31:14.312371305
@0 smoke %0 57471 0 act=1 40x24 L=0 T=0 R=39 B=23 wact=1 zoom=0
@0 smoke %1 57475 1 act=0 39x24 L=41 T=0 R=79 B=23 wact=1 zoom=0
@1 handoff %2 57483 0 act=0 40x24 L=0 T=0 R=39 B=23 wact=0 zoom=0
@1 handoff %3 57491 1 act=1 39x24 L=41 T=0 R=79 B=23 wact=0 zoom=0
@0 smoke 80x24 zoom=0 layout=8205,80x24,0,0{40x24,0,0,0,39x24,41,0,1}
@1 handoff 80x24 zoom=0 layout=820e,80x24,0,0{40x24,0,0,2,39x24,41,0,3}
client-detached
client-session-changed
--- 15:31:15.826056122
@0 smoke %0 57471 0 act=1 40x24 L=0 T=0 R=39 B=23 wact=1 zoom=0
@0 smoke %1 57475 1 act=0 39x24 L=41 T=0 R=79 B=23 wact=1 zoom=0
@1 handoff %2 57483 0 act=0 40x24 L=0 T=0 R=39 B=23 wact=0 zoom=0
@1 handoff %3 57491 1 act=1 39x24 L=41 T=0 R=79 B=23 wact=0 zoom=0
@0 smoke 80x24 zoom=0 layout=8205,80x24,0,0{40x24,0,0,0,39x24,41,0,1}
@1 handoff 80x24 zoom=0 layout=820e,80x24,0,0{40x24,0,0,2,39x24,41,0,3}
client-detached
client-session-changed
--- 15:31:17.339587711
@0 smoke %0 57471 0 act=1 40x24 L=0 T=0 R=39 B=23 wact=1 zoom=0
@0 smoke %1 57475 1 act=0 39x24 L=41 T=0 R=79 B=23 wact=1 zoom=0
@1 handoff %2 57483 0 act=0 40x24 L=0 T=0 R=39 B=23 wact=0 zoom=0
@1 handoff %3 57491 1 act=1 39x24 L=41 T=0 R=79 B=23 wact=0 zoom=0
@0 smoke 80x24 zoom=0 layout=8205,80x24,0,0{40x24,0,0,0,39x24,41,0,1}
@1 handoff 80x24 zoom=0 layout=820e,80x24,0,0{40x24,0,0,2,39x24,41,0,3}
client-detached
client-session-changed
--- 15:31:18.852506899
@0 smoke %0 57471 0 act=1 80x24 L=0 T=0 R=79 B=23 wact=1 zoom=1
@0 smoke %1 57475 1 act=0 39x24 L=41 T=0 R=79 B=23 wact=1 zoom=1
@1 handoff %2 57483 0 act=0 40x24 L=0 T=0 R=39 B=23 wact=0 zoom=0
@1 handoff %3 57491 1 act=1 39x24 L=41 T=0 R=79 B=23 wact=0 zoom=0
@0 smoke 80x24 zoom=1 layout=8205,80x24,0,0{40x24,0,0,0,39x24,41,0,1}
@1 handoff 80x24 zoom=0 layout=820e,80x24,0,0{40x24,0,0,2,39x24,41,0,3}
client-69240 unknown 80x flags=attached,focused,control-mode,UTF-8
client-detached[1000] if-shell -F -t "=$0:.%0" "#{window_zoomed_flag}" "resize-pane -Z -t =$0:.%0" ; set-hook -u -t "=$0:" client-detached[1000] ; set-hook -u -t "=$0:" client-session-changed[1000]
client-session-changed[1000] if-shell -F -t "=$0:.%0" "#{window_zoomed_flag}" "resize-pane -Z -t =$0:.%0" ; set-hook -u -t "=$0:" client-detached[1000] ; set-hook -u -t "=$0:" client-session-changed[1000]
--- 15:31:20.366073233
@0 smoke %0 57471 0 act=1 80x24 L=0 T=0 R=79 B=23 wact=1 zoom=1
@0 smoke %1 57475 1 act=0 39x24 L=41 T=0 R=79 B=23 wact=1 zoom=1
@1 handoff %2 57483 0 act=0 40x24 L=0 T=0 R=39 B=23 wact=0 zoom=0
@1 handoff %3 57491 1 act=1 39x24 L=41 T=0 R=79 B=23 wact=0 zoom=0
@0 smoke 80x24 zoom=1 layout=8205,80x24,0,0{40x24,0,0,0,39x24,41,0,1}
@1 handoff 80x24 zoom=0 layout=820e,80x24,0,0{40x24,0,0,2,39x24,41,0,3}
client-69240 unknown 80x flags=attached,focused,control-mode,UTF-8
client-detached[1000] if-shell -F -t "=$0:.%0" "#{window_zoomed_flag}" "resize-pane -Z -t =$0:.%0" ; set-hook -u -t "=$0:" client-detached[1000] ; set-hook -u -t "=$0:" client-session-changed[1000]
client-session-changed[1000] if-shell -F -t "=$0:.%0" "#{window_zoomed_flag}" "resize-pane -Z -t =$0:.%0" ; set-hook -u -t "=$0:" client-detached[1000] ; set-hook -u -t "=$0:" client-session-changed[1000]
--- 15:31:21.879035716
@0 smoke %0 57471 0 act=1 80x24 L=0 T=0 R=79 B=23 wact=1 zoom=1
@0 smoke %1 57475 1 act=0 39x24 L=41 T=0 R=79 B=23 wact=1 zoom=1
@1 handoff %2 57483 0 act=0 40x24 L=0 T=0 R=39 B=23 wact=0 zoom=0
@1 handoff %3 57491 1 act=1 39x24 L=41 T=0 R=79 B=23 wact=0 zoom=0
@0 smoke 80x24 zoom=1 layout=8205,80x24,0,0{40x24,0,0,0,39x24,41,0,1}
@1 handoff 80x24 zoom=0 layout=820e,80x24,0,0{40x24,0,0,2,39x24,41,0,3}
client-69240 unknown 80x flags=attached,focused,control-mode,UTF-8
client-detached[1000] if-shell -F -t "=$0:.%0" "#{window_zoomed_flag}" "resize-pane -Z -t =$0:.%0" ; set-hook -u -t "=$0:" client-detached[1000] ; set-hook -u -t "=$0:" client-session-changed[1000]
client-session-changed[1000] if-shell -F -t "=$0:.%0" "#{window_zoomed_flag}" "resize-pane -Z -t =$0:.%0" ; set-hook -u -t "=$0:" client-detached[1000] ; set-hook -u -t "=$0:" client-session-changed[1000]
--- 15:31:23.392084564
@0 smoke %0 57471 0 act=1 80x24 L=0 T=0 R=79 B=23 wact=1 zoom=1
@0 smoke %1 57475 1 act=0 39x24 L=41 T=0 R=79 B=23 wact=1 zoom=1
@1 handoff %2 57483 0 act=0 40x24 L=0 T=0 R=39 B=23 wact=0 zoom=0
@1 handoff %3 57491 1 act=1 39x24 L=41 T=0 R=79 B=23 wact=0 zoom=0
@0 smoke 80x24 zoom=1 layout=8205,80x24,0,0{40x24,0,0,0,39x24,41,0,1}
@1 handoff 80x24 zoom=0 layout=820e,80x24,0,0{40x24,0,0,2,39x24,41,0,3}
client-69240 unknown 80x flags=attached,focused,control-mode,UTF-8
client-detached[1000] if-shell -F -t "=$0:.%0" "#{window_zoomed_flag}" "resize-pane -Z -t =$0:.%0" ; set-hook -u -t "=$0:" client-detached[1000] ; set-hook -u -t "=$0:" client-session-changed[1000]
client-session-changed[1000] if-shell -F -t "=$0:.%0" "#{window_zoomed_flag}" "resize-pane -Z -t =$0:.%0" ; set-hook -u -t "=$0:" client-detached[1000] ; set-hook -u -t "=$0:" client-session-changed[1000]
--- 15:31:24.906782342
@0 smoke %0 57471 0 act=1 80x24 L=0 T=0 R=79 B=23 wact=1 zoom=1
@0 smoke %1 57475 1 act=0 39x24 L=41 T=0 R=79 B=23 wact=1 zoom=1
@1 handoff %2 57483 0 act=0 40x24 L=0 T=0 R=39 B=23 wact=0 zoom=0
@1 handoff %3 57491 1 act=1 39x24 L=41 T=0 R=79 B=23 wact=0 zoom=0
@0 smoke 80x24 zoom=1 layout=8205,80x24,0,0{40x24,0,0,0,39x24,41,0,1}
@1 handoff 80x24 zoom=0 layout=820e,80x24,0,0{40x24,0,0,2,39x24,41,0,3}
client-69240 unknown 80x flags=attached,focused,control-mode,UTF-8
client-detached[1000] if-shell -F -t "=$0:.%0" "#{window_zoomed_flag}" "resize-pane -Z -t =$0:.%0" ; set-hook -u -t "=$0:" client-detached[1000] ; set-hook -u -t "=$0:" client-session-changed[1000]
client-session-changed[1000] if-shell -F -t "=$0:.%0" "#{window_zoomed_flag}" "resize-pane -Z -t =$0:.%0" ; set-hook -u -t "=$0:" client-detached[1000] ; set-hook -u -t "=$0:" client-session-changed[1000]
--- 15:31:26.419576988
@0 smoke %0 57471 0 act=1 80x24 L=0 T=0 R=79 B=23 wact=1 zoom=1
@0 smoke %1 57475 1 act=0 39x24 L=41 T=0 R=79 B=23 wact=1 zoom=1
@1 handoff %2 57483 0 act=0 40x24 L=0 T=0 R=39 B=23 wact=0 zoom=0
@1 handoff %3 57491 1 act=1 39x24 L=41 T=0 R=79 B=23 wact=0 zoom=0
@0 smoke 80x24 zoom=1 layout=8205,80x24,0,0{40x24,0,0,0,39x24,41,0,1}
@1 handoff 80x24 zoom=0 layout=820e,80x24,0,0{40x24,0,0,2,39x24,41,0,3}
client-69240 unknown 80x flags=attached,focused,control-mode,UTF-8
client-detached[1000] if-shell -F -t "=$0:.%0" "#{window_zoomed_flag}" "resize-pane -Z -t =$0:.%0" ; set-hook -u -t "=$0:" client-detached[1000] ; set-hook -u -t "=$0:" client-session-changed[1000]
client-session-changed[1000] if-shell -F -t "=$0:.%0" "#{window_zoomed_flag}" "resize-pane -Z -t =$0:.%0" ; set-hook -u -t "=$0:" client-detached[1000] ; set-hook -u -t "=$0:" client-session-changed[1000]
--- 15:31:27.932369931
@0 smoke %0 57471 0 act=1 80x24 L=0 T=0 R=79 B=23 wact=1 zoom=1
@0 smoke %1 57475 1 act=0 39x24 L=41 T=0 R=79 B=23 wact=1 zoom=1
@1 handoff %2 57483 0 act=0 40x24 L=0 T=0 R=39 B=23 wact=0 zoom=0
@1 handoff %3 57491 1 act=1 39x24 L=41 T=0 R=79 B=23 wact=0 zoom=0
@0 smoke 80x24 zoom=1 layout=8205,80x24,0,0{40x24,0,0,0,39x24,41,0,1}
@1 handoff 80x24 zoom=0 layout=820e,80x24,0,0{40x24,0,0,2,39x24,41,0,3}
client-69240 unknown 80x flags=attached,focused,control-mode,UTF-8
client-detached[1000] if-shell -F -t "=$0:.%0" "#{window_zoomed_flag}" "resize-pane -Z -t =$0:.%0" ; set-hook -u -t "=$0:" client-detached[1000] ; set-hook -u -t "=$0:" client-session-changed[1000]
client-session-changed[1000] if-shell -F -t "=$0:.%0" "#{window_zoomed_flag}" "resize-pane -Z -t =$0:.%0" ; set-hook -u -t "=$0:" client-detached[1000] ; set-hook -u -t "=$0:" client-session-changed[1000]
--- 15:31:29.445404240
@0 smoke %0 57471 0 act=1 80x24 L=0 T=0 R=79 B=23 wact=1 zoom=1
@0 smoke %1 57475 1 act=0 39x24 L=41 T=0 R=79 B=23 wact=1 zoom=1
@1 handoff %2 57483 0 act=0 40x24 L=0 T=0 R=39 B=23 wact=0 zoom=0
@1 handoff %3 57491 1 act=1 39x24 L=41 T=0 R=79 B=23 wact=0 zoom=0
@0 smoke 80x24 zoom=1 layout=8205,80x24,0,0{40x24,0,0,0,39x24,41,0,1}
@1 handoff 80x24 zoom=0 layout=820e,80x24,0,0{40x24,0,0,2,39x24,41,0,3}
client-69240 unknown 80x flags=attached,focused,control-mode,UTF-8
client-detached[1000] if-shell -F -t "=$0:.%0" "#{window_zoomed_flag}" "resize-pane -Z -t =$0:.%0" ; set-hook -u -t "=$0:" client-detached[1000] ; set-hook -u -t "=$0:" client-session-changed[1000]
client-session-changed[1000] if-shell -F -t "=$0:.%0" "#{window_zoomed_flag}" "resize-pane -Z -t =$0:.%0" ; set-hook -u -t "=$0:" client-detached[1000] ; set-hook -u -t "=$0:" client-session-changed[1000]
--- 15:31:30.967161394
@0 smoke %0 57471 0 act=1 80x24 L=0 T=0 R=79 B=23 wact=1 zoom=1
@0 smoke %1 57475 1 act=0 39x24 L=41 T=0 R=79 B=23 wact=1 zoom=1
@1 handoff %2 57483 0 act=0 40x24 L=0 T=0 R=39 B=23 wact=0 zoom=0
@1 handoff %3 57491 1 act=1 39x24 L=41 T=0 R=79 B=23 wact=0 zoom=0
@0 smoke 80x24 zoom=1 layout=8205,80x24,0,0{40x24,0,0,0,39x24,41,0,1}
@1 handoff 80x24 zoom=0 layout=820e,80x24,0,0{40x24,0,0,2,39x24,41,0,3}
client-69240 unknown 80x flags=attached,focused,control-mode,UTF-8
client-detached[1000] if-shell -F -t "=$0:.%0" "#{window_zoomed_flag}" "resize-pane -Z -t =$0:.%0" ; set-hook -u -t "=$0:" client-detached[1000] ; set-hook -u -t "=$0:" client-session-changed[1000]
client-session-changed[1000] if-shell -F -t "=$0:.%0" "#{window_zoomed_flag}" "resize-pane -Z -t =$0:.%0" ; set-hook -u -t "=$0:" client-detached[1000] ; set-hook -u -t "=$0:" client-session-changed[1000]
--- 15:31:32.502333932
@0 smoke %0 57471 0 act=1 80x24 L=0 T=0 R=79 B=23 wact=1 zoom=1
@0 smoke %1 57475 1 act=0 39x24 L=41 T=0 R=79 B=23 wact=1 zoom=1
@1 handoff %2 57483 0 act=0 40x24 L=0 T=0 R=39 B=23 wact=0 zoom=0
@1 handoff %3 57491 1 act=1 39x24 L=41 T=0 R=79 B=23 wact=0 zoom=0
@0 smoke 80x24 zoom=1 layout=8205,80x24,0,0{40x24,0,0,0,39x24,41,0,1}
@1 handoff 80x24 zoom=0 layout=820e,80x24,0,0{40x24,0,0,2,39x24,41,0,3}
client-69240 unknown 80x flags=attached,focused,control-mode,UTF-8
client-detached[1000] if-shell -F -t "=$0:.%0" "#{window_zoomed_flag}" "resize-pane -Z -t =$0:.%0" ; set-hook -u -t "=$0:" client-detached[1000] ; set-hook -u -t "=$0:" client-session-changed[1000]
client-session-changed[1000] if-shell -F -t "=$0:.%0" "#{window_zoomed_flag}" "resize-pane -Z -t =$0:.%0" ; set-hook -u -t "=$0:" client-detached[1000] ; set-hook -u -t "=$0:" client-session-changed[1000]
--- 15:31:34.030527693
@0 smoke %0 57471 0 act=1 80x24 L=0 T=0 R=79 B=23 wact=1 zoom=1
@0 smoke %1 57475 1 act=0 39x24 L=41 T=0 R=79 B=23 wact=1 zoom=1
@1 handoff %2 57483 0 act=0 40x24 L=0 T=0 R=39 B=23 wact=0 zoom=0
@1 handoff %3 57491 1 act=1 39x24 L=41 T=0 R=79 B=23 wact=0 zoom=0
@0 smoke 80x24 zoom=1 layout=8205,80x24,0,0{40x24,0,0,0,39x24,41,0,1}
@1 handoff 80x24 zoom=0 layout=820e,80x24,0,0{40x24,0,0,2,39x24,41,0,3}
client-69240 unknown 80x flags=attached,focused,control-mode,UTF-8
client-detached[1000] if-shell -F -t "=$0:.%0" "#{window_zoomed_flag}" "resize-pane -Z -t =$0:.%0" ; set-hook -u -t "=$0:" client-detached[1000] ; set-hook -u -t "=$0:" client-session-changed[1000]
client-session-changed[1000] if-shell -F -t "=$0:.%0" "#{window_zoomed_flag}" "resize-pane -Z -t =$0:.%0" ; set-hook -u -t "=$0:" client-detached[1000] ; set-hook -u -t "=$0:" client-session-changed[1000]
--- 15:31:35.543877620
@0 smoke %0 57471 0 act=1 80x24 L=0 T=0 R=79 B=23 wact=1 zoom=1
@0 smoke %1 57475 1 act=0 39x24 L=41 T=0 R=79 B=23 wact=1 zoom=1
@1 handoff %2 57483 0 act=0 40x24 L=0 T=0 R=39 B=23 wact=0 zoom=0
@1 handoff %3 57491 1 act=1 39x24 L=41 T=0 R=79 B=23 wact=0 zoom=0
@0 smoke 80x24 zoom=1 layout=8205,80x24,0,0{40x24,0,0,0,39x24,41,0,1}
@1 handoff 80x24 zoom=0 layout=820e,80x24,0,0{40x24,0,0,2,39x24,41,0,3}
client-69240 unknown 80x flags=attached,focused,control-mode,UTF-8
client-detached[1000] if-shell -F -t "=$0:.%0" "#{window_zoomed_flag}" "resize-pane -Z -t =$0:.%0" ; set-hook -u -t "=$0:" client-detached[1000] ; set-hook -u -t "=$0:" client-session-changed[1000]
client-session-changed[1000] if-shell -F -t "=$0:.%0" "#{window_zoomed_flag}" "resize-pane -Z -t =$0:.%0" ; set-hook -u -t "=$0:" client-detached[1000] ; set-hook -u -t "=$0:" client-session-changed[1000]
--- 15:31:37.057171014
@0 smoke %0 57471 0 act=1 80x24 L=0 T=0 R=79 B=23 wact=1 zoom=1
@0 smoke %1 57475 1 act=0 39x24 L=41 T=0 R=79 B=23 wact=1 zoom=1
@1 handoff %2 57483 0 act=0 40x24 L=0 T=0 R=39 B=23 wact=0 zoom=0
@1 handoff %3 57491 1 act=1 39x24 L=41 T=0 R=79 B=23 wact=0 zoom=0
@0 smoke 80x24 zoom=1 layout=8205,80x24,0,0{40x24,0,0,0,39x24,41,0,1}
@1 handoff 80x24 zoom=0 layout=820e,80x24,0,0{40x24,0,0,2,39x24,41,0,3}
client-69240 unknown 80x flags=attached,focused,control-mode,UTF-8
client-detached[1000] if-shell -F -t "=$0:.%0" "#{window_zoomed_flag}" "resize-pane -Z -t =$0:.%0" ; set-hook -u -t "=$0:" client-detached[1000] ; set-hook -u -t "=$0:" client-session-changed[1000]
client-session-changed[1000] if-shell -F -t "=$0:.%0" "#{window_zoomed_flag}" "resize-pane -Z -t =$0:.%0" ; set-hook -u -t "=$0:" client-detached[1000] ; set-hook -u -t "=$0:" client-session-changed[1000]
--- 15:31:38.570195013
@0 smoke %0 57471 0 act=1 80x24 L=0 T=0 R=79 B=23 wact=1 zoom=1
@0 smoke %1 57475 1 act=0 39x24 L=41 T=0 R=79 B=23 wact=1 zoom=1
@1 handoff %2 57483 0 act=0 40x24 L=0 T=0 R=39 B=23 wact=0 zoom=0
@1 handoff %3 57491 1 act=1 39x24 L=41 T=0 R=79 B=23 wact=0 zoom=0
@0 smoke 80x24 zoom=1 layout=8205,80x24,0,0{40x24,0,0,0,39x24,41,0,1}
@1 handoff 80x24 zoom=0 layout=820e,80x24,0,0{40x24,0,0,2,39x24,41,0,3}
client-69240 unknown 80x flags=attached,focused,control-mode,UTF-8
client-detached[1000] if-shell -F -t "=$0:.%0" "#{window_zoomed_flag}" "resize-pane -Z -t =$0:.%0" ; set-hook -u -t "=$0:" client-detached[1000] ; set-hook -u -t "=$0:" client-session-changed[1000]
client-session-changed[1000] if-shell -F -t "=$0:.%0" "#{window_zoomed_flag}" "resize-pane -Z -t =$0:.%0" ; set-hook -u -t "=$0:" client-detached[1000] ; set-hook -u -t "=$0:" client-session-changed[1000]
--- 15:31:40.084451328
@0 smoke %0 57471 0 act=1 80x24 L=0 T=0 R=79 B=23 wact=1 zoom=1
@0 smoke %1 57475 1 act=0 39x24 L=41 T=0 R=79 B=23 wact=1 zoom=1
@1 handoff %2 57483 0 act=0 40x24 L=0 T=0 R=39 B=23 wact=0 zoom=0
@1 handoff %3 57491 1 act=1 39x24 L=41 T=0 R=79 B=23 wact=0 zoom=0
@0 smoke 80x24 zoom=1 layout=8205,80x24,0,0{40x24,0,0,0,39x24,41,0,1}
@1 handoff 80x24 zoom=0 layout=820e,80x24,0,0{40x24,0,0,2,39x24,41,0,3}
client-69240 unknown 80x flags=attached,focused,control-mode,UTF-8
client-detached[1000] if-shell -F -t "=$0:.%0" "#{window_zoomed_flag}" "resize-pane -Z -t =$0:.%0" ; set-hook -u -t "=$0:" client-detached[1000] ; set-hook -u -t "=$0:" client-session-changed[1000]
client-session-changed[1000] if-shell -F -t "=$0:.%0" "#{window_zoomed_flag}" "resize-pane -Z -t =$0:.%0" ; set-hook -u -t "=$0:" client-detached[1000] ; set-hook -u -t "=$0:" client-session-changed[1000]
--- 15:31:41.616838209
@0 smoke %0 57471 0 act=1 80x24 L=0 T=0 R=79 B=23 wact=1 zoom=1
@0 smoke %1 57475 1 act=0 39x24 L=41 T=0 R=79 B=23 wact=1 zoom=1
@1 handoff %2 57483 0 act=0 40x24 L=0 T=0 R=39 B=23 wact=0 zoom=0
@1 handoff %3 57491 1 act=1 39x24 L=41 T=0 R=79 B=23 wact=0 zoom=0
@0 smoke 80x24 zoom=1 layout=8205,80x24,0,0{40x24,0,0,0,39x24,41,0,1}
@1 handoff 80x24 zoom=0 layout=820e,80x24,0,0{40x24,0,0,2,39x24,41,0,3}
client-69240 unknown 80x flags=attached,focused,control-mode,UTF-8
client-detached[1000] if-shell -F -t "=$0:.%0" "#{window_zoomed_flag}" "resize-pane -Z -t =$0:.%0" ; set-hook -u -t "=$0:" client-detached[1000] ; set-hook -u -t "=$0:" client-session-changed[1000]
client-session-changed[1000] if-shell -F -t "=$0:.%0" "#{window_zoomed_flag}" "resize-pane -Z -t =$0:.%0" ; set-hook -u -t "=$0:" client-detached[1000] ; set-hook -u -t "=$0:" client-session-changed[1000]
--- 15:31:43.149909368
@0 smoke %0 57471 0 act=1 80x24 L=0 T=0 R=79 B=23 wact=1 zoom=1
@0 smoke %1 57475 1 act=0 39x24 L=41 T=0 R=79 B=23 wact=1 zoom=1
@1 handoff %2 57483 0 act=0 40x24 L=0 T=0 R=39 B=23 wact=0 zoom=0
@1 handoff %3 57491 1 act=1 39x24 L=41 T=0 R=79 B=23 wact=0 zoom=0
@0 smoke 80x24 zoom=1 layout=8205,80x24,0,0{40x24,0,0,0,39x24,41,0,1}
@1 handoff 80x24 zoom=0 layout=820e,80x24,0,0{40x24,0,0,2,39x24,41,0,3}
client-69240 unknown 80x flags=attached,focused,control-mode,UTF-8
client-detached[1000] if-shell -F -t "=$0:.%0" "#{window_zoomed_flag}" "resize-pane -Z -t =$0:.%0" ; set-hook -u -t "=$0:" client-detached[1000] ; set-hook -u -t "=$0:" client-session-changed[1000]
client-session-changed[1000] if-shell -F -t "=$0:.%0" "#{window_zoomed_flag}" "resize-pane -Z -t =$0:.%0" ; set-hook -u -t "=$0:" client-detached[1000] ; set-hook -u -t "=$0:" client-session-changed[1000]
--- 15:31:44.671629183
@0 smoke %0 57471 0 act=1 80x24 L=0 T=0 R=79 B=23 wact=1 zoom=1
@0 smoke %1 57475 1 act=0 39x24 L=41 T=0 R=79 B=23 wact=1 zoom=1
@1 handoff %2 57483 0 act=0 40x24 L=0 T=0 R=39 B=23 wact=0 zoom=0
@1 handoff %3 57491 1 act=1 39x24 L=41 T=0 R=79 B=23 wact=0 zoom=0
@0 smoke 80x24 zoom=1 layout=8205,80x24,0,0{40x24,0,0,0,39x24,41,0,1}
@1 handoff 80x24 zoom=0 layout=820e,80x24,0,0{40x24,0,0,2,39x24,41,0,3}
client-69240 unknown 80x flags=attached,focused,control-mode,UTF-8
client-detached[1000] if-shell -F -t "=$0:.%0" "#{window_zoomed_flag}" "resize-pane -Z -t =$0:.%0" ; set-hook -u -t "=$0:" client-detached[1000] ; set-hook -u -t "=$0:" client-session-changed[1000]
client-session-changed[1000] if-shell -F -t "=$0:.%0" "#{window_zoomed_flag}" "resize-pane -Z -t =$0:.%0" ; set-hook -u -t "=$0:" client-detached[1000] ; set-hook -u -t "=$0:" client-session-changed[1000]
--- 15:31:46.188918055
@0 smoke %0 57471 0 act=1 80x24 L=0 T=0 R=79 B=23 wact=1 zoom=1
@0 smoke %1 57475 1 act=0 39x24 L=41 T=0 R=79 B=23 wact=1 zoom=1
@1 handoff %2 57483 0 act=0 40x24 L=0 T=0 R=39 B=23 wact=0 zoom=0
@1 handoff %3 57491 1 act=1 39x24 L=41 T=0 R=79 B=23 wact=0 zoom=0
@0 smoke 80x24 zoom=1 layout=8205,80x24,0,0{40x24,0,0,0,39x24,41,0,1}
@1 handoff 80x24 zoom=0 layout=820e,80x24,0,0{40x24,0,0,2,39x24,41,0,3}
client-69240 unknown 80x flags=attached,focused,control-mode,UTF-8
client-detached[1000] if-shell -F -t "=$0:.%0" "#{window_zoomed_flag}" "resize-pane -Z -t =$0:.%0" ; set-hook -u -t "=$0:" client-detached[1000] ; set-hook -u -t "=$0:" client-session-changed[1000]
client-session-changed[1000] if-shell -F -t "=$0:.%0" "#{window_zoomed_flag}" "resize-pane -Z -t =$0:.%0" ; set-hook -u -t "=$0:" client-detached[1000] ; set-hook -u -t "=$0:" client-session-changed[1000]
--- 15:31:47.704999547
@0 smoke %0 57471 0 act=1 80x24 L=0 T=0 R=79 B=23 wact=1 zoom=1
@0 smoke %1 57475 1 act=0 39x24 L=41 T=0 R=79 B=23 wact=1 zoom=1
@1 handoff %2 57483 0 act=0 40x24 L=0 T=0 R=39 B=23 wact=0 zoom=0
@1 handoff %3 57491 1 act=1 39x24 L=41 T=0 R=79 B=23 wact=0 zoom=0
@0 smoke 80x24 zoom=1 layout=8205,80x24,0,0{40x24,0,0,0,39x24,41,0,1}
@1 handoff 80x24 zoom=0 layout=820e,80x24,0,0{40x24,0,0,2,39x24,41,0,3}
client-69240 unknown 80x flags=attached,focused,control-mode,UTF-8
client-detached[1000] if-shell -F -t "=$0:.%0" "#{window_zoomed_flag}" "resize-pane -Z -t =$0:.%0" ; set-hook -u -t "=$0:" client-detached[1000] ; set-hook -u -t "=$0:" client-session-changed[1000]
client-session-changed[1000] if-shell -F -t "=$0:.%0" "#{window_zoomed_flag}" "resize-pane -Z -t =$0:.%0" ; set-hook -u -t "=$0:" client-detached[1000] ; set-hook -u -t "=$0:" client-session-changed[1000]
--- 15:31:49.218326548
@0 smoke %0 57471 0 act=1 80x24 L=0 T=0 R=79 B=23 wact=1 zoom=1
@0 smoke %1 57475 1 act=0 39x24 L=41 T=0 R=79 B=23 wact=1 zoom=1
@1 handoff %2 57483 0 act=0 40x24 L=0 T=0 R=39 B=23 wact=0 zoom=0
@1 handoff %3 57491 1 act=1 39x24 L=41 T=0 R=79 B=23 wact=0 zoom=0
@0 smoke 80x24 zoom=1 layout=8205,80x24,0,0{40x24,0,0,0,39x24,41,0,1}
@1 handoff 80x24 zoom=0 layout=820e,80x24,0,0{40x24,0,0,2,39x24,41,0,3}
client-69240 unknown 80x flags=attached,focused,control-mode,UTF-8
client-detached[1000] if-shell -F -t "=$0:.%0" "#{window_zoomed_flag}" "resize-pane -Z -t =$0:.%0" ; set-hook -u -t "=$0:" client-detached[1000] ; set-hook -u -t "=$0:" client-session-changed[1000]
client-session-changed[1000] if-shell -F -t "=$0:.%0" "#{window_zoomed_flag}" "resize-pane -Z -t =$0:.%0" ; set-hook -u -t "=$0:" client-detached[1000] ; set-hook -u -t "=$0:" client-session-changed[1000]
--- 15:31:50.731924603
@0 smoke %0 57471 0 act=1 80x24 L=0 T=0 R=79 B=23 wact=1 zoom=1
@0 smoke %1 57475 1 act=0 39x24 L=41 T=0 R=79 B=23 wact=1 zoom=1
@1 handoff %2 57483 0 act=0 40x24 L=0 T=0 R=39 B=23 wact=0 zoom=0
@1 handoff %3 57491 1 act=1 39x24 L=41 T=0 R=79 B=23 wact=0 zoom=0
@0 smoke 80x24 zoom=1 layout=8205,80x24,0,0{40x24,0,0,0,39x24,41,0,1}
@1 handoff 80x24 zoom=0 layout=820e,80x24,0,0{40x24,0,0,2,39x24,41,0,3}
client-69240 unknown 80x flags=attached,focused,control-mode,UTF-8
client-detached[1000] if-shell -F -t "=$0:.%0" "#{window_zoomed_flag}" "resize-pane -Z -t =$0:.%0" ; set-hook -u -t "=$0:" client-detached[1000] ; set-hook -u -t "=$0:" client-session-changed[1000]
client-session-changed[1000] if-shell -F -t "=$0:.%0" "#{window_zoomed_flag}" "resize-pane -Z -t =$0:.%0" ; set-hook -u -t "=$0:" client-detached[1000] ; set-hook -u -t "=$0:" client-session-changed[1000]
--- 15:31:52.245165012
@0 smoke %0 57471 0 act=1 80x24 L=0 T=0 R=79 B=23 wact=1 zoom=1
@0 smoke %1 57475 1 act=0 39x24 L=41 T=0 R=79 B=23 wact=1 zoom=1
@1 handoff %2 57483 0 act=0 40x24 L=0 T=0 R=39 B=23 wact=0 zoom=0
@1 handoff %3 57491 1 act=1 39x24 L=41 T=0 R=79 B=23 wact=0 zoom=0
@0 smoke 80x24 zoom=1 layout=8205,80x24,0,0{40x24,0,0,0,39x24,41,0,1}
@1 handoff 80x24 zoom=0 layout=820e,80x24,0,0{40x24,0,0,2,39x24,41,0,3}
client-69240 unknown 80x flags=attached,focused,control-mode,UTF-8
client-detached[1000] if-shell -F -t "=$0:.%0" "#{window_zoomed_flag}" "resize-pane -Z -t =$0:.%0" ; set-hook -u -t "=$0:" client-detached[1000] ; set-hook -u -t "=$0:" client-session-changed[1000]
client-session-changed[1000] if-shell -F -t "=$0:.%0" "#{window_zoomed_flag}" "resize-pane -Z -t =$0:.%0" ; set-hook -u -t "=$0:" client-detached[1000] ; set-hook -u -t "=$0:" client-session-changed[1000]
--- 15:31:53.758031116
@0 smoke %0 57471 0 act=1 80x24 L=0 T=0 R=79 B=23 wact=1 zoom=1
@0 smoke %1 57475 1 act=0 39x24 L=41 T=0 R=79 B=23 wact=1 zoom=1
@1 handoff %2 57483 0 act=0 40x24 L=0 T=0 R=39 B=23 wact=0 zoom=0
@1 handoff %3 57491 1 act=1 39x24 L=41 T=0 R=79 B=23 wact=0 zoom=0
@0 smoke 80x24 zoom=1 layout=8205,80x24,0,0{40x24,0,0,0,39x24,41,0,1}
@1 handoff 80x24 zoom=0 layout=820e,80x24,0,0{40x24,0,0,2,39x24,41,0,3}
client-69240 unknown 80x flags=attached,focused,control-mode,UTF-8
client-detached[1000] if-shell -F -t "=$0:.%0" "#{window_zoomed_flag}" "resize-pane -Z -t =$0:.%0" ; set-hook -u -t "=$0:" client-detached[1000] ; set-hook -u -t "=$0:" client-session-changed[1000]
client-session-changed[1000] if-shell -F -t "=$0:.%0" "#{window_zoomed_flag}" "resize-pane -Z -t =$0:.%0" ; set-hook -u -t "=$0:" client-detached[1000] ; set-hook -u -t "=$0:" client-session-changed[1000]
--- 15:31:55.270872589
@0 smoke %0 57471 0 act=1 80x24 L=0 T=0 R=79 B=23 wact=1 zoom=1
@0 smoke %1 57475 1 act=0 39x24 L=41 T=0 R=79 B=23 wact=1 zoom=1
@1 handoff %2 57483 0 act=0 40x24 L=0 T=0 R=39 B=23 wact=0 zoom=0
@1 handoff %3 57491 1 act=1 39x24 L=41 T=0 R=79 B=23 wact=0 zoom=0
@0 smoke 80x24 zoom=1 layout=8205,80x24,0,0{40x24,0,0,0,39x24,41,0,1}
@1 handoff 80x24 zoom=0 layout=820e,80x24,0,0{40x24,0,0,2,39x24,41,0,3}
client-69240 unknown 80x flags=attached,focused,control-mode,UTF-8
client-detached[1000] if-shell -F -t "=$0:.%0" "#{window_zoomed_flag}" "resize-pane -Z -t =$0:.%0" ; set-hook -u -t "=$0:" client-detached[1000] ; set-hook -u -t "=$0:" client-session-changed[1000]
client-session-changed[1000] if-shell -F -t "=$0:.%0" "#{window_zoomed_flag}" "resize-pane -Z -t =$0:.%0" ; set-hook -u -t "=$0:" client-detached[1000] ; set-hook -u -t "=$0:" client-session-changed[1000]
--- 15:31:56.783575833
@0 smoke %0 57471 0 act=1 80x24 L=0 T=0 R=79 B=23 wact=1 zoom=1
@0 smoke %1 57475 1 act=0 39x24 L=41 T=0 R=79 B=23 wact=1 zoom=1
@1 handoff %2 57483 0 act=0 40x24 L=0 T=0 R=39 B=23 wact=0 zoom=0
@1 handoff %3 57491 1 act=1 39x24 L=41 T=0 R=79 B=23 wact=0 zoom=0
@0 smoke 80x24 zoom=1 layout=8205,80x24,0,0{40x24,0,0,0,39x24,41,0,1}
@1 handoff 80x24 zoom=0 layout=820e,80x24,0,0{40x24,0,0,2,39x24,41,0,3}
client-69240 unknown 80x flags=attached,focused,control-mode,UTF-8
client-detached[1000] if-shell -F -t "=$0:.%0" "#{window_zoomed_flag}" "resize-pane -Z -t =$0:.%0" ; set-hook -u -t "=$0:" client-detached[1000] ; set-hook -u -t "=$0:" client-session-changed[1000]
client-session-changed[1000] if-shell -F -t "=$0:.%0" "#{window_zoomed_flag}" "resize-pane -Z -t =$0:.%0" ; set-hook -u -t "=$0:" client-detached[1000] ; set-hook -u -t "=$0:" client-session-changed[1000]
--- 15:31:58.296675824
@0 smoke %0 57471 0 act=1 80x24 L=0 T=0 R=79 B=23 wact=1 zoom=1
@0 smoke %1 57475 1 act=0 39x24 L=41 T=0 R=79 B=23 wact=1 zoom=1
@1 handoff %2 57483 0 act=0 40x24 L=0 T=0 R=39 B=23 wact=0 zoom=0
@1 handoff %3 57491 1 act=1 39x24 L=41 T=0 R=79 B=23 wact=0 zoom=0
@0 smoke 80x24 zoom=1 layout=8205,80x24,0,0{40x24,0,0,0,39x24,41,0,1}
@1 handoff 80x24 zoom=0 layout=820e,80x24,0,0{40x24,0,0,2,39x24,41,0,3}
client-69240 unknown 80x flags=attached,focused,control-mode,UTF-8
client-detached[1000] if-shell -F -t "=$0:.%0" "#{window_zoomed_flag}" "resize-pane -Z -t =$0:.%0" ; set-hook -u -t "=$0:" client-detached[1000] ; set-hook -u -t "=$0:" client-session-changed[1000]
client-session-changed[1000] if-shell -F -t "=$0:.%0" "#{window_zoomed_flag}" "resize-pane -Z -t =$0:.%0" ; set-hook -u -t "=$0:" client-detached[1000] ; set-hook -u -t "=$0:" client-session-changed[1000]
--- 15:31:59.809664765
@0 smoke %0 57471 0 act=1 80x24 L=0 T=0 R=79 B=23 wact=1 zoom=1
@0 smoke %1 57475 1 act=0 39x24 L=41 T=0 R=79 B=23 wact=1 zoom=1
@1 handoff %2 57483 0 act=0 40x24 L=0 T=0 R=39 B=23 wact=0 zoom=0
@1 handoff %3 57491 1 act=1 39x24 L=41 T=0 R=79 B=23 wact=0 zoom=0
@0 smoke 80x24 zoom=1 layout=8205,80x24,0,0{40x24,0,0,0,39x24,41,0,1}
@1 handoff 80x24 zoom=0 layout=820e,80x24,0,0{40x24,0,0,2,39x24,41,0,3}
client-69240 unknown 80x flags=attached,focused,control-mode,UTF-8
client-detached
client-session-changed
--- 15:32:01.322317701
@0 smoke %0 57471 0 act=1 80x24 L=0 T=0 R=79 B=23 wact=1 zoom=1
@0 smoke %1 57475 1 act=0 39x24 L=41 T=0 R=79 B=23 wact=1 zoom=1
@1 handoff %2 57483 0 act=0 40x24 L=0 T=0 R=39 B=23 wact=0 zoom=0
@1 handoff %3 57491 1 act=1 39x24 L=41 T=0 R=79 B=23 wact=0 zoom=0
@0 smoke 80x24 zoom=1 layout=8205,80x24,0,0{40x24,0,0,0,39x24,41,0,1}
@1 handoff 80x24 zoom=0 layout=820e,80x24,0,0{40x24,0,0,2,39x24,41,0,3}
client-69240 unknown 80x flags=attached,focused,control-mode,UTF-8
client-detached
client-session-changed
--- 15:32:02.835407303
@0 smoke %0 57471 0 act=1 80x24 L=0 T=0 R=79 B=23 wact=1 zoom=1
@0 smoke %1 57475 1 act=0 39x24 L=41 T=0 R=79 B=23 wact=1 zoom=1
@1 handoff %2 57483 0 act=0 40x24 L=0 T=0 R=39 B=23 wact=0 zoom=0
@1 handoff %3 57491 1 act=1 39x24 L=41 T=0 R=79 B=23 wact=0 zoom=0
@0 smoke 80x24 zoom=1 layout=8205,80x24,0,0{40x24,0,0,0,39x24,41,0,1}
@1 handoff 80x24 zoom=0 layout=820e,80x24,0,0{40x24,0,0,2,39x24,41,0,3}
client-69240 unknown 80x flags=attached,focused,control-mode,UTF-8
client-detached
client-session-changed
--- 15:32:04.348397319
@0 smoke %0 57471 0 act=1 80x24 L=0 T=0 R=79 B=23 wact=1 zoom=1
@0 smoke %1 57475 1 act=0 39x24 L=41 T=0 R=79 B=23 wact=1 zoom=1
@1 handoff %2 57483 0 act=0 40x24 L=0 T=0 R=39 B=23 wact=0 zoom=0
@1 handoff %3 57491 1 act=1 39x24 L=41 T=0 R=79 B=23 wact=0 zoom=0
@0 smoke 80x24 zoom=1 layout=8205,80x24,0,0{40x24,0,0,0,39x24,41,0,1}
@1 handoff 80x24 zoom=0 layout=820e,80x24,0,0{40x24,0,0,2,39x24,41,0,3}
client-69240 unknown 80x flags=attached,focused,control-mode,UTF-8
client-detached
client-session-changed
--- 15:32:05.871806735
@0 smoke %0 57471 0 act=1 80x24 L=0 T=0 R=79 B=23 wact=1 zoom=1
@0 smoke %1 57475 1 act=0 39x24 L=41 T=0 R=79 B=23 wact=1 zoom=1
@1 handoff %2 57483 0 act=0 40x24 L=0 T=0 R=39 B=23 wact=0 zoom=0
@1 handoff %3 57491 1 act=1 39x24 L=41 T=0 R=79 B=23 wact=0 zoom=0
@0 smoke 80x24 zoom=1 layout=8205,80x24,0,0{40x24,0,0,0,39x24,41,0,1}
@1 handoff 80x24 zoom=0 layout=820e,80x24,0,0{40x24,0,0,2,39x24,41,0,3}
client-69240 unknown 80x flags=attached,focused,control-mode,UTF-8
client-detached
client-session-changed
--- 15:32:07.392778765
@0 smoke %0 57471 0 act=1 54x32 L=0 T=0 R=53 B=31 wact=1 zoom=1
@0 smoke %1 57475 1 act=0 26x32 L=28 T=0 R=53 B=31 wact=1 zoom=1
@1 handoff %2 57483 0 act=0 27x32 L=0 T=0 R=26 B=31 wact=0 zoom=0
@1 handoff %3 57491 1 act=1 26x32 L=28 T=0 R=53 B=31 wact=0 zoom=0
@0 smoke 54x32 zoom=1 layout=e410,54x32,0,0{27x32,0,0,0,26x32,28,0,1}
@1 handoff 54x32 zoom=0 layout=e419,54x32,0,0{27x32,0,0,2,26x32,28,0,3}
client-69240 unknown 54x flags=attached,focused,control-mode,UTF-8
client-detached
client-session-changed
--- 15:32:08.905719667
@0 smoke %0 57471 0 act=1 54x32 L=0 T=0 R=53 B=31 wact=1 zoom=1
@0 smoke %1 57475 1 act=0 26x32 L=28 T=0 R=53 B=31 wact=1 zoom=1
@1 handoff %2 57483 0 act=0 27x32 L=0 T=0 R=26 B=31 wact=0 zoom=0
@1 handoff %3 57491 1 act=1 26x32 L=28 T=0 R=53 B=31 wact=0 zoom=0
@0 smoke 54x32 zoom=1 layout=e410,54x32,0,0{27x32,0,0,0,26x32,28,0,1}
@1 handoff 54x32 zoom=0 layout=e419,54x32,0,0{27x32,0,0,2,26x32,28,0,3}
client-69240 unknown 54x flags=attached,focused,control-mode,UTF-8
client-detached
client-session-changed
--- 15:32:10.419917442
@0 smoke %0 57471 0 act=1 54x32 L=0 T=0 R=53 B=31 wact=1 zoom=1
@0 smoke %1 57475 1 act=0 26x32 L=28 T=0 R=53 B=31 wact=1 zoom=1
@1 handoff %2 57483 0 act=0 27x32 L=0 T=0 R=26 B=31 wact=0 zoom=0
@1 handoff %3 57491 1 act=1 26x32 L=28 T=0 R=53 B=31 wact=0 zoom=0
@0 smoke 54x32 zoom=1 layout=e410,54x32,0,0{27x32,0,0,0,26x32,28,0,1}
@1 handoff 54x32 zoom=0 layout=e419,54x32,0,0{27x32,0,0,2,26x32,28,0,3}
client-69240 unknown 54x flags=attached,focused,control-mode,UTF-8
client-detached
client-session-changed
--- 15:32:11.932661231
@0 smoke %0 57471 0 act=1 54x32 L=0 T=0 R=53 B=31 wact=1 zoom=1
@0 smoke %1 57475 1 act=0 26x32 L=28 T=0 R=53 B=31 wact=1 zoom=1
@1 handoff %2 57483 0 act=0 27x32 L=0 T=0 R=26 B=31 wact=0 zoom=0
@1 handoff %3 57491 1 act=1 26x32 L=28 T=0 R=53 B=31 wact=0 zoom=0
@0 smoke 54x32 zoom=1 layout=e410,54x32,0,0{27x32,0,0,0,26x32,28,0,1}
@1 handoff 54x32 zoom=0 layout=e419,54x32,0,0{27x32,0,0,2,26x32,28,0,3}
client-69240 unknown 54x flags=attached,focused,control-mode,UTF-8
client-detached
client-session-changed
--- 15:32:13.457950193
@0 smoke %0 57471 0 act=1 54x17 L=0 T=0 R=53 B=16 wact=1 zoom=1
@0 smoke %1 57475 1 act=0 26x17 L=28 T=0 R=53 B=16 wact=1 zoom=1
@1 handoff %2 57483 0 act=0 27x17 L=0 T=0 R=26 B=16 wact=0 zoom=0
@1 handoff %3 57491 1 act=1 26x17 L=28 T=0 R=53 B=16 wact=0 zoom=0
@0 smoke 54x17 zoom=1 layout=2821,54x17,0,0{27x17,0,0,0,26x17,28,0,1}
@1 handoff 54x17 zoom=0 layout=282a,54x17,0,0{27x17,0,0,2,26x17,28,0,3}
client-69240 unknown 54x flags=attached,focused,control-mode,UTF-8
client-detached
client-session-changed
--- 15:32:14.979949970
@0 smoke %0 57471 0 act=1 54x17 L=0 T=0 R=53 B=16 wact=1 zoom=1
@0 smoke %1 57475 1 act=0 26x17 L=28 T=0 R=53 B=16 wact=1 zoom=1
@1 handoff %2 57483 0 act=0 27x17 L=0 T=0 R=26 B=16 wact=0 zoom=0
@1 handoff %3 57491 1 act=1 26x17 L=28 T=0 R=53 B=16 wact=0 zoom=0
@0 smoke 54x17 zoom=1 layout=2821,54x17,0,0{27x17,0,0,0,26x17,28,0,1}
@1 handoff 54x17 zoom=0 layout=282a,54x17,0,0{27x17,0,0,2,26x17,28,0,3}
client-69240 unknown 54x flags=attached,focused,control-mode,UTF-8
client-detached
client-session-changed
--- 15:32:16.492877569
@0 smoke %0 57471 0 act=1 54x17 L=0 T=0 R=53 B=16 wact=1 zoom=1
@0 smoke %1 57475 1 act=0 26x17 L=28 T=0 R=53 B=16 wact=1 zoom=1
@1 handoff %2 57483 0 act=0 27x17 L=0 T=0 R=26 B=16 wact=0 zoom=0
@1 handoff %3 57491 1 act=1 26x17 L=28 T=0 R=53 B=16 wact=0 zoom=0
@0 smoke 54x17 zoom=1 layout=2821,54x17,0,0{27x17,0,0,0,26x17,28,0,1}
@1 handoff 54x17 zoom=0 layout=282a,54x17,0,0{27x17,0,0,2,26x17,28,0,3}
client-69240 unknown 54x flags=attached,focused,control-mode,UTF-8
client-detached
client-session-changed
--- 15:32:18.009471012
@0 smoke %0 57471 0 act=1 54x17 L=0 T=0 R=53 B=16 wact=1 zoom=1
@0 smoke %1 57475 1 act=0 26x17 L=28 T=0 R=53 B=16 wact=1 zoom=1
@1 handoff %2 57483 0 act=0 27x17 L=0 T=0 R=26 B=16 wact=0 zoom=0
@1 handoff %3 57491 1 act=1 26x17 L=28 T=0 R=53 B=16 wact=0 zoom=0
@0 smoke 54x17 zoom=1 layout=2821,54x17,0,0{27x17,0,0,0,26x17,28,0,1}
@1 handoff 54x17 zoom=0 layout=282a,54x17,0,0{27x17,0,0,2,26x17,28,0,3}
client-69240 unknown 54x flags=attached,focused,control-mode,UTF-8
client-detached
client-session-changed
--- 15:32:19.521942311
@0 smoke %0 57471 0 act=1 54x17 L=0 T=0 R=53 B=16 wact=1 zoom=1
@0 smoke %1 57475 1 act=0 26x17 L=28 T=0 R=53 B=16 wact=1 zoom=1
@1 handoff %2 57483 0 act=0 27x17 L=0 T=0 R=26 B=16 wact=0 zoom=0
@1 handoff %3 57491 1 act=1 26x17 L=28 T=0 R=53 B=16 wact=0 zoom=0
@0 smoke 54x17 zoom=1 layout=2821,54x17,0,0{27x17,0,0,0,26x17,28,0,1}
@1 handoff 54x17 zoom=0 layout=282a,54x17,0,0{27x17,0,0,2,26x17,28,0,3}
client-69240 unknown 54x flags=attached,focused,control-mode,UTF-8
client-detached
client-session-changed
--- 15:32:21.034863212
@0 smoke %0 57471 0 act=1 54x17 L=0 T=0 R=53 B=16 wact=1 zoom=1
@0 smoke %1 57475 1 act=0 26x17 L=28 T=0 R=53 B=16 wact=1 zoom=1
@1 handoff %2 57483 0 act=0 27x17 L=0 T=0 R=26 B=16 wact=0 zoom=0
@1 handoff %3 57491 1 act=1 26x17 L=28 T=0 R=53 B=16 wact=0 zoom=0
@0 smoke 54x17 zoom=1 layout=2821,54x17,0,0{27x17,0,0,0,26x17,28,0,1}
@1 handoff 54x17 zoom=0 layout=282a,54x17,0,0{27x17,0,0,2,26x17,28,0,3}
client-69240 unknown 54x flags=attached,focused,control-mode,UTF-8
client-detached
client-session-changed
--- 15:32:22.547895654
@0 smoke %0 57471 0 act=1 54x17 L=0 T=0 R=53 B=16 wact=1 zoom=1
@0 smoke %1 57475 1 act=0 26x17 L=28 T=0 R=53 B=16 wact=1 zoom=1
@1 handoff %2 57483 0 act=0 27x17 L=0 T=0 R=26 B=16 wact=0 zoom=0
@1 handoff %3 57491 1 act=1 26x17 L=28 T=0 R=53 B=16 wact=0 zoom=0
@0 smoke 54x17 zoom=1 layout=2821,54x17,0,0{27x17,0,0,0,26x17,28,0,1}
@1 handoff 54x17 zoom=0 layout=282a,54x17,0,0{27x17,0,0,2,26x17,28,0,3}
client-69240 unknown 54x flags=attached,focused,control-mode,UTF-8
client-detached
client-session-changed
--- 15:32:24.062852304
@0 smoke %0 57471 0 act=1 54x17 L=0 T=0 R=53 B=16 wact=1 zoom=1
@0 smoke %1 57475 1 act=0 26x17 L=28 T=0 R=53 B=16 wact=1 zoom=1
@1 handoff %2 57483 0 act=0 27x17 L=0 T=0 R=26 B=16 wact=0 zoom=0
@1 handoff %3 57491 1 act=1 26x17 L=28 T=0 R=53 B=16 wact=0 zoom=0
@0 smoke 54x17 zoom=1 layout=2821,54x17,0,0{27x17,0,0,0,26x17,28,0,1}
@1 handoff 54x17 zoom=0 layout=282a,54x17,0,0{27x17,0,0,2,26x17,28,0,3}
client-69240 unknown 54x flags=attached,focused,control-mode,UTF-8
client-detached
client-session-changed
--- 15:32:25.575958154
@0 smoke %0 57471 0 act=1 54x17 L=0 T=0 R=53 B=16 wact=1 zoom=1
@0 smoke %1 57475 1 act=0 26x17 L=28 T=0 R=53 B=16 wact=1 zoom=1
@1 handoff %2 57483 0 act=0 27x17 L=0 T=0 R=26 B=16 wact=0 zoom=0
@1 handoff %3 57491 1 act=1 26x17 L=28 T=0 R=53 B=16 wact=0 zoom=0
@0 smoke 54x17 zoom=1 layout=2821,54x17,0,0{27x17,0,0,0,26x17,28,0,1}
@1 handoff 54x17 zoom=0 layout=282a,54x17,0,0{27x17,0,0,2,26x17,28,0,3}
client-69240 unknown 54x flags=attached,focused,control-mode,UTF-8
client-detached
client-session-changed
--- 15:32:27.094858668
@0 smoke %0 57471 0 act=1 54x17 L=0 T=0 R=53 B=16 wact=1 zoom=1
@0 smoke %1 57475 1 act=0 26x17 L=28 T=0 R=53 B=16 wact=1 zoom=1
@1 handoff %2 57483 0 act=0 27x17 L=0 T=0 R=26 B=16 wact=0 zoom=0
@1 handoff %3 57491 1 act=1 26x17 L=28 T=0 R=53 B=16 wact=0 zoom=0
@0 smoke 54x17 zoom=1 layout=2821,54x17,0,0{27x17,0,0,0,26x17,28,0,1}
@1 handoff 54x17 zoom=0 layout=282a,54x17,0,0{27x17,0,0,2,26x17,28,0,3}
client-69240 unknown 54x flags=attached,focused,control-mode,UTF-8
client-detached
client-session-changed
--- 15:32:28.608184762
@0 smoke %0 57471 0 act=1 54x17 L=0 T=0 R=53 B=16 wact=1 zoom=1
@0 smoke %1 57475 1 act=0 26x17 L=28 T=0 R=53 B=16 wact=1 zoom=1
@1 handoff %2 57483 0 act=0 27x17 L=0 T=0 R=26 B=16 wact=0 zoom=0
@1 handoff %3 57491 1 act=1 26x17 L=28 T=0 R=53 B=16 wact=0 zoom=0
@0 smoke 54x17 zoom=1 layout=2821,54x17,0,0{27x17,0,0,0,26x17,28,0,1}
@1 handoff 54x17 zoom=0 layout=282a,54x17,0,0{27x17,0,0,2,26x17,28,0,3}
client-69240 unknown 54x flags=attached,focused,control-mode,UTF-8
client-detached
client-session-changed
--- 15:32:30.120955181
@0 smoke %0 57471 0 act=1 54x17 L=0 T=0 R=53 B=16 wact=1 zoom=1
@0 smoke %1 57475 1 act=0 26x17 L=28 T=0 R=53 B=16 wact=1 zoom=1
@1 handoff %2 57483 0 act=0 27x17 L=0 T=0 R=26 B=16 wact=0 zoom=0
@1 handoff %3 57491 1 act=1 26x17 L=28 T=0 R=53 B=16 wact=0 zoom=0
@0 smoke 54x17 zoom=1 layout=2821,54x17,0,0{27x17,0,0,0,26x17,28,0,1}
@1 handoff 54x17 zoom=0 layout=282a,54x17,0,0{27x17,0,0,2,26x17,28,0,3}
client-69240 unknown 54x flags=attached,focused,control-mode,UTF-8
client-detached
client-session-changed
--- 15:32:31.634021605
@0 smoke %0 57471 0 act=1 54x17 L=0 T=0 R=53 B=16 wact=1 zoom=1
@0 smoke %1 57475 1 act=0 26x17 L=28 T=0 R=53 B=16 wact=1 zoom=1
@1 handoff %2 57483 0 act=0 27x17 L=0 T=0 R=26 B=16 wact=0 zoom=0
@1 handoff %3 57491 1 act=1 26x17 L=28 T=0 R=53 B=16 wact=0 zoom=0
@0 smoke 54x17 zoom=1 layout=2821,54x17,0,0{27x17,0,0,0,26x17,28,0,1}
@1 handoff 54x17 zoom=0 layout=282a,54x17,0,0{27x17,0,0,2,26x17,28,0,3}
client-69240 unknown 54x flags=attached,focused,control-mode,UTF-8
client-detached
client-session-changed
--- 15:32:33.152374789
@0 smoke %0 57471 0 act=1 54x17 L=0 T=0 R=53 B=16 wact=1 zoom=1
@0 smoke %1 57475 1 act=0 26x17 L=28 T=0 R=53 B=16 wact=1 zoom=1
@1 handoff %2 57483 0 act=0 27x17 L=0 T=0 R=26 B=16 wact=0 zoom=0
@1 handoff %3 57491 1 act=1 26x17 L=28 T=0 R=53 B=16 wact=0 zoom=0
@0 smoke 54x17 zoom=1 layout=2821,54x17,0,0{27x17,0,0,0,26x17,28,0,1}
@1 handoff 54x17 zoom=0 layout=282a,54x17,0,0{27x17,0,0,2,26x17,28,0,3}
client-69240 unknown 54x flags=attached,focused,control-mode,UTF-8
client-detached
client-session-changed
--- 15:32:34.666161816
@0 smoke %0 57471 0 act=1 54x17 L=0 T=0 R=53 B=16 wact=1 zoom=1
@0 smoke %1 57475 1 act=0 26x17 L=28 T=0 R=53 B=16 wact=1 zoom=1
@1 handoff %2 57483 0 act=0 27x17 L=0 T=0 R=26 B=16 wact=0 zoom=0
@1 handoff %3 57491 1 act=1 26x17 L=28 T=0 R=53 B=16 wact=0 zoom=0
@0 smoke 54x17 zoom=1 layout=2821,54x17,0,0{27x17,0,0,0,26x17,28,0,1}
@1 handoff 54x17 zoom=0 layout=282a,54x17,0,0{27x17,0,0,2,26x17,28,0,3}
client-69240 unknown 54x flags=attached,focused,control-mode,UTF-8
client-detached
client-session-changed
--- 15:32:36.179319222
@0 smoke %0 57471 0 act=1 54x17 L=0 T=0 R=53 B=16 wact=1 zoom=1
@0 smoke %1 57475 1 act=0 26x17 L=28 T=0 R=53 B=16 wact=1 zoom=1
@1 handoff %2 57483 0 act=0 27x17 L=0 T=0 R=26 B=16 wact=0 zoom=0
@1 handoff %3 57491 1 act=1 26x17 L=28 T=0 R=53 B=16 wact=0 zoom=0
@0 smoke 54x17 zoom=1 layout=2821,54x17,0,0{27x17,0,0,0,26x17,28,0,1}
@1 handoff 54x17 zoom=0 layout=282a,54x17,0,0{27x17,0,0,2,26x17,28,0,3}
client-69240 unknown 54x flags=attached,focused,control-mode,UTF-8
client-detached
client-session-changed
--- 15:32:37.693236984
@0 smoke %0 57471 0 act=1 54x17 L=0 T=0 R=53 B=16 wact=1 zoom=1
@0 smoke %1 57475 1 act=0 26x17 L=28 T=0 R=53 B=16 wact=1 zoom=1
@1 handoff %2 57483 0 act=0 27x17 L=0 T=0 R=26 B=16 wact=0 zoom=0
@1 handoff %3 57491 1 act=1 26x17 L=28 T=0 R=53 B=16 wact=0 zoom=0
@0 smoke 54x17 zoom=1 layout=2821,54x17,0,0{27x17,0,0,0,26x17,28,0,1}
@1 handoff 54x17 zoom=0 layout=282a,54x17,0,0{27x17,0,0,2,26x17,28,0,3}
client-detached
client-session-changed
--- 15:32:39.235111088
@0 smoke %0 57471 0 act=1 54x17 L=0 T=0 R=53 B=16 wact=1 zoom=1
@0 smoke %1 57475 1 act=0 26x17 L=28 T=0 R=53 B=16 wact=1 zoom=1
@1 handoff %2 57483 0 act=0 27x17 L=0 T=0 R=26 B=16 wact=0 zoom=0
@1 handoff %3 57491 1 act=1 26x17 L=28 T=0 R=53 B=16 wact=0 zoom=0
@0 smoke 54x17 zoom=1 layout=2821,54x17,0,0{27x17,0,0,0,26x17,28,0,1}
@1 handoff 54x17 zoom=0 layout=282a,54x17,0,0{27x17,0,0,2,26x17,28,0,3}
client-detached
client-session-changed
--- 15:32:40.772989812
@0 smoke %0 57471 0 act=1 54x17 L=0 T=0 R=53 B=16 wact=1 zoom=1
@0 smoke %1 57475 1 act=0 26x17 L=28 T=0 R=53 B=16 wact=1 zoom=1
@1 handoff %2 57483 0 act=0 27x17 L=0 T=0 R=26 B=16 wact=0 zoom=0
@1 handoff %3 57491 1 act=1 26x17 L=28 T=0 R=53 B=16 wact=0 zoom=0
@0 smoke 54x17 zoom=1 layout=2821,54x17,0,0{27x17,0,0,0,26x17,28,0,1}
@1 handoff 54x17 zoom=0 layout=282a,54x17,0,0{27x17,0,0,2,26x17,28,0,3}
client-detached
client-session-changed
--- 15:32:42.312453206
@0 smoke %0 57471 0 act=1 54x17 L=0 T=0 R=53 B=16 wact=1 zoom=1
@0 smoke %1 57475 1 act=0 26x17 L=28 T=0 R=53 B=16 wact=1 zoom=1
@1 handoff %2 57483 0 act=0 27x17 L=0 T=0 R=26 B=16 wact=0 zoom=0
@1 handoff %3 57491 1 act=1 26x17 L=28 T=0 R=53 B=16 wact=0 zoom=0
@0 smoke 54x17 zoom=1 layout=2821,54x17,0,0{27x17,0,0,0,26x17,28,0,1}
@1 handoff 54x17 zoom=0 layout=282a,54x17,0,0{27x17,0,0,2,26x17,28,0,3}
client-detached
client-session-changed
--- 15:32:43.839738125
@0 smoke %0 57471 0 act=1 54x17 L=0 T=0 R=53 B=16 wact=1 zoom=1
@0 smoke %1 57475 1 act=0 26x17 L=28 T=0 R=53 B=16 wact=1 zoom=1
@1 handoff %2 57483 0 act=0 27x17 L=0 T=0 R=26 B=16 wact=0 zoom=0
@1 handoff %3 57491 1 act=1 26x17 L=28 T=0 R=53 B=16 wact=0 zoom=0
@0 smoke 54x17 zoom=1 layout=2821,54x17,0,0{27x17,0,0,0,26x17,28,0,1}
@1 handoff 54x17 zoom=0 layout=282a,54x17,0,0{27x17,0,0,2,26x17,28,0,3}
client-detached
client-session-changed
--- 15:32:45.366928639
@0 smoke %0 57471 0 act=1 54x17 L=0 T=0 R=53 B=16 wact=1 zoom=1
@0 smoke %1 57475 1 act=0 26x17 L=28 T=0 R=53 B=16 wact=1 zoom=1
@1 handoff %2 57483 0 act=0 27x17 L=0 T=0 R=26 B=16 wact=0 zoom=0
@1 handoff %3 57491 1 act=1 26x17 L=28 T=0 R=53 B=16 wact=0 zoom=0
@0 smoke 54x17 zoom=1 layout=2821,54x17,0,0{27x17,0,0,0,26x17,28,0,1}
@1 handoff 54x17 zoom=0 layout=282a,54x17,0,0{27x17,0,0,2,26x17,28,0,3}
client-detached
client-session-changed
--- 15:32:46.893993955
@0 smoke %0 57471 0 act=1 54x17 L=0 T=0 R=53 B=16 wact=1 zoom=1
@0 smoke %1 57475 1 act=0 26x17 L=28 T=0 R=53 B=16 wact=1 zoom=1
@1 handoff %2 57483 0 act=0 27x17 L=0 T=0 R=26 B=16 wact=0 zoom=0
@1 handoff %3 57491 1 act=1 26x17 L=28 T=0 R=53 B=16 wact=0 zoom=0
@0 smoke 54x17 zoom=1 layout=2821,54x17,0,0{27x17,0,0,0,26x17,28,0,1}
@1 handoff 54x17 zoom=0 layout=282a,54x17,0,0{27x17,0,0,2,26x17,28,0,3}
client-70519 unknown 54x flags=attached,focused,control-mode,UTF-8
client-detached
client-session-changed
--- 15:32:48.427915479
@0 smoke %0 57471 0 act=1 54x32 L=0 T=0 R=53 B=31 wact=1 zoom=1
@0 smoke %1 57475 1 act=0 26x32 L=28 T=0 R=53 B=31 wact=1 zoom=1
@1 handoff %2 57483 0 act=0 27x32 L=0 T=0 R=26 B=31 wact=0 zoom=0
@1 handoff %3 57491 1 act=1 26x32 L=28 T=0 R=53 B=31 wact=0 zoom=0
@0 smoke 54x32 zoom=1 layout=e410,54x32,0,0{27x32,0,0,0,26x32,28,0,1}
@1 handoff 54x32 zoom=0 layout=e419,54x32,0,0{27x32,0,0,2,26x32,28,0,3}
client-70519 unknown 54x flags=attached,focused,control-mode,UTF-8
client-detached
client-session-changed
--- 15:32:49.962664729
@0 smoke %0 57471 0 act=1 54x33 L=0 T=0 R=53 B=32 wact=1 zoom=1
@0 smoke %1 57475 1 act=0 26x33 L=28 T=0 R=53 B=32 wact=1 zoom=1
@1 handoff %2 57483 0 act=0 27x33 L=0 T=0 R=26 B=32 wact=0 zoom=0
@1 handoff %3 57491 1 act=1 26x33 L=28 T=0 R=53 B=32 wact=0 zoom=0
@0 smoke 54x33 zoom=1 layout=f514,54x33,0,0{27x33,0,0,0,26x33,28,0,1}
@1 handoff 54x33 zoom=0 layout=f51d,54x33,0,0{27x33,0,0,2,26x33,28,0,3}
client-70519 unknown 54x flags=attached,focused,control-mode,UTF-8
client-detached
client-session-changed
--- 15:32:51.493607100
@0 smoke %0 57471 0 act=1 54x28 L=0 T=0 R=53 B=27 wact=1 zoom=1
@0 smoke %1 57475 1 act=0 26x28 L=28 T=0 R=53 B=27 wact=1 zoom=1
@1 handoff %2 57483 0 act=0 27x28 L=0 T=0 R=26 B=27 wact=0 zoom=0
@1 handoff %3 57491 1 act=1 26x28 L=28 T=0 R=53 B=27 wact=0 zoom=0
@0 smoke 54x28 zoom=1 layout=41a7,54x28,0,0{27x28,0,0,0,26x28,28,0,1}
@1 handoff 54x28 zoom=0 layout=41b0,54x28,0,0{27x28,0,0,2,26x28,28,0,3}
client-70519 unknown 54x flags=attached,focused,control-mode,UTF-8
client-detached
client-session-changed
--- 15:32:53.035081784
@0 smoke %0 57471 0 act=1 54x29 L=0 T=0 R=53 B=28 wact=1 zoom=1
@0 smoke %1 57475 1 act=0 26x29 L=28 T=0 R=53 B=28 wact=1 zoom=1
@1 handoff %2 57483 0 act=0 27x29 L=0 T=0 R=26 B=28 wact=0 zoom=0
@1 handoff %3 57491 1 act=1 26x29 L=28 T=0 R=53 B=28 wact=0 zoom=0
@0 smoke 54x29 zoom=1 layout=52ab,54x29,0,0{27x29,0,0,0,26x29,28,0,1}
@1 handoff 54x29 zoom=0 layout=52b4,54x29,0,0{27x29,0,0,2,26x29,28,0,3}
client-70519 unknown 54x flags=attached,focused,control-mode,UTF-8
client-detached
client-session-changed
--- 15:32:54.556860578
@0 smoke %0 57471 0 act=1 54x28 L=0 T=0 R=53 B=27 wact=1 zoom=1
@0 smoke %1 57475 1 act=0 26x28 L=28 T=0 R=53 B=27 wact=1 zoom=1
@1 handoff %2 57483 0 act=0 27x28 L=0 T=0 R=26 B=27 wact=0 zoom=0
@1 handoff %3 57491 1 act=1 26x28 L=28 T=0 R=53 B=27 wact=0 zoom=0
@0 smoke 54x28 zoom=1 layout=41a7,54x28,0,0{27x28,0,0,0,26x28,28,0,1}
@1 handoff 54x28 zoom=0 layout=41b0,54x28,0,0{27x28,0,0,2,26x28,28,0,3}
client-70519 unknown 54x flags=attached,focused,control-mode,UTF-8
client-detached
client-session-changed
--- 15:32:56.069868174
@0 smoke %0 57471 0 act=1 54x32 L=0 T=0 R=53 B=31 wact=1 zoom=1
@0 smoke %1 57475 1 act=0 26x32 L=28 T=0 R=53 B=31 wact=1 zoom=1
@1 handoff %2 57483 0 act=0 27x32 L=0 T=0 R=26 B=31 wact=0 zoom=0
@1 handoff %3 57491 1 act=1 26x32 L=28 T=0 R=53 B=31 wact=0 zoom=0
@0 smoke 54x32 zoom=1 layout=e410,54x32,0,0{27x32,0,0,0,26x32,28,0,1}
@1 handoff 54x32 zoom=0 layout=e419,54x32,0,0{27x32,0,0,2,26x32,28,0,3}
client-70519 unknown 54x flags=attached,focused,control-mode,UTF-8
client-detached
client-session-changed
--- 15:32:57.582965151
@0 smoke %0 57471 0 act=1 54x32 L=0 T=0 R=53 B=31 wact=1 zoom=1
@0 smoke %1 57475 1 act=0 26x32 L=28 T=0 R=53 B=31 wact=1 zoom=1
@1 handoff %2 57483 0 act=0 27x32 L=0 T=0 R=26 B=31 wact=0 zoom=0
@1 handoff %3 57491 1 act=1 26x32 L=28 T=0 R=53 B=31 wact=0 zoom=0
@0 smoke 54x32 zoom=1 layout=e410,54x32,0,0{27x32,0,0,0,26x32,28,0,1}
@1 handoff 54x32 zoom=0 layout=e419,54x32,0,0{27x32,0,0,2,26x32,28,0,3}
client-70519 unknown 54x flags=attached,focused,control-mode,UTF-8
client-detached
client-session-changed
--- 15:32:59.096688454
@0 smoke %0 57471 0 act=1 54x32 L=0 T=0 R=53 B=31 wact=1 zoom=1
@0 smoke %1 57475 1 act=0 26x32 L=28 T=0 R=53 B=31 wact=1 zoom=1
@1 handoff %2 57483 0 act=0 27x32 L=0 T=0 R=26 B=31 wact=0 zoom=0
@1 handoff %3 57491 1 act=1 26x32 L=28 T=0 R=53 B=31 wact=0 zoom=0
@0 smoke 54x32 zoom=1 layout=e410,54x32,0,0{27x32,0,0,0,26x32,28,0,1}
@1 handoff 54x32 zoom=0 layout=e419,54x32,0,0{27x32,0,0,2,26x32,28,0,3}
client-70519 unknown 54x flags=attached,focused,control-mode,UTF-8
client-detached
client-session-changed
--- 15:33:00.609664234
@0 smoke %0 57471 0 act=1 54x32 L=0 T=0 R=53 B=31 wact=1 zoom=1
@0 smoke %1 57475 1 act=0 26x32 L=28 T=0 R=53 B=31 wact=1 zoom=1
@1 handoff %2 57483 0 act=0 27x32 L=0 T=0 R=26 B=31 wact=0 zoom=0
@1 handoff %3 57491 1 act=1 26x32 L=28 T=0 R=53 B=31 wact=0 zoom=0
@0 smoke 54x32 zoom=1 layout=e410,54x32,0,0{27x32,0,0,0,26x32,28,0,1}
@1 handoff 54x32 zoom=0 layout=e419,54x32,0,0{27x32,0,0,2,26x32,28,0,3}
client-70519 unknown 54x flags=attached,focused,control-mode,UTF-8
client-detached
client-session-changed
--- 15:33:02.122789316
@0 smoke %0 57471 0 act=1 54x32 L=0 T=0 R=53 B=31 wact=1 zoom=1
@0 smoke %1 57475 1 act=0 26x32 L=28 T=0 R=53 B=31 wact=1 zoom=1
@1 handoff %2 57483 0 act=0 27x32 L=0 T=0 R=26 B=31 wact=0 zoom=0
@1 handoff %3 57491 1 act=1 26x32 L=28 T=0 R=53 B=31 wact=0 zoom=0
@0 smoke 54x32 zoom=1 layout=e410,54x32,0,0{27x32,0,0,0,26x32,28,0,1}
@1 handoff 54x32 zoom=0 layout=e419,54x32,0,0{27x32,0,0,2,26x32,28,0,3}
client-70519 unknown 54x flags=attached,focused,control-mode,UTF-8
client-detached
client-session-changed
--- 15:33:03.635924027
@0 smoke %0 57471 0 act=1 54x32 L=0 T=0 R=53 B=31 wact=1 zoom=1
@0 smoke %1 57475 1 act=0 26x32 L=28 T=0 R=53 B=31 wact=1 zoom=1
@1 handoff %2 57483 0 act=0 27x32 L=0 T=0 R=26 B=31 wact=0 zoom=0
@1 handoff %3 57491 1 act=1 26x32 L=28 T=0 R=53 B=31 wact=0 zoom=0
@0 smoke 54x32 zoom=1 layout=e410,54x32,0,0{27x32,0,0,0,26x32,28,0,1}
@1 handoff 54x32 zoom=0 layout=e419,54x32,0,0{27x32,0,0,2,26x32,28,0,3}
client-70519 unknown 54x flags=attached,focused,control-mode,UTF-8
client-detached
client-session-changed
--- 15:33:05.148883557
@0 smoke %0 57471 0 act=1 54x17 L=0 T=0 R=53 B=16 wact=1 zoom=1
@0 smoke %1 57475 1 act=0 26x17 L=28 T=0 R=53 B=16 wact=1 zoom=1
@1 handoff %2 57483 0 act=0 27x17 L=0 T=0 R=26 B=16 wact=0 zoom=0
@1 handoff %3 57491 1 act=1 26x17 L=28 T=0 R=53 B=16 wact=0 zoom=0
@0 smoke 54x17 zoom=1 layout=2821,54x17,0,0{27x17,0,0,0,26x17,28,0,1}
@1 handoff 54x17 zoom=0 layout=282a,54x17,0,0{27x17,0,0,2,26x17,28,0,3}
client-70519 unknown 54x flags=attached,focused,control-mode,UTF-8
client-detached
client-session-changed
--- 15:33:06.661605408
@0 smoke %0 57471 0 act=1 54x17 L=0 T=0 R=53 B=16 wact=1 zoom=1
@0 smoke %1 57475 1 act=0 26x17 L=28 T=0 R=53 B=16 wact=1 zoom=1
@1 handoff %2 57483 0 act=0 27x17 L=0 T=0 R=26 B=16 wact=0 zoom=0
@1 handoff %3 57491 1 act=1 26x17 L=28 T=0 R=53 B=16 wact=0 zoom=0
@0 smoke 54x17 zoom=1 layout=2821,54x17,0,0{27x17,0,0,0,26x17,28,0,1}
@1 handoff 54x17 zoom=0 layout=282a,54x17,0,0{27x17,0,0,2,26x17,28,0,3}
client-70519 unknown 54x flags=attached,focused,control-mode,UTF-8
client-detached
client-session-changed
--- 15:33:08.174222642
@0 smoke %0 57471 0 act=1 54x17 L=0 T=0 R=53 B=16 wact=1 zoom=1
@0 smoke %1 57475 1 act=0 26x17 L=28 T=0 R=53 B=16 wact=1 zoom=1
@1 handoff %2 57483 0 act=0 27x17 L=0 T=0 R=26 B=16 wact=0 zoom=0
@1 handoff %3 57491 1 act=1 26x17 L=28 T=0 R=53 B=16 wact=0 zoom=0
@0 smoke 54x17 zoom=1 layout=2821,54x17,0,0{27x17,0,0,0,26x17,28,0,1}
@1 handoff 54x17 zoom=0 layout=282a,54x17,0,0{27x17,0,0,2,26x17,28,0,3}
client-70519 unknown 54x flags=attached,focused,control-mode,UTF-8
client-detached
client-session-changed
--- 15:33:09.688495311
@0 smoke %0 57471 0 act=1 54x17 L=0 T=0 R=53 B=16 wact=1 zoom=1
@0 smoke %1 57475 1 act=0 26x17 L=28 T=0 R=53 B=16 wact=1 zoom=1
@1 handoff %2 57483 0 act=0 27x17 L=0 T=0 R=26 B=16 wact=0 zoom=0
@1 handoff %3 57491 1 act=1 26x17 L=28 T=0 R=53 B=16 wact=0 zoom=0
@0 smoke 54x17 zoom=1 layout=2821,54x17,0,0{27x17,0,0,0,26x17,28,0,1}
@1 handoff 54x17 zoom=0 layout=282a,54x17,0,0{27x17,0,0,2,26x17,28,0,3}
client-70519 unknown 54x flags=attached,focused,control-mode,UTF-8
client-detached
client-session-changed
--- 15:33:11.205142547
@0 smoke %0 57471 0 act=1 54x17 L=0 T=0 R=53 B=16 wact=1 zoom=1
@0 smoke %1 57475 1 act=0 26x17 L=28 T=0 R=53 B=16 wact=1 zoom=1
@1 handoff %2 57483 0 act=0 27x17 L=0 T=0 R=26 B=16 wact=0 zoom=0
@1 handoff %3 57491 1 act=1 26x17 L=28 T=0 R=53 B=16 wact=0 zoom=0
@0 smoke 54x17 zoom=1 layout=2821,54x17,0,0{27x17,0,0,0,26x17,28,0,1}
@1 handoff 54x17 zoom=0 layout=282a,54x17,0,0{27x17,0,0,2,26x17,28,0,3}
client-70519 unknown 54x flags=attached,focused,control-mode,UTF-8
client-detached
client-session-changed
--- 15:33:12.720916858
@0 smoke %0 57471 0 act=1 54x17 L=0 T=0 R=53 B=16 wact=1 zoom=1
@0 smoke %1 57475 1 act=0 26x17 L=28 T=0 R=53 B=16 wact=1 zoom=1
@1 handoff %2 57483 0 act=0 27x17 L=0 T=0 R=26 B=16 wact=0 zoom=0
@1 handoff %3 57491 1 act=1 26x17 L=28 T=0 R=53 B=16 wact=0 zoom=0
@0 smoke 54x17 zoom=1 layout=2821,54x17,0,0{27x17,0,0,0,26x17,28,0,1}
@1 handoff 54x17 zoom=0 layout=282a,54x17,0,0{27x17,0,0,2,26x17,28,0,3}
client-70519 unknown 54x flags=attached,focused,control-mode,UTF-8
client-detached
client-session-changed
--- 15:33:14.240292399
@0 smoke %0 57471 0 act=1 54x17 L=0 T=0 R=53 B=16 wact=1 zoom=1
@0 smoke %1 57475 1 act=0 26x17 L=28 T=0 R=53 B=16 wact=1 zoom=1
@1 handoff %2 57483 0 act=0 27x17 L=0 T=0 R=26 B=16 wact=0 zoom=0
@1 handoff %3 57491 1 act=1 26x17 L=28 T=0 R=53 B=16 wact=0 zoom=0
@0 smoke 54x17 zoom=1 layout=2821,54x17,0,0{27x17,0,0,0,26x17,28,0,1}
@1 handoff 54x17 zoom=0 layout=282a,54x17,0,0{27x17,0,0,2,26x17,28,0,3}
client-detached
client-session-changed
--- 15:33:15.761845616
@0 smoke %0 57471 0 act=1 54x17 L=0 T=0 R=53 B=16 wact=1 zoom=1
@0 smoke %1 57475 1 act=0 26x17 L=28 T=0 R=53 B=16 wact=1 zoom=1
@1 handoff %2 57483 0 act=0 27x17 L=0 T=0 R=26 B=16 wact=0 zoom=0
@1 handoff %3 57491 1 act=1 26x17 L=28 T=0 R=53 B=16 wact=0 zoom=0
@0 smoke 54x17 zoom=1 layout=2821,54x17,0,0{27x17,0,0,0,26x17,28,0,1}
@1 handoff 54x17 zoom=0 layout=282a,54x17,0,0{27x17,0,0,2,26x17,28,0,3}
client-detached
client-session-changed
--- 15:33:17.282231774
@0 smoke %0 57471 0 act=1 54x17 L=0 T=0 R=53 B=16 wact=1 zoom=1
@0 smoke %1 57475 1 act=0 26x17 L=28 T=0 R=53 B=16 wact=1 zoom=1
@1 handoff %2 57483 0 act=0 27x17 L=0 T=0 R=26 B=16 wact=0 zoom=0
@1 handoff %3 57491 1 act=1 26x17 L=28 T=0 R=53 B=16 wact=0 zoom=0
@0 smoke 54x17 zoom=1 layout=2821,54x17,0,0{27x17,0,0,0,26x17,28,0,1}
@1 handoff 54x17 zoom=0 layout=282a,54x17,0,0{27x17,0,0,2,26x17,28,0,3}
client-detached
client-session-changed
--- 15:33:18.794838131
@0 smoke %0 57471 0 act=1 54x17 L=0 T=0 R=53 B=16 wact=1 zoom=1
@0 smoke %1 57475 1 act=0 26x17 L=28 T=0 R=53 B=16 wact=1 zoom=1
@1 handoff %2 57483 0 act=0 27x17 L=0 T=0 R=26 B=16 wact=0 zoom=0
@1 handoff %3 57491 1 act=1 26x17 L=28 T=0 R=53 B=16 wact=0 zoom=0
@0 smoke 54x17 zoom=1 layout=2821,54x17,0,0{27x17,0,0,0,26x17,28,0,1}
@1 handoff 54x17 zoom=0 layout=282a,54x17,0,0{27x17,0,0,2,26x17,28,0,3}
client-detached
client-session-changed
--- 15:33:20.309732303
@0 smoke %0 57471 0 act=1 54x17 L=0 T=0 R=53 B=16 wact=1 zoom=1
@0 smoke %1 57475 1 act=0 26x17 L=28 T=0 R=53 B=16 wact=1 zoom=1
@1 handoff %2 57483 0 act=0 27x17 L=0 T=0 R=26 B=16 wact=0 zoom=0
@1 handoff %3 57491 1 act=1 26x17 L=28 T=0 R=53 B=16 wact=0 zoom=0
@0 smoke 54x17 zoom=1 layout=2821,54x17,0,0{27x17,0,0,0,26x17,28,0,1}
@1 handoff 54x17 zoom=0 layout=282a,54x17,0,0{27x17,0,0,2,26x17,28,0,3}
client-detached
client-session-changed
--- 15:33:21.822475054
@0 smoke %0 57471 0 act=1 54x17 L=0 T=0 R=53 B=16 wact=1 zoom=1
@0 smoke %1 57475 1 act=0 26x17 L=28 T=0 R=53 B=16 wact=1 zoom=1
@1 handoff %2 57483 0 act=0 27x17 L=0 T=0 R=26 B=16 wact=0 zoom=0
@1 handoff %3 57491 1 act=1 26x17 L=28 T=0 R=53 B=16 wact=0 zoom=0
@0 smoke 54x17 zoom=1 layout=2821,54x17,0,0{27x17,0,0,0,26x17,28,0,1}
@1 handoff 54x17 zoom=0 layout=282a,54x17,0,0{27x17,0,0,2,26x17,28,0,3}
client-detached
client-session-changed
--- 15:33:23.335373800
@0 smoke %0 57471 0 act=1 54x17 L=0 T=0 R=53 B=16 wact=1 zoom=1
@0 smoke %1 57475 1 act=0 26x17 L=28 T=0 R=53 B=16 wact=1 zoom=1
@1 handoff %2 57483 0 act=0 27x17 L=0 T=0 R=26 B=16 wact=0 zoom=0
@1 handoff %3 57491 1 act=1 26x17 L=28 T=0 R=53 B=16 wact=0 zoom=0
@0 smoke 54x17 zoom=1 layout=2821,54x17,0,0{27x17,0,0,0,26x17,28,0,1}
@1 handoff 54x17 zoom=0 layout=282a,54x17,0,0{27x17,0,0,2,26x17,28,0,3}
client-detached
client-session-changed
--- 15:33:24.848551114
@0 smoke %0 57471 0 act=1 54x17 L=0 T=0 R=53 B=16 wact=1 zoom=1
@0 smoke %1 57475 1 act=0 26x17 L=28 T=0 R=53 B=16 wact=1 zoom=1
@1 handoff %2 57483 0 act=0 27x17 L=0 T=0 R=26 B=16 wact=0 zoom=0
@1 handoff %3 57491 1 act=1 26x17 L=28 T=0 R=53 B=16 wact=0 zoom=0
@0 smoke 54x17 zoom=1 layout=2821,54x17,0,0{27x17,0,0,0,26x17,28,0,1}
@1 handoff 54x17 zoom=0 layout=282a,54x17,0,0{27x17,0,0,2,26x17,28,0,3}
client-detached
client-session-changed
--- 15:33:26.366309726
@0 smoke %0 57471 0 act=1 54x17 L=0 T=0 R=53 B=16 wact=1 zoom=1
@0 smoke %1 57475 1 act=0 26x17 L=28 T=0 R=53 B=16 wact=1 zoom=1
@1 handoff %2 57483 0 act=0 27x17 L=0 T=0 R=26 B=16 wact=0 zoom=0
@1 handoff %3 57491 1 act=1 26x17 L=28 T=0 R=53 B=16 wact=0 zoom=0
@0 smoke 54x17 zoom=1 layout=2821,54x17,0,0{27x17,0,0,0,26x17,28,0,1}
@1 handoff 54x17 zoom=0 layout=282a,54x17,0,0{27x17,0,0,2,26x17,28,0,3}
client-detached
client-session-changed
--- 15:33:27.907229395
@0 smoke %0 57471 0 act=1 54x17 L=0 T=0 R=53 B=16 wact=1 zoom=1
@0 smoke %1 57475 1 act=0 26x17 L=28 T=0 R=53 B=16 wact=1 zoom=1
@1 handoff %2 57483 0 act=0 27x17 L=0 T=0 R=26 B=16 wact=0 zoom=0
@1 handoff %3 57491 1 act=1 26x17 L=28 T=0 R=53 B=16 wact=0 zoom=0
@0 smoke 54x17 zoom=1 layout=2821,54x17,0,0{27x17,0,0,0,26x17,28,0,1}
@1 handoff 54x17 zoom=0 layout=282a,54x17,0,0{27x17,0,0,2,26x17,28,0,3}
client-detached
client-session-changed
--- 15:33:29.447970436
@0 smoke %0 57471 0 act=1 80x24 L=0 T=0 R=79 B=23 wact=1 zoom=1
@0 smoke %1 57475 1 act=0 39x24 L=41 T=0 R=79 B=23 wact=1 zoom=1
@1 handoff %2 57483 0 act=0 40x24 L=0 T=0 R=39 B=23 wact=0 zoom=0
@1 handoff %3 57491 1 act=1 39x24 L=41 T=0 R=79 B=23 wact=0 zoom=0
@0 smoke 80x24 zoom=1 layout=8205,80x24,0,0{40x24,0,0,0,39x24,41,0,1}
@1 handoff 80x24 zoom=0 layout=820e,80x24,0,0{40x24,0,0,2,39x24,41,0,3}
client-71122 unknown 80x flags=attached,focused,control-mode,UTF-8
client-detached
client-session-changed
--- 15:33:30.972781665
@0 smoke %0 57471 0 act=1 80x24 L=0 T=0 R=79 B=23 wact=1 zoom=1
@0 smoke %1 57475 1 act=0 39x24 L=41 T=0 R=79 B=23 wact=1 zoom=1
@1 handoff %2 57483 0 act=0 40x24 L=0 T=0 R=39 B=23 wact=0 zoom=0
@1 handoff %3 57491 1 act=1 39x24 L=41 T=0 R=79 B=23 wact=0 zoom=0
@0 smoke 80x24 zoom=1 layout=8205,80x24,0,0{40x24,0,0,0,39x24,41,0,1}
@1 handoff 80x24 zoom=0 layout=820e,80x24,0,0{40x24,0,0,2,39x24,41,0,3}
client-71122 unknown 80x flags=attached,focused,control-mode,UTF-8
client-detached
client-session-changed
--- 15:33:32.485989126
@0 smoke %0 57471 0 act=1 80x24 L=0 T=0 R=79 B=23 wact=1 zoom=1
@0 smoke %1 57475 1 act=0 39x24 L=41 T=0 R=79 B=23 wact=1 zoom=1
@1 handoff %2 57483 0 act=0 40x24 L=0 T=0 R=39 B=23 wact=0 zoom=0
@1 handoff %3 57491 1 act=1 39x24 L=41 T=0 R=79 B=23 wact=0 zoom=0
@0 smoke 80x24 zoom=1 layout=8205,80x24,0,0{40x24,0,0,0,39x24,41,0,1}
@1 handoff 80x24 zoom=0 layout=820e,80x24,0,0{40x24,0,0,2,39x24,41,0,3}
client-71122 unknown 80x flags=attached,focused,control-mode,UTF-8
client-detached
client-session-changed
--- 15:33:33.999214885
@0 smoke %0 57471 0 act=1 80x24 L=0 T=0 R=79 B=23 wact=1 zoom=1
@0 smoke %1 57475 1 act=0 39x24 L=41 T=0 R=79 B=23 wact=1 zoom=1
@1 handoff %2 57483 0 act=0 40x24 L=0 T=0 R=39 B=23 wact=0 zoom=0
@1 handoff %3 57491 1 act=1 39x24 L=41 T=0 R=79 B=23 wact=0 zoom=0
@0 smoke 80x24 zoom=1 layout=8205,80x24,0,0{40x24,0,0,0,39x24,41,0,1}
@1 handoff 80x24 zoom=0 layout=820e,80x24,0,0{40x24,0,0,2,39x24,41,0,3}
client-71122 unknown 80x flags=attached,focused,control-mode,UTF-8
client-detached
client-session-changed
--- 15:33:35.515891320
@0 smoke %0 57471 0 act=1 80x24 L=0 T=0 R=79 B=23 wact=1 zoom=1
@0 smoke %1 57475 1 act=0 39x24 L=41 T=0 R=79 B=23 wact=1 zoom=1
@1 handoff %2 57483 0 act=0 40x24 L=0 T=0 R=39 B=23 wact=0 zoom=0
@1 handoff %3 57491 1 act=1 39x24 L=41 T=0 R=79 B=23 wact=0 zoom=0
@0 smoke 80x24 zoom=1 layout=8205,80x24,0,0{40x24,0,0,0,39x24,41,0,1}
@1 handoff 80x24 zoom=0 layout=820e,80x24,0,0{40x24,0,0,2,39x24,41,0,3}
client-71122 unknown 80x flags=attached,focused,control-mode,UTF-8
client-detached
client-session-changed
--- 15:33:37.042461623
@0 smoke %0 57471 0 act=1 80x24 L=0 T=0 R=79 B=23 wact=1 zoom=1
@0 smoke %1 57475 1 act=0 39x24 L=41 T=0 R=79 B=23 wact=1 zoom=1
@1 handoff %2 57483 0 act=0 40x24 L=0 T=0 R=39 B=23 wact=0 zoom=0
@1 handoff %3 57491 1 act=1 39x24 L=41 T=0 R=79 B=23 wact=0 zoom=0
@0 smoke 80x24 zoom=1 layout=8205,80x24,0,0{40x24,0,0,0,39x24,41,0,1}
@1 handoff 80x24 zoom=0 layout=820e,80x24,0,0{40x24,0,0,2,39x24,41,0,3}
client-71122 unknown 80x flags=attached,focused,control-mode,UTF-8
client-detached
client-session-changed
--- 15:33:38.557562082
@0 smoke %0 57471 0 act=1 80x24 L=0 T=0 R=79 B=23 wact=1 zoom=1
@0 smoke %1 57475 1 act=0 39x24 L=41 T=0 R=79 B=23 wact=1 zoom=1
@1 handoff %2 57483 0 act=0 40x24 L=0 T=0 R=39 B=23 wact=0 zoom=0
@1 handoff %3 57491 1 act=1 39x24 L=41 T=0 R=79 B=23 wact=0 zoom=0
@0 smoke 80x24 zoom=1 layout=8205,80x24,0,0{40x24,0,0,0,39x24,41,0,1}
@1 handoff 80x24 zoom=0 layout=820e,80x24,0,0{40x24,0,0,2,39x24,41,0,3}
client-71122 unknown 80x flags=attached,focused,control-mode,UTF-8
client-detached
client-session-changed
--- 15:33:40.070863556
@0 smoke %0 57471 0 act=1 80x24 L=0 T=0 R=79 B=23 wact=1 zoom=1
@0 smoke %1 57475 1 act=0 39x24 L=41 T=0 R=79 B=23 wact=1 zoom=1
@1 handoff %2 57483 0 act=0 40x24 L=0 T=0 R=39 B=23 wact=0 zoom=0
@1 handoff %3 57491 1 act=1 39x24 L=41 T=0 R=79 B=23 wact=0 zoom=0
@0 smoke 80x24 zoom=1 layout=8205,80x24,0,0{40x24,0,0,0,39x24,41,0,1}
@1 handoff 80x24 zoom=0 layout=820e,80x24,0,0{40x24,0,0,2,39x24,41,0,3}
client-71122 unknown 80x flags=attached,focused,control-mode,UTF-8
client-detached
client-session-changed
--- 15:33:41.594502052
@0 smoke %0 57471 0 act=1 80x24 L=0 T=0 R=79 B=23 wact=1 zoom=1
@0 smoke %1 57475 1 act=0 39x24 L=41 T=0 R=79 B=23 wact=1 zoom=1
@1 handoff %2 57483 0 act=0 40x24 L=0 T=0 R=39 B=23 wact=0 zoom=0
@1 handoff %3 57491 1 act=1 39x24 L=41 T=0 R=79 B=23 wact=0 zoom=0
@0 smoke 80x24 zoom=1 layout=8205,80x24,0,0{40x24,0,0,0,39x24,41,0,1}
@1 handoff 80x24 zoom=0 layout=820e,80x24,0,0{40x24,0,0,2,39x24,41,0,3}
client-71122 unknown 80x flags=attached,focused,control-mode,UTF-8
client-detached
client-session-changed
--- 15:33:43.110813715
@0 smoke %0 57471 0 act=1 80x24 L=0 T=0 R=79 B=23 wact=1 zoom=1
@0 smoke %1 57475 1 act=0 39x24 L=41 T=0 R=79 B=23 wact=1 zoom=1
@1 handoff %2 57483 0 act=0 40x24 L=0 T=0 R=39 B=23 wact=0 zoom=0
@1 handoff %3 57491 1 act=1 39x24 L=41 T=0 R=79 B=23 wact=0 zoom=0
@0 smoke 80x24 zoom=1 layout=8205,80x24,0,0{40x24,0,0,0,39x24,41,0,1}
@1 handoff 80x24 zoom=0 layout=820e,80x24,0,0{40x24,0,0,2,39x24,41,0,3}
client-71122 unknown 80x flags=attached,focused,control-mode,UTF-8
client-detached
client-session-changed
--- 15:33:44.640110905
@0 smoke %0 57471 0 act=1 80x24 L=0 T=0 R=79 B=23 wact=1 zoom=1
@0 smoke %1 57475 1 act=0 39x24 L=41 T=0 R=79 B=23 wact=1 zoom=1
@1 handoff %2 57483 0 act=0 40x24 L=0 T=0 R=39 B=23 wact=0 zoom=0
@1 handoff %3 57491 1 act=1 39x24 L=41 T=0 R=79 B=23 wact=0 zoom=0
@0 smoke 80x24 zoom=1 layout=8205,80x24,0,0{40x24,0,0,0,39x24,41,0,1}
@1 handoff 80x24 zoom=0 layout=820e,80x24,0,0{40x24,0,0,2,39x24,41,0,3}
client-71122 unknown 80x flags=attached,focused,control-mode,UTF-8
client-detached
client-session-changed
--- 15:33:46.173989977
@0 smoke %0 57471 0 act=1 80x24 L=0 T=0 R=79 B=23 wact=1 zoom=1
@0 smoke %1 57475 1 act=0 39x24 L=41 T=0 R=79 B=23 wact=1 zoom=1
@1 handoff %2 57483 0 act=0 40x24 L=0 T=0 R=39 B=23 wact=0 zoom=0
@1 handoff %3 57491 1 act=1 39x24 L=41 T=0 R=79 B=23 wact=0 zoom=0
@0 smoke 80x24 zoom=1 layout=8205,80x24,0,0{40x24,0,0,0,39x24,41,0,1}
@1 handoff 80x24 zoom=0 layout=820e,80x24,0,0{40x24,0,0,2,39x24,41,0,3}
client-71122 unknown 80x flags=attached,focused,control-mode,UTF-8
client-detached
client-session-changed
--- 15:33:47.699572694
@0 smoke %0 57471 0 act=1 80x24 L=0 T=0 R=79 B=23 wact=1 zoom=1
@0 smoke %1 57475 1 act=0 39x24 L=41 T=0 R=79 B=23 wact=1 zoom=1
@1 handoff %2 57483 0 act=0 40x24 L=0 T=0 R=39 B=23 wact=0 zoom=0
@1 handoff %3 57491 1 act=1 39x24 L=41 T=0 R=79 B=23 wact=0 zoom=0
@0 smoke 80x24 zoom=1 layout=8205,80x24,0,0{40x24,0,0,0,39x24,41,0,1}
@1 handoff 80x24 zoom=0 layout=820e,80x24,0,0{40x24,0,0,2,39x24,41,0,3}
client-71122 unknown 80x flags=attached,focused,control-mode,UTF-8
client-detached
client-session-changed
--- 15:33:49.212585595
@0 smoke %0 57471 0 act=1 80x24 L=0 T=0 R=79 B=23 wact=1 zoom=1
@0 smoke %1 57475 1 act=0 39x24 L=41 T=0 R=79 B=23 wact=1 zoom=1
@1 handoff %2 57483 0 act=0 40x24 L=0 T=0 R=39 B=23 wact=0 zoom=0
@1 handoff %3 57491 1 act=1 39x24 L=41 T=0 R=79 B=23 wact=0 zoom=0
@0 smoke 80x24 zoom=1 layout=8205,80x24,0,0{40x24,0,0,0,39x24,41,0,1}
@1 handoff 80x24 zoom=0 layout=820e,80x24,0,0{40x24,0,0,2,39x24,41,0,3}
client-71122 unknown 80x flags=attached,focused,control-mode,UTF-8
client-detached
client-session-changed
--- 15:33:50.725337300
@0 smoke %0 57471 0 act=1 80x24 L=0 T=0 R=79 B=23 wact=1 zoom=1
@0 smoke %1 57475 1 act=0 39x24 L=41 T=0 R=79 B=23 wact=1 zoom=1
@1 handoff %2 57483 0 act=0 40x24 L=0 T=0 R=39 B=23 wact=0 zoom=0
@1 handoff %3 57491 1 act=1 39x24 L=41 T=0 R=79 B=23 wact=0 zoom=0
@0 smoke 80x24 zoom=1 layout=8205,80x24,0,0{40x24,0,0,0,39x24,41,0,1}
@1 handoff 80x24 zoom=0 layout=820e,80x24,0,0{40x24,0,0,2,39x24,41,0,3}
client-71122 unknown 80x flags=attached,focused,control-mode,UTF-8
client-detached
client-session-changed
--- 15:33:52.249844763
@0 smoke %0 57471 0 act=1 80x24 L=0 T=0 R=79 B=23 wact=1 zoom=1
@0 smoke %1 57475 1 act=0 39x24 L=41 T=0 R=79 B=23 wact=1 zoom=1
@1 handoff %2 57483 0 act=0 40x24 L=0 T=0 R=39 B=23 wact=0 zoom=0
@1 handoff %3 57491 1 act=1 39x24 L=41 T=0 R=79 B=23 wact=0 zoom=0
@0 smoke 80x24 zoom=1 layout=8205,80x24,0,0{40x24,0,0,0,39x24,41,0,1}
@1 handoff 80x24 zoom=0 layout=820e,80x24,0,0{40x24,0,0,2,39x24,41,0,3}
client-71122 unknown 80x flags=attached,focused,control-mode,UTF-8
client-detached
client-session-changed
--- 15:33:53.779863778
@0 smoke %0 57471 0 act=1 80x24 L=0 T=0 R=79 B=23 wact=1 zoom=1
@0 smoke %1 57475 1 act=0 39x24 L=41 T=0 R=79 B=23 wact=1 zoom=1
@1 handoff %2 57483 0 act=0 40x24 L=0 T=0 R=39 B=23 wact=0 zoom=0
@1 handoff %3 57491 1 act=1 39x24 L=41 T=0 R=79 B=23 wact=0 zoom=0
@0 smoke 80x24 zoom=1 layout=8205,80x24,0,0{40x24,0,0,0,39x24,41,0,1}
@1 handoff 80x24 zoom=0 layout=820e,80x24,0,0{40x24,0,0,2,39x24,41,0,3}
client-71122 unknown 80x flags=attached,focused,control-mode,UTF-8
client-detached
client-session-changed
--- 15:33:55.294061715
@0 smoke %0 57471 0 act=1 80x24 L=0 T=0 R=79 B=23 wact=1 zoom=1
@0 smoke %1 57475 1 act=0 39x24 L=41 T=0 R=79 B=23 wact=1 zoom=1
@1 handoff %2 57483 0 act=0 40x24 L=0 T=0 R=39 B=23 wact=0 zoom=0
@1 handoff %3 57491 1 act=1 39x24 L=41 T=0 R=79 B=23 wact=0 zoom=0
@0 smoke 80x24 zoom=1 layout=8205,80x24,0,0{40x24,0,0,0,39x24,41,0,1}
@1 handoff 80x24 zoom=0 layout=820e,80x24,0,0{40x24,0,0,2,39x24,41,0,3}
client-71122 unknown 80x flags=attached,focused,control-mode,UTF-8
client-detached
client-session-changed
--- 15:33:56.809608061
@0 smoke %0 57471 0 act=1 80x24 L=0 T=0 R=79 B=23 wact=1 zoom=1
@0 smoke %1 57475 1 act=0 39x24 L=41 T=0 R=79 B=23 wact=1 zoom=1
@1 handoff %2 57483 0 act=0 40x24 L=0 T=0 R=39 B=23 wact=0 zoom=0
@1 handoff %3 57491 1 act=1 39x24 L=41 T=0 R=79 B=23 wact=0 zoom=0
@0 smoke 80x24 zoom=1 layout=8205,80x24,0,0{40x24,0,0,0,39x24,41,0,1}
@1 handoff 80x24 zoom=0 layout=820e,80x24,0,0{40x24,0,0,2,39x24,41,0,3}
client-71122 unknown 80x flags=attached,focused,control-mode,UTF-8
client-detached
client-session-changed
--- 15:33:58.323908859
@0 smoke %0 57471 0 act=1 80x24 L=0 T=0 R=79 B=23 wact=1 zoom=1
@0 smoke %1 57475 1 act=0 39x24 L=41 T=0 R=79 B=23 wact=1 zoom=1
@1 handoff %2 57483 0 act=0 40x24 L=0 T=0 R=39 B=23 wact=0 zoom=0
@1 handoff %3 57491 1 act=1 39x24 L=41 T=0 R=79 B=23 wact=0 zoom=0
@0 smoke 80x24 zoom=1 layout=8205,80x24,0,0{40x24,0,0,0,39x24,41,0,1}
@1 handoff 80x24 zoom=0 layout=820e,80x24,0,0{40x24,0,0,2,39x24,41,0,3}
client-71122 unknown 80x flags=attached,focused,control-mode,UTF-8
client-detached
client-session-changed
--- 15:33:59.839486725
@0 smoke %0 57471 0 act=1 80x24 L=0 T=0 R=79 B=23 wact=1 zoom=1
@0 smoke %1 57475 1 act=0 39x24 L=41 T=0 R=79 B=23 wact=1 zoom=1
@1 handoff %2 57483 0 act=0 40x24 L=0 T=0 R=39 B=23 wact=0 zoom=0
@1 handoff %3 57491 1 act=1 39x24 L=41 T=0 R=79 B=23 wact=0 zoom=0
@0 smoke 80x24 zoom=1 layout=8205,80x24,0,0{40x24,0,0,0,39x24,41,0,1}
@1 handoff 80x24 zoom=0 layout=820e,80x24,0,0{40x24,0,0,2,39x24,41,0,3}
client-71122 unknown 80x flags=attached,focused,control-mode,UTF-8
client-detached
client-session-changed
--- 15:34:01.353220792
@0 smoke %0 57471 0 act=1 80x24 L=0 T=0 R=79 B=23 wact=1 zoom=1
@0 smoke %1 57475 1 act=0 39x24 L=41 T=0 R=79 B=23 wact=1 zoom=1
@1 handoff %2 57483 0 act=0 40x24 L=0 T=0 R=39 B=23 wact=0 zoom=0
@1 handoff %3 57491 1 act=1 39x24 L=41 T=0 R=79 B=23 wact=0 zoom=0
@0 smoke 80x24 zoom=1 layout=8205,80x24,0,0{40x24,0,0,0,39x24,41,0,1}
@1 handoff 80x24 zoom=0 layout=820e,80x24,0,0{40x24,0,0,2,39x24,41,0,3}
client-71122 unknown 80x flags=attached,focused,control-mode,UTF-8
client-detached
client-session-changed
--- 15:34:02.867026004
@0 smoke %0 57471 0 act=1 80x24 L=0 T=0 R=79 B=23 wact=1 zoom=1
@0 smoke %1 57475 1 act=0 39x24 L=41 T=0 R=79 B=23 wact=1 zoom=1
@1 handoff %2 57483 0 act=0 40x24 L=0 T=0 R=39 B=23 wact=0 zoom=0
@1 handoff %3 57491 1 act=1 39x24 L=41 T=0 R=79 B=23 wact=0 zoom=0
@0 smoke 80x24 zoom=1 layout=8205,80x24,0,0{40x24,0,0,0,39x24,41,0,1}
@1 handoff 80x24 zoom=0 layout=820e,80x24,0,0{40x24,0,0,2,39x24,41,0,3}
client-71122 unknown 80x flags=attached,focused,control-mode,UTF-8
client-detached
client-session-changed
--- 15:34:04.380032543
@0 smoke %0 57471 0 act=1 80x24 L=0 T=0 R=79 B=23 wact=1 zoom=1
@0 smoke %1 57475 1 act=0 39x24 L=41 T=0 R=79 B=23 wact=1 zoom=1
@1 handoff %2 57483 0 act=0 40x24 L=0 T=0 R=39 B=23 wact=0 zoom=0
@1 handoff %3 57491 1 act=1 39x24 L=41 T=0 R=79 B=23 wact=0 zoom=0
@0 smoke 80x24 zoom=1 layout=8205,80x24,0,0{40x24,0,0,0,39x24,41,0,1}
@1 handoff 80x24 zoom=0 layout=820e,80x24,0,0{40x24,0,0,2,39x24,41,0,3}
client-71122 unknown 80x flags=attached,focused,control-mode,UTF-8
client-detached
client-session-changed
--- 15:34:05.893559462
@0 smoke %0 57471 0 act=1 80x24 L=0 T=0 R=79 B=23 wact=1 zoom=1
@0 smoke %1 57475 1 act=0 39x24 L=41 T=0 R=79 B=23 wact=1 zoom=1
@1 handoff %2 57483 0 act=0 40x24 L=0 T=0 R=39 B=23 wact=0 zoom=0
@1 handoff %3 57491 1 act=1 39x24 L=41 T=0 R=79 B=23 wact=0 zoom=0
@0 smoke 80x24 zoom=1 layout=8205,80x24,0,0{40x24,0,0,0,39x24,41,0,1}
@1 handoff 80x24 zoom=0 layout=820e,80x24,0,0{40x24,0,0,2,39x24,41,0,3}
client-71122 unknown 80x flags=attached,focused,control-mode,UTF-8
client-detached
client-session-changed
--- 15:34:07.406900665
@0 smoke %0 57471 0 act=1 80x24 L=0 T=0 R=79 B=23 wact=1 zoom=1
@0 smoke %1 57475 1 act=0 39x24 L=41 T=0 R=79 B=23 wact=1 zoom=1
@1 handoff %2 57483 0 act=0 40x24 L=0 T=0 R=39 B=23 wact=0 zoom=0
@1 handoff %3 57491 1 act=1 39x24 L=41 T=0 R=79 B=23 wact=0 zoom=0
@0 smoke 80x24 zoom=1 layout=8205,80x24,0,0{40x24,0,0,0,39x24,41,0,1}
@1 handoff 80x24 zoom=0 layout=820e,80x24,0,0{40x24,0,0,2,39x24,41,0,3}
client-71122 unknown 80x flags=attached,focused,control-mode,UTF-8
client-detached
client-session-changed
--- 15:34:08.920594543
@0 smoke %0 57471 0 act=1 80x24 L=0 T=0 R=79 B=23 wact=1 zoom=1
@0 smoke %1 57475 1 act=0 39x24 L=41 T=0 R=79 B=23 wact=1 zoom=1
@1 handoff %2 57483 0 act=0 40x24 L=0 T=0 R=39 B=23 wact=0 zoom=0
@1 handoff %3 57491 1 act=1 39x24 L=41 T=0 R=79 B=23 wact=0 zoom=0
@0 smoke 80x24 zoom=1 layout=8205,80x24,0,0{40x24,0,0,0,39x24,41,0,1}
@1 handoff 80x24 zoom=0 layout=820e,80x24,0,0{40x24,0,0,2,39x24,41,0,3}
client-71122 unknown 80x flags=attached,focused,control-mode,UTF-8
client-detached
client-session-changed
--- 15:34:10.433716376
@0 smoke %0 57471 0 act=1 80x24 L=0 T=0 R=79 B=23 wact=1 zoom=1
@0 smoke %1 57475 1 act=0 39x24 L=41 T=0 R=79 B=23 wact=1 zoom=1
@1 handoff %2 57483 0 act=0 40x24 L=0 T=0 R=39 B=23 wact=0 zoom=0
@1 handoff %3 57491 1 act=1 39x24 L=41 T=0 R=79 B=23 wact=0 zoom=0
@0 smoke 80x24 zoom=1 layout=8205,80x24,0,0{40x24,0,0,0,39x24,41,0,1}
@1 handoff 80x24 zoom=0 layout=820e,80x24,0,0{40x24,0,0,2,39x24,41,0,3}
client-71122 unknown 80x flags=attached,focused,control-mode,UTF-8
client-detached
client-session-changed
--- 15:34:11.947500234
@0 smoke %0 57471 0 act=1 80x24 L=0 T=0 R=79 B=23 wact=1 zoom=1
@0 smoke %1 57475 1 act=0 39x24 L=41 T=0 R=79 B=23 wact=1 zoom=1
@1 handoff %2 57483 0 act=0 40x24 L=0 T=0 R=39 B=23 wact=0 zoom=0
@1 handoff %3 57491 1 act=1 39x24 L=41 T=0 R=79 B=23 wact=0 zoom=0
@0 smoke 80x24 zoom=1 layout=8205,80x24,0,0{40x24,0,0,0,39x24,41,0,1}
@1 handoff 80x24 zoom=0 layout=820e,80x24,0,0{40x24,0,0,2,39x24,41,0,3}
client-71122 unknown 80x flags=attached,focused,control-mode,UTF-8
client-detached
client-session-changed
--- 15:34:13.461402520
@0 smoke %0 57471 0 act=1 80x24 L=0 T=0 R=79 B=23 wact=1 zoom=1
@0 smoke %1 57475 1 act=0 39x24 L=41 T=0 R=79 B=23 wact=1 zoom=1
@1 handoff %2 57483 0 act=0 40x24 L=0 T=0 R=39 B=23 wact=0 zoom=0
@1 handoff %3 57491 1 act=1 39x24 L=41 T=0 R=79 B=23 wact=0 zoom=0
@0 smoke 80x24 zoom=1 layout=8205,80x24,0,0{40x24,0,0,0,39x24,41,0,1}
@1 handoff 80x24 zoom=0 layout=820e,80x24,0,0{40x24,0,0,2,39x24,41,0,3}
client-71122 unknown 80x flags=attached,focused,control-mode,UTF-8
client-detached
client-session-changed
--- 15:34:14.975341141
@0 smoke %0 57471 0 act=1 80x24 L=0 T=0 R=79 B=23 wact=1 zoom=1
@0 smoke %1 57475 1 act=0 39x24 L=41 T=0 R=79 B=23 wact=1 zoom=1
@1 handoff %2 57483 0 act=0 40x24 L=0 T=0 R=39 B=23 wact=0 zoom=0
@1 handoff %3 57491 1 act=1 39x24 L=41 T=0 R=79 B=23 wact=0 zoom=0
@0 smoke 80x24 zoom=1 layout=8205,80x24,0,0{40x24,0,0,0,39x24,41,0,1}
@1 handoff 80x24 zoom=0 layout=820e,80x24,0,0{40x24,0,0,2,39x24,41,0,3}
client-71122 unknown 80x flags=attached,focused,control-mode,UTF-8
client-detached
client-session-changed
--- 15:34:16.489673647
@0 smoke %0 57471 0 act=1 80x24 L=0 T=0 R=79 B=23 wact=1 zoom=1
@0 smoke %1 57475 1 act=0 39x24 L=41 T=0 R=79 B=23 wact=1 zoom=1
@1 handoff %2 57483 0 act=0 40x24 L=0 T=0 R=39 B=23 wact=0 zoom=0
@1 handoff %3 57491 1 act=1 39x24 L=41 T=0 R=79 B=23 wact=0 zoom=0
@0 smoke 80x24 zoom=1 layout=8205,80x24,0,0{40x24,0,0,0,39x24,41,0,1}
@1 handoff 80x24 zoom=0 layout=820e,80x24,0,0{40x24,0,0,2,39x24,41,0,3}
client-71122 unknown 80x flags=attached,focused,control-mode,UTF-8
client-detached
client-session-changed
--- 15:34:18.003381790
@0 smoke %0 57471 0 act=1 80x24 L=0 T=0 R=79 B=23 wact=1 zoom=1
@0 smoke %1 57475 1 act=0 39x24 L=41 T=0 R=79 B=23 wact=1 zoom=1
@1 handoff %2 57483 0 act=0 40x24 L=0 T=0 R=39 B=23 wact=0 zoom=0
@1 handoff %3 57491 1 act=1 39x24 L=41 T=0 R=79 B=23 wact=0 zoom=0
@0 smoke 80x24 zoom=1 layout=8205,80x24,0,0{40x24,0,0,0,39x24,41,0,1}
@1 handoff 80x24 zoom=0 layout=820e,80x24,0,0{40x24,0,0,2,39x24,41,0,3}
client-71122 unknown 80x flags=attached,focused,control-mode,UTF-8
client-detached
client-session-changed
--- 15:34:19.517270287
@0 smoke %0 57471 0 act=1 80x24 L=0 T=0 R=79 B=23 wact=1 zoom=1
@0 smoke %1 57475 1 act=0 39x24 L=41 T=0 R=79 B=23 wact=1 zoom=1
@1 handoff %2 57483 0 act=0 40x24 L=0 T=0 R=39 B=23 wact=0 zoom=0
@1 handoff %3 57491 1 act=1 39x24 L=41 T=0 R=79 B=23 wact=0 zoom=0
@0 smoke 80x24 zoom=1 layout=8205,80x24,0,0{40x24,0,0,0,39x24,41,0,1}
@1 handoff 80x24 zoom=0 layout=820e,80x24,0,0{40x24,0,0,2,39x24,41,0,3}
client-71122 unknown 80x flags=attached,focused,control-mode,UTF-8
client-detached
client-session-changed
--- 15:34:21.031931759
@0 smoke %0 57471 0 act=1 80x24 L=0 T=0 R=79 B=23 wact=1 zoom=1
@0 smoke %1 57475 1 act=0 39x24 L=41 T=0 R=79 B=23 wact=1 zoom=1
@1 handoff %2 57483 0 act=0 40x24 L=0 T=0 R=39 B=23 wact=0 zoom=0
@1 handoff %3 57491 1 act=1 39x24 L=41 T=0 R=79 B=23 wact=0 zoom=0
@0 smoke 80x24 zoom=1 layout=8205,80x24,0,0{40x24,0,0,0,39x24,41,0,1}
@1 handoff 80x24 zoom=0 layout=820e,80x24,0,0{40x24,0,0,2,39x24,41,0,3}
client-71122 unknown 80x flags=attached,focused,control-mode,UTF-8
client-detached
client-session-changed
--- 15:34:22.545391482
@0 smoke %0 57471 0 act=1 80x24 L=0 T=0 R=79 B=23 wact=1 zoom=1
@0 smoke %1 57475 1 act=0 39x24 L=41 T=0 R=79 B=23 wact=1 zoom=1
@1 handoff %2 57483 0 act=0 40x24 L=0 T=0 R=39 B=23 wact=0 zoom=0
@1 handoff %3 57491 1 act=1 39x24 L=41 T=0 R=79 B=23 wact=0 zoom=0
@0 smoke 80x24 zoom=1 layout=8205,80x24,0,0{40x24,0,0,0,39x24,41,0,1}
@1 handoff 80x24 zoom=0 layout=820e,80x24,0,0{40x24,0,0,2,39x24,41,0,3}
client-71122 unknown 80x flags=attached,focused,control-mode,UTF-8
client-detached
client-session-changed
--- 15:34:24.058823837
@0 smoke %0 57471 0 act=1 80x24 L=0 T=0 R=79 B=23 wact=1 zoom=1
@0 smoke %1 57475 1 act=0 39x24 L=41 T=0 R=79 B=23 wact=1 zoom=1
@1 handoff %2 57483 0 act=0 40x24 L=0 T=0 R=39 B=23 wact=0 zoom=0
@1 handoff %3 57491 1 act=1 39x24 L=41 T=0 R=79 B=23 wact=0 zoom=0
@0 smoke 80x24 zoom=1 layout=8205,80x24,0,0{40x24,0,0,0,39x24,41,0,1}
@1 handoff 80x24 zoom=0 layout=820e,80x24,0,0{40x24,0,0,2,39x24,41,0,3}
client-71122 unknown 80x flags=attached,focused,control-mode,UTF-8
client-detached
client-session-changed
--- 15:34:25.572007273
@0 smoke %0 57471 0 act=1 80x24 L=0 T=0 R=79 B=23 wact=1 zoom=1
@0 smoke %1 57475 1 act=0 39x24 L=41 T=0 R=79 B=23 wact=1 zoom=1
@1 handoff %2 57483 0 act=0 40x24 L=0 T=0 R=39 B=23 wact=0 zoom=0
@1 handoff %3 57491 1 act=1 39x24 L=41 T=0 R=79 B=23 wact=0 zoom=0
@0 smoke 80x24 zoom=1 layout=8205,80x24,0,0{40x24,0,0,0,39x24,41,0,1}
@1 handoff 80x24 zoom=0 layout=820e,80x24,0,0{40x24,0,0,2,39x24,41,0,3}
client-71122 unknown 80x flags=attached,focused,control-mode,UTF-8
client-detached
client-session-changed
--- 15:34:27.084863077
@0 smoke %0 57471 0 act=1 80x24 L=0 T=0 R=79 B=23 wact=1 zoom=1
@0 smoke %1 57475 1 act=0 39x24 L=41 T=0 R=79 B=23 wact=1 zoom=1
@1 handoff %2 57483 0 act=0 40x24 L=0 T=0 R=39 B=23 wact=0 zoom=0
@1 handoff %3 57491 1 act=1 39x24 L=41 T=0 R=79 B=23 wact=0 zoom=0
@0 smoke 80x24 zoom=1 layout=8205,80x24,0,0{40x24,0,0,0,39x24,41,0,1}
@1 handoff 80x24 zoom=0 layout=820e,80x24,0,0{40x24,0,0,2,39x24,41,0,3}
client-71122 unknown 80x flags=attached,focused,control-mode,UTF-8
client-detached
client-session-changed
--- 15:34:28.598026018
@0 smoke %0 57471 0 act=1 80x24 L=0 T=0 R=79 B=23 wact=1 zoom=1
@0 smoke %1 57475 1 act=0 39x24 L=41 T=0 R=79 B=23 wact=1 zoom=1
@1 handoff %2 57483 0 act=0 40x24 L=0 T=0 R=39 B=23 wact=0 zoom=0
@1 handoff %3 57491 1 act=1 39x24 L=41 T=0 R=79 B=23 wact=0 zoom=0
@0 smoke 80x24 zoom=1 layout=8205,80x24,0,0{40x24,0,0,0,39x24,41,0,1}
@1 handoff 80x24 zoom=0 layout=820e,80x24,0,0{40x24,0,0,2,39x24,41,0,3}
client-71122 unknown 80x flags=attached,focused,control-mode,UTF-8
client-detached
client-session-changed
--- 15:34:30.111085801
@0 smoke %0 57471 0 act=1 80x24 L=0 T=0 R=79 B=23 wact=1 zoom=1
@0 smoke %1 57475 1 act=0 39x24 L=41 T=0 R=79 B=23 wact=1 zoom=1
@1 handoff %2 57483 0 act=0 40x24 L=0 T=0 R=39 B=23 wact=0 zoom=0
@1 handoff %3 57491 1 act=1 39x24 L=41 T=0 R=79 B=23 wact=0 zoom=0
@0 smoke 80x24 zoom=1 layout=8205,80x24,0,0{40x24,0,0,0,39x24,41,0,1}
@1 handoff 80x24 zoom=0 layout=820e,80x24,0,0{40x24,0,0,2,39x24,41,0,3}
client-71122 unknown 80x flags=attached,focused,control-mode,UTF-8
client-detached
client-session-changed
--- 15:34:31.627974773
@0 smoke %0 57471 0 act=1 80x24 L=0 T=0 R=79 B=23 wact=1 zoom=1
@0 smoke %1 57475 1 act=0 39x24 L=41 T=0 R=79 B=23 wact=1 zoom=1
@1 handoff %2 57483 0 act=0 40x24 L=0 T=0 R=39 B=23 wact=0 zoom=0
@1 handoff %3 57491 1 act=1 39x24 L=41 T=0 R=79 B=23 wact=0 zoom=0
@0 smoke 80x24 zoom=1 layout=8205,80x24,0,0{40x24,0,0,0,39x24,41,0,1}
@1 handoff 80x24 zoom=0 layout=820e,80x24,0,0{40x24,0,0,2,39x24,41,0,3}
client-71122 unknown 80x flags=attached,focused,control-mode,UTF-8
client-detached
client-session-changed
--- 15:34:33.141011760
@0 smoke %0 57471 0 act=1 80x24 L=0 T=0 R=79 B=23 wact=1 zoom=1
@0 smoke %1 57475 1 act=0 39x24 L=41 T=0 R=79 B=23 wact=1 zoom=1
@1 handoff %2 57483 0 act=0 40x24 L=0 T=0 R=39 B=23 wact=0 zoom=0
@1 handoff %3 57491 1 act=1 39x24 L=41 T=0 R=79 B=23 wact=0 zoom=0
@0 smoke 80x24 zoom=1 layout=8205,80x24,0,0{40x24,0,0,0,39x24,41,0,1}
@1 handoff 80x24 zoom=0 layout=820e,80x24,0,0{40x24,0,0,2,39x24,41,0,3}
client-71122 unknown 80x flags=attached,focused,control-mode,UTF-8
client-detached
client-session-changed
--- 15:34:34.654524893
@0 smoke %0 57471 0 act=1 80x24 L=0 T=0 R=79 B=23 wact=1 zoom=1
@0 smoke %1 57475 1 act=0 39x24 L=41 T=0 R=79 B=23 wact=1 zoom=1
@1 handoff %2 57483 0 act=0 40x24 L=0 T=0 R=39 B=23 wact=0 zoom=0
@1 handoff %3 57491 1 act=1 39x24 L=41 T=0 R=79 B=23 wact=0 zoom=0
@0 smoke 80x24 zoom=1 layout=8205,80x24,0,0{40x24,0,0,0,39x24,41,0,1}
@1 handoff 80x24 zoom=0 layout=820e,80x24,0,0{40x24,0,0,2,39x24,41,0,3}
client-71122 unknown 80x flags=attached,focused,control-mode,UTF-8
client-detached
client-session-changed
--- 15:34:36.167933862
@0 smoke %0 57471 0 act=1 80x24 L=0 T=0 R=79 B=23 wact=1 zoom=1
@0 smoke %1 57475 1 act=0 39x24 L=41 T=0 R=79 B=23 wact=1 zoom=1
@1 handoff %2 57483 0 act=0 40x24 L=0 T=0 R=39 B=23 wact=0 zoom=0
@1 handoff %3 57491 1 act=1 39x24 L=41 T=0 R=79 B=23 wact=0 zoom=0
@0 smoke 80x24 zoom=1 layout=8205,80x24,0,0{40x24,0,0,0,39x24,41,0,1}
@1 handoff 80x24 zoom=0 layout=820e,80x24,0,0{40x24,0,0,2,39x24,41,0,3}
client-71122 unknown 80x flags=attached,focused,control-mode,UTF-8
client-detached
client-session-changed
--- 15:34:37.681345431
@0 smoke %0 57471 0 act=1 80x24 L=0 T=0 R=79 B=23 wact=1 zoom=1
@0 smoke %1 57475 1 act=0 39x24 L=41 T=0 R=79 B=23 wact=1 zoom=1
@1 handoff %2 57483 0 act=0 40x24 L=0 T=0 R=39 B=23 wact=0 zoom=0
@1 handoff %3 57491 1 act=1 39x24 L=41 T=0 R=79 B=23 wact=0 zoom=0
@0 smoke 80x24 zoom=1 layout=8205,80x24,0,0{40x24,0,0,0,39x24,41,0,1}
@1 handoff 80x24 zoom=0 layout=820e,80x24,0,0{40x24,0,0,2,39x24,41,0,3}
client-71122 unknown 80x flags=attached,focused,control-mode,UTF-8
client-detached
client-session-changed
--- 15:34:39.201748364
@0 smoke %0 57471 0 act=1 45x27 L=0 T=0 R=44 B=26 wact=1 zoom=1
@0 smoke %1 57475 1 act=0 22x27 L=23 T=0 R=44 B=26 wact=1 zoom=1
@1 handoff %2 57483 0 act=0 22x27 L=0 T=0 R=21 B=26 wact=0 zoom=0
@1 handoff %3 57491 1 act=1 22x27 L=23 T=0 R=44 B=26 wact=0 zoom=0
@0 smoke 45x27 zoom=1 layout=3e23,45x27,0,0{22x27,0,0,0,22x27,23,0,1}
@1 handoff 45x27 zoom=0 layout=3e2c,45x27,0,0{22x27,0,0,2,22x27,23,0,3}
client-71122 unknown 45x flags=attached,focused,control-mode,UTF-8
client-detached
client-session-changed
--- 15:34:40.716114972
@0 smoke %0 57471 0 act=1 45x14 L=0 T=0 R=44 B=13 wact=1 zoom=1
@0 smoke %1 57475 1 act=0 22x14 L=23 T=0 R=44 B=13 wact=1 zoom=1
@1 handoff %2 57483 0 act=0 22x14 L=0 T=0 R=21 B=13 wact=0 zoom=0
@1 handoff %3 57491 1 act=1 22x14 L=23 T=0 R=44 B=13 wact=0 zoom=0
@0 smoke 45x14 zoom=1 layout=0295,45x14,0,0{22x14,0,0,0,22x14,23,0,1}
@1 handoff 45x14 zoom=0 layout=029e,45x14,0,0{22x14,0,0,2,22x14,23,0,3}
client-71122 unknown 45x flags=attached,focused,control-mode,UTF-8
client-detached
client-session-changed
--- 15:34:42.233954699
@0 smoke %0 57471 0 act=1 45x14 L=0 T=0 R=44 B=13 wact=1 zoom=1
@0 smoke %1 57475 1 act=0 22x14 L=23 T=0 R=44 B=13 wact=1 zoom=1
@1 handoff %2 57483 0 act=0 22x14 L=0 T=0 R=21 B=13 wact=0 zoom=0
@1 handoff %3 57491 1 act=1 22x14 L=23 T=0 R=44 B=13 wact=0 zoom=0
@0 smoke 45x14 zoom=1 layout=0295,45x14,0,0{22x14,0,0,0,22x14,23,0,1}
@1 handoff 45x14 zoom=0 layout=029e,45x14,0,0{22x14,0,0,2,22x14,23,0,3}
client-71122 unknown 45x flags=attached,focused,control-mode,UTF-8
client-detached
client-session-changed
--- 15:34:43.758065629
@0 smoke %0 57471 0 act=1 45x14 L=0 T=0 R=44 B=13 wact=1 zoom=1
@0 smoke %1 57475 1 act=0 22x14 L=23 T=0 R=44 B=13 wact=1 zoom=1
@1 handoff %2 57483 0 act=0 22x14 L=0 T=0 R=21 B=13 wact=0 zoom=0
@1 handoff %3 57491 1 act=1 22x14 L=23 T=0 R=44 B=13 wact=0 zoom=0
@0 smoke 45x14 zoom=1 layout=0295,45x14,0,0{22x14,0,0,0,22x14,23,0,1}
@1 handoff 45x14 zoom=0 layout=029e,45x14,0,0{22x14,0,0,2,22x14,23,0,3}
client-71122 unknown 45x flags=attached,focused,control-mode,UTF-8
client-detached
client-session-changed
--- 15:34:45.285255958
@0 smoke %0 57471 0 act=1 45x14 L=0 T=0 R=44 B=13 wact=1 zoom=1
@0 smoke %1 57475 1 act=0 22x14 L=23 T=0 R=44 B=13 wact=1 zoom=1
@1 handoff %2 57483 0 act=0 22x14 L=0 T=0 R=21 B=13 wact=0 zoom=0
@1 handoff %3 57491 1 act=1 22x14 L=23 T=0 R=44 B=13 wact=0 zoom=0
@0 smoke 45x14 zoom=1 layout=0295,45x14,0,0{22x14,0,0,0,22x14,23,0,1}
@1 handoff 45x14 zoom=0 layout=029e,45x14,0,0{22x14,0,0,2,22x14,23,0,3}
client-71122 unknown 45x flags=attached,focused,control-mode,UTF-8
client-detached
client-session-changed
--- 15:34:46.798779314
@0 smoke %0 57471 0 act=1 45x14 L=0 T=0 R=44 B=13 wact=1 zoom=1
@0 smoke %1 57475 1 act=0 22x14 L=23 T=0 R=44 B=13 wact=1 zoom=1
@1 handoff %2 57483 0 act=0 22x14 L=0 T=0 R=21 B=13 wact=0 zoom=0
@1 handoff %3 57491 1 act=1 22x14 L=23 T=0 R=44 B=13 wact=0 zoom=0
@0 smoke 45x14 zoom=1 layout=0295,45x14,0,0{22x14,0,0,0,22x14,23,0,1}
@1 handoff 45x14 zoom=0 layout=029e,45x14,0,0{22x14,0,0,2,22x14,23,0,3}
client-71122 unknown 45x flags=attached,focused,control-mode,UTF-8
client-detached
client-session-changed
--- 15:34:48.318253367
@0 smoke %0 57471 0 act=1 45x14 L=0 T=0 R=44 B=13 wact=1 zoom=1
@0 smoke %1 57475 1 act=0 22x14 L=23 T=0 R=44 B=13 wact=1 zoom=1
@1 handoff %2 57483 0 act=0 22x14 L=0 T=0 R=21 B=13 wact=0 zoom=0
@1 handoff %3 57491 1 act=1 22x14 L=23 T=0 R=44 B=13 wact=0 zoom=0
@0 smoke 45x14 zoom=1 layout=0295,45x14,0,0{22x14,0,0,0,22x14,23,0,1}
@1 handoff 45x14 zoom=0 layout=029e,45x14,0,0{22x14,0,0,2,22x14,23,0,3}
client-71122 unknown 45x flags=attached,focused,control-mode,UTF-8
client-detached
client-session-changed
--- 15:34:49.831014470
@0 smoke %0 57471 0 act=1 45x14 L=0 T=0 R=44 B=13 wact=1 zoom=1
@0 smoke %1 57475 1 act=0 22x14 L=23 T=0 R=44 B=13 wact=1 zoom=1
@1 handoff %2 57483 0 act=0 22x14 L=0 T=0 R=21 B=13 wact=0 zoom=0
@1 handoff %3 57491 1 act=1 22x14 L=23 T=0 R=44 B=13 wact=0 zoom=0
@0 smoke 45x14 zoom=1 layout=0295,45x14,0,0{22x14,0,0,0,22x14,23,0,1}
@1 handoff 45x14 zoom=0 layout=029e,45x14,0,0{22x14,0,0,2,22x14,23,0,3}
client-71122 unknown 45x flags=attached,focused,control-mode,UTF-8
client-detached
client-session-changed
--- 15:34:51.345084759
@0 smoke %0 57471 0 act=1 45x14 L=0 T=0 R=44 B=13 wact=1 zoom=1
@0 smoke %1 57475 1 act=0 22x14 L=23 T=0 R=44 B=13 wact=1 zoom=1
@1 handoff %2 57483 0 act=0 22x14 L=0 T=0 R=21 B=13 wact=0 zoom=0
@1 handoff %3 57491 1 act=1 22x14 L=23 T=0 R=44 B=13 wact=0 zoom=0
@0 smoke 45x14 zoom=1 layout=0295,45x14,0,0{22x14,0,0,0,22x14,23,0,1}
@1 handoff 45x14 zoom=0 layout=029e,45x14,0,0{22x14,0,0,2,22x14,23,0,3}
client-71122 unknown 45x flags=attached,focused,control-mode,UTF-8
client-detached
client-session-changed
--- 15:34:52.862827270
@0 smoke %0 57471 0 act=1 45x14 L=0 T=0 R=44 B=13 wact=1 zoom=1
@0 smoke %1 57475 1 act=0 22x14 L=23 T=0 R=44 B=13 wact=1 zoom=1
@1 handoff %2 57483 0 act=0 22x14 L=0 T=0 R=21 B=13 wact=0 zoom=0
@1 handoff %3 57491 1 act=1 22x14 L=23 T=0 R=44 B=13 wact=0 zoom=0
@0 smoke 45x14 zoom=1 layout=0295,45x14,0,0{22x14,0,0,0,22x14,23,0,1}
@1 handoff 45x14 zoom=0 layout=029e,45x14,0,0{22x14,0,0,2,22x14,23,0,3}
client-71122 unknown 45x flags=attached,focused,control-mode,UTF-8
client-detached
client-session-changed
--- 15:34:54.376188290
@0 smoke %0 57471 0 act=1 45x14 L=0 T=0 R=44 B=13 wact=1 zoom=1
@0 smoke %1 57475 1 act=0 22x14 L=23 T=0 R=44 B=13 wact=1 zoom=1
@1 handoff %2 57483 0 act=0 22x14 L=0 T=0 R=21 B=13 wact=0 zoom=0
@1 handoff %3 57491 1 act=1 22x14 L=23 T=0 R=44 B=13 wact=0 zoom=0
@0 smoke 45x14 zoom=1 layout=0295,45x14,0,0{22x14,0,0,0,22x14,23,0,1}
@1 handoff 45x14 zoom=0 layout=029e,45x14,0,0{22x14,0,0,2,22x14,23,0,3}
client-71122 unknown 45x flags=attached,focused,control-mode,UTF-8
client-detached
client-session-changed
--- 15:34:55.894059174
@0 smoke %0 57471 0 act=1 45x14 L=0 T=0 R=44 B=13 wact=1 zoom=1
@0 smoke %1 57475 1 act=0 22x14 L=23 T=0 R=44 B=13 wact=1 zoom=1
@1 handoff %2 57483 0 act=0 22x14 L=0 T=0 R=21 B=13 wact=0 zoom=0
@1 handoff %3 57491 1 act=1 22x14 L=23 T=0 R=44 B=13 wact=0 zoom=0
@0 smoke 45x14 zoom=1 layout=0295,45x14,0,0{22x14,0,0,0,22x14,23,0,1}
@1 handoff 45x14 zoom=0 layout=029e,45x14,0,0{22x14,0,0,2,22x14,23,0,3}
client-71122 unknown 45x flags=attached,focused,control-mode,UTF-8
client-detached
client-session-changed
--- 15:34:57.407658582
@0 smoke %0 57471 0 act=1 45x14 L=0 T=0 R=44 B=13 wact=1 zoom=1
@0 smoke %1 57475 1 act=0 22x14 L=23 T=0 R=44 B=13 wact=1 zoom=1
@1 handoff %2 57483 0 act=0 22x14 L=0 T=0 R=21 B=13 wact=0 zoom=0
@1 handoff %3 57491 1 act=1 22x14 L=23 T=0 R=44 B=13 wact=0 zoom=0
@0 smoke 45x14 zoom=1 layout=0295,45x14,0,0{22x14,0,0,0,22x14,23,0,1}
@1 handoff 45x14 zoom=0 layout=029e,45x14,0,0{22x14,0,0,2,22x14,23,0,3}
client-71122 unknown 45x flags=attached,focused,control-mode,UTF-8
client-detached
client-session-changed
--- 15:34:58.921389277
@0 smoke %0 57471 0 act=1 45x14 L=0 T=0 R=44 B=13 wact=1 zoom=1
@0 smoke %1 57475 1 act=0 22x14 L=23 T=0 R=44 B=13 wact=1 zoom=1
@1 handoff %2 57483 0 act=0 22x14 L=0 T=0 R=21 B=13 wact=0 zoom=0
@1 handoff %3 57491 1 act=1 22x14 L=23 T=0 R=44 B=13 wact=0 zoom=0
@0 smoke 45x14 zoom=1 layout=0295,45x14,0,0{22x14,0,0,0,22x14,23,0,1}
@1 handoff 45x14 zoom=0 layout=029e,45x14,0,0{22x14,0,0,2,22x14,23,0,3}
client-71122 unknown 45x flags=attached,focused,control-mode,UTF-8
client-detached
client-session-changed
--- 15:35:00.436049055
@0 smoke %0 57471 0 act=1 45x14 L=0 T=0 R=44 B=13 wact=1 zoom=1
@0 smoke %1 57475 1 act=0 22x14 L=23 T=0 R=44 B=13 wact=1 zoom=1
@1 handoff %2 57483 0 act=0 22x14 L=0 T=0 R=21 B=13 wact=0 zoom=0
@1 handoff %3 57491 1 act=1 22x14 L=23 T=0 R=44 B=13 wact=0 zoom=0
@0 smoke 45x14 zoom=1 layout=0295,45x14,0,0{22x14,0,0,0,22x14,23,0,1}
@1 handoff 45x14 zoom=0 layout=029e,45x14,0,0{22x14,0,0,2,22x14,23,0,3}
client-71122 unknown 45x flags=attached,focused,control-mode,UTF-8
client-detached
client-session-changed
--- 15:35:01.952384582
@0 smoke %0 57471 0 act=1 45x14 L=0 T=0 R=44 B=13 wact=1 zoom=1
@0 smoke %1 57475 1 act=0 22x14 L=23 T=0 R=44 B=13 wact=1 zoom=1
@1 handoff %2 57483 0 act=0 22x14 L=0 T=0 R=21 B=13 wact=0 zoom=0
@1 handoff %3 57491 1 act=1 22x14 L=23 T=0 R=44 B=13 wact=0 zoom=0
@0 smoke 45x14 zoom=1 layout=0295,45x14,0,0{22x14,0,0,0,22x14,23,0,1}
@1 handoff 45x14 zoom=0 layout=029e,45x14,0,0{22x14,0,0,2,22x14,23,0,3}
client-71122 unknown 45x flags=attached,focused,control-mode,UTF-8
client-detached
client-session-changed
--- 15:35:03.476735248
@0 smoke %0 57471 0 act=1 45x14 L=0 T=0 R=44 B=13 wact=1 zoom=1
@0 smoke %1 57475 1 act=0 22x14 L=23 T=0 R=44 B=13 wact=1 zoom=1
@1 handoff %2 57483 0 act=0 22x14 L=0 T=0 R=21 B=13 wact=0 zoom=0
@1 handoff %3 57491 1 act=1 22x14 L=23 T=0 R=44 B=13 wact=0 zoom=0
@0 smoke 45x14 zoom=1 layout=0295,45x14,0,0{22x14,0,0,0,22x14,23,0,1}
@1 handoff 45x14 zoom=0 layout=029e,45x14,0,0{22x14,0,0,2,22x14,23,0,3}
client-71122 unknown 45x flags=attached,focused,control-mode,UTF-8
client-detached
client-session-changed
--- 15:35:05.024897888
@0 smoke %0 57471 0 act=1 45x14 L=0 T=0 R=44 B=13 wact=1 zoom=1
@0 smoke %1 57475 1 act=0 22x14 L=23 T=0 R=44 B=13 wact=1 zoom=1
@1 handoff %2 57483 0 act=0 22x14 L=0 T=0 R=21 B=13 wact=0 zoom=0
@1 handoff %3 57491 1 act=1 22x14 L=23 T=0 R=44 B=13 wact=0 zoom=0
@0 smoke 45x14 zoom=1 layout=0295,45x14,0,0{22x14,0,0,0,22x14,23,0,1}
@1 handoff 45x14 zoom=0 layout=029e,45x14,0,0{22x14,0,0,2,22x14,23,0,3}
client-71122 unknown 45x flags=attached,focused,control-mode,UTF-8
client-detached
client-session-changed
--- 15:35:06.538012752
@0 smoke %0 57471 0 act=1 45x14 L=0 T=0 R=44 B=13 wact=1 zoom=1
@0 smoke %1 57475 1 act=0 22x14 L=23 T=0 R=44 B=13 wact=1 zoom=1
@1 handoff %2 57483 0 act=0 22x14 L=0 T=0 R=21 B=13 wact=0 zoom=0
@1 handoff %3 57491 1 act=1 22x14 L=23 T=0 R=44 B=13 wact=0 zoom=0
@0 smoke 45x14 zoom=1 layout=0295,45x14,0,0{22x14,0,0,0,22x14,23,0,1}
@1 handoff 45x14 zoom=0 layout=029e,45x14,0,0{22x14,0,0,2,22x14,23,0,3}
client-71122 unknown 45x flags=attached,focused,control-mode,UTF-8
client-detached
client-session-changed
--- 15:35:08.052056125
@0 smoke %0 57471 0 act=1 45x14 L=0 T=0 R=44 B=13 wact=1 zoom=1
@0 smoke %1 57475 1 act=0 22x14 L=23 T=0 R=44 B=13 wact=1 zoom=1
@1 handoff %2 57483 0 act=0 22x14 L=0 T=0 R=21 B=13 wact=0 zoom=0
@1 handoff %3 57491 1 act=1 22x14 L=23 T=0 R=44 B=13 wact=0 zoom=0
@0 smoke 45x14 zoom=1 layout=0295,45x14,0,0{22x14,0,0,0,22x14,23,0,1}
@1 handoff 45x14 zoom=0 layout=029e,45x14,0,0{22x14,0,0,2,22x14,23,0,3}
client-71122 unknown 45x flags=attached,focused,control-mode,UTF-8
client-detached
client-session-changed
--- 15:35:09.565716058
@0 smoke %0 57471 0 act=1 45x14 L=0 T=0 R=44 B=13 wact=1 zoom=1
@0 smoke %1 57475 1 act=0 22x14 L=23 T=0 R=44 B=13 wact=1 zoom=1
@1 handoff %2 57483 0 act=0 22x14 L=0 T=0 R=21 B=13 wact=0 zoom=0
@1 handoff %3 57491 1 act=1 22x14 L=23 T=0 R=44 B=13 wact=0 zoom=0
@0 smoke 45x14 zoom=1 layout=0295,45x14,0,0{22x14,0,0,0,22x14,23,0,1}
@1 handoff 45x14 zoom=0 layout=029e,45x14,0,0{22x14,0,0,2,22x14,23,0,3}
client-71122 unknown 45x flags=attached,focused,control-mode,UTF-8
client-detached
client-session-changed
--- 15:35:11.080278343
@0 smoke %0 57471 0 act=1 45x14 L=0 T=0 R=44 B=13 wact=0 zoom=1
@0 smoke %1 57475 1 act=0 22x14 L=23 T=0 R=44 B=13 wact=0 zoom=1
@1 handoff %2 57483 0 act=0 22x14 L=0 T=0 R=21 B=13 wact=0 zoom=0
@1 handoff %3 57491 1 act=1 22x14 L=23 T=0 R=44 B=13 wact=0 zoom=0
@2 daily-ci %4 72624 0 act=1 45x14 L=0 T=0 R=44 B=13 wact=1 zoom=0
@0 smoke 45x14 zoom=1 layout=0295,45x14,0,0{22x14,0,0,0,22x14,23,0,1}
@1 handoff 45x14 zoom=0 layout=029e,45x14,0,0{22x14,0,0,2,22x14,23,0,3}
@2 daily-ci 45x14 zoom=0 layout=b1e1,45x14,0,0,4
client-71122 unknown 45x flags=attached,focused,control-mode,UTF-8
client-detached[1000] if-shell -F -t "=$0:.%4" "#{window_zoomed_flag}" "resize-pane -Z -t =$0:.%4" ; set-hook -u -t "=$0:" client-detached[1000] ; set-hook -u -t "=$0:" client-session-changed[1000]
client-session-changed[1000] if-shell -F -t "=$0:.%4" "#{window_zoomed_flag}" "resize-pane -Z -t =$0:.%4" ; set-hook -u -t "=$0:" client-detached[1000] ; set-hook -u -t "=$0:" client-session-changed[1000]
--- 15:35:12.595111915
@0 smoke %0 57471 0 act=1 45x14 L=0 T=0 R=44 B=13 wact=0 zoom=1
@0 smoke %1 57475 1 act=0 22x14 L=23 T=0 R=44 B=13 wact=0 zoom=1
@1 handoff %2 57483 0 act=0 22x14 L=0 T=0 R=21 B=13 wact=0 zoom=0
@1 handoff %3 57491 1 act=1 22x14 L=23 T=0 R=44 B=13 wact=0 zoom=0
@2 daily-ci %4 72624 0 act=1 45x14 L=0 T=0 R=44 B=13 wact=1 zoom=0
@0 smoke 45x14 zoom=1 layout=0295,45x14,0,0{22x14,0,0,0,22x14,23,0,1}
@1 handoff 45x14 zoom=0 layout=029e,45x14,0,0{22x14,0,0,2,22x14,23,0,3}
@2 daily-ci 45x14 zoom=0 layout=b1e1,45x14,0,0,4
client-71122 unknown 45x flags=attached,focused,control-mode,UTF-8
client-detached[1000] if-shell -F -t "=$0:.%4" "#{window_zoomed_flag}" "resize-pane -Z -t =$0:.%4" ; set-hook -u -t "=$0:" client-detached[1000] ; set-hook -u -t "=$0:" client-session-changed[1000]
client-session-changed[1000] if-shell -F -t "=$0:.%4" "#{window_zoomed_flag}" "resize-pane -Z -t =$0:.%4" ; set-hook -u -t "=$0:" client-detached[1000] ; set-hook -u -t "=$0:" client-session-changed[1000]
--- 15:35:14.108518495
@0 smoke %0 57471 0 act=1 45x14 L=0 T=0 R=44 B=13 wact=0 zoom=1
@0 smoke %1 57475 1 act=0 22x14 L=23 T=0 R=44 B=13 wact=0 zoom=1
@1 handoff %2 57483 0 act=0 22x14 L=0 T=0 R=21 B=13 wact=0 zoom=0
@1 handoff %3 57491 1 act=1 22x14 L=23 T=0 R=44 B=13 wact=0 zoom=0
@2 daily-ci %4 72624 0 act=1 45x14 L=0 T=0 R=44 B=13 wact=1 zoom=0
@0 smoke 45x14 zoom=1 layout=0295,45x14,0,0{22x14,0,0,0,22x14,23,0,1}
@1 handoff 45x14 zoom=0 layout=029e,45x14,0,0{22x14,0,0,2,22x14,23,0,3}
@2 daily-ci 45x14 zoom=0 layout=b1e1,45x14,0,0,4
client-71122 unknown 45x flags=attached,focused,control-mode,UTF-8
client-detached[1000] if-shell -F -t "=$0:.%4" "#{window_zoomed_flag}" "resize-pane -Z -t =$0:.%4" ; set-hook -u -t "=$0:" client-detached[1000] ; set-hook -u -t "=$0:" client-session-changed[1000]
client-session-changed[1000] if-shell -F -t "=$0:.%4" "#{window_zoomed_flag}" "resize-pane -Z -t =$0:.%4" ; set-hook -u -t "=$0:" client-detached[1000] ; set-hook -u -t "=$0:" client-session-changed[1000]
--- 15:35:15.621628060
@0 smoke %0 57471 0 act=1 45x14 L=0 T=0 R=44 B=13 wact=0 zoom=1
@0 smoke %1 57475 1 act=0 22x14 L=23 T=0 R=44 B=13 wact=0 zoom=1
@1 handoff %2 57483 0 act=0 22x14 L=0 T=0 R=21 B=13 wact=0 zoom=0
@1 handoff %3 57491 1 act=1 22x14 L=23 T=0 R=44 B=13 wact=0 zoom=0
@2 daily-ci %4 72624 0 act=1 45x14 L=0 T=0 R=44 B=13 wact=1 zoom=0
@0 smoke 45x14 zoom=1 layout=0295,45x14,0,0{22x14,0,0,0,22x14,23,0,1}
@1 handoff 45x14 zoom=0 layout=029e,45x14,0,0{22x14,0,0,2,22x14,23,0,3}
@2 daily-ci 45x14 zoom=0 layout=b1e1,45x14,0,0,4
client-71122 unknown 45x flags=attached,focused,control-mode,UTF-8
client-detached[1000] if-shell -F -t "=$0:.%4" "#{window_zoomed_flag}" "resize-pane -Z -t =$0:.%4" ; set-hook -u -t "=$0:" client-detached[1000] ; set-hook -u -t "=$0:" client-session-changed[1000]
client-session-changed[1000] if-shell -F -t "=$0:.%4" "#{window_zoomed_flag}" "resize-pane -Z -t =$0:.%4" ; set-hook -u -t "=$0:" client-detached[1000] ; set-hook -u -t "=$0:" client-session-changed[1000]
--- 15:35:17.136249012
@0 smoke %0 57471 0 act=1 45x14 L=0 T=0 R=44 B=13 wact=0 zoom=1
@0 smoke %1 57475 1 act=0 22x14 L=23 T=0 R=44 B=13 wact=0 zoom=1
@1 handoff %2 57483 0 act=0 22x14 L=0 T=0 R=21 B=13 wact=0 zoom=0
@1 handoff %3 57491 1 act=1 22x14 L=23 T=0 R=44 B=13 wact=0 zoom=0
@2 daily-ci %4 72624 0 act=1 45x14 L=0 T=0 R=44 B=13 wact=1 zoom=0
@0 smoke 45x14 zoom=1 layout=0295,45x14,0,0{22x14,0,0,0,22x14,23,0,1}
@1 handoff 45x14 zoom=0 layout=029e,45x14,0,0{22x14,0,0,2,22x14,23,0,3}
@2 daily-ci 45x14 zoom=0 layout=b1e1,45x14,0,0,4
client-71122 unknown 45x flags=attached,focused,control-mode,UTF-8
client-detached[1000] if-shell -F -t "=$0:.%4" "#{window_zoomed_flag}" "resize-pane -Z -t =$0:.%4" ; set-hook -u -t "=$0:" client-detached[1000] ; set-hook -u -t "=$0:" client-session-changed[1000]
client-session-changed[1000] if-shell -F -t "=$0:.%4" "#{window_zoomed_flag}" "resize-pane -Z -t =$0:.%4" ; set-hook -u -t "=$0:" client-detached[1000] ; set-hook -u -t "=$0:" client-session-changed[1000]
--- 15:35:18.655438307
@0 smoke %0 57471 0 act=1 45x14 L=0 T=0 R=44 B=13 wact=0 zoom=1
@0 smoke %1 57475 1 act=0 22x14 L=23 T=0 R=44 B=13 wact=0 zoom=1
@1 handoff %2 57483 0 act=0 22x14 L=0 T=0 R=21 B=13 wact=0 zoom=0
@1 handoff %3 57491 1 act=1 22x14 L=23 T=0 R=44 B=13 wact=0 zoom=0
@2 daily-ci %4 72624 0 act=1 45x14 L=0 T=0 R=44 B=13 wact=1 zoom=0
@0 smoke 45x14 zoom=1 layout=0295,45x14,0,0{22x14,0,0,0,22x14,23,0,1}
@1 handoff 45x14 zoom=0 layout=029e,45x14,0,0{22x14,0,0,2,22x14,23,0,3}
@2 daily-ci 45x14 zoom=0 layout=b1e1,45x14,0,0,4
client-71122 unknown 45x flags=attached,focused,control-mode,UTF-8
client-detached[1000] if-shell -F -t "=$0:.%4" "#{window_zoomed_flag}" "resize-pane -Z -t =$0:.%4" ; set-hook -u -t "=$0:" client-detached[1000] ; set-hook -u -t "=$0:" client-session-changed[1000]
client-session-changed[1000] if-shell -F -t "=$0:.%4" "#{window_zoomed_flag}" "resize-pane -Z -t =$0:.%4" ; set-hook -u -t "=$0:" client-detached[1000] ; set-hook -u -t "=$0:" client-session-changed[1000]
--- 15:35:20.170960131
@0 smoke %0 57471 0 act=1 45x14 L=0 T=0 R=44 B=13 wact=0 zoom=1
@0 smoke %1 57475 1 act=0 22x14 L=23 T=0 R=44 B=13 wact=0 zoom=1
@1 handoff %2 57483 0 act=0 22x14 L=0 T=0 R=21 B=13 wact=0 zoom=0
@1 handoff %3 57491 1 act=1 22x14 L=23 T=0 R=44 B=13 wact=0 zoom=0
@2 daily-ci %4 72624 0 act=1 45x14 L=0 T=0 R=44 B=13 wact=1 zoom=0
@0 smoke 45x14 zoom=1 layout=0295,45x14,0,0{22x14,0,0,0,22x14,23,0,1}
@1 handoff 45x14 zoom=0 layout=029e,45x14,0,0{22x14,0,0,2,22x14,23,0,3}
@2 daily-ci 45x14 zoom=0 layout=b1e1,45x14,0,0,4
client-71122 unknown 45x flags=attached,focused,control-mode,UTF-8
client-detached[1000] if-shell -F -t "=$0:.%4" "#{window_zoomed_flag}" "resize-pane -Z -t =$0:.%4" ; set-hook -u -t "=$0:" client-detached[1000] ; set-hook -u -t "=$0:" client-session-changed[1000]
client-session-changed[1000] if-shell -F -t "=$0:.%4" "#{window_zoomed_flag}" "resize-pane -Z -t =$0:.%4" ; set-hook -u -t "=$0:" client-detached[1000] ; set-hook -u -t "=$0:" client-session-changed[1000]
--- 15:35:21.683894238
@0 smoke %0 57471 0 act=1 45x14 L=0 T=0 R=44 B=13 wact=0 zoom=1
@0 smoke %1 57475 1 act=0 22x14 L=23 T=0 R=44 B=13 wact=0 zoom=1
@1 handoff %2 57483 0 act=0 22x14 L=0 T=0 R=21 B=13 wact=0 zoom=0
@1 handoff %3 57491 1 act=1 22x14 L=23 T=0 R=44 B=13 wact=0 zoom=0
@2 daily-ci %4 72624 0 act=1 45x14 L=0 T=0 R=44 B=13 wact=1 zoom=0
@0 smoke 45x14 zoom=1 layout=0295,45x14,0,0{22x14,0,0,0,22x14,23,0,1}
@1 handoff 45x14 zoom=0 layout=029e,45x14,0,0{22x14,0,0,2,22x14,23,0,3}
@2 daily-ci 45x14 zoom=0 layout=b1e1,45x14,0,0,4
client-71122 unknown 45x flags=attached,focused,control-mode,UTF-8
client-detached[1000] if-shell -F -t "=$0:.%4" "#{window_zoomed_flag}" "resize-pane -Z -t =$0:.%4" ; set-hook -u -t "=$0:" client-detached[1000] ; set-hook -u -t "=$0:" client-session-changed[1000]
client-session-changed[1000] if-shell -F -t "=$0:.%4" "#{window_zoomed_flag}" "resize-pane -Z -t =$0:.%4" ; set-hook -u -t "=$0:" client-detached[1000] ; set-hook -u -t "=$0:" client-session-changed[1000]
--- 15:35:23.212051731
@0 smoke %0 57471 0 act=1 45x14 L=0 T=0 R=44 B=13 wact=0 zoom=1
@0 smoke %1 57475 1 act=0 22x14 L=23 T=0 R=44 B=13 wact=0 zoom=1
@1 handoff %2 57483 0 act=0 22x14 L=0 T=0 R=21 B=13 wact=0 zoom=0
@1 handoff %3 57491 1 act=1 22x14 L=23 T=0 R=44 B=13 wact=0 zoom=0
@2 daily-ci %4 72624 0 act=1 45x14 L=0 T=0 R=44 B=13 wact=1 zoom=0
@0 smoke 45x14 zoom=1 layout=0295,45x14,0,0{22x14,0,0,0,22x14,23,0,1}
@1 handoff 45x14 zoom=0 layout=029e,45x14,0,0{22x14,0,0,2,22x14,23,0,3}
@2 daily-ci 45x14 zoom=0 layout=b1e1,45x14,0,0,4
client-71122 unknown 45x flags=attached,focused,control-mode,UTF-8
client-detached[1000] if-shell -F -t "=$0:.%4" "#{window_zoomed_flag}" "resize-pane -Z -t =$0:.%4" ; set-hook -u -t "=$0:" client-detached[1000] ; set-hook -u -t "=$0:" client-session-changed[1000]
client-session-changed[1000] if-shell -F -t "=$0:.%4" "#{window_zoomed_flag}" "resize-pane -Z -t =$0:.%4" ; set-hook -u -t "=$0:" client-detached[1000] ; set-hook -u -t "=$0:" client-session-changed[1000]
--- 15:35:24.742201513
@0 smoke %0 57471 0 act=1 45x14 L=0 T=0 R=44 B=13 wact=0 zoom=1
@0 smoke %1 57475 1 act=0 22x14 L=23 T=0 R=44 B=13 wact=0 zoom=1
@1 handoff %2 57483 0 act=0 22x14 L=0 T=0 R=21 B=13 wact=0 zoom=0
@1 handoff %3 57491 1 act=1 22x14 L=23 T=0 R=44 B=13 wact=0 zoom=0
@2 daily-ci %4 72624 0 act=1 45x14 L=0 T=0 R=44 B=13 wact=1 zoom=0
@0 smoke 45x14 zoom=1 layout=0295,45x14,0,0{22x14,0,0,0,22x14,23,0,1}
@1 handoff 45x14 zoom=0 layout=029e,45x14,0,0{22x14,0,0,2,22x14,23,0,3}
@2 daily-ci 45x14 zoom=0 layout=b1e1,45x14,0,0,4
client-71122 unknown 45x flags=attached,focused,control-mode,UTF-8
client-detached[1000] if-shell -F -t "=$0:.%4" "#{window_zoomed_flag}" "resize-pane -Z -t =$0:.%4" ; set-hook -u -t "=$0:" client-detached[1000] ; set-hook -u -t "=$0:" client-session-changed[1000]
client-session-changed[1000] if-shell -F -t "=$0:.%4" "#{window_zoomed_flag}" "resize-pane -Z -t =$0:.%4" ; set-hook -u -t "=$0:" client-detached[1000] ; set-hook -u -t "=$0:" client-session-changed[1000]
--- 15:35:26.255618036
@0 smoke %0 57471 0 act=1 45x14 L=0 T=0 R=44 B=13 wact=0 zoom=1
@0 smoke %1 57475 1 act=0 22x14 L=23 T=0 R=44 B=13 wact=0 zoom=1
@1 handoff %2 57483 0 act=0 22x14 L=0 T=0 R=21 B=13 wact=0 zoom=0
@1 handoff %3 57491 1 act=1 22x14 L=23 T=0 R=44 B=13 wact=0 zoom=0
@2 daily-ci %4 72624 0 act=1 45x14 L=0 T=0 R=44 B=13 wact=1 zoom=0
@0 smoke 45x14 zoom=1 layout=0295,45x14,0,0{22x14,0,0,0,22x14,23,0,1}
@1 handoff 45x14 zoom=0 layout=029e,45x14,0,0{22x14,0,0,2,22x14,23,0,3}
@2 daily-ci 45x14 zoom=0 layout=b1e1,45x14,0,0,4
client-71122 unknown 45x flags=attached,focused,control-mode,UTF-8
client-detached[1000] if-shell -F -t "=$0:.%4" "#{window_zoomed_flag}" "resize-pane -Z -t =$0:.%4" ; set-hook -u -t "=$0:" client-detached[1000] ; set-hook -u -t "=$0:" client-session-changed[1000]
client-session-changed[1000] if-shell -F -t "=$0:.%4" "#{window_zoomed_flag}" "resize-pane -Z -t =$0:.%4" ; set-hook -u -t "=$0:" client-detached[1000] ; set-hook -u -t "=$0:" client-session-changed[1000]
--- 15:35:27.768891041
@0 smoke %0 57471 0 act=1 45x14 L=0 T=0 R=44 B=13 wact=0 zoom=1
@0 smoke %1 57475 1 act=0 22x14 L=23 T=0 R=44 B=13 wact=0 zoom=1
@1 handoff %2 57483 0 act=0 22x14 L=0 T=0 R=21 B=13 wact=0 zoom=0
@1 handoff %3 57491 1 act=1 22x14 L=23 T=0 R=44 B=13 wact=0 zoom=0
@2 daily-ci %4 72624 0 act=1 45x14 L=0 T=0 R=44 B=13 wact=1 zoom=0
@0 smoke 45x14 zoom=1 layout=0295,45x14,0,0{22x14,0,0,0,22x14,23,0,1}
@1 handoff 45x14 zoom=0 layout=029e,45x14,0,0{22x14,0,0,2,22x14,23,0,3}
@2 daily-ci 45x14 zoom=0 layout=b1e1,45x14,0,0,4
client-71122 unknown 45x flags=attached,focused,control-mode,UTF-8
client-detached[1000] if-shell -F -t "=$0:.%4" "#{window_zoomed_flag}" "resize-pane -Z -t =$0:.%4" ; set-hook -u -t "=$0:" client-detached[1000] ; set-hook -u -t "=$0:" client-session-changed[1000]
client-session-changed[1000] if-shell -F -t "=$0:.%4" "#{window_zoomed_flag}" "resize-pane -Z -t =$0:.%4" ; set-hook -u -t "=$0:" client-detached[1000] ; set-hook -u -t "=$0:" client-session-changed[1000]
--- 15:35:29.284151322
@0 smoke %0 57471 0 act=1 45x14 L=0 T=0 R=44 B=13 wact=0 zoom=1
@0 smoke %1 57475 1 act=0 22x14 L=23 T=0 R=44 B=13 wact=0 zoom=1
@1 handoff %2 57483 0 act=0 22x14 L=0 T=0 R=21 B=13 wact=0 zoom=0
@1 handoff %3 57491 1 act=1 22x14 L=23 T=0 R=44 B=13 wact=0 zoom=0
@2 daily-ci %4 72624 0 act=1 45x14 L=0 T=0 R=44 B=13 wact=1 zoom=0
@0 smoke 45x14 zoom=1 layout=0295,45x14,0,0{22x14,0,0,0,22x14,23,0,1}
@1 handoff 45x14 zoom=0 layout=029e,45x14,0,0{22x14,0,0,2,22x14,23,0,3}
@2 daily-ci 45x14 zoom=0 layout=b1e1,45x14,0,0,4
client-71122 unknown 45x flags=attached,focused,control-mode,UTF-8
client-detached[1000] if-shell -F -t "=$0:.%4" "#{window_zoomed_flag}" "resize-pane -Z -t =$0:.%4" ; set-hook -u -t "=$0:" client-detached[1000] ; set-hook -u -t "=$0:" client-session-changed[1000]
client-session-changed[1000] if-shell -F -t "=$0:.%4" "#{window_zoomed_flag}" "resize-pane -Z -t =$0:.%4" ; set-hook -u -t "=$0:" client-detached[1000] ; set-hook -u -t "=$0:" client-session-changed[1000]
--- 15:35:30.835960990
@0 smoke %0 57471 0 act=1 45x14 L=0 T=0 R=44 B=13 wact=0 zoom=1
@0 smoke %1 57475 1 act=0 22x14 L=23 T=0 R=44 B=13 wact=0 zoom=1
@1 handoff %2 57483 0 act=0 22x14 L=0 T=0 R=21 B=13 wact=0 zoom=0
@1 handoff %3 57491 1 act=1 22x14 L=23 T=0 R=44 B=13 wact=0 zoom=0
@2 daily-ci-renamed %4 72624 0 act=1 45x14 L=0 T=0 R=44 B=13 wact=1 zoom=0
@0 smoke 45x14 zoom=1 layout=0295,45x14,0,0{22x14,0,0,0,22x14,23,0,1}
@1 handoff 45x14 zoom=0 layout=029e,45x14,0,0{22x14,0,0,2,22x14,23,0,3}
@2 daily-ci-renamed 45x14 zoom=0 layout=b1e1,45x14,0,0,4
client-71122 unknown 45x flags=attached,focused,control-mode,UTF-8
client-detached[1000] if-shell -F -t "=$0:.%4" "#{window_zoomed_flag}" "resize-pane -Z -t =$0:.%4" ; set-hook -u -t "=$0:" client-detached[1000] ; set-hook -u -t "=$0:" client-session-changed[1000]
client-session-changed[1000] if-shell -F -t "=$0:.%4" "#{window_zoomed_flag}" "resize-pane -Z -t =$0:.%4" ; set-hook -u -t "=$0:" client-detached[1000] ; set-hook -u -t "=$0:" client-session-changed[1000]
--- 15:35:32.366271138
@0 smoke %0 57471 0 act=1 45x14 L=0 T=0 R=44 B=13 wact=0 zoom=1
@0 smoke %1 57475 1 act=0 22x14 L=23 T=0 R=44 B=13 wact=0 zoom=1
@1 handoff %2 57483 0 act=0 22x14 L=0 T=0 R=21 B=13 wact=0 zoom=0
@1 handoff %3 57491 1 act=1 22x14 L=23 T=0 R=44 B=13 wact=0 zoom=0
@2 daily-ci-renamed %4 72624 0 act=1 45x14 L=0 T=0 R=44 B=13 wact=1 zoom=0
@0 smoke 45x14 zoom=1 layout=0295,45x14,0,0{22x14,0,0,0,22x14,23,0,1}
@1 handoff 45x14 zoom=0 layout=029e,45x14,0,0{22x14,0,0,2,22x14,23,0,3}
@2 daily-ci-renamed 45x14 zoom=0 layout=b1e1,45x14,0,0,4
client-71122 unknown 45x flags=attached,focused,control-mode,UTF-8
client-detached[1000] if-shell -F -t "=$0:.%4" "#{window_zoomed_flag}" "resize-pane -Z -t =$0:.%4" ; set-hook -u -t "=$0:" client-detached[1000] ; set-hook -u -t "=$0:" client-session-changed[1000]
client-session-changed[1000] if-shell -F -t "=$0:.%4" "#{window_zoomed_flag}" "resize-pane -Z -t =$0:.%4" ; set-hook -u -t "=$0:" client-detached[1000] ; set-hook -u -t "=$0:" client-session-changed[1000]
--- 15:35:33.880939370
@0 smoke %0 57471 0 act=1 45x14 L=0 T=0 R=44 B=13 wact=0 zoom=1
@0 smoke %1 57475 1 act=0 22x14 L=23 T=0 R=44 B=13 wact=0 zoom=1
@1 handoff %2 57483 0 act=0 22x14 L=0 T=0 R=21 B=13 wact=0 zoom=0
@1 handoff %3 57491 1 act=1 22x14 L=23 T=0 R=44 B=13 wact=0 zoom=0
@2 daily-ci-renamed %4 72624 0 act=1 45x14 L=0 T=0 R=44 B=13 wact=1 zoom=0
@0 smoke 45x14 zoom=1 layout=0295,45x14,0,0{22x14,0,0,0,22x14,23,0,1}
@1 handoff 45x14 zoom=0 layout=029e,45x14,0,0{22x14,0,0,2,22x14,23,0,3}
@2 daily-ci-renamed 45x14 zoom=0 layout=b1e1,45x14,0,0,4
client-71122 unknown 45x flags=attached,focused,control-mode,UTF-8
client-detached[1000] if-shell -F -t "=$0:.%4" "#{window_zoomed_flag}" "resize-pane -Z -t =$0:.%4" ; set-hook -u -t "=$0:" client-detached[1000] ; set-hook -u -t "=$0:" client-session-changed[1000]
client-session-changed[1000] if-shell -F -t "=$0:.%4" "#{window_zoomed_flag}" "resize-pane -Z -t =$0:.%4" ; set-hook -u -t "=$0:" client-detached[1000] ; set-hook -u -t "=$0:" client-session-changed[1000]
--- 15:35:35.397663777
@0 smoke %0 57471 0 act=1 45x14 L=0 T=0 R=44 B=13 wact=0 zoom=1
@0 smoke %1 57475 1 act=0 22x14 L=23 T=0 R=44 B=13 wact=0 zoom=1
@1 handoff %2 57483 0 act=0 22x14 L=0 T=0 R=21 B=13 wact=0 zoom=0
@1 handoff %3 57491 1 act=1 22x14 L=23 T=0 R=44 B=13 wact=0 zoom=0
@2 daily-ci-renamed %4 72624 0 act=1 45x14 L=0 T=0 R=44 B=13 wact=1 zoom=0
@0 smoke 45x14 zoom=1 layout=0295,45x14,0,0{22x14,0,0,0,22x14,23,0,1}
@1 handoff 45x14 zoom=0 layout=029e,45x14,0,0{22x14,0,0,2,22x14,23,0,3}
@2 daily-ci-renamed 45x14 zoom=0 layout=b1e1,45x14,0,0,4
client-71122 unknown 45x flags=attached,focused,control-mode,UTF-8
client-detached[1000] if-shell -F -t "=$0:.%4" "#{window_zoomed_flag}" "resize-pane -Z -t =$0:.%4" ; set-hook -u -t "=$0:" client-detached[1000] ; set-hook -u -t "=$0:" client-session-changed[1000]
client-session-changed[1000] if-shell -F -t "=$0:.%4" "#{window_zoomed_flag}" "resize-pane -Z -t =$0:.%4" ; set-hook -u -t "=$0:" client-detached[1000] ; set-hook -u -t "=$0:" client-session-changed[1000]
--- 15:35:36.910997748
@0 smoke %0 57471 0 act=1 45x14 L=0 T=0 R=44 B=13 wact=0 zoom=1
@0 smoke %1 57475 1 act=0 22x14 L=23 T=0 R=44 B=13 wact=0 zoom=1
@1 handoff %2 57483 0 act=0 22x14 L=0 T=0 R=21 B=13 wact=0 zoom=0
@1 handoff %3 57491 1 act=1 22x14 L=23 T=0 R=44 B=13 wact=0 zoom=0
@2 daily-ci-renamed %4 72624 0 act=1 45x14 L=0 T=0 R=44 B=13 wact=1 zoom=0
@0 smoke 45x14 zoom=1 layout=0295,45x14,0,0{22x14,0,0,0,22x14,23,0,1}
@1 handoff 45x14 zoom=0 layout=029e,45x14,0,0{22x14,0,0,2,22x14,23,0,3}
@2 daily-ci-renamed 45x14 zoom=0 layout=b1e1,45x14,0,0,4
client-71122 unknown 45x flags=attached,focused,control-mode,UTF-8
client-detached[1000] if-shell -F -t "=$0:.%4" "#{window_zoomed_flag}" "resize-pane -Z -t =$0:.%4" ; set-hook -u -t "=$0:" client-detached[1000] ; set-hook -u -t "=$0:" client-session-changed[1000]
client-session-changed[1000] if-shell -F -t "=$0:.%4" "#{window_zoomed_flag}" "resize-pane -Z -t =$0:.%4" ; set-hook -u -t "=$0:" client-detached[1000] ; set-hook -u -t "=$0:" client-session-changed[1000]
--- 15:35:38.423966390
@0 smoke %0 57471 0 act=1 45x27 L=0 T=0 R=44 B=26 wact=0 zoom=1
@0 smoke %1 57475 1 act=0 22x27 L=23 T=0 R=44 B=26 wact=0 zoom=1
@1 handoff %2 57483 0 act=0 22x27 L=0 T=0 R=21 B=26 wact=0 zoom=0
@1 handoff %3 57491 1 act=1 22x27 L=23 T=0 R=44 B=26 wact=0 zoom=0
@2 daily-ci-renamed %4 72624 0 act=0 45x13 L=0 T=0 R=44 B=12 wact=1 zoom=1
@2 daily-ci-renamed %5 73003 1 act=1 45x27 L=0 T=0 R=44 B=26 wact=1 zoom=1
@0 smoke 45x27 zoom=1 layout=3e23,45x27,0,0{22x27,0,0,0,22x27,23,0,1}
@1 handoff 45x27 zoom=0 layout=3e2c,45x27,0,0{22x27,0,0,2,22x27,23,0,3}
@2 daily-ci-renamed 45x27 zoom=1 layout=7a15,45x27,0,0[45x13,0,0,4,45x13,0,14,5]
client-71122 unknown 45x flags=attached,focused,control-mode,UTF-8
client-detached[1000] if-shell -F -t "=$0:.%5" "#{window_zoomed_flag}" "resize-pane -Z -t =$0:.%5" ; set-hook -u -t "=$0:" client-detached[1000] ; set-hook -u -t "=$0:" client-session-changed[1000]
client-session-changed[1000] if-shell -F -t "=$0:.%5" "#{window_zoomed_flag}" "resize-pane -Z -t =$0:.%5" ; set-hook -u -t "=$0:" client-detached[1000] ; set-hook -u -t "=$0:" client-session-changed[1000]
--- 15:35:39.939977083
@0 smoke %0 57471 0 act=1 45x27 L=0 T=0 R=44 B=26 wact=0 zoom=1
@0 smoke %1 57475 1 act=0 22x27 L=23 T=0 R=44 B=26 wact=0 zoom=1
@1 handoff %2 57483 0 act=0 22x27 L=0 T=0 R=21 B=26 wact=0 zoom=0
@1 handoff %3 57491 1 act=1 22x27 L=23 T=0 R=44 B=26 wact=0 zoom=0
@2 daily-ci-renamed %4 72624 0 act=0 45x13 L=0 T=0 R=44 B=12 wact=1 zoom=1
@2 daily-ci-renamed %5 73003 1 act=1 45x27 L=0 T=0 R=44 B=26 wact=1 zoom=1
@0 smoke 45x27 zoom=1 layout=3e23,45x27,0,0{22x27,0,0,0,22x27,23,0,1}
@1 handoff 45x27 zoom=0 layout=3e2c,45x27,0,0{22x27,0,0,2,22x27,23,0,3}
@2 daily-ci-renamed 45x27 zoom=1 layout=7a15,45x27,0,0[45x13,0,0,4,45x13,0,14,5]
client-71122 unknown 45x flags=attached,focused,control-mode,UTF-8
client-detached[1000] if-shell -F -t "=$0:.%5" "#{window_zoomed_flag}" "resize-pane -Z -t =$0:.%5" ; set-hook -u -t "=$0:" client-detached[1000] ; set-hook -u -t "=$0:" client-session-changed[1000]
client-session-changed[1000] if-shell -F -t "=$0:.%5" "#{window_zoomed_flag}" "resize-pane -Z -t =$0:.%5" ; set-hook -u -t "=$0:" client-detached[1000] ; set-hook -u -t "=$0:" client-session-changed[1000]
--- 15:35:41.454983792
@0 smoke %0 57471 0 act=1 45x27 L=0 T=0 R=44 B=26 wact=0 zoom=1
@0 smoke %1 57475 1 act=0 22x27 L=23 T=0 R=44 B=26 wact=0 zoom=1
@1 handoff %2 57483 0 act=0 22x27 L=0 T=0 R=21 B=26 wact=0 zoom=0
@1 handoff %3 57491 1 act=1 22x27 L=23 T=0 R=44 B=26 wact=0 zoom=0
@2 daily-ci-renamed %4 72624 0 act=0 45x13 L=0 T=0 R=44 B=12 wact=1 zoom=1
@2 daily-ci-renamed %5 73003 1 act=1 45x27 L=0 T=0 R=44 B=26 wact=1 zoom=1
@0 smoke 45x27 zoom=1 layout=3e23,45x27,0,0{22x27,0,0,0,22x27,23,0,1}
@1 handoff 45x27 zoom=0 layout=3e2c,45x27,0,0{22x27,0,0,2,22x27,23,0,3}
@2 daily-ci-renamed 45x27 zoom=1 layout=7a15,45x27,0,0[45x13,0,0,4,45x13,0,14,5]
client-71122 unknown 45x flags=attached,focused,control-mode,UTF-8
client-detached[1000] if-shell -F -t "=$0:.%5" "#{window_zoomed_flag}" "resize-pane -Z -t =$0:.%5" ; set-hook -u -t "=$0:" client-detached[1000] ; set-hook -u -t "=$0:" client-session-changed[1000]
client-session-changed[1000] if-shell -F -t "=$0:.%5" "#{window_zoomed_flag}" "resize-pane -Z -t =$0:.%5" ; set-hook -u -t "=$0:" client-detached[1000] ; set-hook -u -t "=$0:" client-session-changed[1000]
--- 15:35:42.990242463
@0 smoke %0 57471 0 act=1 45x27 L=0 T=0 R=44 B=26 wact=0 zoom=1
@0 smoke %1 57475 1 act=0 22x27 L=23 T=0 R=44 B=26 wact=0 zoom=1
@1 handoff %2 57483 0 act=0 22x27 L=0 T=0 R=21 B=26 wact=0 zoom=0
@1 handoff %3 57491 1 act=1 22x27 L=23 T=0 R=44 B=26 wact=0 zoom=0
@2 daily-ci-renamed %4 72624 0 act=0 45x13 L=0 T=0 R=44 B=12 wact=1 zoom=1
@2 daily-ci-renamed %5 73003 1 act=1 45x27 L=0 T=0 R=44 B=26 wact=1 zoom=1
@0 smoke 45x27 zoom=1 layout=3e23,45x27,0,0{22x27,0,0,0,22x27,23,0,1}
@1 handoff 45x27 zoom=0 layout=3e2c,45x27,0,0{22x27,0,0,2,22x27,23,0,3}
@2 daily-ci-renamed 45x27 zoom=1 layout=7a15,45x27,0,0[45x13,0,0,4,45x13,0,14,5]
client-71122 unknown 45x flags=attached,focused,control-mode,UTF-8
client-detached[1000] if-shell -F -t "=$0:.%5" "#{window_zoomed_flag}" "resize-pane -Z -t =$0:.%5" ; set-hook -u -t "=$0:" client-detached[1000] ; set-hook -u -t "=$0:" client-session-changed[1000]
client-session-changed[1000] if-shell -F -t "=$0:.%5" "#{window_zoomed_flag}" "resize-pane -Z -t =$0:.%5" ; set-hook -u -t "=$0:" client-detached[1000] ; set-hook -u -t "=$0:" client-session-changed[1000]
--- 15:35:44.523990815
@0 smoke %0 57471 0 act=1 45x27 L=0 T=0 R=44 B=26 wact=0 zoom=1
@0 smoke %1 57475 1 act=0 22x27 L=23 T=0 R=44 B=26 wact=0 zoom=1
@1 handoff %2 57483 0 act=0 22x27 L=0 T=0 R=21 B=26 wact=0 zoom=0
@1 handoff %3 57491 1 act=1 22x27 L=23 T=0 R=44 B=26 wact=0 zoom=0
@2 daily-ci-renamed %4 72624 0 act=0 45x13 L=0 T=0 R=44 B=12 wact=1 zoom=1
@2 daily-ci-renamed %5 73003 1 act=1 45x27 L=0 T=0 R=44 B=26 wact=1 zoom=1
@0 smoke 45x27 zoom=1 layout=3e23,45x27,0,0{22x27,0,0,0,22x27,23,0,1}
@1 handoff 45x27 zoom=0 layout=3e2c,45x27,0,0{22x27,0,0,2,22x27,23,0,3}
@2 daily-ci-renamed 45x27 zoom=1 layout=7a15,45x27,0,0[45x13,0,0,4,45x13,0,14,5]
client-71122 unknown 45x flags=attached,focused,control-mode,UTF-8
client-detached[1000] if-shell -F -t "=$0:.%5" "#{window_zoomed_flag}" "resize-pane -Z -t =$0:.%5" ; set-hook -u -t "=$0:" client-detached[1000] ; set-hook -u -t "=$0:" client-session-changed[1000]
client-session-changed[1000] if-shell -F -t "=$0:.%5" "#{window_zoomed_flag}" "resize-pane -Z -t =$0:.%5" ; set-hook -u -t "=$0:" client-detached[1000] ; set-hook -u -t "=$0:" client-session-changed[1000]
--- 15:35:46.038754966
@0 smoke %0 57471 0 act=1 45x27 L=0 T=0 R=44 B=26 wact=0 zoom=1
@0 smoke %1 57475 1 act=0 22x27 L=23 T=0 R=44 B=26 wact=0 zoom=1
@1 handoff %2 57483 0 act=0 22x27 L=0 T=0 R=21 B=26 wact=0 zoom=0
@1 handoff %3 57491 1 act=1 22x27 L=23 T=0 R=44 B=26 wact=0 zoom=0
@2 daily-ci-renamed %4 72624 0 act=0 45x13 L=0 T=0 R=44 B=12 wact=1 zoom=1
@2 daily-ci-renamed %5 73003 1 act=1 45x27 L=0 T=0 R=44 B=26 wact=1 zoom=1
@0 smoke 45x27 zoom=1 layout=3e23,45x27,0,0{22x27,0,0,0,22x27,23,0,1}
@1 handoff 45x27 zoom=0 layout=3e2c,45x27,0,0{22x27,0,0,2,22x27,23,0,3}
@2 daily-ci-renamed 45x27 zoom=1 layout=7a15,45x27,0,0[45x13,0,0,4,45x13,0,14,5]
client-71122 unknown 45x flags=attached,focused,control-mode,UTF-8
client-detached[1000] if-shell -F -t "=$0:.%5" "#{window_zoomed_flag}" "resize-pane -Z -t =$0:.%5" ; set-hook -u -t "=$0:" client-detached[1000] ; set-hook -u -t "=$0:" client-session-changed[1000]
client-session-changed[1000] if-shell -F -t "=$0:.%5" "#{window_zoomed_flag}" "resize-pane -Z -t =$0:.%5" ; set-hook -u -t "=$0:" client-detached[1000] ; set-hook -u -t "=$0:" client-session-changed[1000]
--- 15:35:47.562884832
@0 smoke %0 57471 0 act=1 45x27 L=0 T=0 R=44 B=26 wact=0 zoom=1
@0 smoke %1 57475 1 act=0 22x27 L=23 T=0 R=44 B=26 wact=0 zoom=1
@1 handoff %2 57483 0 act=0 22x27 L=0 T=0 R=21 B=26 wact=0 zoom=0
@1 handoff %3 57491 1 act=1 22x27 L=23 T=0 R=44 B=26 wact=0 zoom=0
@2 daily-ci-renamed %4 72624 0 act=0 45x13 L=0 T=0 R=44 B=12 wact=1 zoom=1
@2 daily-ci-renamed %5 73003 1 act=1 45x27 L=0 T=0 R=44 B=26 wact=1 zoom=1
@0 smoke 45x27 zoom=1 layout=3e23,45x27,0,0{22x27,0,0,0,22x27,23,0,1}
@1 handoff 45x27 zoom=0 layout=3e2c,45x27,0,0{22x27,0,0,2,22x27,23,0,3}
@2 daily-ci-renamed 45x27 zoom=1 layout=7a15,45x27,0,0[45x13,0,0,4,45x13,0,14,5]
client-71122 unknown 45x flags=attached,focused,control-mode,UTF-8
client-detached[1000] if-shell -F -t "=$0:.%5" "#{window_zoomed_flag}" "resize-pane -Z -t =$0:.%5" ; set-hook -u -t "=$0:" client-detached[1000] ; set-hook -u -t "=$0:" client-session-changed[1000]
client-session-changed[1000] if-shell -F -t "=$0:.%5" "#{window_zoomed_flag}" "resize-pane -Z -t =$0:.%5" ; set-hook -u -t "=$0:" client-detached[1000] ; set-hook -u -t "=$0:" client-session-changed[1000]
--- 15:35:49.097107581
@0 smoke %0 57471 0 act=1 45x27 L=0 T=0 R=44 B=26 wact=0 zoom=1
@0 smoke %1 57475 1 act=0 22x27 L=23 T=0 R=44 B=26 wact=0 zoom=1
@1 handoff %2 57483 0 act=0 22x27 L=0 T=0 R=21 B=26 wact=0 zoom=0
@1 handoff %3 57491 1 act=1 22x27 L=23 T=0 R=44 B=26 wact=0 zoom=0
@2 daily-ci-renamed %4 72624 0 act=0 45x13 L=0 T=0 R=44 B=12 wact=1 zoom=1
@2 daily-ci-renamed %5 73003 1 act=1 45x27 L=0 T=0 R=44 B=26 wact=1 zoom=1
@0 smoke 45x27 zoom=1 layout=3e23,45x27,0,0{22x27,0,0,0,22x27,23,0,1}
@1 handoff 45x27 zoom=0 layout=3e2c,45x27,0,0{22x27,0,0,2,22x27,23,0,3}
@2 daily-ci-renamed 45x27 zoom=1 layout=7a15,45x27,0,0[45x13,0,0,4,45x13,0,14,5]
client-71122 unknown 45x flags=attached,focused,control-mode,UTF-8
client-detached[1000] if-shell -F -t "=$0:.%5" "#{window_zoomed_flag}" "resize-pane -Z -t =$0:.%5" ; set-hook -u -t "=$0:" client-detached[1000] ; set-hook -u -t "=$0:" client-session-changed[1000]
client-session-changed[1000] if-shell -F -t "=$0:.%5" "#{window_zoomed_flag}" "resize-pane -Z -t =$0:.%5" ; set-hook -u -t "=$0:" client-detached[1000] ; set-hook -u -t "=$0:" client-session-changed[1000]
--- 15:35:50.634781752
@0 smoke %0 57471 0 act=1 45x27 L=0 T=0 R=44 B=26 wact=0 zoom=1
@0 smoke %1 57475 1 act=0 22x27 L=23 T=0 R=44 B=26 wact=0 zoom=1
@1 handoff %2 57483 0 act=0 22x27 L=0 T=0 R=21 B=26 wact=0 zoom=0
@1 handoff %3 57491 1 act=1 22x27 L=23 T=0 R=44 B=26 wact=0 zoom=0
@2 daily-ci-renamed %4 72624 0 act=0 45x13 L=0 T=0 R=44 B=12 wact=1 zoom=1
@2 daily-ci-renamed %5 73003 1 act=1 45x27 L=0 T=0 R=44 B=26 wact=1 zoom=1
@0 smoke 45x27 zoom=1 layout=3e23,45x27,0,0{22x27,0,0,0,22x27,23,0,1}
@1 handoff 45x27 zoom=0 layout=3e2c,45x27,0,0{22x27,0,0,2,22x27,23,0,3}
@2 daily-ci-renamed 45x27 zoom=1 layout=7a15,45x27,0,0[45x13,0,0,4,45x13,0,14,5]
client-71122 unknown 45x flags=attached,focused,control-mode,UTF-8
client-detached[1000] if-shell -F -t "=$0:.%5" "#{window_zoomed_flag}" "resize-pane -Z -t =$0:.%5" ; set-hook -u -t "=$0:" client-detached[1000] ; set-hook -u -t "=$0:" client-session-changed[1000]
client-session-changed[1000] if-shell -F -t "=$0:.%5" "#{window_zoomed_flag}" "resize-pane -Z -t =$0:.%5" ; set-hook -u -t "=$0:" client-detached[1000] ; set-hook -u -t "=$0:" client-session-changed[1000]
--- 15:35:52.166549578
@0 smoke %0 57471 0 act=1 45x27 L=0 T=0 R=44 B=26 wact=0 zoom=1
@0 smoke %1 57475 1 act=0 22x27 L=23 T=0 R=44 B=26 wact=0 zoom=1
@1 handoff %2 57483 0 act=0 22x27 L=0 T=0 R=21 B=26 wact=0 zoom=0
@1 handoff %3 57491 1 act=1 22x27 L=23 T=0 R=44 B=26 wact=0 zoom=0
@2 daily-ci-renamed %4 72624 0 act=0 45x13 L=0 T=0 R=44 B=12 wact=1 zoom=1
@2 daily-ci-renamed %5 73003 1 act=1 45x27 L=0 T=0 R=44 B=26 wact=1 zoom=1
@0 smoke 45x27 zoom=1 layout=3e23,45x27,0,0{22x27,0,0,0,22x27,23,0,1}
@1 handoff 45x27 zoom=0 layout=3e2c,45x27,0,0{22x27,0,0,2,22x27,23,0,3}
@2 daily-ci-renamed 45x27 zoom=1 layout=7a15,45x27,0,0[45x13,0,0,4,45x13,0,14,5]
client-71122 unknown 45x flags=attached,focused,control-mode,UTF-8
client-detached[1000] if-shell -F -t "=$0:.%5" "#{window_zoomed_flag}" "resize-pane -Z -t =$0:.%5" ; set-hook -u -t "=$0:" client-detached[1000] ; set-hook -u -t "=$0:" client-session-changed[1000]
client-session-changed[1000] if-shell -F -t "=$0:.%5" "#{window_zoomed_flag}" "resize-pane -Z -t =$0:.%5" ; set-hook -u -t "=$0:" client-detached[1000] ; set-hook -u -t "=$0:" client-session-changed[1000]
--- 15:35:53.690852362
@0 smoke %0 57471 0 act=1 45x27 L=0 T=0 R=44 B=26 wact=0 zoom=1
@0 smoke %1 57475 1 act=0 22x27 L=23 T=0 R=44 B=26 wact=0 zoom=1
@1 handoff %2 57483 0 act=0 22x27 L=0 T=0 R=21 B=26 wact=0 zoom=0
@1 handoff %3 57491 1 act=1 22x27 L=23 T=0 R=44 B=26 wact=0 zoom=0
@2 daily-ci-renamed %4 72624 0 act=0 45x13 L=0 T=0 R=44 B=12 wact=1 zoom=1
@2 daily-ci-renamed %5 73003 1 act=1 45x27 L=0 T=0 R=44 B=26 wact=1 zoom=1
@0 smoke 45x27 zoom=1 layout=3e23,45x27,0,0{22x27,0,0,0,22x27,23,0,1}
@1 handoff 45x27 zoom=0 layout=3e2c,45x27,0,0{22x27,0,0,2,22x27,23,0,3}
@2 daily-ci-renamed 45x27 zoom=1 layout=7a15,45x27,0,0[45x13,0,0,4,45x13,0,14,5]
client-71122 unknown 45x flags=attached,focused,control-mode,UTF-8
client-detached[1000] if-shell -F -t "=$0:.%5" "#{window_zoomed_flag}" "resize-pane -Z -t =$0:.%5" ; set-hook -u -t "=$0:" client-detached[1000] ; set-hook -u -t "=$0:" client-session-changed[1000]
client-session-changed[1000] if-shell -F -t "=$0:.%5" "#{window_zoomed_flag}" "resize-pane -Z -t =$0:.%5" ; set-hook -u -t "=$0:" client-detached[1000] ; set-hook -u -t "=$0:" client-session-changed[1000]
--- 15:35:55.225105039
@0 smoke %0 57471 0 act=1 45x27 L=0 T=0 R=44 B=26 wact=0 zoom=1
@0 smoke %1 57475 1 act=0 22x27 L=23 T=0 R=44 B=26 wact=0 zoom=1
@1 handoff %2 57483 0 act=0 22x27 L=0 T=0 R=21 B=26 wact=0 zoom=0
@1 handoff %3 57491 1 act=1 22x27 L=23 T=0 R=44 B=26 wact=0 zoom=0
@2 daily-ci-renamed %4 72624 0 act=0 45x13 L=0 T=0 R=44 B=12 wact=1 zoom=1
@2 daily-ci-renamed %5 73003 1 act=1 45x27 L=0 T=0 R=44 B=26 wact=1 zoom=1
@0 smoke 45x27 zoom=1 layout=3e23,45x27,0,0{22x27,0,0,0,22x27,23,0,1}
@1 handoff 45x27 zoom=0 layout=3e2c,45x27,0,0{22x27,0,0,2,22x27,23,0,3}
@2 daily-ci-renamed 45x27 zoom=1 layout=7a15,45x27,0,0[45x13,0,0,4,45x13,0,14,5]
client-71122 unknown 45x flags=attached,focused,control-mode,UTF-8
client-detached[1000] if-shell -F -t "=$0:.%5" "#{window_zoomed_flag}" "resize-pane -Z -t =$0:.%5" ; set-hook -u -t "=$0:" client-detached[1000] ; set-hook -u -t "=$0:" client-session-changed[1000]
client-session-changed[1000] if-shell -F -t "=$0:.%5" "#{window_zoomed_flag}" "resize-pane -Z -t =$0:.%5" ; set-hook -u -t "=$0:" client-detached[1000] ; set-hook -u -t "=$0:" client-session-changed[1000]
--- 15:35:56.745086280
@0 smoke %0 57471 0 act=1 45x27 L=0 T=0 R=44 B=26 wact=0 zoom=1
@0 smoke %1 57475 1 act=0 22x27 L=23 T=0 R=44 B=26 wact=0 zoom=1
@1 handoff %2 57483 0 act=0 22x27 L=0 T=0 R=21 B=26 wact=0 zoom=0
@1 handoff %3 57491 1 act=1 22x27 L=23 T=0 R=44 B=26 wact=0 zoom=0
@2 daily-ci-renamed %4 72624 0 act=0 45x13 L=0 T=0 R=44 B=12 wact=1 zoom=1
@2 daily-ci-renamed %5 73003 1 act=1 45x27 L=0 T=0 R=44 B=26 wact=1 zoom=1
@0 smoke 45x27 zoom=1 layout=3e23,45x27,0,0{22x27,0,0,0,22x27,23,0,1}
@1 handoff 45x27 zoom=0 layout=3e2c,45x27,0,0{22x27,0,0,2,22x27,23,0,3}
@2 daily-ci-renamed 45x27 zoom=1 layout=7a15,45x27,0,0[45x13,0,0,4,45x13,0,14,5]
client-71122 unknown 45x flags=attached,focused,control-mode,UTF-8
client-detached[1000] if-shell -F -t "=$0:.%5" "#{window_zoomed_flag}" "resize-pane -Z -t =$0:.%5" ; set-hook -u -t "=$0:" client-detached[1000] ; set-hook -u -t "=$0:" client-session-changed[1000]
client-session-changed[1000] if-shell -F -t "=$0:.%5" "#{window_zoomed_flag}" "resize-pane -Z -t =$0:.%5" ; set-hook -u -t "=$0:" client-detached[1000] ; set-hook -u -t "=$0:" client-session-changed[1000]
--- 15:35:58.271901518
@0 smoke %0 57471 0 act=1 45x27 L=0 T=0 R=44 B=26 wact=0 zoom=1
@0 smoke %1 57475 1 act=0 22x27 L=23 T=0 R=44 B=26 wact=0 zoom=1
@1 handoff %2 57483 0 act=0 22x27 L=0 T=0 R=21 B=26 wact=0 zoom=0
@1 handoff %3 57491 1 act=1 22x27 L=23 T=0 R=44 B=26 wact=0 zoom=0
@2 daily-ci-renamed %4 72624 0 act=0 45x13 L=0 T=0 R=44 B=12 wact=1 zoom=1
@2 daily-ci-renamed %5 73003 1 act=1 45x27 L=0 T=0 R=44 B=26 wact=1 zoom=1
@0 smoke 45x27 zoom=1 layout=3e23,45x27,0,0{22x27,0,0,0,22x27,23,0,1}
@1 handoff 45x27 zoom=0 layout=3e2c,45x27,0,0{22x27,0,0,2,22x27,23,0,3}
@2 daily-ci-renamed 45x27 zoom=1 layout=7a15,45x27,0,0[45x13,0,0,4,45x13,0,14,5]
client-71122 unknown 45x flags=attached,focused,control-mode,UTF-8
client-detached[1000] if-shell -F -t "=$0:.%5" "#{window_zoomed_flag}" "resize-pane -Z -t =$0:.%5" ; set-hook -u -t "=$0:" client-detached[1000] ; set-hook -u -t "=$0:" client-session-changed[1000]
client-session-changed[1000] if-shell -F -t "=$0:.%5" "#{window_zoomed_flag}" "resize-pane -Z -t =$0:.%5" ; set-hook -u -t "=$0:" client-detached[1000] ; set-hook -u -t "=$0:" client-session-changed[1000]
--- 15:35:59.785211424
@0 smoke %0 57471 0 act=1 45x27 L=0 T=0 R=44 B=26 wact=0 zoom=1
@0 smoke %1 57475 1 act=0 22x27 L=23 T=0 R=44 B=26 wact=0 zoom=1
@1 handoff %2 57483 0 act=0 22x27 L=0 T=0 R=21 B=26 wact=0 zoom=0
@1 handoff %3 57491 1 act=1 22x27 L=23 T=0 R=44 B=26 wact=0 zoom=0
@2 daily-ci-renamed %4 72624 0 act=0 45x13 L=0 T=0 R=44 B=12 wact=1 zoom=1
@2 daily-ci-renamed %5 73003 1 act=1 45x27 L=0 T=0 R=44 B=26 wact=1 zoom=1
@0 smoke 45x27 zoom=1 layout=3e23,45x27,0,0{22x27,0,0,0,22x27,23,0,1}
@1 handoff 45x27 zoom=0 layout=3e2c,45x27,0,0{22x27,0,0,2,22x27,23,0,3}
@2 daily-ci-renamed 45x27 zoom=1 layout=7a15,45x27,0,0[45x13,0,0,4,45x13,0,14,5]
client-71122 unknown 45x flags=attached,focused,control-mode,UTF-8
client-detached[1000] if-shell -F -t "=$0:.%5" "#{window_zoomed_flag}" "resize-pane -Z -t =$0:.%5" ; set-hook -u -t "=$0:" client-detached[1000] ; set-hook -u -t "=$0:" client-session-changed[1000]
client-session-changed[1000] if-shell -F -t "=$0:.%5" "#{window_zoomed_flag}" "resize-pane -Z -t =$0:.%5" ; set-hook -u -t "=$0:" client-detached[1000] ; set-hook -u -t "=$0:" client-session-changed[1000]
--- 15:36:01.299472923
@0 smoke %0 57471 0 act=1 45x27 L=0 T=0 R=44 B=26 wact=0 zoom=1
@0 smoke %1 57475 1 act=0 22x27 L=23 T=0 R=44 B=26 wact=0 zoom=1
@1 handoff %2 57483 0 act=0 22x27 L=0 T=0 R=21 B=26 wact=0 zoom=0
@1 handoff %3 57491 1 act=1 22x27 L=23 T=0 R=44 B=26 wact=0 zoom=0
@2 daily-ci-renamed %4 72624 0 act=0 45x13 L=0 T=0 R=44 B=12 wact=1 zoom=1
@2 daily-ci-renamed %5 73003 1 act=1 45x27 L=0 T=0 R=44 B=26 wact=1 zoom=1
@0 smoke 45x27 zoom=1 layout=3e23,45x27,0,0{22x27,0,0,0,22x27,23,0,1}
@1 handoff 45x27 zoom=0 layout=3e2c,45x27,0,0{22x27,0,0,2,22x27,23,0,3}
@2 daily-ci-renamed 45x27 zoom=1 layout=7a15,45x27,0,0[45x13,0,0,4,45x13,0,14,5]
client-71122 unknown 45x flags=attached,focused,control-mode,UTF-8
client-detached[1000] if-shell -F -t "=$0:.%5" "#{window_zoomed_flag}" "resize-pane -Z -t =$0:.%5" ; set-hook -u -t "=$0:" client-detached[1000] ; set-hook -u -t "=$0:" client-session-changed[1000]
client-session-changed[1000] if-shell -F -t "=$0:.%5" "#{window_zoomed_flag}" "resize-pane -Z -t =$0:.%5" ; set-hook -u -t "=$0:" client-detached[1000] ; set-hook -u -t "=$0:" client-session-changed[1000]
--- 15:36:02.822121007
@0 smoke %0 57471 0 act=1 45x14 L=0 T=0 R=44 B=13 wact=0 zoom=1
@0 smoke %1 57475 1 act=0 22x14 L=23 T=0 R=44 B=13 wact=0 zoom=1
@1 handoff %2 57483 0 act=0 22x14 L=0 T=0 R=21 B=13 wact=0 zoom=0
@1 handoff %3 57491 1 act=1 22x14 L=23 T=0 R=44 B=13 wact=0 zoom=0
@2 daily-ci-renamed %4 72624 0 act=0 45x6 L=0 T=0 R=44 B=5 wact=1 zoom=1
@2 daily-ci-renamed %5 73003 1 act=1 45x14 L=0 T=0 R=44 B=13 wact=1 zoom=1
@0 smoke 45x14 zoom=1 layout=0295,45x14,0,0{22x14,0,0,0,22x14,23,0,1}
@1 handoff 45x14 zoom=0 layout=029e,45x14,0,0{22x14,0,0,2,22x14,23,0,3}
@2 daily-ci-renamed 45x14 zoom=1 layout=033d,45x14,0,0[45x6,0,0,4,45x7,0,7,5]
client-71122 unknown 45x flags=attached,focused,control-mode,UTF-8
client-detached[1000] if-shell -F -t "=$0:.%5" "#{window_zoomed_flag}" "resize-pane -Z -t =$0:.%5" ; set-hook -u -t "=$0:" client-detached[1000] ; set-hook -u -t "=$0:" client-session-changed[1000]
client-session-changed[1000] if-shell -F -t "=$0:.%5" "#{window_zoomed_flag}" "resize-pane -Z -t =$0:.%5" ; set-hook -u -t "=$0:" client-detached[1000] ; set-hook -u -t "=$0:" client-session-changed[1000]
--- 15:36:04.347861082
@0 smoke %0 57471 0 act=1 45x14 L=0 T=0 R=44 B=13 wact=0 zoom=1
@0 smoke %1 57475 1 act=0 22x14 L=23 T=0 R=44 B=13 wact=0 zoom=1
@1 handoff %2 57483 0 act=0 22x14 L=0 T=0 R=21 B=13 wact=0 zoom=0
@1 handoff %3 57491 1 act=1 22x14 L=23 T=0 R=44 B=13 wact=0 zoom=0
@2 daily-ci-renamed %4 72624 0 act=0 45x6 L=0 T=0 R=44 B=5 wact=1 zoom=1
@2 daily-ci-renamed %5 73003 1 act=1 45x14 L=0 T=0 R=44 B=13 wact=1 zoom=1
@0 smoke 45x14 zoom=1 layout=0295,45x14,0,0{22x14,0,0,0,22x14,23,0,1}
@1 handoff 45x14 zoom=0 layout=029e,45x14,0,0{22x14,0,0,2,22x14,23,0,3}
@2 daily-ci-renamed 45x14 zoom=1 layout=033d,45x14,0,0[45x6,0,0,4,45x7,0,7,5]
client-71122 unknown 45x flags=attached,focused,control-mode,UTF-8
client-detached[1000] if-shell -F -t "=$0:.%5" "#{window_zoomed_flag}" "resize-pane -Z -t =$0:.%5" ; set-hook -u -t "=$0:" client-detached[1000] ; set-hook -u -t "=$0:" client-session-changed[1000]
client-session-changed[1000] if-shell -F -t "=$0:.%5" "#{window_zoomed_flag}" "resize-pane -Z -t =$0:.%5" ; set-hook -u -t "=$0:" client-detached[1000] ; set-hook -u -t "=$0:" client-session-changed[1000]
--- 15:36:05.887384599
@0 smoke %0 57471 0 act=1 45x14 L=0 T=0 R=44 B=13 wact=0 zoom=1
@0 smoke %1 57475 1 act=0 22x14 L=23 T=0 R=44 B=13 wact=0 zoom=1
@1 handoff %2 57483 0 act=0 22x14 L=0 T=0 R=21 B=13 wact=0 zoom=0
@1 handoff %3 57491 1 act=1 22x14 L=23 T=0 R=44 B=13 wact=0 zoom=0
@2 daily-ci-renamed %4 72624 0 act=0 45x6 L=0 T=0 R=44 B=5 wact=1 zoom=1
@2 daily-ci-renamed %5 73003 1 act=1 45x14 L=0 T=0 R=44 B=13 wact=1 zoom=1
@0 smoke 45x14 zoom=1 layout=0295,45x14,0,0{22x14,0,0,0,22x14,23,0,1}
@1 handoff 45x14 zoom=0 layout=029e,45x14,0,0{22x14,0,0,2,22x14,23,0,3}
@2 daily-ci-renamed 45x14 zoom=1 layout=033d,45x14,0,0[45x6,0,0,4,45x7,0,7,5]
client-71122 unknown 45x flags=attached,focused,control-mode,UTF-8
client-detached[1000] if-shell -F -t "=$0:.%5" "#{window_zoomed_flag}" "resize-pane -Z -t =$0:.%5" ; set-hook -u -t "=$0:" client-detached[1000] ; set-hook -u -t "=$0:" client-session-changed[1000]
client-session-changed[1000] if-shell -F -t "=$0:.%5" "#{window_zoomed_flag}" "resize-pane -Z -t =$0:.%5" ; set-hook -u -t "=$0:" client-detached[1000] ; set-hook -u -t "=$0:" client-session-changed[1000]
--- 15:36:07.420041988
@0 smoke %0 57471 0 act=1 45x14 L=0 T=0 R=44 B=13 wact=0 zoom=1
@0 smoke %1 57475 1 act=0 22x14 L=23 T=0 R=44 B=13 wact=0 zoom=1
@1 handoff %2 57483 0 act=0 22x14 L=0 T=0 R=21 B=13 wact=0 zoom=0
@1 handoff %3 57491 1 act=1 22x14 L=23 T=0 R=44 B=13 wact=0 zoom=0
@2 daily-ci-renamed %4 72624 0 act=0 45x6 L=0 T=0 R=44 B=5 wact=1 zoom=1
@2 daily-ci-renamed %5 73003 1 act=1 45x14 L=0 T=0 R=44 B=13 wact=1 zoom=1
@0 smoke 45x14 zoom=1 layout=0295,45x14,0,0{22x14,0,0,0,22x14,23,0,1}
@1 handoff 45x14 zoom=0 layout=029e,45x14,0,0{22x14,0,0,2,22x14,23,0,3}
@2 daily-ci-renamed 45x14 zoom=1 layout=033d,45x14,0,0[45x6,0,0,4,45x7,0,7,5]
client-71122 unknown 45x flags=attached,focused,control-mode,UTF-8
client-detached[1000] if-shell -F -t "=$0:.%5" "#{window_zoomed_flag}" "resize-pane -Z -t =$0:.%5" ; set-hook -u -t "=$0:" client-detached[1000] ; set-hook -u -t "=$0:" client-session-changed[1000]
client-session-changed[1000] if-shell -F -t "=$0:.%5" "#{window_zoomed_flag}" "resize-pane -Z -t =$0:.%5" ; set-hook -u -t "=$0:" client-detached[1000] ; set-hook -u -t "=$0:" client-session-changed[1000]
--- 15:36:08.933929420
@0 smoke %0 57471 0 act=1 45x14 L=0 T=0 R=44 B=13 wact=0 zoom=1
@0 smoke %1 57475 1 act=0 22x14 L=23 T=0 R=44 B=13 wact=0 zoom=1
@1 handoff %2 57483 0 act=0 22x14 L=0 T=0 R=21 B=13 wact=0 zoom=0
@1 handoff %3 57491 1 act=1 22x14 L=23 T=0 R=44 B=13 wact=0 zoom=0
@2 daily-ci-renamed %4 72624 0 act=0 45x6 L=0 T=0 R=44 B=5 wact=1 zoom=1
@2 daily-ci-renamed %5 73003 1 act=1 45x14 L=0 T=0 R=44 B=13 wact=1 zoom=1
@0 smoke 45x14 zoom=1 layout=0295,45x14,0,0{22x14,0,0,0,22x14,23,0,1}
@1 handoff 45x14 zoom=0 layout=029e,45x14,0,0{22x14,0,0,2,22x14,23,0,3}
@2 daily-ci-renamed 45x14 zoom=1 layout=033d,45x14,0,0[45x6,0,0,4,45x7,0,7,5]
client-71122 unknown 45x flags=attached,focused,control-mode,UTF-8
client-detached[1000] if-shell -F -t "=$0:.%5" "#{window_zoomed_flag}" "resize-pane -Z -t =$0:.%5" ; set-hook -u -t "=$0:" client-detached[1000] ; set-hook -u -t "=$0:" client-session-changed[1000]
client-session-changed[1000] if-shell -F -t "=$0:.%5" "#{window_zoomed_flag}" "resize-pane -Z -t =$0:.%5" ; set-hook -u -t "=$0:" client-detached[1000] ; set-hook -u -t "=$0:" client-session-changed[1000]
--- 15:36:10.447169389
@0 smoke %0 57471 0 act=1 45x14 L=0 T=0 R=44 B=13 wact=0 zoom=1
@0 smoke %1 57475 1 act=0 22x14 L=23 T=0 R=44 B=13 wact=0 zoom=1
@1 handoff %2 57483 0 act=0 22x14 L=0 T=0 R=21 B=13 wact=0 zoom=0
@1 handoff %3 57491 1 act=1 22x14 L=23 T=0 R=44 B=13 wact=0 zoom=0
@2 daily-ci-renamed %4 72624 0 act=0 45x6 L=0 T=0 R=44 B=5 wact=1 zoom=1
@2 daily-ci-renamed %5 73003 1 act=1 45x14 L=0 T=0 R=44 B=13 wact=1 zoom=1
@0 smoke 45x14 zoom=1 layout=0295,45x14,0,0{22x14,0,0,0,22x14,23,0,1}
@1 handoff 45x14 zoom=0 layout=029e,45x14,0,0{22x14,0,0,2,22x14,23,0,3}
@2 daily-ci-renamed 45x14 zoom=1 layout=033d,45x14,0,0[45x6,0,0,4,45x7,0,7,5]
client-71122 unknown 45x flags=attached,focused,control-mode,UTF-8
client-detached[1000] if-shell -F -t "=$0:.%5" "#{window_zoomed_flag}" "resize-pane -Z -t =$0:.%5" ; set-hook -u -t "=$0:" client-detached[1000] ; set-hook -u -t "=$0:" client-session-changed[1000]
client-session-changed[1000] if-shell -F -t "=$0:.%5" "#{window_zoomed_flag}" "resize-pane -Z -t =$0:.%5" ; set-hook -u -t "=$0:" client-detached[1000] ; set-hook -u -t "=$0:" client-session-changed[1000]
--- 15:36:11.961345217
@0 smoke %0 57471 0 act=1 45x14 L=0 T=0 R=44 B=13 wact=0 zoom=1
@0 smoke %1 57475 1 act=0 22x14 L=23 T=0 R=44 B=13 wact=0 zoom=1
@1 handoff %2 57483 0 act=0 22x14 L=0 T=0 R=21 B=13 wact=0 zoom=0
@1 handoff %3 57491 1 act=1 22x14 L=23 T=0 R=44 B=13 wact=0 zoom=0
@2 daily-ci-renamed %4 72624 0 act=0 45x6 L=0 T=0 R=44 B=5 wact=1 zoom=1
@2 daily-ci-renamed %5 73003 1 act=1 45x14 L=0 T=0 R=44 B=13 wact=1 zoom=1
@0 smoke 45x14 zoom=1 layout=0295,45x14,0,0{22x14,0,0,0,22x14,23,0,1}
@1 handoff 45x14 zoom=0 layout=029e,45x14,0,0{22x14,0,0,2,22x14,23,0,3}
@2 daily-ci-renamed 45x14 zoom=1 layout=033d,45x14,0,0[45x6,0,0,4,45x7,0,7,5]
client-71122 unknown 45x flags=attached,focused,control-mode,UTF-8
client-detached[1000] if-shell -F -t "=$0:.%5" "#{window_zoomed_flag}" "resize-pane -Z -t =$0:.%5" ; set-hook -u -t "=$0:" client-detached[1000] ; set-hook -u -t "=$0:" client-session-changed[1000]
client-session-changed[1000] if-shell -F -t "=$0:.%5" "#{window_zoomed_flag}" "resize-pane -Z -t =$0:.%5" ; set-hook -u -t "=$0:" client-detached[1000] ; set-hook -u -t "=$0:" client-session-changed[1000]
--- 15:36:13.475760805
@0 smoke %0 57471 0 act=1 45x14 L=0 T=0 R=44 B=13 wact=0 zoom=1
@0 smoke %1 57475 1 act=0 22x14 L=23 T=0 R=44 B=13 wact=0 zoom=1
@1 handoff %2 57483 0 act=0 22x14 L=0 T=0 R=21 B=13 wact=0 zoom=0
@1 handoff %3 57491 1 act=1 22x14 L=23 T=0 R=44 B=13 wact=0 zoom=0
@2 daily-ci-renamed %4 72624 0 act=0 45x6 L=0 T=0 R=44 B=5 wact=1 zoom=1
@2 daily-ci-renamed %5 73003 1 act=1 45x14 L=0 T=0 R=44 B=13 wact=1 zoom=1
@0 smoke 45x14 zoom=1 layout=0295,45x14,0,0{22x14,0,0,0,22x14,23,0,1}
@1 handoff 45x14 zoom=0 layout=029e,45x14,0,0{22x14,0,0,2,22x14,23,0,3}
@2 daily-ci-renamed 45x14 zoom=1 layout=033d,45x14,0,0[45x6,0,0,4,45x7,0,7,5]
client-71122 unknown 45x flags=attached,focused,control-mode,UTF-8
client-detached[1000] if-shell -F -t "=$0:.%5" "#{window_zoomed_flag}" "resize-pane -Z -t =$0:.%5" ; set-hook -u -t "=$0:" client-detached[1000] ; set-hook -u -t "=$0:" client-session-changed[1000]
client-session-changed[1000] if-shell -F -t "=$0:.%5" "#{window_zoomed_flag}" "resize-pane -Z -t =$0:.%5" ; set-hook -u -t "=$0:" client-detached[1000] ; set-hook -u -t "=$0:" client-session-changed[1000]
--- 15:36:14.989457844
@0 smoke %0 57471 0 act=1 45x14 L=0 T=0 R=44 B=13 wact=0 zoom=1
@0 smoke %1 57475 1 act=0 22x14 L=23 T=0 R=44 B=13 wact=0 zoom=1
@1 handoff %2 57483 0 act=0 22x14 L=0 T=0 R=21 B=13 wact=0 zoom=0
@1 handoff %3 57491 1 act=1 22x14 L=23 T=0 R=44 B=13 wact=0 zoom=0
@2 daily-ci-renamed %4 72624 0 act=0 45x6 L=0 T=0 R=44 B=5 wact=1 zoom=1
@2 daily-ci-renamed %5 73003 1 act=1 45x14 L=0 T=0 R=44 B=13 wact=1 zoom=1
@0 smoke 45x14 zoom=1 layout=0295,45x14,0,0{22x14,0,0,0,22x14,23,0,1}
@1 handoff 45x14 zoom=0 layout=029e,45x14,0,0{22x14,0,0,2,22x14,23,0,3}
@2 daily-ci-renamed 45x14 zoom=1 layout=033d,45x14,0,0[45x6,0,0,4,45x7,0,7,5]
client-71122 unknown 45x flags=attached,focused,control-mode,UTF-8
client-detached[1000] if-shell -F -t "=$0:.%5" "#{window_zoomed_flag}" "resize-pane -Z -t =$0:.%5" ; set-hook -u -t "=$0:" client-detached[1000] ; set-hook -u -t "=$0:" client-session-changed[1000]
client-session-changed[1000] if-shell -F -t "=$0:.%5" "#{window_zoomed_flag}" "resize-pane -Z -t =$0:.%5" ; set-hook -u -t "=$0:" client-detached[1000] ; set-hook -u -t "=$0:" client-session-changed[1000]
--- 15:36:16.524340718
@0 smoke %0 57471 0 act=1 45x14 L=0 T=0 R=44 B=13 wact=0 zoom=1
@0 smoke %1 57475 1 act=0 22x14 L=23 T=0 R=44 B=13 wact=0 zoom=1
@1 handoff %2 57483 0 act=0 22x14 L=0 T=0 R=21 B=13 wact=0 zoom=0
@1 handoff %3 57491 1 act=1 22x14 L=23 T=0 R=44 B=13 wact=0 zoom=0
@2 daily-ci-renamed %4 72624 0 act=0 45x6 L=0 T=0 R=44 B=5 wact=1 zoom=1
@2 daily-ci-renamed %5 73003 1 act=1 45x14 L=0 T=0 R=44 B=13 wact=1 zoom=1
@0 smoke 45x14 zoom=1 layout=0295,45x14,0,0{22x14,0,0,0,22x14,23,0,1}
@1 handoff 45x14 zoom=0 layout=029e,45x14,0,0{22x14,0,0,2,22x14,23,0,3}
@2 daily-ci-renamed 45x14 zoom=1 layout=033d,45x14,0,0[45x6,0,0,4,45x7,0,7,5]
client-71122 unknown 45x flags=attached,focused,control-mode,UTF-8
client-detached[1000] if-shell -F -t "=$0:.%5" "#{window_zoomed_flag}" "resize-pane -Z -t =$0:.%5" ; set-hook -u -t "=$0:" client-detached[1000] ; set-hook -u -t "=$0:" client-session-changed[1000]
client-session-changed[1000] if-shell -F -t "=$0:.%5" "#{window_zoomed_flag}" "resize-pane -Z -t =$0:.%5" ; set-hook -u -t "=$0:" client-detached[1000] ; set-hook -u -t "=$0:" client-session-changed[1000]
--- 15:36:18.053971335
@0 smoke %0 57471 0 act=1 45x14 L=0 T=0 R=44 B=13 wact=0 zoom=1
@0 smoke %1 57475 1 act=0 22x14 L=23 T=0 R=44 B=13 wact=0 zoom=1
@1 handoff %2 57483 0 act=0 22x14 L=0 T=0 R=21 B=13 wact=0 zoom=0
@1 handoff %3 57491 1 act=1 22x14 L=23 T=0 R=44 B=13 wact=0 zoom=0
@2 daily-ci-renamed %4 72624 0 act=0 45x6 L=0 T=0 R=44 B=5 wact=1 zoom=1
@2 daily-ci-renamed %5 73003 1 act=1 45x14 L=0 T=0 R=44 B=13 wact=1 zoom=1
@0 smoke 45x14 zoom=1 layout=0295,45x14,0,0{22x14,0,0,0,22x14,23,0,1}
@1 handoff 45x14 zoom=0 layout=029e,45x14,0,0{22x14,0,0,2,22x14,23,0,3}
@2 daily-ci-renamed 45x14 zoom=1 layout=033d,45x14,0,0[45x6,0,0,4,45x7,0,7,5]
client-71122 unknown 45x flags=attached,focused,control-mode,UTF-8
client-detached[1000] if-shell -F -t "=$0:.%5" "#{window_zoomed_flag}" "resize-pane -Z -t =$0:.%5" ; set-hook -u -t "=$0:" client-detached[1000] ; set-hook -u -t "=$0:" client-session-changed[1000]
client-session-changed[1000] if-shell -F -t "=$0:.%5" "#{window_zoomed_flag}" "resize-pane -Z -t =$0:.%5" ; set-hook -u -t "=$0:" client-detached[1000] ; set-hook -u -t "=$0:" client-session-changed[1000]
--- 15:36:19.574724248
@0 smoke %0 57471 0 act=1 45x14 L=0 T=0 R=44 B=13 wact=0 zoom=1
@0 smoke %1 57475 1 act=0 22x14 L=23 T=0 R=44 B=13 wact=0 zoom=1
@1 handoff %2 57483 0 act=0 22x14 L=0 T=0 R=21 B=13 wact=0 zoom=0
@1 handoff %3 57491 1 act=1 22x14 L=23 T=0 R=44 B=13 wact=0 zoom=0
@2 daily-ci-renamed %4 72624 0 act=0 45x6 L=0 T=0 R=44 B=5 wact=1 zoom=1
@2 daily-ci-renamed %5 73003 1 act=1 45x14 L=0 T=0 R=44 B=13 wact=1 zoom=1
@0 smoke 45x14 zoom=1 layout=0295,45x14,0,0{22x14,0,0,0,22x14,23,0,1}
@1 handoff 45x14 zoom=0 layout=029e,45x14,0,0{22x14,0,0,2,22x14,23,0,3}
@2 daily-ci-renamed 45x14 zoom=1 layout=033d,45x14,0,0[45x6,0,0,4,45x7,0,7,5]
client-71122 unknown 45x flags=attached,focused,control-mode,UTF-8
client-detached[1000] if-shell -F -t "=$0:.%5" "#{window_zoomed_flag}" "resize-pane -Z -t =$0:.%5" ; set-hook -u -t "=$0:" client-detached[1000] ; set-hook -u -t "=$0:" client-session-changed[1000]
client-session-changed[1000] if-shell -F -t "=$0:.%5" "#{window_zoomed_flag}" "resize-pane -Z -t =$0:.%5" ; set-hook -u -t "=$0:" client-detached[1000] ; set-hook -u -t "=$0:" client-session-changed[1000]
--- 15:36:21.087907273
@0 smoke %0 57471 0 act=1 45x14 L=0 T=0 R=44 B=13 wact=0 zoom=1
@0 smoke %1 57475 1 act=0 22x14 L=23 T=0 R=44 B=13 wact=0 zoom=1
@1 handoff %2 57483 0 act=0 22x14 L=0 T=0 R=21 B=13 wact=0 zoom=0
@1 handoff %3 57491 1 act=1 22x14 L=23 T=0 R=44 B=13 wact=0 zoom=0
@2 daily-ci-renamed %4 72624 0 act=0 45x6 L=0 T=0 R=44 B=5 wact=1 zoom=1
@2 daily-ci-renamed %5 73003 1 act=1 45x14 L=0 T=0 R=44 B=13 wact=1 zoom=1
@0 smoke 45x14 zoom=1 layout=0295,45x14,0,0{22x14,0,0,0,22x14,23,0,1}
@1 handoff 45x14 zoom=0 layout=029e,45x14,0,0{22x14,0,0,2,22x14,23,0,3}
@2 daily-ci-renamed 45x14 zoom=1 layout=033d,45x14,0,0[45x6,0,0,4,45x7,0,7,5]
client-71122 unknown 45x flags=attached,focused,control-mode,UTF-8
client-detached[1000] if-shell -F -t "=$0:.%5" "#{window_zoomed_flag}" "resize-pane -Z -t =$0:.%5" ; set-hook -u -t "=$0:" client-detached[1000] ; set-hook -u -t "=$0:" client-session-changed[1000]
client-session-changed[1000] if-shell -F -t "=$0:.%5" "#{window_zoomed_flag}" "resize-pane -Z -t =$0:.%5" ; set-hook -u -t "=$0:" client-detached[1000] ; set-hook -u -t "=$0:" client-session-changed[1000]
--- 15:36:22.602669016
@0 smoke %0 57471 0 act=1 45x14 L=0 T=0 R=44 B=13 wact=0 zoom=1
@0 smoke %1 57475 1 act=0 22x14 L=23 T=0 R=44 B=13 wact=0 zoom=1
@1 handoff %2 57483 0 act=0 22x14 L=0 T=0 R=21 B=13 wact=0 zoom=0
@1 handoff %3 57491 1 act=1 22x14 L=23 T=0 R=44 B=13 wact=0 zoom=0
@2 daily-ci-renamed %4 72624 0 act=0 45x6 L=0 T=0 R=44 B=5 wact=1 zoom=1
@2 daily-ci-renamed %5 73003 1 act=1 45x14 L=0 T=0 R=44 B=13 wact=1 zoom=1
@0 smoke 45x14 zoom=1 layout=0295,45x14,0,0{22x14,0,0,0,22x14,23,0,1}
@1 handoff 45x14 zoom=0 layout=029e,45x14,0,0{22x14,0,0,2,22x14,23,0,3}
@2 daily-ci-renamed 45x14 zoom=1 layout=033d,45x14,0,0[45x6,0,0,4,45x7,0,7,5]
client-71122 unknown 45x flags=attached,focused,control-mode,UTF-8
client-detached[1000] if-shell -F -t "=$0:.%5" "#{window_zoomed_flag}" "resize-pane -Z -t =$0:.%5" ; set-hook -u -t "=$0:" client-detached[1000] ; set-hook -u -t "=$0:" client-session-changed[1000]
client-session-changed[1000] if-shell -F -t "=$0:.%5" "#{window_zoomed_flag}" "resize-pane -Z -t =$0:.%5" ; set-hook -u -t "=$0:" client-detached[1000] ; set-hook -u -t "=$0:" client-session-changed[1000]
--- 15:36:24.130006379
@0 smoke %0 57471 0 act=1 45x14 L=0 T=0 R=44 B=13 wact=0 zoom=1
@0 smoke %1 57475 1 act=0 22x14 L=23 T=0 R=44 B=13 wact=0 zoom=1
@1 handoff %2 57483 0 act=0 22x14 L=0 T=0 R=21 B=13 wact=0 zoom=0
@1 handoff %3 57491 1 act=1 22x14 L=23 T=0 R=44 B=13 wact=0 zoom=0
@2 daily-ci-renamed %4 72624 0 act=0 45x6 L=0 T=0 R=44 B=5 wact=1 zoom=1
@2 daily-ci-renamed %5 73003 1 act=1 45x14 L=0 T=0 R=44 B=13 wact=1 zoom=1
@0 smoke 45x14 zoom=1 layout=0295,45x14,0,0{22x14,0,0,0,22x14,23,0,1}
@1 handoff 45x14 zoom=0 layout=029e,45x14,0,0{22x14,0,0,2,22x14,23,0,3}
@2 daily-ci-renamed 45x14 zoom=1 layout=033d,45x14,0,0[45x6,0,0,4,45x7,0,7,5]
client-71122 unknown 45x flags=attached,focused,control-mode,UTF-8
client-detached[1000] if-shell -F -t "=$0:.%5" "#{window_zoomed_flag}" "resize-pane -Z -t =$0:.%5" ; set-hook -u -t "=$0:" client-detached[1000] ; set-hook -u -t "=$0:" client-session-changed[1000]
client-session-changed[1000] if-shell -F -t "=$0:.%5" "#{window_zoomed_flag}" "resize-pane -Z -t =$0:.%5" ; set-hook -u -t "=$0:" client-detached[1000] ; set-hook -u -t "=$0:" client-session-changed[1000]
--- 15:36:25.688204134
@0 smoke %0 57471 0 act=1 45x14 L=0 T=0 R=44 B=13 wact=0 zoom=1
@0 smoke %1 57475 1 act=0 22x14 L=23 T=0 R=44 B=13 wact=0 zoom=1
@1 handoff %2 57483 0 act=0 22x14 L=0 T=0 R=21 B=13 wact=0 zoom=0
@1 handoff %3 57491 1 act=1 22x14 L=23 T=0 R=44 B=13 wact=0 zoom=0
@2 daily-ci-renamed %4 72624 0 act=0 45x6 L=0 T=0 R=44 B=5 wact=1 zoom=1
@2 daily-ci-renamed %5 73003 1 act=1 45x14 L=0 T=0 R=44 B=13 wact=1 zoom=1
@0 smoke 45x14 zoom=1 layout=0295,45x14,0,0{22x14,0,0,0,22x14,23,0,1}
@1 handoff 45x14 zoom=0 layout=029e,45x14,0,0{22x14,0,0,2,22x14,23,0,3}
@2 daily-ci-renamed 45x14 zoom=1 layout=033d,45x14,0,0[45x6,0,0,4,45x7,0,7,5]
client-71122 unknown 45x flags=attached,focused,control-mode,UTF-8
client-detached[1000] if-shell -F -t "=$0:.%5" "#{window_zoomed_flag}" "resize-pane -Z -t =$0:.%5" ; set-hook -u -t "=$0:" client-detached[1000] ; set-hook -u -t "=$0:" client-session-changed[1000]
client-session-changed[1000] if-shell -F -t "=$0:.%5" "#{window_zoomed_flag}" "resize-pane -Z -t =$0:.%5" ; set-hook -u -t "=$0:" client-detached[1000] ; set-hook -u -t "=$0:" client-session-changed[1000]
--- 15:36:27.207963930
@0 smoke %0 57471 0 act=1 45x14 L=0 T=0 R=44 B=13 wact=0 zoom=1
@0 smoke %1 57475 1 act=0 22x14 L=23 T=0 R=44 B=13 wact=0 zoom=1
@1 handoff %2 57483 0 act=0 22x14 L=0 T=0 R=21 B=13 wact=0 zoom=0
@1 handoff %3 57491 1 act=1 22x14 L=23 T=0 R=44 B=13 wact=0 zoom=0
@2 daily-ci-renamed %4 72624 0 act=0 45x6 L=0 T=0 R=44 B=5 wact=1 zoom=1
@2 daily-ci-renamed %5 73003 1 act=1 45x14 L=0 T=0 R=44 B=13 wact=1 zoom=1
@0 smoke 45x14 zoom=1 layout=0295,45x14,0,0{22x14,0,0,0,22x14,23,0,1}
@1 handoff 45x14 zoom=0 layout=029e,45x14,0,0{22x14,0,0,2,22x14,23,0,3}
@2 daily-ci-renamed 45x14 zoom=1 layout=033d,45x14,0,0[45x6,0,0,4,45x7,0,7,5]
client-71122 unknown 45x flags=attached,focused,control-mode,UTF-8
client-detached[1000] if-shell -F -t "=$0:.%5" "#{window_zoomed_flag}" "resize-pane -Z -t =$0:.%5" ; set-hook -u -t "=$0:" client-detached[1000] ; set-hook -u -t "=$0:" client-session-changed[1000]
client-session-changed[1000] if-shell -F -t "=$0:.%5" "#{window_zoomed_flag}" "resize-pane -Z -t =$0:.%5" ; set-hook -u -t "=$0:" client-detached[1000] ; set-hook -u -t "=$0:" client-session-changed[1000]
--- 15:36:28.731556244
@0 smoke %0 57471 0 act=1 45x14 L=0 T=0 R=44 B=13 wact=0 zoom=1
@0 smoke %1 57475 1 act=0 22x14 L=23 T=0 R=44 B=13 wact=0 zoom=1
@1 handoff %2 57483 0 act=0 22x14 L=0 T=0 R=21 B=13 wact=0 zoom=0
@1 handoff %3 57491 1 act=1 22x14 L=23 T=0 R=44 B=13 wact=0 zoom=0
@2 daily-ci-renamed %4 72624 0 act=0 45x6 L=0 T=0 R=44 B=5 wact=1 zoom=1
@2 daily-ci-renamed %5 73003 1 act=1 45x14 L=0 T=0 R=44 B=13 wact=1 zoom=1
@0 smoke 45x14 zoom=1 layout=0295,45x14,0,0{22x14,0,0,0,22x14,23,0,1}
@1 handoff 45x14 zoom=0 layout=029e,45x14,0,0{22x14,0,0,2,22x14,23,0,3}
@2 daily-ci-renamed 45x14 zoom=1 layout=033d,45x14,0,0[45x6,0,0,4,45x7,0,7,5]
client-71122 unknown 45x flags=attached,focused,control-mode,UTF-8
client-detached[1000] if-shell -F -t "=$0:.%5" "#{window_zoomed_flag}" "resize-pane -Z -t =$0:.%5" ; set-hook -u -t "=$0:" client-detached[1000] ; set-hook -u -t "=$0:" client-session-changed[1000]
client-session-changed[1000] if-shell -F -t "=$0:.%5" "#{window_zoomed_flag}" "resize-pane -Z -t =$0:.%5" ; set-hook -u -t "=$0:" client-detached[1000] ; set-hook -u -t "=$0:" client-session-changed[1000]
--- 15:36:30.247228600
@0 smoke %0 57471 0 act=1 45x14 L=0 T=0 R=44 B=13 wact=0 zoom=1
@0 smoke %1 57475 1 act=0 22x14 L=23 T=0 R=44 B=13 wact=0 zoom=1
@1 handoff %2 57483 0 act=0 22x14 L=0 T=0 R=21 B=13 wact=0 zoom=0
@1 handoff %3 57491 1 act=1 22x14 L=23 T=0 R=44 B=13 wact=0 zoom=0
@2 daily-ci-renamed %4 72624 0 act=0 45x6 L=0 T=0 R=44 B=5 wact=1 zoom=1
@2 daily-ci-renamed %5 73003 1 act=1 45x14 L=0 T=0 R=44 B=13 wact=1 zoom=1
@0 smoke 45x14 zoom=1 layout=0295,45x14,0,0{22x14,0,0,0,22x14,23,0,1}
@1 handoff 45x14 zoom=0 layout=029e,45x14,0,0{22x14,0,0,2,22x14,23,0,3}
@2 daily-ci-renamed 45x14 zoom=1 layout=033d,45x14,0,0[45x6,0,0,4,45x7,0,7,5]
client-71122 unknown 45x flags=attached,focused,control-mode,UTF-8
client-detached[1000] if-shell -F -t "=$0:.%5" "#{window_zoomed_flag}" "resize-pane -Z -t =$0:.%5" ; set-hook -u -t "=$0:" client-detached[1000] ; set-hook -u -t "=$0:" client-session-changed[1000]
client-session-changed[1000] if-shell -F -t "=$0:.%5" "#{window_zoomed_flag}" "resize-pane -Z -t =$0:.%5" ; set-hook -u -t "=$0:" client-detached[1000] ; set-hook -u -t "=$0:" client-session-changed[1000]
--- 15:36:31.760221142
@0 smoke %0 57471 0 act=1 45x14 L=0 T=0 R=44 B=13 wact=0 zoom=1
@0 smoke %1 57475 1 act=0 22x14 L=23 T=0 R=44 B=13 wact=0 zoom=1
@1 handoff %2 57483 0 act=0 22x14 L=0 T=0 R=21 B=13 wact=0 zoom=0
@1 handoff %3 57491 1 act=1 22x14 L=23 T=0 R=44 B=13 wact=0 zoom=0
@2 daily-ci-renamed %4 72624 0 act=0 45x6 L=0 T=0 R=44 B=5 wact=1 zoom=1
@2 daily-ci-renamed %5 73003 1 act=1 45x14 L=0 T=0 R=44 B=13 wact=1 zoom=1
@0 smoke 45x14 zoom=1 layout=0295,45x14,0,0{22x14,0,0,0,22x14,23,0,1}
@1 handoff 45x14 zoom=0 layout=029e,45x14,0,0{22x14,0,0,2,22x14,23,0,3}
@2 daily-ci-renamed 45x14 zoom=1 layout=033d,45x14,0,0[45x6,0,0,4,45x7,0,7,5]
client-71122 unknown 45x flags=attached,focused,control-mode,UTF-8
client-detached[1000] if-shell -F -t "=$0:.%5" "#{window_zoomed_flag}" "resize-pane -Z -t =$0:.%5" ; set-hook -u -t "=$0:" client-detached[1000] ; set-hook -u -t "=$0:" client-session-changed[1000]
client-session-changed[1000] if-shell -F -t "=$0:.%5" "#{window_zoomed_flag}" "resize-pane -Z -t =$0:.%5" ; set-hook -u -t "=$0:" client-detached[1000] ; set-hook -u -t "=$0:" client-session-changed[1000]
--- 15:36:33.273016399
@0 smoke %0 57471 0 act=1 45x14 L=0 T=0 R=44 B=13 wact=0 zoom=1
@0 smoke %1 57475 1 act=0 22x14 L=23 T=0 R=44 B=13 wact=0 zoom=1
@1 handoff %2 57483 0 act=0 22x14 L=0 T=0 R=21 B=13 wact=0 zoom=0
@1 handoff %3 57491 1 act=1 22x14 L=23 T=0 R=44 B=13 wact=0 zoom=0
@2 daily-ci-renamed %4 72624 0 act=0 45x6 L=0 T=0 R=44 B=5 wact=1 zoom=1
@2 daily-ci-renamed %5 73003 1 act=1 45x14 L=0 T=0 R=44 B=13 wact=1 zoom=1
@0 smoke 45x14 zoom=1 layout=0295,45x14,0,0{22x14,0,0,0,22x14,23,0,1}
@1 handoff 45x14 zoom=0 layout=029e,45x14,0,0{22x14,0,0,2,22x14,23,0,3}
@2 daily-ci-renamed 45x14 zoom=1 layout=033d,45x14,0,0[45x6,0,0,4,45x7,0,7,5]
client-71122 unknown 45x flags=attached,focused,control-mode,UTF-8
client-detached[1000] if-shell -F -t "=$0:.%5" "#{window_zoomed_flag}" "resize-pane -Z -t =$0:.%5" ; set-hook -u -t "=$0:" client-detached[1000] ; set-hook -u -t "=$0:" client-session-changed[1000]
client-session-changed[1000] if-shell -F -t "=$0:.%5" "#{window_zoomed_flag}" "resize-pane -Z -t =$0:.%5" ; set-hook -u -t "=$0:" client-detached[1000] ; set-hook -u -t "=$0:" client-session-changed[1000]
--- 15:36:34.786541834
@0 smoke %0 57471 0 act=1 45x14 L=0 T=0 R=44 B=13 wact=0 zoom=1
@0 smoke %1 57475 1 act=0 22x14 L=23 T=0 R=44 B=13 wact=0 zoom=1
@1 handoff %2 57483 0 act=0 22x14 L=0 T=0 R=21 B=13 wact=0 zoom=0
@1 handoff %3 57491 1 act=1 22x14 L=23 T=0 R=44 B=13 wact=0 zoom=0
@2 daily-ci-renamed %4 72624 0 act=0 45x6 L=0 T=0 R=44 B=5 wact=1 zoom=1
@2 daily-ci-renamed %5 73003 1 act=1 45x14 L=0 T=0 R=44 B=13 wact=1 zoom=1
@0 smoke 45x14 zoom=1 layout=0295,45x14,0,0{22x14,0,0,0,22x14,23,0,1}
@1 handoff 45x14 zoom=0 layout=029e,45x14,0,0{22x14,0,0,2,22x14,23,0,3}
@2 daily-ci-renamed 45x14 zoom=1 layout=033d,45x14,0,0[45x6,0,0,4,45x7,0,7,5]
client-71122 unknown 45x flags=attached,focused,control-mode,UTF-8
client-detached[1000] if-shell -F -t "=$0:.%5" "#{window_zoomed_flag}" "resize-pane -Z -t =$0:.%5" ; set-hook -u -t "=$0:" client-detached[1000] ; set-hook -u -t "=$0:" client-session-changed[1000]
client-session-changed[1000] if-shell -F -t "=$0:.%5" "#{window_zoomed_flag}" "resize-pane -Z -t =$0:.%5" ; set-hook -u -t "=$0:" client-detached[1000] ; set-hook -u -t "=$0:" client-session-changed[1000]
--- 15:36:36.300065880
@0 smoke %0 57471 0 act=1 45x14 L=0 T=0 R=44 B=13 wact=0 zoom=1
@0 smoke %1 57475 1 act=0 22x14 L=23 T=0 R=44 B=13 wact=0 zoom=1
@1 handoff %2 57483 0 act=0 22x14 L=0 T=0 R=21 B=13 wact=0 zoom=0
@1 handoff %3 57491 1 act=1 22x14 L=23 T=0 R=44 B=13 wact=0 zoom=0
@2 daily-ci-renamed %4 72624 0 act=0 45x6 L=0 T=0 R=44 B=5 wact=1 zoom=1
@2 daily-ci-renamed %5 73003 1 act=1 45x14 L=0 T=0 R=44 B=13 wact=1 zoom=1
@0 smoke 45x14 zoom=1 layout=0295,45x14,0,0{22x14,0,0,0,22x14,23,0,1}
@1 handoff 45x14 zoom=0 layout=029e,45x14,0,0{22x14,0,0,2,22x14,23,0,3}
@2 daily-ci-renamed 45x14 zoom=1 layout=033d,45x14,0,0[45x6,0,0,4,45x7,0,7,5]
client-71122 unknown 45x flags=attached,focused,control-mode,UTF-8
client-detached[1000] if-shell -F -t "=$0:.%5" "#{window_zoomed_flag}" "resize-pane -Z -t =$0:.%5" ; set-hook -u -t "=$0:" client-detached[1000] ; set-hook -u -t "=$0:" client-session-changed[1000]
client-session-changed[1000] if-shell -F -t "=$0:.%5" "#{window_zoomed_flag}" "resize-pane -Z -t =$0:.%5" ; set-hook -u -t "=$0:" client-detached[1000] ; set-hook -u -t "=$0:" client-session-changed[1000]
--- 15:36:37.813046830
@0 smoke %0 57471 0 act=1 45x14 L=0 T=0 R=44 B=13 wact=0 zoom=1
@0 smoke %1 57475 1 act=0 22x14 L=23 T=0 R=44 B=13 wact=0 zoom=1
@1 handoff %2 57483 0 act=0 22x14 L=0 T=0 R=21 B=13 wact=0 zoom=0
@1 handoff %3 57491 1 act=1 22x14 L=23 T=0 R=44 B=13 wact=0 zoom=0
@2 daily-ci-renamed %4 72624 0 act=0 45x6 L=0 T=0 R=44 B=5 wact=1 zoom=1
@2 daily-ci-renamed %5 73003 1 act=1 45x14 L=0 T=0 R=44 B=13 wact=1 zoom=1
@0 smoke 45x14 zoom=1 layout=0295,45x14,0,0{22x14,0,0,0,22x14,23,0,1}
@1 handoff 45x14 zoom=0 layout=029e,45x14,0,0{22x14,0,0,2,22x14,23,0,3}
@2 daily-ci-renamed 45x14 zoom=1 layout=033d,45x14,0,0[45x6,0,0,4,45x7,0,7,5]
client-71122 unknown 45x flags=attached,focused,control-mode,UTF-8
client-detached[1000] if-shell -F -t "=$0:.%5" "#{window_zoomed_flag}" "resize-pane -Z -t =$0:.%5" ; set-hook -u -t "=$0:" client-detached[1000] ; set-hook -u -t "=$0:" client-session-changed[1000]
client-session-changed[1000] if-shell -F -t "=$0:.%5" "#{window_zoomed_flag}" "resize-pane -Z -t =$0:.%5" ; set-hook -u -t "=$0:" client-detached[1000] ; set-hook -u -t "=$0:" client-session-changed[1000]
--- 15:36:39.325974091
@0 smoke %0 57471 0 act=1 45x14 L=0 T=0 R=44 B=13 wact=0 zoom=1
@0 smoke %1 57475 1 act=0 22x14 L=23 T=0 R=44 B=13 wact=0 zoom=1
@1 handoff %2 57483 0 act=0 22x14 L=0 T=0 R=21 B=13 wact=0 zoom=0
@1 handoff %3 57491 1 act=1 22x14 L=23 T=0 R=44 B=13 wact=0 zoom=0
@2 daily-ci-renamed %4 72624 0 act=0 45x6 L=0 T=0 R=44 B=5 wact=1 zoom=1
@2 daily-ci-renamed %5 73003 1 act=1 45x14 L=0 T=0 R=44 B=13 wact=1 zoom=1
@0 smoke 45x14 zoom=1 layout=0295,45x14,0,0{22x14,0,0,0,22x14,23,0,1}
@1 handoff 45x14 zoom=0 layout=029e,45x14,0,0{22x14,0,0,2,22x14,23,0,3}
@2 daily-ci-renamed 45x14 zoom=1 layout=033d,45x14,0,0[45x6,0,0,4,45x7,0,7,5]
client-71122 unknown 45x flags=attached,focused,control-mode,UTF-8
client-detached[1000] if-shell -F -t "=$0:.%5" "#{window_zoomed_flag}" "resize-pane -Z -t =$0:.%5" ; set-hook -u -t "=$0:" client-detached[1000] ; set-hook -u -t "=$0:" client-session-changed[1000]
client-session-changed[1000] if-shell -F -t "=$0:.%5" "#{window_zoomed_flag}" "resize-pane -Z -t =$0:.%5" ; set-hook -u -t "=$0:" client-detached[1000] ; set-hook -u -t "=$0:" client-session-changed[1000]
--- 15:36:40.839227693
@0 smoke %0 57471 0 act=1 45x27 L=0 T=0 R=44 B=26 wact=0 zoom=1
@0 smoke %1 57475 1 act=0 22x27 L=23 T=0 R=44 B=26 wact=0 zoom=1
@1 handoff %2 57483 0 act=0 22x27 L=0 T=0 R=21 B=26 wact=0 zoom=0
@1 handoff %3 57491 1 act=1 22x27 L=23 T=0 R=44 B=26 wact=0 zoom=0
@2 daily-ci-renamed %4 72624 0 act=1 45x27 L=0 T=0 R=44 B=26 wact=1 zoom=0
@0 smoke 45x27 zoom=1 layout=3e23,45x27,0,0{22x27,0,0,0,22x27,23,0,1}
@1 handoff 45x27 zoom=0 layout=3e2c,45x27,0,0{22x27,0,0,2,22x27,23,0,3}
@2 daily-ci-renamed 45x27 zoom=0 layout=bfe1,45x27,0,0,4
client-71122 unknown 45x flags=attached,focused,control-mode,UTF-8
client-detached[1000] if-shell -F -t "=$0:.%5" "#{window_zoomed_flag}" "resize-pane -Z -t =$0:.%5" ; set-hook -u -t "=$0:" client-detached[1000] ; set-hook -u -t "=$0:" client-session-changed[1000]
client-session-changed[1000] if-shell -F -t "=$0:.%5" "#{window_zoomed_flag}" "resize-pane -Z -t =$0:.%5" ; set-hook -u -t "=$0:" client-detached[1000] ; set-hook -u -t "=$0:" client-session-changed[1000]
--- 15:36:42.352151195
@0 smoke %0 57471 0 act=1 45x27 L=0 T=0 R=44 B=26 wact=0 zoom=1
@0 smoke %1 57475 1 act=0 22x27 L=23 T=0 R=44 B=26 wact=0 zoom=1
@1 handoff %2 57483 0 act=0 22x27 L=0 T=0 R=21 B=26 wact=0 zoom=0
@1 handoff %3 57491 1 act=1 22x27 L=23 T=0 R=44 B=26 wact=0 zoom=0
@2 daily-ci-renamed %4 72624 0 act=1 45x27 L=0 T=0 R=44 B=26 wact=1 zoom=0
@0 smoke 45x27 zoom=1 layout=3e23,45x27,0,0{22x27,0,0,0,22x27,23,0,1}
@1 handoff 45x27 zoom=0 layout=3e2c,45x27,0,0{22x27,0,0,2,22x27,23,0,3}
@2 daily-ci-renamed 45x27 zoom=0 layout=bfe1,45x27,0,0,4
client-71122 unknown 45x flags=attached,focused,control-mode,UTF-8
client-detached[1000] if-shell -F -t "=$0:.%5" "#{window_zoomed_flag}" "resize-pane -Z -t =$0:.%5" ; set-hook -u -t "=$0:" client-detached[1000] ; set-hook -u -t "=$0:" client-session-changed[1000]
client-session-changed[1000] if-shell -F -t "=$0:.%5" "#{window_zoomed_flag}" "resize-pane -Z -t =$0:.%5" ; set-hook -u -t "=$0:" client-detached[1000] ; set-hook -u -t "=$0:" client-session-changed[1000]
--- 15:36:43.865315788
@0 smoke %0 57471 0 act=1 45x27 L=0 T=0 R=44 B=26 wact=0 zoom=1
@0 smoke %1 57475 1 act=0 22x27 L=23 T=0 R=44 B=26 wact=0 zoom=1
@1 handoff %2 57483 0 act=0 22x27 L=0 T=0 R=21 B=26 wact=0 zoom=0
@1 handoff %3 57491 1 act=1 22x27 L=23 T=0 R=44 B=26 wact=0 zoom=0
@2 daily-ci-renamed %4 72624 0 act=1 45x27 L=0 T=0 R=44 B=26 wact=1 zoom=0
@0 smoke 45x27 zoom=1 layout=3e23,45x27,0,0{22x27,0,0,0,22x27,23,0,1}
@1 handoff 45x27 zoom=0 layout=3e2c,45x27,0,0{22x27,0,0,2,22x27,23,0,3}
@2 daily-ci-renamed 45x27 zoom=0 layout=bfe1,45x27,0,0,4
client-71122 unknown 45x flags=attached,focused,control-mode,UTF-8
client-detached[1000] if-shell -F -t "=$0:.%5" "#{window_zoomed_flag}" "resize-pane -Z -t =$0:.%5" ; set-hook -u -t "=$0:" client-detached[1000] ; set-hook -u -t "=$0:" client-session-changed[1000]
client-session-changed[1000] if-shell -F -t "=$0:.%5" "#{window_zoomed_flag}" "resize-pane -Z -t =$0:.%5" ; set-hook -u -t "=$0:" client-detached[1000] ; set-hook -u -t "=$0:" client-session-changed[1000]
--- 15:36:45.379093301
@0 smoke %0 57471 0 act=1 45x27 L=0 T=0 R=44 B=26 wact=0 zoom=1
@0 smoke %1 57475 1 act=0 22x27 L=23 T=0 R=44 B=26 wact=0 zoom=1
@1 handoff %2 57483 0 act=0 22x27 L=0 T=0 R=21 B=26 wact=0 zoom=0
@1 handoff %3 57491 1 act=1 22x27 L=23 T=0 R=44 B=26 wact=0 zoom=0
@2 daily-ci-renamed %4 72624 0 act=1 45x27 L=0 T=0 R=44 B=26 wact=1 zoom=0
@0 smoke 45x27 zoom=1 layout=3e23,45x27,0,0{22x27,0,0,0,22x27,23,0,1}
@1 handoff 45x27 zoom=0 layout=3e2c,45x27,0,0{22x27,0,0,2,22x27,23,0,3}
@2 daily-ci-renamed 45x27 zoom=0 layout=bfe1,45x27,0,0,4
client-71122 unknown 45x flags=attached,focused,control-mode,UTF-8
client-detached[1000] if-shell -F -t "=$0:.%5" "#{window_zoomed_flag}" "resize-pane -Z -t =$0:.%5" ; set-hook -u -t "=$0:" client-detached[1000] ; set-hook -u -t "=$0:" client-session-changed[1000]
client-session-changed[1000] if-shell -F -t "=$0:.%5" "#{window_zoomed_flag}" "resize-pane -Z -t =$0:.%5" ; set-hook -u -t "=$0:" client-detached[1000] ; set-hook -u -t "=$0:" client-session-changed[1000]
--- 15:36:46.892728098
@0 smoke %0 57471 0 act=1 45x27 L=0 T=0 R=44 B=26 wact=0 zoom=1
@0 smoke %1 57475 1 act=0 22x27 L=23 T=0 R=44 B=26 wact=0 zoom=1
@1 handoff %2 57483 0 act=0 22x27 L=0 T=0 R=21 B=26 wact=0 zoom=0
@1 handoff %3 57491 1 act=1 22x27 L=23 T=0 R=44 B=26 wact=0 zoom=0
@2 daily-ci-renamed %4 72624 0 act=1 45x27 L=0 T=0 R=44 B=26 wact=1 zoom=0
@0 smoke 45x27 zoom=1 layout=3e23,45x27,0,0{22x27,0,0,0,22x27,23,0,1}
@1 handoff 45x27 zoom=0 layout=3e2c,45x27,0,0{22x27,0,0,2,22x27,23,0,3}
@2 daily-ci-renamed 45x27 zoom=0 layout=bfe1,45x27,0,0,4
client-71122 unknown 45x flags=attached,focused,control-mode,UTF-8
client-detached[1000] if-shell -F -t "=$0:.%5" "#{window_zoomed_flag}" "resize-pane -Z -t =$0:.%5" ; set-hook -u -t "=$0:" client-detached[1000] ; set-hook -u -t "=$0:" client-session-changed[1000]
client-session-changed[1000] if-shell -F -t "=$0:.%5" "#{window_zoomed_flag}" "resize-pane -Z -t =$0:.%5" ; set-hook -u -t "=$0:" client-detached[1000] ; set-hook -u -t "=$0:" client-session-changed[1000]
--- 15:36:48.405928187
@0 smoke %0 57471 0 act=1 45x27 L=0 T=0 R=44 B=26 wact=0 zoom=1
@0 smoke %1 57475 1 act=0 22x27 L=23 T=0 R=44 B=26 wact=0 zoom=1
@1 handoff %2 57483 0 act=0 22x27 L=0 T=0 R=21 B=26 wact=0 zoom=0
@1 handoff %3 57491 1 act=1 22x27 L=23 T=0 R=44 B=26 wact=0 zoom=0
@2 daily-ci-renamed %4 72624 0 act=1 45x27 L=0 T=0 R=44 B=26 wact=1 zoom=0
@0 smoke 45x27 zoom=1 layout=3e23,45x27,0,0{22x27,0,0,0,22x27,23,0,1}
@1 handoff 45x27 zoom=0 layout=3e2c,45x27,0,0{22x27,0,0,2,22x27,23,0,3}
@2 daily-ci-renamed 45x27 zoom=0 layout=bfe1,45x27,0,0,4
client-71122 unknown 45x flags=attached,focused,control-mode,UTF-8
client-detached[1000] if-shell -F -t "=$0:.%5" "#{window_zoomed_flag}" "resize-pane -Z -t =$0:.%5" ; set-hook -u -t "=$0:" client-detached[1000] ; set-hook -u -t "=$0:" client-session-changed[1000]
client-session-changed[1000] if-shell -F -t "=$0:.%5" "#{window_zoomed_flag}" "resize-pane -Z -t =$0:.%5" ; set-hook -u -t "=$0:" client-detached[1000] ; set-hook -u -t "=$0:" client-session-changed[1000]
--- 15:36:49.918832296
@0 smoke %0 57471 0 act=1 45x27 L=0 T=0 R=44 B=26 wact=0 zoom=1
@0 smoke %1 57475 1 act=0 22x27 L=23 T=0 R=44 B=26 wact=0 zoom=1
@1 handoff %2 57483 0 act=0 22x27 L=0 T=0 R=21 B=26 wact=0 zoom=0
@1 handoff %3 57491 1 act=1 22x27 L=23 T=0 R=44 B=26 wact=0 zoom=0
@2 daily-ci-renamed %4 72624 0 act=1 45x27 L=0 T=0 R=44 B=26 wact=1 zoom=0
@0 smoke 45x27 zoom=1 layout=3e23,45x27,0,0{22x27,0,0,0,22x27,23,0,1}
@1 handoff 45x27 zoom=0 layout=3e2c,45x27,0,0{22x27,0,0,2,22x27,23,0,3}
@2 daily-ci-renamed 45x27 zoom=0 layout=bfe1,45x27,0,0,4
client-71122 unknown 45x flags=attached,focused,control-mode,UTF-8
client-detached[1000] if-shell -F -t "=$0:.%5" "#{window_zoomed_flag}" "resize-pane -Z -t =$0:.%5" ; set-hook -u -t "=$0:" client-detached[1000] ; set-hook -u -t "=$0:" client-session-changed[1000]
client-session-changed[1000] if-shell -F -t "=$0:.%5" "#{window_zoomed_flag}" "resize-pane -Z -t =$0:.%5" ; set-hook -u -t "=$0:" client-detached[1000] ; set-hook -u -t "=$0:" client-session-changed[1000]
--- 15:36:51.433319043
@0 smoke %0 57471 0 act=1 45x27 L=0 T=0 R=44 B=26 wact=0 zoom=1
@0 smoke %1 57475 1 act=0 22x27 L=23 T=0 R=44 B=26 wact=0 zoom=1
@1 handoff %2 57483 0 act=0 22x27 L=0 T=0 R=21 B=26 wact=0 zoom=0
@1 handoff %3 57491 1 act=1 22x27 L=23 T=0 R=44 B=26 wact=0 zoom=0
@2 daily-ci-renamed %4 72624 0 act=1 45x27 L=0 T=0 R=44 B=26 wact=1 zoom=0
@0 smoke 45x27 zoom=1 layout=3e23,45x27,0,0{22x27,0,0,0,22x27,23,0,1}
@1 handoff 45x27 zoom=0 layout=3e2c,45x27,0,0{22x27,0,0,2,22x27,23,0,3}
@2 daily-ci-renamed 45x27 zoom=0 layout=bfe1,45x27,0,0,4
client-71122 unknown 45x flags=attached,focused,control-mode,UTF-8
client-detached[1000] if-shell -F -t "=$0:.%5" "#{window_zoomed_flag}" "resize-pane -Z -t =$0:.%5" ; set-hook -u -t "=$0:" client-detached[1000] ; set-hook -u -t "=$0:" client-session-changed[1000]
client-session-changed[1000] if-shell -F -t "=$0:.%5" "#{window_zoomed_flag}" "resize-pane -Z -t =$0:.%5" ; set-hook -u -t "=$0:" client-detached[1000] ; set-hook -u -t "=$0:" client-session-changed[1000]
--- 15:36:52.946983023
@0 smoke %0 57471 0 act=1 45x27 L=0 T=0 R=44 B=26 wact=0 zoom=1
@0 smoke %1 57475 1 act=0 22x27 L=23 T=0 R=44 B=26 wact=0 zoom=1
@1 handoff %2 57483 0 act=0 22x27 L=0 T=0 R=21 B=26 wact=0 zoom=0
@1 handoff %3 57491 1 act=1 22x27 L=23 T=0 R=44 B=26 wact=0 zoom=0
@2 daily-ci-renamed %4 72624 0 act=1 45x27 L=0 T=0 R=44 B=26 wact=1 zoom=0
@0 smoke 45x27 zoom=1 layout=3e23,45x27,0,0{22x27,0,0,0,22x27,23,0,1}
@1 handoff 45x27 zoom=0 layout=3e2c,45x27,0,0{22x27,0,0,2,22x27,23,0,3}
@2 daily-ci-renamed 45x27 zoom=0 layout=bfe1,45x27,0,0,4
client-71122 unknown 45x flags=attached,focused,control-mode,UTF-8
client-detached[1000] if-shell -F -t "=$0:.%5" "#{window_zoomed_flag}" "resize-pane -Z -t =$0:.%5" ; set-hook -u -t "=$0:" client-detached[1000] ; set-hook -u -t "=$0:" client-session-changed[1000]
client-session-changed[1000] if-shell -F -t "=$0:.%5" "#{window_zoomed_flag}" "resize-pane -Z -t =$0:.%5" ; set-hook -u -t "=$0:" client-detached[1000] ; set-hook -u -t "=$0:" client-session-changed[1000]
--- 15:36:54.460072723
@0 smoke %0 57471 0 act=1 45x27 L=0 T=0 R=44 B=26 wact=0 zoom=1
@0 smoke %1 57475 1 act=0 22x27 L=23 T=0 R=44 B=26 wact=0 zoom=1
@1 handoff %2 57483 0 act=0 22x27 L=0 T=0 R=21 B=26 wact=0 zoom=0
@1 handoff %3 57491 1 act=1 22x27 L=23 T=0 R=44 B=26 wact=0 zoom=0
@2 daily-ci-renamed %4 72624 0 act=1 45x27 L=0 T=0 R=44 B=26 wact=1 zoom=0
@0 smoke 45x27 zoom=1 layout=3e23,45x27,0,0{22x27,0,0,0,22x27,23,0,1}
@1 handoff 45x27 zoom=0 layout=3e2c,45x27,0,0{22x27,0,0,2,22x27,23,0,3}
@2 daily-ci-renamed 45x27 zoom=0 layout=bfe1,45x27,0,0,4
client-71122 unknown 45x flags=attached,focused,control-mode,UTF-8
client-detached[1000] if-shell -F -t "=$0:.%5" "#{window_zoomed_flag}" "resize-pane -Z -t =$0:.%5" ; set-hook -u -t "=$0:" client-detached[1000] ; set-hook -u -t "=$0:" client-session-changed[1000]
client-session-changed[1000] if-shell -F -t "=$0:.%5" "#{window_zoomed_flag}" "resize-pane -Z -t =$0:.%5" ; set-hook -u -t "=$0:" client-detached[1000] ; set-hook -u -t "=$0:" client-session-changed[1000]
--- 15:36:55.974642281
@0 smoke %0 57471 0 act=1 45x27 L=0 T=0 R=44 B=26 wact=1 zoom=1
@0 smoke %1 57475 1 act=0 22x27 L=23 T=0 R=44 B=26 wact=1 zoom=1
@1 handoff %2 57483 0 act=0 22x27 L=0 T=0 R=21 B=26 wact=0 zoom=0
@1 handoff %3 57491 1 act=1 22x27 L=23 T=0 R=44 B=26 wact=0 zoom=0
@0 smoke 45x27 zoom=1 layout=3e23,45x27,0,0{22x27,0,0,0,22x27,23,0,1}
@1 handoff 45x27 zoom=0 layout=3e2c,45x27,0,0{22x27,0,0,2,22x27,23,0,3}
client-71122 unknown 45x flags=attached,focused,control-mode,UTF-8
client-detached[1000] if-shell -F -t "=$0:.%5" "#{window_zoomed_flag}" "resize-pane -Z -t =$0:.%5" ; set-hook -u -t "=$0:" client-detached[1000] ; set-hook -u -t "=$0:" client-session-changed[1000]
client-session-changed[1000] if-shell -F -t "=$0:.%5" "#{window_zoomed_flag}" "resize-pane -Z -t =$0:.%5" ; set-hook -u -t "=$0:" client-detached[1000] ; set-hook -u -t "=$0:" client-session-changed[1000]
--- 15:36:57.489009121
@0 smoke %0 57471 0 act=1 45x27 L=0 T=0 R=44 B=26 wact=1 zoom=1
@0 smoke %1 57475 1 act=0 22x27 L=23 T=0 R=44 B=26 wact=1 zoom=1
@1 handoff %2 57483 0 act=0 22x27 L=0 T=0 R=21 B=26 wact=0 zoom=0
@1 handoff %3 57491 1 act=1 22x27 L=23 T=0 R=44 B=26 wact=0 zoom=0
@0 smoke 45x27 zoom=1 layout=3e23,45x27,0,0{22x27,0,0,0,22x27,23,0,1}
@1 handoff 45x27 zoom=0 layout=3e2c,45x27,0,0{22x27,0,0,2,22x27,23,0,3}
client-71122 unknown 45x flags=attached,focused,control-mode,UTF-8
client-detached[1000] if-shell -F -t "=$0:.%5" "#{window_zoomed_flag}" "resize-pane -Z -t =$0:.%5" ; set-hook -u -t "=$0:" client-detached[1000] ; set-hook -u -t "=$0:" client-session-changed[1000]
client-session-changed[1000] if-shell -F -t "=$0:.%5" "#{window_zoomed_flag}" "resize-pane -Z -t =$0:.%5" ; set-hook -u -t "=$0:" client-detached[1000] ; set-hook -u -t "=$0:" client-session-changed[1000]
--- 15:36:59.002461541
@0 smoke %0 57471 0 act=1 45x27 L=0 T=0 R=44 B=26 wact=1 zoom=1
@0 smoke %1 57475 1 act=0 22x27 L=23 T=0 R=44 B=26 wact=1 zoom=1
@1 handoff %2 57483 0 act=0 22x27 L=0 T=0 R=21 B=26 wact=0 zoom=0
@1 handoff %3 57491 1 act=1 22x27 L=23 T=0 R=44 B=26 wact=0 zoom=0
@0 smoke 45x27 zoom=1 layout=3e23,45x27,0,0{22x27,0,0,0,22x27,23,0,1}
@1 handoff 45x27 zoom=0 layout=3e2c,45x27,0,0{22x27,0,0,2,22x27,23,0,3}
client-71122 unknown 45x flags=attached,focused,control-mode,UTF-8
client-detached[1000] if-shell -F -t "=$0:.%5" "#{window_zoomed_flag}" "resize-pane -Z -t =$0:.%5" ; set-hook -u -t "=$0:" client-detached[1000] ; set-hook -u -t "=$0:" client-session-changed[1000]
client-session-changed[1000] if-shell -F -t "=$0:.%5" "#{window_zoomed_flag}" "resize-pane -Z -t =$0:.%5" ; set-hook -u -t "=$0:" client-detached[1000] ; set-hook -u -t "=$0:" client-session-changed[1000]
--- 15:37:00.515716620
@0 smoke %0 57471 0 act=1 45x27 L=0 T=0 R=44 B=26 wact=1 zoom=1
@0 smoke %1 57475 1 act=0 22x27 L=23 T=0 R=44 B=26 wact=1 zoom=1
@1 handoff %2 57483 0 act=0 22x27 L=0 T=0 R=21 B=26 wact=0 zoom=0
@1 handoff %3 57491 1 act=1 22x27 L=23 T=0 R=44 B=26 wact=0 zoom=0
@0 smoke 45x27 zoom=1 layout=3e23,45x27,0,0{22x27,0,0,0,22x27,23,0,1}
@1 handoff 45x27 zoom=0 layout=3e2c,45x27,0,0{22x27,0,0,2,22x27,23,0,3}
client-71122 unknown 45x flags=attached,focused,control-mode,UTF-8
client-detached
client-session-changed
--- 15:37:02.028829545
@0 smoke %0 57471 0 act=1 45x27 L=0 T=0 R=44 B=26 wact=1 zoom=1
@0 smoke %1 57475 1 act=0 22x27 L=23 T=0 R=44 B=26 wact=1 zoom=1
@1 handoff %2 57483 0 act=0 22x27 L=0 T=0 R=21 B=26 wact=0 zoom=0
@1 handoff %3 57491 1 act=1 22x27 L=23 T=0 R=44 B=26 wact=0 zoom=0
@0 smoke 45x27 zoom=1 layout=3e23,45x27,0,0{22x27,0,0,0,22x27,23,0,1}
@1 handoff 45x27 zoom=0 layout=3e2c,45x27,0,0{22x27,0,0,2,22x27,23,0,3}
client-71122 unknown 45x flags=attached,focused,control-mode,UTF-8
client-detached
client-session-changed
--- 15:37:03.543031542
@0 smoke %0 57471 0 act=1 45x27 L=0 T=0 R=44 B=26 wact=1 zoom=1
@0 smoke %1 57475 1 act=0 22x27 L=23 T=0 R=44 B=26 wact=1 zoom=1
@1 handoff %2 57483 0 act=0 22x27 L=0 T=0 R=21 B=26 wact=0 zoom=0
@1 handoff %3 57491 1 act=1 22x27 L=23 T=0 R=44 B=26 wact=0 zoom=0
@0 smoke 45x27 zoom=1 layout=3e23,45x27,0,0{22x27,0,0,0,22x27,23,0,1}
@1 handoff 45x27 zoom=0 layout=3e2c,45x27,0,0{22x27,0,0,2,22x27,23,0,3}
client-71122 unknown 45x flags=attached,focused,control-mode,UTF-8
client-detached
client-session-changed
--- 15:37:05.057541585
@0 smoke %0 57471 0 act=1 45x27 L=0 T=0 R=44 B=26 wact=1 zoom=1
@0 smoke %1 57475 1 act=0 22x27 L=23 T=0 R=44 B=26 wact=1 zoom=1
@1 handoff %2 57483 0 act=0 22x27 L=0 T=0 R=21 B=26 wact=0 zoom=0
@1 handoff %3 57491 1 act=1 22x27 L=23 T=0 R=44 B=26 wact=0 zoom=0
@0 smoke 45x27 zoom=1 layout=3e23,45x27,0,0{22x27,0,0,0,22x27,23,0,1}
@1 handoff 45x27 zoom=0 layout=3e2c,45x27,0,0{22x27,0,0,2,22x27,23,0,3}
client-71122 unknown 45x flags=attached,focused,control-mode,UTF-8
client-detached
client-session-changed
--- 15:37:06.582120546
@0 smoke %0 57471 0 act=1 45x27 L=0 T=0 R=44 B=26 wact=1 zoom=1
@0 smoke %1 57475 1 act=0 22x27 L=23 T=0 R=44 B=26 wact=1 zoom=1
@1 handoff %2 57483 0 act=0 22x27 L=0 T=0 R=21 B=26 wact=0 zoom=0
@1 handoff %3 57491 1 act=1 22x27 L=23 T=0 R=44 B=26 wact=0 zoom=0
@0 smoke 45x27 zoom=1 layout=3e23,45x27,0,0{22x27,0,0,0,22x27,23,0,1}
@1 handoff 45x27 zoom=0 layout=3e2c,45x27,0,0{22x27,0,0,2,22x27,23,0,3}
client-71122 unknown 45x flags=attached,focused,control-mode,UTF-8
client-detached
client-session-changed
--- 15:37:08.101665428
@0 smoke %0 57471 0 act=1 45x27 L=0 T=0 R=44 B=26 wact=1 zoom=1
@0 smoke %1 57475 1 act=0 22x27 L=23 T=0 R=44 B=26 wact=1 zoom=1
@1 handoff %2 57483 0 act=0 22x27 L=0 T=0 R=21 B=26 wact=0 zoom=0
@1 handoff %3 57491 1 act=1 22x27 L=23 T=0 R=44 B=26 wact=0 zoom=0
@0 smoke 45x27 zoom=1 layout=3e23,45x27,0,0{22x27,0,0,0,22x27,23,0,1}
@1 handoff 45x27 zoom=0 layout=3e2c,45x27,0,0{22x27,0,0,2,22x27,23,0,3}
client-71122 unknown 45x flags=attached,focused,control-mode,UTF-8
client-detached
client-session-changed
--- 15:37:09.614668733
@0 smoke %0 57471 0 act=1 45x27 L=0 T=0 R=44 B=26 wact=1 zoom=1
@0 smoke %1 57475 1 act=0 22x27 L=23 T=0 R=44 B=26 wact=1 zoom=1
@1 handoff %2 57483 0 act=0 22x27 L=0 T=0 R=21 B=26 wact=0 zoom=0
@1 handoff %3 57491 1 act=1 22x27 L=23 T=0 R=44 B=26 wact=0 zoom=0
@0 smoke 45x27 zoom=1 layout=3e23,45x27,0,0{22x27,0,0,0,22x27,23,0,1}
@1 handoff 45x27 zoom=0 layout=3e2c,45x27,0,0{22x27,0,0,2,22x27,23,0,3}
client-71122 unknown 45x flags=attached,focused,control-mode,UTF-8
client-detached
client-session-changed
--- 15:37:11.127771122
@0 smoke %0 57471 0 act=1 45x27 L=0 T=0 R=44 B=26 wact=1 zoom=1
@0 smoke %1 57475 1 act=0 22x27 L=23 T=0 R=44 B=26 wact=1 zoom=1
@1 handoff %2 57483 0 act=0 22x27 L=0 T=0 R=21 B=26 wact=0 zoom=0
@1 handoff %3 57491 1 act=1 22x27 L=23 T=0 R=44 B=26 wact=0 zoom=0
@0 smoke 45x27 zoom=1 layout=3e23,45x27,0,0{22x27,0,0,0,22x27,23,0,1}
@1 handoff 45x27 zoom=0 layout=3e2c,45x27,0,0{22x27,0,0,2,22x27,23,0,3}
client-71122 unknown 45x flags=attached,focused,control-mode,UTF-8
client-detached
client-session-changed
--- 15:37:12.640300230
@0 smoke %0 57471 0 act=1 45x27 L=0 T=0 R=44 B=26 wact=1 zoom=1
@0 smoke %1 57475 1 act=0 22x27 L=23 T=0 R=44 B=26 wact=1 zoom=1
@1 handoff %2 57483 0 act=0 22x27 L=0 T=0 R=21 B=26 wact=0 zoom=0
@1 handoff %3 57491 1 act=1 22x27 L=23 T=0 R=44 B=26 wact=0 zoom=0
@0 smoke 45x27 zoom=1 layout=3e23,45x27,0,0{22x27,0,0,0,22x27,23,0,1}
@1 handoff 45x27 zoom=0 layout=3e2c,45x27,0,0{22x27,0,0,2,22x27,23,0,3}
client-71122 unknown 45x flags=attached,focused,control-mode,UTF-8
client-detached
client-session-changed
--- 15:37:14.155656318
@0 smoke %0 57471 0 act=1 45x27 L=0 T=0 R=44 B=26 wact=1 zoom=1
@0 smoke %1 57475 1 act=0 22x27 L=23 T=0 R=44 B=26 wact=1 zoom=1
@1 handoff %2 57483 0 act=0 22x27 L=0 T=0 R=21 B=26 wact=0 zoom=0
@1 handoff %3 57491 1 act=1 22x27 L=23 T=0 R=44 B=26 wact=0 zoom=0
@0 smoke 45x27 zoom=1 layout=3e23,45x27,0,0{22x27,0,0,0,22x27,23,0,1}
@1 handoff 45x27 zoom=0 layout=3e2c,45x27,0,0{22x27,0,0,2,22x27,23,0,3}
client-71122 unknown 45x flags=attached,focused,control-mode,UTF-8
client-detached
client-session-changed
--- 15:37:15.669011218
@0 smoke %0 57471 0 act=1 45x27 L=0 T=0 R=44 B=26 wact=1 zoom=1
@0 smoke %1 57475 1 act=0 22x27 L=23 T=0 R=44 B=26 wact=1 zoom=1
@1 handoff %2 57483 0 act=0 22x27 L=0 T=0 R=21 B=26 wact=0 zoom=0
@1 handoff %3 57491 1 act=1 22x27 L=23 T=0 R=44 B=26 wact=0 zoom=0
@0 smoke 45x27 zoom=1 layout=3e23,45x27,0,0{22x27,0,0,0,22x27,23,0,1}
@1 handoff 45x27 zoom=0 layout=3e2c,45x27,0,0{22x27,0,0,2,22x27,23,0,3}
client-71122 unknown 45x flags=attached,focused,control-mode,UTF-8
client-detached
client-session-changed
--- 15:37:17.185018748
@0 smoke %0 57471 0 act=1 45x27 L=0 T=0 R=44 B=26 wact=1 zoom=1
@0 smoke %1 57475 1 act=0 22x27 L=23 T=0 R=44 B=26 wact=1 zoom=1
@1 handoff %2 57483 0 act=0 22x27 L=0 T=0 R=21 B=26 wact=0 zoom=0
@1 handoff %3 57491 1 act=1 22x27 L=23 T=0 R=44 B=26 wact=0 zoom=0
@0 smoke 45x27 zoom=1 layout=3e23,45x27,0,0{22x27,0,0,0,22x27,23,0,1}
@1 handoff 45x27 zoom=0 layout=3e2c,45x27,0,0{22x27,0,0,2,22x27,23,0,3}
client-71122 unknown 45x flags=attached,focused,control-mode,UTF-8
client-detached
client-session-changed
--- 15:37:18.698064929
@0 smoke %0 57471 0 act=1 45x27 L=0 T=0 R=44 B=26 wact=1 zoom=1
@0 smoke %1 57475 1 act=0 22x27 L=23 T=0 R=44 B=26 wact=1 zoom=1
@1 handoff %2 57483 0 act=0 22x27 L=0 T=0 R=21 B=26 wact=0 zoom=0
@1 handoff %3 57491 1 act=1 22x27 L=23 T=0 R=44 B=26 wact=0 zoom=0
@0 smoke 45x27 zoom=1 layout=3e23,45x27,0,0{22x27,0,0,0,22x27,23,0,1}
@1 handoff 45x27 zoom=0 layout=3e2c,45x27,0,0{22x27,0,0,2,22x27,23,0,3}
client-71122 unknown 45x flags=attached,focused,control-mode,UTF-8
client-detached
client-session-changed
--- 15:37:20.210946322
@0 smoke %0 57471 0 act=1 45x27 L=0 T=0 R=44 B=26 wact=1 zoom=1
@0 smoke %1 57475 1 act=0 22x27 L=23 T=0 R=44 B=26 wact=1 zoom=1
@1 handoff %2 57483 0 act=0 22x27 L=0 T=0 R=21 B=26 wact=0 zoom=0
@1 handoff %3 57491 1 act=1 22x27 L=23 T=0 R=44 B=26 wact=0 zoom=0
@0 smoke 45x27 zoom=1 layout=3e23,45x27,0,0{22x27,0,0,0,22x27,23,0,1}
@1 handoff 45x27 zoom=0 layout=3e2c,45x27,0,0{22x27,0,0,2,22x27,23,0,3}
client-71122 unknown 45x flags=attached,focused,control-mode,UTF-8
client-detached
client-session-changed
--- 15:37:21.723891984
@0 smoke %0 57471 0 act=1 45x27 L=0 T=0 R=44 B=26 wact=1 zoom=1
@0 smoke %1 57475 1 act=0 22x27 L=23 T=0 R=44 B=26 wact=1 zoom=1
@1 handoff %2 57483 0 act=0 22x27 L=0 T=0 R=21 B=26 wact=0 zoom=0
@1 handoff %3 57491 1 act=1 22x27 L=23 T=0 R=44 B=26 wact=0 zoom=0
@0 smoke 45x27 zoom=1 layout=3e23,45x27,0,0{22x27,0,0,0,22x27,23,0,1}
@1 handoff 45x27 zoom=0 layout=3e2c,45x27,0,0{22x27,0,0,2,22x27,23,0,3}
client-71122 unknown 45x flags=attached,focused,control-mode,UTF-8
client-detached
client-session-changed
--- 15:37:23.246305255
@0 smoke %0 57471 0 act=0 22x27 L=0 T=0 R=21 B=26 wact=1 zoom=1
@0 smoke %1 57475 1 act=1 45x27 L=0 T=0 R=44 B=26 wact=1 zoom=1
@1 handoff %2 57483 0 act=0 22x27 L=0 T=0 R=21 B=26 wact=0 zoom=0
@1 handoff %3 57491 1 act=1 22x27 L=23 T=0 R=44 B=26 wact=0 zoom=0
@0 smoke 45x27 zoom=1 layout=3e23,45x27,0,0{22x27,0,0,0,22x27,23,0,1}
@1 handoff 45x27 zoom=0 layout=3e2c,45x27,0,0{22x27,0,0,2,22x27,23,0,3}
client-71122 unknown 45x flags=attached,focused,control-mode,UTF-8
client-detached
client-session-changed
--- 15:37:24.781900214
@0 smoke %0 57471 0 act=0 22x27 L=0 T=0 R=21 B=26 wact=1 zoom=1
@0 smoke %1 57475 1 act=1 45x27 L=0 T=0 R=44 B=26 wact=1 zoom=1
@1 handoff %2 57483 0 act=0 22x27 L=0 T=0 R=21 B=26 wact=0 zoom=0
@1 handoff %3 57491 1 act=1 22x27 L=23 T=0 R=44 B=26 wact=0 zoom=0
@0 smoke 45x27 zoom=1 layout=3e23,45x27,0,0{22x27,0,0,0,22x27,23,0,1}
@1 handoff 45x27 zoom=0 layout=3e2c,45x27,0,0{22x27,0,0,2,22x27,23,0,3}
client-71122 unknown 45x flags=attached,focused,control-mode,UTF-8
client-detached
client-session-changed
--- 15:37:26.294719076
@0 smoke %0 57471 0 act=0 22x27 L=0 T=0 R=21 B=26 wact=1 zoom=1
@0 smoke %1 57475 1 act=1 45x27 L=0 T=0 R=44 B=26 wact=1 zoom=1
@1 handoff %2 57483 0 act=0 22x27 L=0 T=0 R=21 B=26 wact=0 zoom=0
@1 handoff %3 57491 1 act=1 22x27 L=23 T=0 R=44 B=26 wact=0 zoom=0
@0 smoke 45x27 zoom=1 layout=3e23,45x27,0,0{22x27,0,0,0,22x27,23,0,1}
@1 handoff 45x27 zoom=0 layout=3e2c,45x27,0,0{22x27,0,0,2,22x27,23,0,3}
client-71122 unknown 45x flags=attached,focused,control-mode,UTF-8
client-detached
client-session-changed
--- 15:37:27.824462018
@0 smoke %0 57471 0 act=0 22x14 L=0 T=0 R=21 B=13 wact=1 zoom=1
@0 smoke %1 57475 1 act=1 45x14 L=0 T=0 R=44 B=13 wact=1 zoom=1
@1 handoff %2 57483 0 act=0 22x14 L=0 T=0 R=21 B=13 wact=0 zoom=0
@1 handoff %3 57491 1 act=1 22x14 L=23 T=0 R=44 B=13 wact=0 zoom=0
@0 smoke 45x14 zoom=1 layout=0295,45x14,0,0{22x14,0,0,0,22x14,23,0,1}
@1 handoff 45x14 zoom=0 layout=029e,45x14,0,0{22x14,0,0,2,22x14,23,0,3}
client-71122 unknown 45x flags=attached,focused,control-mode,UTF-8
client-detached
client-session-changed
--- 15:37:29.342989906
@0 smoke %0 57471 0 act=0 22x14 L=0 T=0 R=21 B=13 wact=1 zoom=1
@0 smoke %1 57475 1 act=1 45x14 L=0 T=0 R=44 B=13 wact=1 zoom=1
@1 handoff %2 57483 0 act=0 22x14 L=0 T=0 R=21 B=13 wact=0 zoom=0
@1 handoff %3 57491 1 act=1 22x14 L=23 T=0 R=44 B=13 wact=0 zoom=0
@0 smoke 45x14 zoom=1 layout=0295,45x14,0,0{22x14,0,0,0,22x14,23,0,1}
@1 handoff 45x14 zoom=0 layout=029e,45x14,0,0{22x14,0,0,2,22x14,23,0,3}
client-71122 unknown 45x flags=attached,focused,control-mode,UTF-8
client-detached
client-session-changed
--- 15:37:30.855934076
@0 smoke %0 57471 0 act=0 22x14 L=0 T=0 R=21 B=13 wact=1 zoom=1
@0 smoke %1 57475 1 act=1 45x14 L=0 T=0 R=44 B=13 wact=1 zoom=1
@1 handoff %2 57483 0 act=0 22x14 L=0 T=0 R=21 B=13 wact=0 zoom=0
@1 handoff %3 57491 1 act=1 22x14 L=23 T=0 R=44 B=13 wact=0 zoom=0
@0 smoke 45x14 zoom=1 layout=0295,45x14,0,0{22x14,0,0,0,22x14,23,0,1}
@1 handoff 45x14 zoom=0 layout=029e,45x14,0,0{22x14,0,0,2,22x14,23,0,3}
client-71122 unknown 45x flags=attached,focused,control-mode,UTF-8
client-detached
client-session-changed
--- 15:37:32.382968291
@0 smoke %0 57471 0 act=0 22x14 L=0 T=0 R=21 B=13 wact=1 zoom=1
@0 smoke %1 57475 1 act=1 45x14 L=0 T=0 R=44 B=13 wact=1 zoom=1
@1 handoff %2 57483 0 act=0 22x14 L=0 T=0 R=21 B=13 wact=0 zoom=0
@1 handoff %3 57491 1 act=1 22x14 L=23 T=0 R=44 B=13 wact=0 zoom=0
@0 smoke 45x14 zoom=1 layout=0295,45x14,0,0{22x14,0,0,0,22x14,23,0,1}
@1 handoff 45x14 zoom=0 layout=029e,45x14,0,0{22x14,0,0,2,22x14,23,0,3}
client-71122 unknown 45x flags=attached,focused,control-mode,UTF-8
client-detached
client-session-changed
--- 15:37:33.908634721
@0 smoke %0 57471 0 act=0 22x14 L=0 T=0 R=21 B=13 wact=1 zoom=1
@0 smoke %1 57475 1 act=1 45x14 L=0 T=0 R=44 B=13 wact=1 zoom=1
@1 handoff %2 57483 0 act=0 22x14 L=0 T=0 R=21 B=13 wact=0 zoom=0
@1 handoff %3 57491 1 act=1 22x14 L=23 T=0 R=44 B=13 wact=0 zoom=0
@0 smoke 45x14 zoom=1 layout=0295,45x14,0,0{22x14,0,0,0,22x14,23,0,1}
@1 handoff 45x14 zoom=0 layout=029e,45x14,0,0{22x14,0,0,2,22x14,23,0,3}
client-71122 unknown 45x flags=attached,focused,control-mode,UTF-8
client-detached
client-session-changed
--- 15:37:35.423836062
@0 smoke %0 57471 0 act=0 22x14 L=0 T=0 R=21 B=13 wact=1 zoom=1
@0 smoke %1 57475 1 act=1 45x14 L=0 T=0 R=44 B=13 wact=1 zoom=1
@1 handoff %2 57483 0 act=0 22x14 L=0 T=0 R=21 B=13 wact=0 zoom=0
@1 handoff %3 57491 1 act=1 22x14 L=23 T=0 R=44 B=13 wact=0 zoom=0
@0 smoke 45x14 zoom=1 layout=0295,45x14,0,0{22x14,0,0,0,22x14,23,0,1}
@1 handoff 45x14 zoom=0 layout=029e,45x14,0,0{22x14,0,0,2,22x14,23,0,3}
client-71122 unknown 45x flags=attached,focused,control-mode,UTF-8
client-detached
client-session-changed
--- 15:37:36.940900312
@0 smoke %0 57471 0 act=0 22x14 L=0 T=0 R=21 B=13 wact=1 zoom=1
@0 smoke %1 57475 1 act=1 45x14 L=0 T=0 R=44 B=13 wact=1 zoom=1
@1 handoff %2 57483 0 act=0 22x14 L=0 T=0 R=21 B=13 wact=0 zoom=0
@1 handoff %3 57491 1 act=1 22x14 L=23 T=0 R=44 B=13 wact=0 zoom=0
@0 smoke 45x14 zoom=1 layout=0295,45x14,0,0{22x14,0,0,0,22x14,23,0,1}
@1 handoff 45x14 zoom=0 layout=029e,45x14,0,0{22x14,0,0,2,22x14,23,0,3}
client-71122 unknown 45x flags=attached,focused,control-mode,UTF-8
client-detached
client-session-changed
--- 15:37:38.453703617
@0 smoke %0 57471 0 act=0 22x14 L=0 T=0 R=21 B=13 wact=1 zoom=1
@0 smoke %1 57475 1 act=1 45x14 L=0 T=0 R=44 B=13 wact=1 zoom=1
@1 handoff %2 57483 0 act=0 22x14 L=0 T=0 R=21 B=13 wact=0 zoom=0
@1 handoff %3 57491 1 act=1 22x14 L=23 T=0 R=44 B=13 wact=0 zoom=0
@0 smoke 45x14 zoom=1 layout=0295,45x14,0,0{22x14,0,0,0,22x14,23,0,1}
@1 handoff 45x14 zoom=0 layout=029e,45x14,0,0{22x14,0,0,2,22x14,23,0,3}
client-71122 unknown 45x flags=attached,focused,control-mode,UTF-8
client-detached
client-session-changed
--- 15:37:39.966524658
@0 smoke %0 57471 0 act=0 22x14 L=0 T=0 R=21 B=13 wact=1 zoom=1
@0 smoke %1 57475 1 act=1 45x14 L=0 T=0 R=44 B=13 wact=1 zoom=1
@1 handoff %2 57483 0 act=0 22x14 L=0 T=0 R=21 B=13 wact=0 zoom=0
@1 handoff %3 57491 1 act=1 22x14 L=23 T=0 R=44 B=13 wact=0 zoom=0
@0 smoke 45x14 zoom=1 layout=0295,45x14,0,0{22x14,0,0,0,22x14,23,0,1}
@1 handoff 45x14 zoom=0 layout=029e,45x14,0,0{22x14,0,0,2,22x14,23,0,3}
client-71122 unknown 45x flags=attached,focused,control-mode,UTF-8
client-detached
client-session-changed
--- 15:37:41.480334049
@0 smoke %0 57471 0 act=0 22x14 L=0 T=0 R=21 B=13 wact=1 zoom=1
@0 smoke %1 57475 1 act=1 45x14 L=0 T=0 R=44 B=13 wact=1 zoom=1
@1 handoff %2 57483 0 act=0 22x14 L=0 T=0 R=21 B=13 wact=0 zoom=0
@1 handoff %3 57491 1 act=1 22x14 L=23 T=0 R=44 B=13 wact=0 zoom=0
@0 smoke 45x14 zoom=1 layout=0295,45x14,0,0{22x14,0,0,0,22x14,23,0,1}
@1 handoff 45x14 zoom=0 layout=029e,45x14,0,0{22x14,0,0,2,22x14,23,0,3}
client-71122 unknown 45x flags=attached,focused,control-mode,UTF-8
client-detached
client-session-changed
--- 15:37:42.994201133
@0 smoke %0 57471 0 act=0 22x14 L=0 T=0 R=21 B=13 wact=1 zoom=1
@0 smoke %1 57475 1 act=1 45x14 L=0 T=0 R=44 B=13 wact=1 zoom=1
@1 handoff %2 57483 0 act=0 22x14 L=0 T=0 R=21 B=13 wact=0 zoom=0
@1 handoff %3 57491 1 act=1 22x14 L=23 T=0 R=44 B=13 wact=0 zoom=0
@0 smoke 45x14 zoom=1 layout=0295,45x14,0,0{22x14,0,0,0,22x14,23,0,1}
@1 handoff 45x14 zoom=0 layout=029e,45x14,0,0{22x14,0,0,2,22x14,23,0,3}
client-71122 unknown 45x flags=attached,focused,control-mode,UTF-8
client-detached
client-session-changed
--- 15:37:44.507404229
@0 smoke %0 57471 0 act=0 22x14 L=0 T=0 R=21 B=13 wact=1 zoom=1
@0 smoke %1 57475 1 act=1 45x14 L=0 T=0 R=44 B=13 wact=1 zoom=1
@1 handoff %2 57483 0 act=0 22x14 L=0 T=0 R=21 B=13 wact=0 zoom=0
@1 handoff %3 57491 1 act=1 22x14 L=23 T=0 R=44 B=13 wact=0 zoom=0
@0 smoke 45x14 zoom=1 layout=0295,45x14,0,0{22x14,0,0,0,22x14,23,0,1}
@1 handoff 45x14 zoom=0 layout=029e,45x14,0,0{22x14,0,0,2,22x14,23,0,3}
client-71122 unknown 45x flags=attached,focused,control-mode,UTF-8
client-detached
client-session-changed
--- 15:37:46.021576517
@0 smoke %0 57471 0 act=0 22x14 L=0 T=0 R=21 B=13 wact=1 zoom=1
@0 smoke %1 57475 1 act=1 45x14 L=0 T=0 R=44 B=13 wact=1 zoom=1
@1 handoff %2 57483 0 act=0 22x14 L=0 T=0 R=21 B=13 wact=0 zoom=0
@1 handoff %3 57491 1 act=1 22x14 L=23 T=0 R=44 B=13 wact=0 zoom=0
@0 smoke 45x14 zoom=1 layout=0295,45x14,0,0{22x14,0,0,0,22x14,23,0,1}
@1 handoff 45x14 zoom=0 layout=029e,45x14,0,0{22x14,0,0,2,22x14,23,0,3}
client-71122 unknown 45x flags=attached,focused,control-mode,UTF-8
client-detached
client-session-changed
--- 15:37:47.542448697
@0 smoke %0 57471 0 act=0 22x14 L=0 T=0 R=21 B=13 wact=1 zoom=1
@0 smoke %1 57475 1 act=1 45x14 L=0 T=0 R=44 B=13 wact=1 zoom=1
@1 handoff %2 57483 0 act=0 22x14 L=0 T=0 R=21 B=13 wact=0 zoom=0
@1 handoff %3 57491 1 act=1 22x14 L=23 T=0 R=44 B=13 wact=0 zoom=0
@0 smoke 45x14 zoom=1 layout=0295,45x14,0,0{22x14,0,0,0,22x14,23,0,1}
@1 handoff 45x14 zoom=0 layout=029e,45x14,0,0{22x14,0,0,2,22x14,23,0,3}
client-71122 unknown 45x flags=attached,focused,control-mode,UTF-8
client-detached
client-session-changed
--- 15:37:49.065709137
@0 smoke %0 57471 0 act=0 22x14 L=0 T=0 R=21 B=13 wact=1 zoom=1
@0 smoke %1 57475 1 act=1 45x14 L=0 T=0 R=44 B=13 wact=1 zoom=1
@1 handoff %2 57483 0 act=0 22x14 L=0 T=0 R=21 B=13 wact=0 zoom=0
@1 handoff %3 57491 1 act=1 22x14 L=23 T=0 R=44 B=13 wact=0 zoom=0
@0 smoke 45x14 zoom=1 layout=0295,45x14,0,0{22x14,0,0,0,22x14,23,0,1}
@1 handoff 45x14 zoom=0 layout=029e,45x14,0,0{22x14,0,0,2,22x14,23,0,3}
client-71122 unknown 45x flags=attached,focused,control-mode,UTF-8
client-detached
client-session-changed
--- 15:37:50.582926511
@0 smoke %0 57471 0 act=0 22x14 L=0 T=0 R=21 B=13 wact=1 zoom=1
@0 smoke %1 57475 1 act=1 45x14 L=0 T=0 R=44 B=13 wact=1 zoom=1
@1 handoff %2 57483 0 act=0 22x14 L=0 T=0 R=21 B=13 wact=0 zoom=0
@1 handoff %3 57491 1 act=1 22x14 L=23 T=0 R=44 B=13 wact=0 zoom=0
@0 smoke 45x14 zoom=1 layout=0295,45x14,0,0{22x14,0,0,0,22x14,23,0,1}
@1 handoff 45x14 zoom=0 layout=029e,45x14,0,0{22x14,0,0,2,22x14,23,0,3}
client-71122 unknown 45x flags=attached,focused,control-mode,UTF-8
client-detached
client-session-changed
--- 15:37:52.096277068
@0 smoke %0 57471 0 act=0 22x14 L=0 T=0 R=21 B=13 wact=1 zoom=1
@0 smoke %1 57475 1 act=1 45x14 L=0 T=0 R=44 B=13 wact=1 zoom=1
@1 handoff %2 57483 0 act=0 22x14 L=0 T=0 R=21 B=13 wact=0 zoom=0
@1 handoff %3 57491 1 act=1 22x14 L=23 T=0 R=44 B=13 wact=0 zoom=0
@0 smoke 45x14 zoom=1 layout=0295,45x14,0,0{22x14,0,0,0,22x14,23,0,1}
@1 handoff 45x14 zoom=0 layout=029e,45x14,0,0{22x14,0,0,2,22x14,23,0,3}
client-71122 unknown 45x flags=attached,focused,control-mode,UTF-8
client-detached
client-session-changed
--- 15:37:53.609319087
@0 smoke %0 57471 0 act=0 22x14 L=0 T=0 R=21 B=13 wact=1 zoom=1
@0 smoke %1 57475 1 act=1 45x14 L=0 T=0 R=44 B=13 wact=1 zoom=1
@1 handoff %2 57483 0 act=0 22x14 L=0 T=0 R=21 B=13 wact=0 zoom=0
@1 handoff %3 57491 1 act=1 22x14 L=23 T=0 R=44 B=13 wact=0 zoom=0
@0 smoke 45x14 zoom=1 layout=0295,45x14,0,0{22x14,0,0,0,22x14,23,0,1}
@1 handoff 45x14 zoom=0 layout=029e,45x14,0,0{22x14,0,0,2,22x14,23,0,3}
client-71122 unknown 45x flags=attached,focused,control-mode,UTF-8
client-detached
client-session-changed
--- 15:37:55.122304850
@0 smoke %0 57471 0 act=0 22x14 L=0 T=0 R=21 B=13 wact=1 zoom=1
@0 smoke %1 57475 1 act=1 45x14 L=0 T=0 R=44 B=13 wact=1 zoom=1
@1 handoff %2 57483 0 act=0 22x14 L=0 T=0 R=21 B=13 wact=0 zoom=0
@1 handoff %3 57491 1 act=1 22x14 L=23 T=0 R=44 B=13 wact=0 zoom=0
@0 smoke 45x14 zoom=1 layout=0295,45x14,0,0{22x14,0,0,0,22x14,23,0,1}
@1 handoff 45x14 zoom=0 layout=029e,45x14,0,0{22x14,0,0,2,22x14,23,0,3}
client-71122 unknown 45x flags=attached,focused,control-mode,UTF-8
client-detached
client-session-changed
--- 15:37:56.635267944
@0 smoke %0 57471 0 act=0 22x14 L=0 T=0 R=21 B=13 wact=1 zoom=1
@0 smoke %1 57475 1 act=1 45x14 L=0 T=0 R=44 B=13 wact=1 zoom=1
@1 handoff %2 57483 0 act=0 22x14 L=0 T=0 R=21 B=13 wact=0 zoom=0
@1 handoff %3 57491 1 act=1 22x14 L=23 T=0 R=44 B=13 wact=0 zoom=0
@0 smoke 45x14 zoom=1 layout=0295,45x14,0,0{22x14,0,0,0,22x14,23,0,1}
@1 handoff 45x14 zoom=0 layout=029e,45x14,0,0{22x14,0,0,2,22x14,23,0,3}
client-71122 unknown 45x flags=attached,focused,control-mode,UTF-8
client-detached
client-session-changed
--- 15:37:58.148287968
@0 smoke %0 57471 0 act=0 22x14 L=0 T=0 R=21 B=13 wact=1 zoom=1
@0 smoke %1 57475 1 act=1 45x14 L=0 T=0 R=44 B=13 wact=1 zoom=1
@1 handoff %2 57483 0 act=0 22x14 L=0 T=0 R=21 B=13 wact=0 zoom=0
@1 handoff %3 57491 1 act=1 22x14 L=23 T=0 R=44 B=13 wact=0 zoom=0
@0 smoke 45x14 zoom=1 layout=0295,45x14,0,0{22x14,0,0,0,22x14,23,0,1}
@1 handoff 45x14 zoom=0 layout=029e,45x14,0,0{22x14,0,0,2,22x14,23,0,3}
client-71122 unknown 45x flags=attached,focused,control-mode,UTF-8
client-detached
client-session-changed
--- 15:37:59.661590822
@0 smoke %0 57471 0 act=0 22x14 L=0 T=0 R=21 B=13 wact=0 zoom=1
@0 smoke %1 57475 1 act=1 45x14 L=0 T=0 R=44 B=13 wact=0 zoom=1
@1 handoff %2 57483 0 act=0 22x14 L=0 T=0 R=21 B=13 wact=1 zoom=1
@1 handoff %3 57491 1 act=1 45x14 L=0 T=0 R=44 B=13 wact=1 zoom=1
@0 smoke 45x14 zoom=1 layout=0295,45x14,0,0{22x14,0,0,0,22x14,23,0,1}
@1 handoff 45x14 zoom=1 layout=029e,45x14,0,0{22x14,0,0,2,22x14,23,0,3}
client-71122 unknown 45x flags=attached,focused,control-mode,UTF-8
client-detached[1000] if-shell -F -t "=$0:.%3" "#{window_zoomed_flag}" "resize-pane -Z -t =$0:.%3" ; set-hook -u -t "=$0:" client-detached[1000] ; set-hook -u -t "=$0:" client-session-changed[1000]
client-session-changed[1000] if-shell -F -t "=$0:.%3" "#{window_zoomed_flag}" "resize-pane -Z -t =$0:.%3" ; set-hook -u -t "=$0:" client-detached[1000] ; set-hook -u -t "=$0:" client-session-changed[1000]
--- 15:38:01.175064442
@0 smoke %0 57471 0 act=0 22x14 L=0 T=0 R=21 B=13 wact=0 zoom=1
@0 smoke %1 57475 1 act=1 45x14 L=0 T=0 R=44 B=13 wact=0 zoom=1
@1 handoff %2 57483 0 act=0 22x14 L=0 T=0 R=21 B=13 wact=1 zoom=1
@1 handoff %3 57491 1 act=1 45x14 L=0 T=0 R=44 B=13 wact=1 zoom=1
@0 smoke 45x14 zoom=1 layout=0295,45x14,0,0{22x14,0,0,0,22x14,23,0,1}
@1 handoff 45x14 zoom=1 layout=029e,45x14,0,0{22x14,0,0,2,22x14,23,0,3}
client-71122 unknown 45x flags=attached,focused,control-mode,UTF-8
client-detached[1000] if-shell -F -t "=$0:.%3" "#{window_zoomed_flag}" "resize-pane -Z -t =$0:.%3" ; set-hook -u -t "=$0:" client-detached[1000] ; set-hook -u -t "=$0:" client-session-changed[1000]
client-session-changed[1000] if-shell -F -t "=$0:.%3" "#{window_zoomed_flag}" "resize-pane -Z -t =$0:.%3" ; set-hook -u -t "=$0:" client-detached[1000] ; set-hook -u -t "=$0:" client-session-changed[1000]
--- 15:38:02.687960449
@0 smoke %0 57471 0 act=0 22x27 L=0 T=0 R=21 B=26 wact=0 zoom=1
@0 smoke %1 57475 1 act=1 45x27 L=0 T=0 R=44 B=26 wact=0 zoom=1
@1 handoff %2 57483 0 act=1 45x27 L=0 T=0 R=44 B=26 wact=1 zoom=1
@1 handoff %3 57491 1 act=0 22x27 L=23 T=0 R=44 B=26 wact=1 zoom=1
@0 smoke 45x27 zoom=1 layout=3e23,45x27,0,0{22x27,0,0,0,22x27,23,0,1}
@1 handoff 45x27 zoom=1 layout=3e2c,45x27,0,0{22x27,0,0,2,22x27,23,0,3}
client-71122 unknown 45x flags=attached,focused,control-mode,UTF-8
client-detached[1000] if-shell -F -t "=$0:.%2" "#{window_zoomed_flag}" "resize-pane -Z -t =$0:.%2" ; set-hook -u -t "=$0:" client-detached[1000] ; set-hook -u -t "=$0:" client-session-changed[1000]
client-session-changed[1000] if-shell -F -t "=$0:.%2" "#{window_zoomed_flag}" "resize-pane -Z -t =$0:.%2" ; set-hook -u -t "=$0:" client-detached[1000] ; set-hook -u -t "=$0:" client-session-changed[1000]
--- 15:38:04.200944747
@0 smoke %0 57471 0 act=0 22x27 L=0 T=0 R=21 B=26 wact=0 zoom=1
@0 smoke %1 57475 1 act=1 45x27 L=0 T=0 R=44 B=26 wact=0 zoom=1
@1 handoff %2 57483 0 act=1 45x27 L=0 T=0 R=44 B=26 wact=1 zoom=1
@1 handoff %3 57491 1 act=0 22x27 L=23 T=0 R=44 B=26 wact=1 zoom=1
@0 smoke 45x27 zoom=1 layout=3e23,45x27,0,0{22x27,0,0,0,22x27,23,0,1}
@1 handoff 45x27 zoom=1 layout=3e2c,45x27,0,0{22x27,0,0,2,22x27,23,0,3}
client-71122 unknown 45x flags=attached,focused,control-mode,UTF-8
client-detached[1000] if-shell -F -t "=$0:.%2" "#{window_zoomed_flag}" "resize-pane -Z -t =$0:.%2" ; set-hook -u -t "=$0:" client-detached[1000] ; set-hook -u -t "=$0:" client-session-changed[1000]
client-session-changed[1000] if-shell -F -t "=$0:.%2" "#{window_zoomed_flag}" "resize-pane -Z -t =$0:.%2" ; set-hook -u -t "=$0:" client-detached[1000] ; set-hook -u -t "=$0:" client-session-changed[1000]
--- 15:38:05.713920985
@0 smoke %0 57471 0 act=0 22x27 L=0 T=0 R=21 B=26 wact=0 zoom=1
@0 smoke %1 57475 1 act=1 45x27 L=0 T=0 R=44 B=26 wact=0 zoom=1
@1 handoff %2 57483 0 act=1 45x27 L=0 T=0 R=44 B=26 wact=1 zoom=1
@1 handoff %3 57491 1 act=0 22x27 L=23 T=0 R=44 B=26 wact=1 zoom=1
@0 smoke 45x27 zoom=1 layout=3e23,45x27,0,0{22x27,0,0,0,22x27,23,0,1}
@1 handoff 45x27 zoom=1 layout=3e2c,45x27,0,0{22x27,0,0,2,22x27,23,0,3}
client-71122 unknown 45x flags=attached,focused,control-mode,UTF-8
client-detached[1000] if-shell -F -t "=$0:.%2" "#{window_zoomed_flag}" "resize-pane -Z -t =$0:.%2" ; set-hook -u -t "=$0:" client-detached[1000] ; set-hook -u -t "=$0:" client-session-changed[1000]
client-session-changed[1000] if-shell -F -t "=$0:.%2" "#{window_zoomed_flag}" "resize-pane -Z -t =$0:.%2" ; set-hook -u -t "=$0:" client-detached[1000] ; set-hook -u -t "=$0:" client-session-changed[1000]
--- 15:38:07.227405839
@0 smoke %0 57471 0 act=0 22x14 L=0 T=0 R=21 B=13 wact=0 zoom=1
@0 smoke %1 57475 1 act=1 45x14 L=0 T=0 R=44 B=13 wact=0 zoom=1
@1 handoff %2 57483 0 act=1 45x14 L=0 T=0 R=44 B=13 wact=1 zoom=1
@1 handoff %3 57491 1 act=0 22x14 L=23 T=0 R=44 B=13 wact=1 zoom=1
@0 smoke 45x14 zoom=1 layout=0295,45x14,0,0{22x14,0,0,0,22x14,23,0,1}
@1 handoff 45x14 zoom=1 layout=029e,45x14,0,0{22x14,0,0,2,22x14,23,0,3}
client-71122 unknown 45x flags=attached,focused,control-mode,UTF-8
client-detached[1000] if-shell -F -t "=$0:.%2" "#{window_zoomed_flag}" "resize-pane -Z -t =$0:.%2" ; set-hook -u -t "=$0:" client-detached[1000] ; set-hook -u -t "=$0:" client-session-changed[1000]
client-session-changed[1000] if-shell -F -t "=$0:.%2" "#{window_zoomed_flag}" "resize-pane -Z -t =$0:.%2" ; set-hook -u -t "=$0:" client-detached[1000] ; set-hook -u -t "=$0:" client-session-changed[1000]
--- 15:38:08.750209245
@0 smoke %0 57471 0 act=0 22x14 L=0 T=0 R=21 B=13 wact=0 zoom=1
@0 smoke %1 57475 1 act=1 45x14 L=0 T=0 R=44 B=13 wact=0 zoom=1
@1 handoff %2 57483 0 act=1 45x14 L=0 T=0 R=44 B=13 wact=1 zoom=1
@1 handoff %3 57491 1 act=0 22x14 L=23 T=0 R=44 B=13 wact=1 zoom=1
@0 smoke 45x14 zoom=1 layout=0295,45x14,0,0{22x14,0,0,0,22x14,23,0,1}
@1 handoff 45x14 zoom=1 layout=029e,45x14,0,0{22x14,0,0,2,22x14,23,0,3}
client-71122 unknown 45x flags=attached,focused,control-mode,UTF-8
client-detached[1000] if-shell -F -t "=$0:.%2" "#{window_zoomed_flag}" "resize-pane -Z -t =$0:.%2" ; set-hook -u -t "=$0:" client-detached[1000] ; set-hook -u -t "=$0:" client-session-changed[1000]
client-session-changed[1000] if-shell -F -t "=$0:.%2" "#{window_zoomed_flag}" "resize-pane -Z -t =$0:.%2" ; set-hook -u -t "=$0:" client-detached[1000] ; set-hook -u -t "=$0:" client-session-changed[1000]
--- 15:38:10.277118728
@0 smoke %0 57471 0 act=0 22x14 L=0 T=0 R=21 B=13 wact=0 zoom=1
@0 smoke %1 57475 1 act=1 45x14 L=0 T=0 R=44 B=13 wact=0 zoom=1
@1 handoff %2 57483 0 act=1 45x14 L=0 T=0 R=44 B=13 wact=1 zoom=1
@1 handoff %3 57491 1 act=0 22x14 L=23 T=0 R=44 B=13 wact=1 zoom=1
@0 smoke 45x14 zoom=1 layout=0295,45x14,0,0{22x14,0,0,0,22x14,23,0,1}
@1 handoff 45x14 zoom=1 layout=029e,45x14,0,0{22x14,0,0,2,22x14,23,0,3}
client-71122 unknown 45x flags=attached,focused,control-mode,UTF-8
client-detached[1000] if-shell -F -t "=$0:.%2" "#{window_zoomed_flag}" "resize-pane -Z -t =$0:.%2" ; set-hook -u -t "=$0:" client-detached[1000] ; set-hook -u -t "=$0:" client-session-changed[1000]
client-session-changed[1000] if-shell -F -t "=$0:.%2" "#{window_zoomed_flag}" "resize-pane -Z -t =$0:.%2" ; set-hook -u -t "=$0:" client-detached[1000] ; set-hook -u -t "=$0:" client-session-changed[1000]
--- 15:38:11.793330465
@0 smoke %0 57471 0 act=0 22x14 L=0 T=0 R=21 B=13 wact=0 zoom=1
@0 smoke %1 57475 1 act=1 45x14 L=0 T=0 R=44 B=13 wact=0 zoom=1
@1 handoff %2 57483 0 act=1 45x14 L=0 T=0 R=44 B=13 wact=1 zoom=1
@1 handoff %3 57491 1 act=0 22x14 L=23 T=0 R=44 B=13 wact=1 zoom=1
@0 smoke 45x14 zoom=1 layout=0295,45x14,0,0{22x14,0,0,0,22x14,23,0,1}
@1 handoff 45x14 zoom=1 layout=029e,45x14,0,0{22x14,0,0,2,22x14,23,0,3}
client-71122 unknown 45x flags=attached,focused,control-mode,UTF-8
client-detached[1000] if-shell -F -t "=$0:.%2" "#{window_zoomed_flag}" "resize-pane -Z -t =$0:.%2" ; set-hook -u -t "=$0:" client-detached[1000] ; set-hook -u -t "=$0:" client-session-changed[1000]
client-session-changed[1000] if-shell -F -t "=$0:.%2" "#{window_zoomed_flag}" "resize-pane -Z -t =$0:.%2" ; set-hook -u -t "=$0:" client-detached[1000] ; set-hook -u -t "=$0:" client-session-changed[1000]
--- 15:38:13.321041157
@0 smoke %0 57471 0 act=0 22x14 L=0 T=0 R=21 B=13 wact=0 zoom=1
@0 smoke %1 57475 1 act=1 45x14 L=0 T=0 R=44 B=13 wact=0 zoom=1
@1 handoff %2 57483 0 act=1 45x14 L=0 T=0 R=44 B=13 wact=1 zoom=1
@1 handoff %3 57491 1 act=0 22x14 L=23 T=0 R=44 B=13 wact=1 zoom=1
@0 smoke 45x14 zoom=1 layout=0295,45x14,0,0{22x14,0,0,0,22x14,23,0,1}
@1 handoff 45x14 zoom=1 layout=029e,45x14,0,0{22x14,0,0,2,22x14,23,0,3}
client-71122 unknown 45x flags=attached,focused,control-mode,UTF-8
client-detached[1000] if-shell -F -t "=$0:.%2" "#{window_zoomed_flag}" "resize-pane -Z -t =$0:.%2" ; set-hook -u -t "=$0:" client-detached[1000] ; set-hook -u -t "=$0:" client-session-changed[1000]
client-session-changed[1000] if-shell -F -t "=$0:.%2" "#{window_zoomed_flag}" "resize-pane -Z -t =$0:.%2" ; set-hook -u -t "=$0:" client-detached[1000] ; set-hook -u -t "=$0:" client-session-changed[1000]
--- 15:38:14.835017424
@0 smoke %0 57471 0 act=0 22x14 L=0 T=0 R=21 B=13 wact=0 zoom=1
@0 smoke %1 57475 1 act=1 45x14 L=0 T=0 R=44 B=13 wact=0 zoom=1
@1 handoff %2 57483 0 act=1 45x14 L=0 T=0 R=44 B=13 wact=1 zoom=1
@1 handoff %3 57491 1 act=0 22x14 L=23 T=0 R=44 B=13 wact=1 zoom=1
@0 smoke 45x14 zoom=1 layout=0295,45x14,0,0{22x14,0,0,0,22x14,23,0,1}
@1 handoff 45x14 zoom=1 layout=029e,45x14,0,0{22x14,0,0,2,22x14,23,0,3}
client-71122 unknown 45x flags=attached,focused,control-mode,UTF-8
client-detached[1000] if-shell -F -t "=$0:.%2" "#{window_zoomed_flag}" "resize-pane -Z -t =$0:.%2" ; set-hook -u -t "=$0:" client-detached[1000] ; set-hook -u -t "=$0:" client-session-changed[1000]
client-session-changed[1000] if-shell -F -t "=$0:.%2" "#{window_zoomed_flag}" "resize-pane -Z -t =$0:.%2" ; set-hook -u -t "=$0:" client-detached[1000] ; set-hook -u -t "=$0:" client-session-changed[1000]
--- 15:38:16.349618324
@0 smoke %0 57471 0 act=0 22x14 L=0 T=0 R=21 B=13 wact=0 zoom=1
@0 smoke %1 57475 1 act=1 45x14 L=0 T=0 R=44 B=13 wact=0 zoom=1
@1 handoff %2 57483 0 act=1 45x14 L=0 T=0 R=44 B=13 wact=1 zoom=1
@1 handoff %3 57491 1 act=0 22x14 L=23 T=0 R=44 B=13 wact=1 zoom=1
@0 smoke 45x14 zoom=1 layout=0295,45x14,0,0{22x14,0,0,0,22x14,23,0,1}
@1 handoff 45x14 zoom=1 layout=029e,45x14,0,0{22x14,0,0,2,22x14,23,0,3}
client-71122 unknown 45x flags=attached,focused,control-mode,UTF-8
client-detached[1000] if-shell -F -t "=$0:.%2" "#{window_zoomed_flag}" "resize-pane -Z -t =$0:.%2" ; set-hook -u -t "=$0:" client-detached[1000] ; set-hook -u -t "=$0:" client-session-changed[1000]
client-session-changed[1000] if-shell -F -t "=$0:.%2" "#{window_zoomed_flag}" "resize-pane -Z -t =$0:.%2" ; set-hook -u -t "=$0:" client-detached[1000] ; set-hook -u -t "=$0:" client-session-changed[1000]
--- 15:38:17.865175822
@0 smoke %0 57471 0 act=0 22x14 L=0 T=0 R=21 B=13 wact=1 zoom=1
@0 smoke %1 57475 1 act=1 45x14 L=0 T=0 R=44 B=13 wact=1 zoom=1
@1 handoff %2 57483 0 act=1 22x14 L=0 T=0 R=21 B=13 wact=0 zoom=0
@1 handoff %3 57491 1 act=0 22x14 L=23 T=0 R=44 B=13 wact=0 zoom=0
@0 smoke 45x14 zoom=1 layout=0295,45x14,0,0{22x14,0,0,0,22x14,23,0,1}
@1 handoff 45x14 zoom=0 layout=029e,45x14,0,0{22x14,0,0,2,22x14,23,0,3}
client-71122 unknown 45x flags=attached,focused,control-mode,UTF-8
client-detached
client-session-changed
--- 15:38:19.380349322
@0 smoke %0 57471 0 act=0 22x14 L=0 T=0 R=21 B=13 wact=1 zoom=1
@0 smoke %1 57475 1 act=1 45x14 L=0 T=0 R=44 B=13 wact=1 zoom=1
@1 handoff %2 57483 0 act=1 22x14 L=0 T=0 R=21 B=13 wact=0 zoom=0
@1 handoff %3 57491 1 act=0 22x14 L=23 T=0 R=44 B=13 wact=0 zoom=0
@0 smoke 45x14 zoom=1 layout=0295,45x14,0,0{22x14,0,0,0,22x14,23,0,1}
@1 handoff 45x14 zoom=0 layout=029e,45x14,0,0{22x14,0,0,2,22x14,23,0,3}
client-71122 unknown 45x flags=attached,focused,control-mode,UTF-8
client-detached
client-session-changed
--- 15:38:20.893557669
@0 smoke %0 57471 0 act=0 22x14 L=0 T=0 R=21 B=13 wact=1 zoom=1
@0 smoke %1 57475 1 act=1 45x14 L=0 T=0 R=44 B=13 wact=1 zoom=1
@1 handoff %2 57483 0 act=1 22x14 L=0 T=0 R=21 B=13 wact=0 zoom=0
@1 handoff %3 57491 1 act=0 22x14 L=23 T=0 R=44 B=13 wact=0 zoom=0
@0 smoke 45x14 zoom=1 layout=0295,45x14,0,0{22x14,0,0,0,22x14,23,0,1}
@1 handoff 45x14 zoom=0 layout=029e,45x14,0,0{22x14,0,0,2,22x14,23,0,3}
client-71122 unknown 45x flags=attached,focused,control-mode,UTF-8
client-detached
client-session-changed
--- 15:38:22.406901653
@0 smoke %0 57471 0 act=0 22x14 L=0 T=0 R=21 B=13 wact=1 zoom=1
@0 smoke %1 57475 1 act=1 45x14 L=0 T=0 R=44 B=13 wact=1 zoom=1
@1 handoff %2 57483 0 act=1 22x14 L=0 T=0 R=21 B=13 wact=0 zoom=0
@1 handoff %3 57491 1 act=0 22x14 L=23 T=0 R=44 B=13 wact=0 zoom=0
@0 smoke 45x14 zoom=1 layout=0295,45x14,0,0{22x14,0,0,0,22x14,23,0,1}
@1 handoff 45x14 zoom=0 layout=029e,45x14,0,0{22x14,0,0,2,22x14,23,0,3}
client-71122 unknown 45x flags=attached,focused,control-mode,UTF-8
client-detached
client-session-changed
--- 15:38:23.920908598
@0 smoke %0 57471 0 act=0 22x14 L=0 T=0 R=21 B=13 wact=1 zoom=1
@0 smoke %1 57475 1 act=1 45x14 L=0 T=0 R=44 B=13 wact=1 zoom=1
@1 handoff %2 57483 0 act=1 22x14 L=0 T=0 R=21 B=13 wact=0 zoom=0
@1 handoff %3 57491 1 act=0 22x14 L=23 T=0 R=44 B=13 wact=0 zoom=0
@0 smoke 45x14 zoom=1 layout=0295,45x14,0,0{22x14,0,0,0,22x14,23,0,1}
@1 handoff 45x14 zoom=0 layout=029e,45x14,0,0{22x14,0,0,2,22x14,23,0,3}
client-71122 unknown 45x flags=attached,focused,control-mode,UTF-8
client-detached
client-session-changed
--- 15:38:25.433930593
@0 smoke %0 57471 0 act=0 22x14 L=0 T=0 R=21 B=13 wact=1 zoom=1
@0 smoke %1 57475 1 act=1 45x14 L=0 T=0 R=44 B=13 wact=1 zoom=1
@1 handoff %2 57483 0 act=1 22x14 L=0 T=0 R=21 B=13 wact=0 zoom=0
@1 handoff %3 57491 1 act=0 22x14 L=23 T=0 R=44 B=13 wact=0 zoom=0
@0 smoke 45x14 zoom=1 layout=0295,45x14,0,0{22x14,0,0,0,22x14,23,0,1}
@1 handoff 45x14 zoom=0 layout=029e,45x14,0,0{22x14,0,0,2,22x14,23,0,3}
client-71122 unknown 45x flags=attached,focused,control-mode,UTF-8
client-detached
client-session-changed
--- 15:38:26.949219072
@0 smoke %0 57471 0 act=0 22x14 L=0 T=0 R=21 B=13 wact=1 zoom=1
@0 smoke %1 57475 1 act=1 45x14 L=0 T=0 R=44 B=13 wact=1 zoom=1
@1 handoff %2 57483 0 act=1 22x14 L=0 T=0 R=21 B=13 wact=0 zoom=0
@1 handoff %3 57491 1 act=0 22x14 L=23 T=0 R=44 B=13 wact=0 zoom=0
@0 smoke 45x14 zoom=1 layout=0295,45x14,0,0{22x14,0,0,0,22x14,23,0,1}
@1 handoff 45x14 zoom=0 layout=029e,45x14,0,0{22x14,0,0,2,22x14,23,0,3}
client-71122 unknown 45x flags=attached,focused,control-mode,UTF-8
client-detached
client-session-changed
--- 15:38:28.462744357
@0 smoke %0 57471 0 act=0 22x14 L=0 T=0 R=21 B=13 wact=1 zoom=1
@0 smoke %1 57475 1 act=1 45x14 L=0 T=0 R=44 B=13 wact=1 zoom=1
@1 handoff %2 57483 0 act=1 22x14 L=0 T=0 R=21 B=13 wact=0 zoom=0
@1 handoff %3 57491 1 act=0 22x14 L=23 T=0 R=44 B=13 wact=0 zoom=0
@0 smoke 45x14 zoom=1 layout=0295,45x14,0,0{22x14,0,0,0,22x14,23,0,1}
@1 handoff 45x14 zoom=0 layout=029e,45x14,0,0{22x14,0,0,2,22x14,23,0,3}
client-71122 unknown 45x flags=attached,focused,control-mode,UTF-8
client-detached
client-session-changed
--- 15:38:29.979898652
@0 smoke %0 57471 0 act=0 22x14 L=0 T=0 R=21 B=13 wact=1 zoom=1
@0 smoke %1 57475 1 act=1 45x14 L=0 T=0 R=44 B=13 wact=1 zoom=1
@1 handoff %2 57483 0 act=1 22x14 L=0 T=0 R=21 B=13 wact=0 zoom=0
@1 handoff %3 57491 1 act=0 22x14 L=23 T=0 R=44 B=13 wact=0 zoom=0
@0 smoke 45x14 zoom=1 layout=0295,45x14,0,0{22x14,0,0,0,22x14,23,0,1}
@1 handoff 45x14 zoom=0 layout=029e,45x14,0,0{22x14,0,0,2,22x14,23,0,3}
client-71122 unknown 45x flags=attached,focused,control-mode,UTF-8
client-detached
client-session-changed
--- 15:38:31.492986028
@0 smoke %0 57471 0 act=0 22x14 L=0 T=0 R=21 B=13 wact=1 zoom=1
@0 smoke %1 57475 1 act=1 45x14 L=0 T=0 R=44 B=13 wact=1 zoom=1
@1 handoff %2 57483 0 act=1 22x14 L=0 T=0 R=21 B=13 wact=0 zoom=0
@1 handoff %3 57491 1 act=0 22x14 L=23 T=0 R=44 B=13 wact=0 zoom=0
@0 smoke 45x14 zoom=1 layout=0295,45x14,0,0{22x14,0,0,0,22x14,23,0,1}
@1 handoff 45x14 zoom=0 layout=029e,45x14,0,0{22x14,0,0,2,22x14,23,0,3}
client-71122 unknown 45x flags=attached,focused,control-mode,UTF-8
client-detached
client-session-changed
--- 15:38:33.005994625
@0 smoke %0 57471 0 act=0 22x14 L=0 T=0 R=21 B=13 wact=1 zoom=1
@0 smoke %1 57475 1 act=1 45x14 L=0 T=0 R=44 B=13 wact=1 zoom=1
@1 handoff %2 57483 0 act=1 22x14 L=0 T=0 R=21 B=13 wact=0 zoom=0
@1 handoff %3 57491 1 act=0 22x14 L=23 T=0 R=44 B=13 wact=0 zoom=0
@0 smoke 45x14 zoom=1 layout=0295,45x14,0,0{22x14,0,0,0,22x14,23,0,1}
@1 handoff 45x14 zoom=0 layout=029e,45x14,0,0{22x14,0,0,2,22x14,23,0,3}
client-71122 unknown 45x flags=attached,focused,control-mode,UTF-8
client-detached
client-session-changed
--- 15:38:34.525185729
@0 smoke %0 57471 0 act=0 22x14 L=0 T=0 R=21 B=13 wact=1 zoom=1
@0 smoke %1 57475 1 act=1 45x14 L=0 T=0 R=44 B=13 wact=1 zoom=1
@1 handoff %2 57483 0 act=1 22x14 L=0 T=0 R=21 B=13 wact=0 zoom=0
@1 handoff %3 57491 1 act=0 22x14 L=23 T=0 R=44 B=13 wact=0 zoom=0
@0 smoke 45x14 zoom=1 layout=0295,45x14,0,0{22x14,0,0,0,22x14,23,0,1}
@1 handoff 45x14 zoom=0 layout=029e,45x14,0,0{22x14,0,0,2,22x14,23,0,3}
client-71122 unknown 45x flags=attached,focused,control-mode,UTF-8
client-detached
client-session-changed
--- 15:38:36.056268676
@0 smoke %0 57471 0 act=0 22x14 L=0 T=0 R=21 B=13 wact=1 zoom=1
@0 smoke %1 57475 1 act=1 45x14 L=0 T=0 R=44 B=13 wact=1 zoom=1
@1 handoff %2 57483 0 act=1 22x14 L=0 T=0 R=21 B=13 wact=0 zoom=0
@1 handoff %3 57491 1 act=0 22x14 L=23 T=0 R=44 B=13 wact=0 zoom=0
@0 smoke 45x14 zoom=1 layout=0295,45x14,0,0{22x14,0,0,0,22x14,23,0,1}
@1 handoff 45x14 zoom=0 layout=029e,45x14,0,0{22x14,0,0,2,22x14,23,0,3}
client-71122 unknown 45x flags=attached,focused,control-mode,UTF-8
client-detached
client-session-changed
--- 15:38:37.586376654
@0 smoke %0 57471 0 act=0 22x14 L=0 T=0 R=21 B=13 wact=1 zoom=1
@0 smoke %1 57475 1 act=1 45x14 L=0 T=0 R=44 B=13 wact=1 zoom=1
@1 handoff %2 57483 0 act=1 22x14 L=0 T=0 R=21 B=13 wact=0 zoom=0
@1 handoff %3 57491 1 act=0 22x14 L=23 T=0 R=44 B=13 wact=0 zoom=0
@0 smoke 45x14 zoom=1 layout=0295,45x14,0,0{22x14,0,0,0,22x14,23,0,1}
@1 handoff 45x14 zoom=0 layout=029e,45x14,0,0{22x14,0,0,2,22x14,23,0,3}
client-71122 unknown 45x flags=attached,focused,control-mode,UTF-8
client-detached
client-session-changed
--- 15:38:39.104770685
@0 smoke %0 57471 0 act=0 22x14 L=0 T=0 R=21 B=13 wact=1 zoom=1
@0 smoke %1 57475 1 act=1 45x14 L=0 T=0 R=44 B=13 wact=1 zoom=1
@1 handoff %2 57483 0 act=1 22x14 L=0 T=0 R=21 B=13 wact=0 zoom=0
@1 handoff %3 57491 1 act=0 22x14 L=23 T=0 R=44 B=13 wact=0 zoom=0
@0 smoke 45x14 zoom=1 layout=0295,45x14,0,0{22x14,0,0,0,22x14,23,0,1}
@1 handoff 45x14 zoom=0 layout=029e,45x14,0,0{22x14,0,0,2,22x14,23,0,3}
client-71122 unknown 45x flags=attached,focused,control-mode,UTF-8
client-detached
client-session-changed
--- 15:38:40.617916629
@0 smoke %0 57471 0 act=0 22x14 L=0 T=0 R=21 B=13 wact=1 zoom=1
@0 smoke %1 57475 1 act=1 45x14 L=0 T=0 R=44 B=13 wact=1 zoom=1
@1 handoff %2 57483 0 act=1 22x14 L=0 T=0 R=21 B=13 wact=0 zoom=0
@1 handoff %3 57491 1 act=0 22x14 L=23 T=0 R=44 B=13 wact=0 zoom=0
@0 smoke 45x14 zoom=1 layout=0295,45x14,0,0{22x14,0,0,0,22x14,23,0,1}
@1 handoff 45x14 zoom=0 layout=029e,45x14,0,0{22x14,0,0,2,22x14,23,0,3}
client-71122 unknown 45x flags=attached,focused,control-mode,UTF-8
client-detached
client-session-changed
--- 15:38:42.133504152
@0 smoke %0 57471 0 act=0 22x14 L=0 T=0 R=21 B=13 wact=1 zoom=1
@0 smoke %1 57475 1 act=1 45x14 L=0 T=0 R=44 B=13 wact=1 zoom=1
@1 handoff %2 57483 0 act=1 22x14 L=0 T=0 R=21 B=13 wact=0 zoom=0
@1 handoff %3 57491 1 act=0 22x14 L=23 T=0 R=44 B=13 wact=0 zoom=0
@0 smoke 45x14 zoom=1 layout=0295,45x14,0,0{22x14,0,0,0,22x14,23,0,1}
@1 handoff 45x14 zoom=0 layout=029e,45x14,0,0{22x14,0,0,2,22x14,23,0,3}
client-71122 unknown 45x flags=attached,focused,control-mode,UTF-8
client-detached
client-session-changed
--- 15:38:43.648334782
@0 smoke %0 57471 0 act=0 22x14 L=0 T=0 R=21 B=13 wact=1 zoom=1
@0 smoke %1 57475 1 act=1 45x14 L=0 T=0 R=44 B=13 wact=1 zoom=1
@1 handoff %2 57483 0 act=1 22x14 L=0 T=0 R=21 B=13 wact=0 zoom=0
@1 handoff %3 57491 1 act=0 22x14 L=23 T=0 R=44 B=13 wact=0 zoom=0
@0 smoke 45x14 zoom=1 layout=0295,45x14,0,0{22x14,0,0,0,22x14,23,0,1}
@1 handoff 45x14 zoom=0 layout=029e,45x14,0,0{22x14,0,0,2,22x14,23,0,3}
client-detached
client-session-changed
--- 15:38:45.165427518
@0 smoke %0 57471 0 act=0 22x14 L=0 T=0 R=21 B=13 wact=1 zoom=1
@0 smoke %1 57475 1 act=1 45x14 L=0 T=0 R=44 B=13 wact=1 zoom=1
@1 handoff %2 57483 0 act=1 22x14 L=0 T=0 R=21 B=13 wact=0 zoom=0
@1 handoff %3 57491 1 act=0 22x14 L=23 T=0 R=44 B=13 wact=0 zoom=0
@0 smoke 45x14 zoom=1 layout=0295,45x14,0,0{22x14,0,0,0,22x14,23,0,1}
@1 handoff 45x14 zoom=0 layout=029e,45x14,0,0{22x14,0,0,2,22x14,23,0,3}
client-detached
client-session-changed
--- 15:38:46.678801268
@0 smoke %0 57471 0 act=0 22x14 L=0 T=0 R=21 B=13 wact=1 zoom=1
@0 smoke %1 57475 1 act=1 45x14 L=0 T=0 R=44 B=13 wact=1 zoom=1
@1 handoff %2 57483 0 act=1 22x14 L=0 T=0 R=21 B=13 wact=0 zoom=0
@1 handoff %3 57491 1 act=0 22x14 L=23 T=0 R=44 B=13 wact=0 zoom=0
@0 smoke 45x14 zoom=1 layout=0295,45x14,0,0{22x14,0,0,0,22x14,23,0,1}
@1 handoff 45x14 zoom=0 layout=029e,45x14,0,0{22x14,0,0,2,22x14,23,0,3}
client-detached
client-session-changed
--- 15:38:48.199994377
@0 smoke %0 57471 0 act=0 22x14 L=0 T=0 R=21 B=13 wact=1 zoom=1
@0 smoke %1 57475 1 act=1 45x14 L=0 T=0 R=44 B=13 wact=1 zoom=1
@1 handoff %2 57483 0 act=1 22x14 L=0 T=0 R=21 B=13 wact=0 zoom=0
@1 handoff %3 57491 1 act=0 22x14 L=23 T=0 R=44 B=13 wact=0 zoom=0
@0 smoke 45x14 zoom=1 layout=0295,45x14,0,0{22x14,0,0,0,22x14,23,0,1}
@1 handoff 45x14 zoom=0 layout=029e,45x14,0,0{22x14,0,0,2,22x14,23,0,3}
client-detached
client-session-changed
