Command line invocation:
    /Applications/Xcode.app/Contents/Developer/usr/bin/xcodebuild test-without-building -xctestrun /Users/devin/runner-temp-issue49/meeterm-derived-data/Build/Products/.meeterm-6pbllzxb.xctestrun -destination "platform=iOS Simulator,id=7EE2EBC1-0640-4950-AAFF-B4CDF455F377" CODE_SIGNING_ALLOWED=NO CODE_SIGNING_REQUIRED=NO "-only-testing:meetermTests/MeetermSmokeUITests/testStandardSeededScreensAndFoundation" "-only-testing:meetermTests/TerminalInputViewTests" -resultBundlePath /Users/devin/runner-temp-issue49/meeterm-ios-standard.xcresult

Build settings from command line:
    CODE_SIGNING_ALLOWED = NO
    CODE_SIGNING_REQUIRED = NO

2026-09-29 07:12:42.756 xcodebuild[18134:130976] [MT] IDERunDestination: Supported platforms for the buildables in the current scheme is empty.
Writing result bundle at path:
	/Users/devin/runner-temp-issue49/meeterm-ios-standard.xcresult

2026-09-29 07:12:42.760 xcodebuild[18134:130976] [MT] IDERunDestination: Supported platforms for the buildables in the current scheme is empty.
2026-09-29 07:12:42.922 xcodebuild[18134:130976] [MT] IDERunDestination: Supported platforms for the buildables in the current scheme is empty.
2026-09-29 14:12:46.722152+0000 meetermTests-Runner[18144:131187] [Default] Running tests...
    t =      nans Interface orientation changed to Portrait
Test Suite 'Selected tests' started at 2026-09-29 14:12:47.179.
Test Suite 'meetermTests.xctest' started at 2026-09-29 14:12:47.179.
Test Suite 'MeetermSmokeUITests' started at 2026-09-29 14:12:47.180.
Test Case '-[meetermTests.MeetermSmokeUITests testStandardSeededScreensAndFoundation]' started.
    t =     0.01s Start Test at 2026-09-29 14:12:47.185
    t =     0.02s Set Up
    t =     0.03s     Open dev.meeterm.app
    t =     0.03s         Launch dev.meeterm.app
2026-09-29 07:12:47.253 xcodebuild[18134:130976] [MT] IDELaunchParametersSnapshot: The operation couldn’t be completed. (DebuggerLLDB.DebuggerVersionStore.StoreError error 0.)
2026-09-29 07:12:47.253 xcodebuild[18134:130976] [MT] IDELaunchParametersSnapshot: no debugger version
objc[18144]: Class UIAccessibilityLoaderWebShared is implemented in both /Library/Developer/CoreSimulator/Profiles/Runtimes/iOS 27.0.simruntime/Contents/Resources/RuntimeRoot/System/Library/AccessibilityBundles/WebKit.axbundle/WebKit (0x109a1c398) and /Library/Developer/CoreSimulator/Profiles/Runtimes/iOS 27.0.simruntime/Contents/Resources/RuntimeRoot/System/Library/AccessibilityBundles/WebCore.axbundle/WebCore (0x109b5c310). This may cause spurious casting failures and mysterious crashes. One of the duplicates must be removed or renamed.
    t =     0.73s             Setting up automation session
    t =     2.91s             Wait for dev.meeterm.app to idle
    t =     4.22s     Wait for dev.meeterm.app to become Running Foreground
    t =     4.23s Open dev.meeterm.app with URL meeterm://smoke?screen=home
    t =     4.23s     Launch dev.meeterm.app
2026-09-29 07:12:51.408 xcodebuild[18134:130976] [MT] IDELaunchParametersSnapshot: The operation couldn’t be completed. (DebuggerLLDB.DebuggerVersionStore.StoreError error 0.)
2026-09-29 07:12:51.408 xcodebuild[18134:130976] [MT] IDELaunchParametersSnapshot: no debugger version
    t =     4.44s         Setting up automation session
    t =     6.70s         Wait for dev.meeterm.app to idle
    t =     7.98s Wait for dev.meeterm.app to become Running Foreground
    t =     7.98s Waiting 30.0s for "Workspaces" StaticText to exist
    t =     9.04s     Checking `Expect predicate `existsNoRetry == 1` for object "Workspaces" StaticText`
    t =     9.04s         Checking existence of `"Workspaces" StaticText`
    t =     9.07s Checking existence of `Button (First Match)`
    t =     9.10s Find the Button (First Match)
    t =     9.16s Checking existence of `"Speed up your typing by sliding your finger across the letters to compose a word." StaticText`
    t =     9.25s Open dev.meeterm.app with URL meeterm://smoke?screen=servers
    t =     9.25s     Launch dev.meeterm.app
2026-09-29 07:12:56.431 xcodebuild[18134:130976] [MT] IDELaunchParametersSnapshot: The operation couldn’t be completed. (DebuggerLLDB.DebuggerVersionStore.StoreError error 0.)
2026-09-29 07:12:56.431 xcodebuild[18134:130976] [MT] IDELaunchParametersSnapshot: no debugger version
    t =     9.46s         Setting up automation session
    t =    11.63s         Wait for dev.meeterm.app to idle
    t =    12.96s Wait for dev.meeterm.app to become Running Foreground
    t =    12.96s Waiting 30.0s for "Saved servers" StaticText to exist
    t =    14.01s     Checking `Expect predicate `existsNoRetry == 1` for object "Saved servers" StaticText`
    t =    14.01s         Checking existence of `"Saved servers" StaticText`
    t =    14.04s Checking existence of `Button (First Match)`
    t =    14.07s Find the Button (First Match)
    t =    14.17s Checking existence of `"Speed up your typing by sliding your finger across the letters to compose a word." StaticText`
    t =    14.27s Open dev.meeterm.app with URL meeterm://smoke?screen=connection
    t =    14.27s     Launch dev.meeterm.app
2026-09-29 07:13:01.447 xcodebuild[18134:130976] [MT] IDELaunchParametersSnapshot: The operation couldn’t be completed. (DebuggerLLDB.DebuggerVersionStore.StoreError error 0.)
2026-09-29 07:13:01.447 xcodebuild[18134:130976] [MT] IDELaunchParametersSnapshot: no debugger version
    t =    14.48s         Setting up automation session
    t =    16.75s         Wait for dev.meeterm.app to idle
    t =    18.09s Wait for dev.meeterm.app to become Running Foreground
    t =    18.09s Waiting 30.0s for "Connect to server" StaticText to exist
    t =    19.15s     Checking `Expect predicate `existsNoRetry == 1` for object "Connect to server" StaticText`
    t =    19.15s         Checking existence of `"Connect to server" StaticText`
    t =    19.23s Checking existence of `TextField (First Match)`
    t =    19.28s Find the TextField (First Match)
    t =    19.34s Checking existence of `"Speed up your typing by sliding your finger across the letters to compose a word." StaticText`
    t =    19.46s Open dev.meeterm.app with URL meeterm://smoke?screen=password
    t =    19.46s     Launch dev.meeterm.app
2026-09-29 07:13:06.637 xcodebuild[18134:130976] [MT] IDELaunchParametersSnapshot: The operation couldn’t be completed. (DebuggerLLDB.DebuggerVersionStore.StoreError error 0.)
2026-09-29 07:13:06.637 xcodebuild[18134:130976] [MT] IDELaunchParametersSnapshot: no debugger version
    t =    19.68s         Setting up automation session
    t =    23.85s         Wait for dev.meeterm.app to idle
    t =    25.16s Wait for dev.meeterm.app to become Running Foreground
    t =    25.16s Waiting 30.0s for "Connect to server" StaticText to exist
    t =    26.22s     Checking `Expect predicate `existsNoRetry == 1` for object "Connect to server" StaticText`
    t =    26.22s         Checking existence of `"Connect to server" StaticText`
    t =    26.28s Checking existence of `"SSH password" SecureTextField`
    t =    26.30s Find the "SSH password" SecureTextField
    t =    26.33s Find the "ssh-password" SecureTextField
    t =    26.37s Checking existence of `"ssh-password" SecureTextField`
    t =    26.39s Checking existence of `ScrollView (First Match)`
    t =    26.45s Find the ScrollView (First Match)
    t =    26.51s Find the Target Application 'dev.meeterm.app'
    t =    26.52s Checking existence of `Keyboard (First Match)`
    t =    26.61s Find the "ssh-password" SecureTextField
    t =    26.64s Checking existence of `"Speed up your typing by sliding your finger across the letters to compose a word." StaticText`
    t =    26.74s Open dev.meeterm.app with URL meeterm://smoke?screen=workspaces
    t =    26.74s     Launch dev.meeterm.app
2026-09-29 07:13:13.923 xcodebuild[18134:130976] [MT] IDELaunchParametersSnapshot: The operation couldn’t be completed. (DebuggerLLDB.DebuggerVersionStore.StoreError error 0.)
2026-09-29 07:13:13.923 xcodebuild[18134:130976] [MT] IDELaunchParametersSnapshot: no debugger version
    t =    26.96s         Setting up automation session
    t =    29.00s         Wait for dev.meeterm.app to idle
    t =    30.28s Wait for dev.meeterm.app to become Running Foreground
    t =    30.28s Get number of matches for: Elements matching predicate 'identifier BEGINSWITH "workspace-row-" AND label BEGINSWITH "Workspace "'
    t =    30.31s Find the Button (Element at index 0)
    t =    30.32s Find the Button (Element at index 1)
    t =    30.34s Checking existence of `Button (First Match)`
    t =    30.36s Find the Button (First Match)
    t =    30.42s Checking existence of `"Speed up your typing by sliding your finger across the letters to compose a word." StaticText`
    t =    30.51s Open dev.meeterm.app with URL meeterm://smoke?screen=terminal
    t =    30.51s     Launch dev.meeterm.app
2026-09-29 07:13:17.693 xcodebuild[18134:130976] [MT] IDELaunchParametersSnapshot: The operation couldn’t be completed. (DebuggerLLDB.DebuggerVersionStore.StoreError error 0.)
2026-09-29 07:13:17.693 xcodebuild[18134:130976] [MT] IDELaunchParametersSnapshot: no debugger version
    t =    30.72s         Setting up automation session
    t =    32.82s         Wait for dev.meeterm.app to idle
    t =    34.21s Wait for dev.meeterm.app to become Running Foreground
    t =    34.21s Waiting 30.0s for StaticText (First Match) to exist
    t =    35.27s     Checking `Expect predicate `existsNoRetry == 1` for object StaticText (First Match)`
    t =    35.27s         Checking existence of `StaticText (First Match)`
    t =    35.31s Get all elements bound by index for: Elements matching predicate 'identifier == "Terminal" OR label == "Terminal" OR label == "Terminal, cached output, read only"'
    t =    35.33s Checking existence of `Other (Element at index 0)`
    t =    35.35s Find the Other (Element at index 0)
    t =    35.36s Checking existence of `Other (Element at index 1)`
    t =    35.37s Find the Other (Element at index 1)
    t =    35.39s Find the "Terminal" Other
    t =    35.42s Checking existence of `"Terminal" Other`
    t =    35.43s Find the "Terminal" Other
    t =    35.45s Checking existence of `"Speed up your typing by sliding your finger across the letters to compose a word." StaticText`
    t =    35.54s Open dev.meeterm.app with URL meeterm://smoke?screen=settings
    t =    35.54s     Launch dev.meeterm.app
2026-09-29 07:13:22.724 xcodebuild[18134:130976] [MT] IDELaunchParametersSnapshot: The operation couldn’t be completed. (DebuggerLLDB.DebuggerVersionStore.StoreError error 0.)
2026-09-29 07:13:22.724 xcodebuild[18134:130976] [MT] IDELaunchParametersSnapshot: no debugger version
    t =    35.76s         Setting up automation session
    t =    37.94s         Wait for dev.meeterm.app to idle
    t =    39.25s Wait for dev.meeterm.app to become Running Foreground
    t =    39.25s Waiting 30.0s for "Settings" StaticText to exist
    t =    40.30s     Checking `Expect predicate `existsNoRetry == 1` for object "Settings" StaticText`
    t =    40.30s         Checking existence of `"Settings" StaticText`
    t =    40.37s Checking existence of `"settings-submit" Button`
    t =    40.39s Find the "settings-submit" Button
    t =    40.43s Checking existence of `"Speed up your typing by sliding your finger across the letters to compose a word." StaticText`
    t =    40.53s Open dev.meeterm.app with URL meeterm://smoke?screen=workspace-name
    t =    40.53s     Launch dev.meeterm.app
2026-09-29 07:13:27.707 xcodebuild[18134:130976] [MT] IDELaunchParametersSnapshot: The operation couldn’t be completed. (DebuggerLLDB.DebuggerVersionStore.StoreError error 0.)
2026-09-29 07:13:27.707 xcodebuild[18134:130976] [MT] IDELaunchParametersSnapshot: no debugger version
    t =    40.74s         Setting up automation session
    t =    42.68s         Wait for dev.meeterm.app to idle
    t =    43.99s Wait for dev.meeterm.app to become Running Foreground
    t =    43.99s Waiting 30.0s for "Rename workspace" StaticText to exist
    t =    45.01s     Checking `Expect predicate `existsNoRetry == 1` for object "Rename workspace" StaticText`
    t =    45.01s         Checking existence of `"Rename workspace" StaticText`
    t =    45.09s Checking existence of `TextField (First Match)`
    t =    45.17s Find the TextField (First Match)
    t =    45.27s Checking existence of `"Speed up your typing by sliding your finger across the letters to compose a word." StaticText`
    t =    45.38s Open dev.meeterm.app with URL meeterm://smoke?screen=terminal-name
    t =    45.38s     Launch dev.meeterm.app
2026-09-29 07:13:32.558 xcodebuild[18134:130976] [MT] IDELaunchParametersSnapshot: The operation couldn’t be completed. (DebuggerLLDB.DebuggerVersionStore.StoreError error 0.)
2026-09-29 07:13:32.558 xcodebuild[18134:130976] [MT] IDELaunchParametersSnapshot: no debugger version
    t =    45.59s         Setting up automation session
    t =    47.47s         Wait for dev.meeterm.app to idle
    t =    48.79s Wait for dev.meeterm.app to become Running Foreground
    t =    48.79s Waiting 30.0s for "Rename terminal" StaticText to exist
    t =    49.81s     Checking `Expect predicate `existsNoRetry == 1` for object "Rename terminal" StaticText`
    t =    49.81s         Checking existence of `"Rename terminal" StaticText`
    t =    49.86s Checking existence of `TextField (First Match)`
    t =    49.95s Find the TextField (First Match)
    t =    50.04s Checking existence of `"Speed up your typing by sliding your finger across the letters to compose a word." StaticText`
    t =    50.59s Open dev.meeterm.app with URL meeterm://smoke?screen=handoff
    t =    50.59s     Launch dev.meeterm.app
2026-09-29 07:13:37.770 xcodebuild[18134:130976] [MT] IDELaunchParametersSnapshot: The operation couldn’t be completed. (DebuggerLLDB.DebuggerVersionStore.StoreError error 0.)
2026-09-29 07:13:37.770 xcodebuild[18134:130976] [MT] IDELaunchParametersSnapshot: no debugger version
    t =    50.80s         Setting up automation session
    t =    52.82s         Wait for dev.meeterm.app to idle
    t =    54.10s Wait for dev.meeterm.app to become Running Foreground
    t =    54.10s Waiting 30.0s for "Continue on your computer" StaticText to exist
    t =    55.14s     Checking `Expect predicate `existsNoRetry == 1` for object "Continue on your computer" StaticText`
    t =    55.14s         Checking existence of `"Continue on your computer" StaticText`
    t =    55.19s Get number of matches for: Elements matching predicate 'identifier == "Disconnect" OR label == "Disconnect"'
    t =    55.21s Get number of matches for: Elements matching predicate 'identifier == "Disconnect" OR label == "Disconnect"'
    t =    55.23s Checking existence of `Button (Element at index 0)`
    t =    55.25s Find the Button (Element at index 0)
    t =    55.30s Checking existence of `"Disconnect" Button`
    t =    55.32s Find the "Disconnect" Button
    t =    55.34s Checking existence of `"Speed up your typing by sliding your finger across the letters to compose a word." StaticText`
    t =    55.43s Open dev.meeterm.app with URL meeterm://smoke?screen=runtime-picker
    t =    55.43s     Launch dev.meeterm.app
2026-09-29 07:13:42.615 xcodebuild[18134:130976] [MT] IDELaunchParametersSnapshot: The operation couldn’t be completed. (DebuggerLLDB.DebuggerVersionStore.StoreError error 0.)
2026-09-29 07:13:42.615 xcodebuild[18134:130976] [MT] IDELaunchParametersSnapshot: no debugger version
    t =    55.65s         Setting up automation session
    t =    57.48s         Wait for dev.meeterm.app to idle
    t =    58.79s Wait for dev.meeterm.app to become Running Foreground
    t =    58.79s Waiting 30.0s for "Choose a runtime for Smoke server" StaticText to exist
    t =    59.87s     Checking `Expect predicate `existsNoRetry == 1` for object "Choose a runtime for Smoke server" StaticText`
    t =    59.87s         Checking existence of `"Choose a runtime for Smoke server" StaticText`
    t =    59.92s Get number of matches for: Elements matching predicate 'identifier == "tmux runtime meeterm" OR label == "tmux runtime meeterm"'
    t =    59.94s Get number of matches for: Elements matching predicate 'identifier == "tmux runtime meeterm" OR label == "tmux runtime meeterm"'
    t =    59.96s Checking existence of `Button (Element at index 0)`
    t =    59.98s Find the Button (Element at index 0)
    t =    60.03s Checking existence of `"runtime-row-tmux-smoke-tmux-meeterm" Button`
    t =    60.05s Find the "runtime-row-tmux-smoke-tmux-meeterm" Button
    t =    60.07s Get number of matches for: Elements matching predicate 'identifier == "Herdr runtime default" OR label == "Herdr runtime default"'
    t =    60.09s Get number of matches for: Elements matching predicate 'identifier == "Herdr runtime default" OR label == "Herdr runtime default"'
    t =    60.12s Checking existence of `Button (Element at index 0)`
    t =    60.13s Find the Button (Element at index 0)
    t =    60.17s Checking existence of `"runtime-row-herdr-smoke-herdr-default" Button`
    t =    60.19s Find the "runtime-row-herdr-smoke-herdr-default" Button
    t =    60.22s Get number of matches for: Elements matching predicate 'identifier == "Herdr runtime paused" OR label == "Herdr runtime paused"'
    t =    60.23s Get number of matches for: Elements matching predicate 'identifier == "Herdr runtime paused" OR label == "Herdr runtime paused"'
    t =    60.26s Checking existence of `Button (Element at index 0)`
    t =    60.27s Find the Button (Element at index 0)
    t =    60.30s Waiting 30.0s for "runtime-row-herdr-smoke-herdr-paused" Button to exist
    t =    61.36s     Checking `Expect predicate `existsNoRetry == 1` for object "runtime-row-herdr-smoke-herdr-paused" Button`
    t =    61.37s         Checking existence of `"runtime-row-herdr-smoke-herdr-paused" Button`
    t =    61.40s Checking existence of `"Speed up your typing by sliding your finger across the letters to compose a word." StaticText`
    t =    61.49s Open dev.meeterm.app with URL meeterm://smoke?screen=runtime-partial-error
    t =    61.49s     Launch dev.meeterm.app
2026-09-29 07:13:48.675 xcodebuild[18134:130976] [MT] IDELaunchParametersSnapshot: The operation couldn’t be completed. (DebuggerLLDB.DebuggerVersionStore.StoreError error 0.)
2026-09-29 07:13:48.675 xcodebuild[18134:130976] [MT] IDELaunchParametersSnapshot: no debugger version
    t =    61.71s         Setting up automation session
    t =    63.77s         Wait for dev.meeterm.app to idle
    t =    65.11s Wait for dev.meeterm.app to become Running Foreground
    t =    65.11s Waiting 30.0s for "Herdr is not available over SSH. Open Herdr on your computer or check its installation." StaticText to exist
    t =    66.16s     Checking `Expect predicate `existsNoRetry == 1` for object "Herdr is not available over SSH. Open Herdr on your computer or check its installation." StaticText`
    t =    66.16s         Checking existence of `"Herdr is not available over SSH. Open Herdr on your computer or check its installation." StaticText`
    t =    66.20s Get number of matches for: Elements matching predicate 'identifier == "tmux runtime meeterm" OR label == "tmux runtime meeterm"'
    t =    66.22s Get number of matches for: Elements matching predicate 'identifier == "tmux runtime meeterm" OR label == "tmux runtime meeterm"'
    t =    66.24s Checking existence of `Button (Element at index 0)`
    t =    66.27s Find the Button (Element at index 0)
    t =    66.32s Checking existence of `"runtime-row-tmux-smoke-tmux-meeterm" Button`
    t =    66.35s Find the "runtime-row-tmux-smoke-tmux-meeterm" Button
    t =    66.38s Checking existence of `"Speed up your typing by sliding your finger across the letters to compose a word." StaticText`
    t =    66.49s Open dev.meeterm.app with URL meeterm://smoke?screen=runtime-empty
    t =    66.49s     Launch dev.meeterm.app
2026-09-29 07:13:53.668 xcodebuild[18134:130976] [MT] IDELaunchParametersSnapshot: The operation couldn’t be completed. (DebuggerLLDB.DebuggerVersionStore.StoreError error 0.)
2026-09-29 07:13:53.668 xcodebuild[18134:130976] [MT] IDELaunchParametersSnapshot: no debugger version
    t =    66.70s         Setting up automation session
    t =    68.79s         Wait for dev.meeterm.app to idle
    t =    70.09s Wait for dev.meeterm.app to become Running Foreground
    t =    70.09s Get number of matches for: Elements matching predicate 'identifier == "Herdr runtime paused" OR label == "Herdr runtime paused"'
    t =    70.14s Get number of matches for: Elements matching predicate 'identifier == "Herdr runtime paused" OR label == "Herdr runtime paused"'
    t =    70.16s Checking existence of `Button (Element at index 0)`
    t =    70.19s Find the Button (Element at index 0)
    t =    70.24s Waiting 30.0s for "No running tmux sessions found." StaticText to exist
    t =    71.30s     Checking `Expect predicate `existsNoRetry == 1` for object "No running tmux sessions found." StaticText`
    t =    71.30s         Checking existence of `"No running tmux sessions found." StaticText`
    t =    71.33s Waiting 30.0s for "runtime-row-herdr-smoke-herdr-paused" Button to exist
    t =    72.36s     Checking `Expect predicate `existsNoRetry == 1` for object "runtime-row-herdr-smoke-herdr-paused" Button`
    t =    72.36s         Checking existence of `"runtime-row-herdr-smoke-herdr-paused" Button`
    t =    72.38s Find the "runtime-row-herdr-smoke-herdr-paused" Button
    t =    72.40s Checking existence of `"Speed up your typing by sliding your finger across the letters to compose a word." StaticText`
    t =    72.51s Open dev.meeterm.app with URL meeterm://smoke?screen=runtime-create
    t =    72.51s     Launch dev.meeterm.app
2026-09-29 07:13:59.690 xcodebuild[18134:130976] [MT] IDELaunchParametersSnapshot: The operation couldn’t be completed. (DebuggerLLDB.DebuggerVersionStore.StoreError error 0.)
2026-09-29 07:13:59.690 xcodebuild[18134:130976] [MT] IDELaunchParametersSnapshot: no debugger version
    t =    72.72s         Setting up automation session
    t =    74.75s         Wait for dev.meeterm.app to idle
    t =    76.04s Wait for dev.meeterm.app to become Running Foreground
    t =    76.04s Waiting 30.0s for "Create tmux session" StaticText to exist
    t =    77.09s     Checking `Expect predicate `existsNoRetry == 1` for object "Create tmux session" StaticText`
    t =    77.09s         Checking existence of `"Create tmux session" StaticText`
    t =    77.13s Waiting 30.0s for TextField (First Match) to exist
    t =    78.16s     Checking `Expect predicate `existsNoRetry == 1` for object TextField (First Match)`
    t =    78.16s         Checking existence of `TextField (First Match)`
    t =    78.21s Checking existence of `"runtime-tmux-create-submit" Button`
    t =    78.23s Find the "runtime-tmux-create-submit" Button
    t =    78.26s Checking existence of `"Speed up your typing by sliding your finger across the letters to compose a word." StaticText`
    t =    78.35s Open dev.meeterm.app with URL meeterm://smoke?screen=session-switcher
    t =    78.36s     Launch dev.meeterm.app
2026-09-29 07:14:05.536 xcodebuild[18134:130976] [MT] IDELaunchParametersSnapshot: The operation couldn’t be completed. (DebuggerLLDB.DebuggerVersionStore.StoreError error 0.)
2026-09-29 07:14:05.536 xcodebuild[18134:130976] [MT] IDELaunchParametersSnapshot: no debugger version
    t =    78.57s         Setting up automation session
    t =    80.65s         Wait for dev.meeterm.app to idle
    t =    81.95s Wait for dev.meeterm.app to become Running Foreground
    t =    81.96s Get number of matches for: Elements matching predicate 'identifier == "Browse sessions on Smoke server" OR label == "Browse sessions on Smoke server"'
    t =    82.00s Get number of matches for: Elements matching predicate 'identifier == "Browse sessions on Smoke server" OR label == "Browse sessions on Smoke server"'
    t =    82.02s Checking existence of `Button (Element at index 0)`
    t =    82.04s Find the Button (Element at index 0)
    t =    82.09s Waiting 30.0s for "Switch server or session" StaticText to exist
    t =    83.16s     Checking `Expect predicate `existsNoRetry == 1` for object "Switch server or session" StaticText`
    t =    83.16s         Checking existence of `"Switch server or session" StaticText`
    t =    83.19s Checking existence of `"switcher-server-smoke-profile" Button`
    t =    83.21s Find the "switcher-server-smoke-profile" Button
    t =    83.24s Checking existence of `"Choose a runtime for Smoke server" StaticText`
    t =    83.26s Checking existence of `"Speed up your typing by sliding your finger across the letters to compose a word." StaticText`
    t =    83.36s Open dev.meeterm.app with URL meeterm://smoke?screen=session-switcher-sessions
    t =    83.36s     Launch dev.meeterm.app
2026-09-29 07:14:10.545 xcodebuild[18134:130976] [MT] IDELaunchParametersSnapshot: The operation couldn’t be completed. (DebuggerLLDB.DebuggerVersionStore.StoreError error 0.)
2026-09-29 07:14:10.545 xcodebuild[18134:130976] [MT] IDELaunchParametersSnapshot: no debugger version
    t =    83.58s         Setting up automation session
    t =    85.67s         Wait for dev.meeterm.app to idle
    t =    86.99s Wait for dev.meeterm.app to become Running Foreground
    t =    86.99s Get number of matches for: Elements matching predicate 'identifier == "tmux session meeterm" OR label == "tmux session meeterm"'
    t =    87.04s Get number of matches for: Elements matching predicate 'identifier == "tmux session meeterm" OR label == "tmux session meeterm"'
    t =    87.07s Checking existence of `Button (Element at index 0)`
    t =    87.09s Find the Button (Element at index 0)
    t =    87.15s Get number of matches for: Elements matching predicate 'identifier == "Herdr session default" OR label == "Herdr session default"'
    t =    87.18s Get number of matches for: Elements matching predicate 'identifier == "Herdr session default" OR label == "Herdr session default"'
    t =    87.20s Checking existence of `Button (Element at index 0)`
    t =    87.22s Find the Button (Element at index 0)
    t =    87.25s Get number of matches for: Elements matching predicate 'identifier == "Herdr session paused" OR label == "Herdr session paused"'
    t =    87.28s Get number of matches for: Elements matching predicate 'identifier == "Herdr session paused" OR label == "Herdr session paused"'
    t =    87.30s Checking existence of `Button (Element at index 0)`
    t =    87.32s Find the Button (Element at index 0)
    t =    87.35s Waiting 30.0s for "Sessions on Smoke server" StaticText to exist
    t =    88.41s     Checking `Expect predicate `existsNoRetry == 1` for object "Sessions on Smoke server" StaticText`
    t =    88.41s         Checking existence of `"Sessions on Smoke server" StaticText`
    t =    88.43s Checking existence of `"runtime-row-tmux-smoke-tmux-meeterm" Button`
    t =    88.46s Find the "runtime-row-tmux-smoke-tmux-meeterm" Button
    t =    88.49s Checking existence of `"runtime-row-herdr-smoke-herdr-default" Button`
    t =    88.51s Find the "runtime-row-herdr-smoke-herdr-default" Button
    t =    88.55s Waiting 30.0s for "runtime-row-herdr-smoke-herdr-paused" Button to exist
    t =    89.59s     Checking `Expect predicate `existsNoRetry == 1` for object "runtime-row-herdr-smoke-herdr-paused" Button`
    t =    89.59s         Checking existence of `"runtime-row-herdr-smoke-herdr-paused" Button`
    t =    89.61s Checking existence of `"Choose a runtime for Smoke server" StaticText`
    t =    89.63s Checking existence of `"Current" StaticText`
    t =    89.65s Checking existence of `"Speed up your typing by sliding your finger across the letters to compose a word." StaticText`
    t =    89.76s Open dev.meeterm.app with URL meeterm://smoke?screen=herdr-connection
    t =    89.76s     Launch dev.meeterm.app
2026-09-29 07:14:16.941 xcodebuild[18134:130976] [MT] IDELaunchParametersSnapshot: The operation couldn’t be completed. (DebuggerLLDB.DebuggerVersionStore.StoreError error 0.)
2026-09-29 07:14:16.941 xcodebuild[18134:130976] [MT] IDELaunchParametersSnapshot: no debugger version
    t =    89.98s         Setting up automation session
    t =    92.02s         Wait for dev.meeterm.app to idle
    t =    93.35s Wait for dev.meeterm.app to become Running Foreground
    t =    93.35s Waiting 30.0s for "Choose a runtime for Smoke server" StaticText to exist
    t =    94.40s     Checking `Expect predicate `existsNoRetry == 1` for object "Choose a runtime for Smoke server" StaticText`
    t =    94.40s         Checking existence of `"Choose a runtime for Smoke server" StaticText`
    t =    94.44s Get number of matches for: Elements matching predicate 'identifier == "Herdr runtime default" OR label == "Herdr runtime default"'
    t =    94.46s Get number of matches for: Elements matching predicate 'identifier == "Herdr runtime default" OR label == "Herdr runtime default"'
    t =    94.49s Checking existence of `Button (Element at index 0)`
    t =    94.51s Find the Button (Element at index 0)
    t =    94.56s Checking existence of `"runtime-row-herdr-smoke-herdr-default" Button`
    t =    94.58s Find the "runtime-row-herdr-smoke-herdr-default" Button
    t =    94.62s Checking existence of `"Speed up your typing by sliding your finger across the letters to compose a word." StaticText`
    t =    94.72s Open dev.meeterm.app with URL meeterm://smoke?screen=herdr-groups
    t =    94.72s     Launch dev.meeterm.app
2026-09-29 07:14:21.896 xcodebuild[18134:130976] [MT] IDELaunchParametersSnapshot: The operation couldn’t be completed. (DebuggerLLDB.DebuggerVersionStore.StoreError error 0.)
2026-09-29 07:14:21.896 xcodebuild[18134:130976] [MT] IDELaunchParametersSnapshot: no debugger version
    t =    94.93s         Setting up automation session
    t =    97.02s         Wait for dev.meeterm.app to idle
    t =    98.33s Wait for dev.meeterm.app to become Running Foreground
    t =    98.33s Get number of matches for: Elements matching predicate 'identifier BEGINSWITH "Group Development" OR label BEGINSWITH "Group Development"'
    t =    98.37s Get number of matches for: Elements matching predicate 'identifier BEGINSWITH "Group Development" OR label BEGINSWITH "Group Development"'
    t =    98.39s Checking existence of `Button (Element at index 0)`
    t =    98.42s Find the Button (Element at index 0)
    t =    98.47s Get number of matches for: Elements matching predicate 'identifier BEGINSWITH "Group Tests & review" OR label BEGINSWITH "Group Tests & review"'
    t =    98.49s Get number of matches for: Elements matching predicate 'identifier BEGINSWITH "Group Tests & review" OR label BEGINSWITH "Group Tests & review"'
    t =    98.50s Checking existence of `Button (Element at index 0)`
    t =    98.52s Find the Button (Element at index 0)
    t =    98.55s Waiting 30.0s for "Switch group" StaticText to exist
    t =    99.60s     Checking `Expect predicate `existsNoRetry == 1` for object "Switch group" StaticText`
    t =    99.61s         Checking existence of `"Switch group" StaticText`
    t =    99.63s Waiting 30.0s for "Group Development, Agent status: working" Button to exist
    t =   100.67s     Checking `Expect predicate `existsNoRetry == 1` for object "Group Development, Agent status: working" Button`
    t =   100.67s         Checking existence of `"Group Development, Agent status: working" Button`
    t =   100.69s Waiting 30.0s for "Group Tests & review, Agent status: finished, not yet viewed" Button to exist
    t =   101.74s     Checking `Expect predicate `existsNoRetry == 1` for object "Group Tests & review, Agent status: finished, not yet viewed" Button`
    t =   101.74s         Checking existence of `"Group Tests & review, Agent status: finished, not yet viewed" Button`
    t =   101.76s Find the "Group Development, Agent status: working" Button
    t =   101.78s Find the "Group Tests & review, Agent status: finished, not yet viewed" Button
    t =   101.80s Checking existence of `"Speed up your typing by sliding your finger across the letters to compose a word." StaticText`
    t =   101.90s Open dev.meeterm.app with URL meeterm://smoke?screen=herdr-terminal
    t =   101.90s     Launch dev.meeterm.app
2026-09-29 07:14:29.078 xcodebuild[18134:130976] [MT] IDELaunchParametersSnapshot: The operation couldn’t be completed. (DebuggerLLDB.DebuggerVersionStore.StoreError error 0.)
2026-09-29 07:14:29.078 xcodebuild[18134:130976] [MT] IDELaunchParametersSnapshot: no debugger version
    t =   102.11s         Setting up automation session
    t =   104.10s         Wait for dev.meeterm.app to idle
    t =   105.38s Wait for dev.meeterm.app to become Running Foreground
    t =   105.38s Get number of matches for: Elements matching predicate 'identifier BEGINSWITH "Switch terminal group" OR label BEGINSWITH "Switch terminal group"'
    t =   105.41s Get number of matches for: Elements matching predicate 'identifier BEGINSWITH "Switch terminal group" OR label BEGINSWITH "Switch terminal group"'
    t =   105.42s Checking existence of `Button (Element at index 0)`
    t =   105.44s Find the Button (Element at index 0)
    t =   105.47s Get all elements bound by index for: Elements matching predicate 'identifier == "Terminal" OR label == "Terminal" OR label == "Terminal, cached output, read only"'
    t =   105.48s Checking existence of `Other (Element at index 0)`
    t =   105.50s Find the Other (Element at index 0)
    t =   105.52s Checking existence of `Other (Element at index 1)`
    t =   105.53s Find the Other (Element at index 1)
    t =   105.56s Find the "Terminal" Other
    t =   105.58s Checking existence of `"Switch terminal group, Group Development, Agent status: working" Button`
    t =   105.60s Find the "Switch terminal group, Group Development, Agent status: working" Button
    t =   105.63s Checking existence of `"Terminal" Other`
    t =   105.64s Find the "Terminal" Other
    t =   106.72s Checking existence of `Any (First Match)`
    t =   106.75s Find the Any (First Match)
    t =   106.78s Find the "selected-agent-line" StaticText
    t =   106.81s Checking existence of `"Speed up your typing by sliding your finger across the letters to compose a word." StaticText`
    t =   106.91s Open dev.meeterm.app with URL meeterm://smoke?screen=herdr-workspaces
    t =   106.91s     Launch dev.meeterm.app
2026-09-29 07:14:34.092 xcodebuild[18134:130976] [MT] IDELaunchParametersSnapshot: The operation couldn’t be completed. (DebuggerLLDB.DebuggerVersionStore.StoreError error 0.)
2026-09-29 07:14:34.092 xcodebuild[18134:130976] [MT] IDELaunchParametersSnapshot: no debugger version
    t =   107.13s         Setting up automation session
    t =   109.15s         Wait for dev.meeterm.app to idle
    t =   110.45s Wait for dev.meeterm.app to become Running Foreground
    t =   110.45s Get number of matches for: Elements matching predicate 'identifier BEGINSWITH "workspace-row-" AND label BEGINSWITH "Workspace "'
    t =   110.48s Find the Button (Element at index 0)
    t =   110.49s Find the Button (Element at index 1)
    t =   110.51s Waiting 30.0s for StaticText (First Match) to exist
    t =   111.54s     Checking `Expect predicate `existsNoRetry == 1` for object StaticText (First Match)`
    t =   111.54s         Checking existence of `StaticText (First Match)`
    t =   111.58s Checking existence of `Button (First Match)`
    t =   111.61s Find the Button (First Match)
    t =   111.66s Checking existence of `Button (First Match)`
    t =   111.70s Find the Button (First Match)
    t =   111.73s Checking existence of `"Speed up your typing by sliding your finger across the letters to compose a word." StaticText`
    t =   111.83s Open dev.meeterm.app with URL meeterm://smoke?screen=recovery-progress
    t =   111.83s     Launch dev.meeterm.app
2026-09-29 07:14:39.007 xcodebuild[18134:130976] [MT] IDELaunchParametersSnapshot: The operation couldn’t be completed. (DebuggerLLDB.DebuggerVersionStore.StoreError error 0.)
2026-09-29 07:14:39.007 xcodebuild[18134:130976] [MT] IDELaunchParametersSnapshot: no debugger version
    t =   112.04s         Setting up automation session
    t =   114.02s         Wait for dev.meeterm.app to idle
    t =   115.31s Wait for dev.meeterm.app to become Running Foreground
    t =   115.31s Get all elements bound by index for: Elements matching predicate 'identifier == "Terminal" OR label == "Terminal" OR label == "Terminal, cached output, read only"'
    t =   115.35s Checking existence of `Other (Element at index 0)`
    t =   115.36s Find the Other (Element at index 0)
    t =   115.38s Checking existence of `Other (Element at index 1)`
    t =   115.40s Find the Other (Element at index 1)
    t =   115.42s Find the "Terminal, cached output, read only" Other
    t =   115.45s Checking existence of `Any (First Match)`
    t =   115.47s Find the Any (First Match)
    t =   115.51s Find the "recovery-rail" Other
    t =   115.55s Find the "recovery-rail" Other
    t =   115.59s Find the "recovery-rail" Other
    t =   115.62s Checking existence of `Any (First Match)`
    t =   115.65s Find the Any (First Match)
    t =   115.70s Find the "recovery-title" StaticText
    t =   115.75s Find the "recovery-title" StaticText
    t =   115.79s Find the "recovery-title" StaticText
    t =   115.84s Checking existence of `Any (First Match)`
    t =   115.87s Find the Any (First Match)
    t =   115.92s Find the "recovery-detail" StaticText
    t =   115.96s Find the "recovery-detail" StaticText
    t =   116.01s Find the "recovery-detail" StaticText
    t =   116.05s Checking existence of `Any (First Match)`
    t =   116.09s Find the Any (First Match)
    t =   116.14s Find the "recovery-meta" StaticText
    t =   116.18s Find the "recovery-meta" StaticText
    t =   116.23s Find the "recovery-meta" StaticText
    t =   116.28s Checking existence of `"Terminal, cached output, read only" Other`
    t =   116.30s Find the "Terminal, cached output, read only" Other
    t =   116.32s Find the "Terminal, cached output, read only" Other
    t =   116.34s Find the "Terminal, cached output, read only" Other
    t =   116.37s Find the "Terminal, cached output, read only" Other
    t =   116.39s Waiting 30.0s for "Verifying this workspace…" StaticText to exist
    t =   117.45s     Checking `Expect predicate `existsNoRetry == 1` for object "Verifying this workspace…" StaticText`
    t =   117.45s         Checking existence of `"Verifying this workspace…" StaticText`
    t =   117.47s Waiting 30.0s for "Checking the server, runtime, and terminal." StaticText to exist
    t =   118.52s     Checking `Expect predicate `existsNoRetry == 1` for object "Checking the server, runtime, and terminal." StaticText`
    t =   118.52s         Checking existence of `"Checking the server, runtime, and terminal." StaticText`
    t =   118.54s Waiting 30.0s for "Last received output · Input paused" StaticText to exist
    t =   119.60s     Checking `Expect predicate `existsNoRetry == 1` for object "Last received output · Input paused" StaticText`
    t =   119.60s         Checking existence of `"Last received output · Input paused" StaticText`
    t =   119.61s Checking existence of `"Speed up your typing by sliding your finger across the letters to compose a word." StaticText`
    t =   119.71s Open dev.meeterm.app with URL meeterm://smoke?screen=recovery-exhausted
    t =   119.71s     Launch dev.meeterm.app
2026-09-29 07:14:46.891 xcodebuild[18134:130976] [MT] IDELaunchParametersSnapshot: The operation couldn’t be completed. (DebuggerLLDB.DebuggerVersionStore.StoreError error 0.)
2026-09-29 07:14:46.891 xcodebuild[18134:130976] [MT] IDELaunchParametersSnapshot: no debugger version
    t =   119.92s         Setting up automation session
    t =   121.97s         Wait for dev.meeterm.app to idle
    t =   123.27s Wait for dev.meeterm.app to become Running Foreground
    t =   123.27s Get all elements bound by index for: Elements matching predicate 'identifier == "Terminal" OR label == "Terminal" OR label == "Terminal, cached output, read only"'
    t =   123.32s Checking existence of `Other (Element at index 0)`
    t =   123.33s Find the Other (Element at index 0)
    t =   123.35s Checking existence of `Other (Element at index 1)`
    t =   123.37s Find the Other (Element at index 1)
    t =   123.39s Find the "Terminal, cached output, read only" Other
    t =   123.42s Checking existence of `Any (First Match)`
    t =   123.44s Find the Any (First Match)
    t =   123.48s Find the "recovery-rail" Other
    t =   123.52s Find the "recovery-rail" Other
    t =   123.56s Find the "recovery-rail" Other
    t =   123.59s Checking existence of `Any (First Match)`
    t =   123.62s Find the Any (First Match)
    t =   123.67s Find the "recovery-title" StaticText
    t =   123.71s Find the "recovery-title" StaticText
    t =   123.75s Find the "recovery-title" StaticText
    t =   123.80s Checking existence of `Any (First Match)`
    t =   123.83s Find the Any (First Match)
    t =   123.88s Find the "recovery-detail" StaticText
    t =   123.92s Find the "recovery-detail" StaticText
    t =   123.96s Find the "recovery-detail" StaticText
    t =   124.01s Checking existence of `Any (First Match)`
    t =   124.04s Find the Any (First Match)
    t =   124.09s Find the "recovery-meta" StaticText
    t =   124.13s Find the "recovery-meta" StaticText
    t =   124.18s Find the "recovery-meta" StaticText
    t =   124.23s Checking existence of `"Terminal, cached output, read only" Other`
    t =   124.24s Find the "Terminal, cached output, read only" Other
    t =   124.27s Find the "Terminal, cached output, read only" Other
    t =   124.29s Find the "Terminal, cached output, read only" Other
    t =   124.31s Find the "Terminal, cached output, read only" Other
    t =   124.33s Waiting 30.0s for "Still offline" StaticText to exist
    t =   125.36s     Checking `Expect predicate `existsNoRetry == 1` for object "Still offline" StaticText`
    t =   125.36s         Checking existence of `"Still offline" StaticText`
    t =   125.38s Waiting 30.0s for "Couldn’t reach Smoke server." StaticText to exist
    t =   126.42s     Checking `Expect predicate `existsNoRetry == 1` for object "Couldn’t reach Smoke server." StaticText`
    t =   126.42s         Checking existence of `"Couldn’t reach Smoke server." StaticText`
    t =   126.44s Waiting 30.0s for "Last received output · Input paused" StaticText to exist
    t =   127.47s     Checking `Expect predicate `existsNoRetry == 1` for object "Last received output · Input paused" StaticText`
    t =   127.47s         Checking existence of `"Last received output · Input paused" StaticText`
    t =   127.49s Checking existence of `Any (First Match)`
    t =   127.52s Find the Any (First Match)
    t =   127.56s Find the "recovery-retry" Button
    t =   127.60s Checking existence of `Any (First Match)`
    t =   127.63s Find the Any (First Match)
    t =   127.66s Find the "recovery-change" Button
    t =   127.70s Checking existence of `"Speed up your typing by sliding your finger across the letters to compose a word." StaticText`
    t =   127.80s Open dev.meeterm.app with URL meeterm://smoke?screen=recovery-mismatch
    t =   127.80s     Launch dev.meeterm.app
2026-09-29 07:14:54.981 xcodebuild[18134:130976] [MT] IDELaunchParametersSnapshot: The operation couldn’t be completed. (DebuggerLLDB.DebuggerVersionStore.StoreError error 0.)
2026-09-29 07:14:54.981 xcodebuild[18134:130976] [MT] IDELaunchParametersSnapshot: no debugger version
    t =   128.02s         Setting up automation session
    t =   130.10s         Wait for dev.meeterm.app to idle
    t =   131.41s Wait for dev.meeterm.app to become Running Foreground
    t =   131.41s Get all elements bound by index for: Elements matching predicate 'identifier == "Terminal" OR label == "Terminal" OR label == "Terminal, cached output, read only"'
    t =   131.44s Checking existence of `Other (Element at index 0)`
    t =   131.46s Find the Other (Element at index 0)
    t =   131.48s Checking existence of `Other (Element at index 1)`
    t =   131.49s Find the Other (Element at index 1)
    t =   131.52s Find the "Terminal, cached output, read only" Other
    t =   131.54s Checking existence of `Any (First Match)`
    t =   131.57s Find the Any (First Match)
    t =   131.61s Find the "recovery-rail" Other
    t =   131.64s Find the "recovery-rail" Other
    t =   131.68s Find the "recovery-rail" Other
    t =   131.71s Checking existence of `Any (First Match)`
    t =   131.75s Find the Any (First Match)
    t =   131.79s Find the "recovery-title" StaticText
    t =   131.84s Find the "recovery-title" StaticText
    t =   131.88s Find the "recovery-title" StaticText
    t =   131.92s Checking existence of `Any (First Match)`
    t =   131.96s Find the Any (First Match)
    t =   132.00s Find the "recovery-detail" StaticText
    t =   132.05s Find the "recovery-detail" StaticText
    t =   132.10s Find the "recovery-detail" StaticText
    t =   132.14s Checking existence of `Any (First Match)`
    t =   132.18s Find the Any (First Match)
    t =   132.23s Find the "recovery-meta" StaticText
    t =   132.27s Find the "recovery-meta" StaticText
    t =   132.32s Find the "recovery-meta" StaticText
    t =   132.36s Checking existence of `"Terminal, cached output, read only" Other`
    t =   132.38s Find the "Terminal, cached output, read only" Other
    t =   132.40s Find the "Terminal, cached output, read only" Other
    t =   132.42s Find the "Terminal, cached output, read only" Other
    t =   132.44s Find the "Terminal, cached output, read only" Other
    t =   132.46s Waiting 30.0s for "This runtime can’t be restored" StaticText to exist
    t =   133.51s     Checking `Expect predicate `existsNoRetry == 1` for object "This runtime can’t be restored" StaticText`
    t =   133.51s         Checking existence of `"This runtime can’t be restored" StaticText`
    t =   133.52s Waiting 30.0s for "The runtime named “meeterm” is not the same instance as before." StaticText to exist
    t =   134.56s     Checking `Expect predicate `existsNoRetry == 1` for object "The runtime named “meeterm” is not the same instance as before." StaticText`
    t =   134.56s         Checking existence of `"The runtime named “meeterm” is not the same instance as before." StaticText`
    t =   134.57s Waiting 30.0s for "Last received output · Input paused" StaticText to exist
    t =   135.63s     Checking `Expect predicate `existsNoRetry == 1` for object "Last received output · Input paused" StaticText`
    t =   135.63s         Checking existence of `"Last received output · Input paused" StaticText`
    t =   135.65s Checking existence of `Any (First Match)`
    t =   135.68s Find the Any (First Match)
    t =   135.71s Find the "recovery-retry" Button
    t =   135.76s Checking existence of `Any (First Match)`
    t =   135.79s Find the Any (First Match)
    t =   135.83s Find the "recovery-change" Button
    t =   135.87s Checking existence of `"Speed up your typing by sliding your finger across the letters to compose a word." StaticText`
    t =   135.97s Open dev.meeterm.app with URL meeterm://smoke?screen=layout-restore-unconfirmed
    t =   135.97s     Launch dev.meeterm.app
2026-09-29 07:15:03.154 xcodebuild[18134:130976] [MT] IDELaunchParametersSnapshot: The operation couldn’t be completed. (DebuggerLLDB.DebuggerVersionStore.StoreError error 0.)
2026-09-29 07:15:03.154 xcodebuild[18134:130976] [MT] IDELaunchParametersSnapshot: no debugger version
    t =   136.19s         Setting up automation session
    t =   138.23s         Wait for dev.meeterm.app to idle
    t =   139.54s Wait for dev.meeterm.app to become Running Foreground
    t =   139.54s Waiting 30.0s for "Disconnected" StaticText to exist
    t =   140.56s     Checking `Expect predicate `existsNoRetry == 1` for object "Disconnected" StaticText`
    t =   140.56s         Checking existence of `"Disconnected" StaticText`
    t =   140.59s Waiting 30.0s for "The old connection's desktop layout restore could not be confirmed." StaticText to exist
    t =   141.61s     Checking `Expect predicate `existsNoRetry == 1` for object "The old connection's desktop layout restore could not be confirmed." StaticText`
    t =   141.61s         Checking existence of `"The old connection's desktop layout restore could not be confirmed." StaticText`
    t =   141.63s Get number of matches for: Elements matching predicate 'identifier == "Dismiss desktop layout warning" OR label == "Dismiss desktop layout warning"'
    t =   141.64s Get number of matches for: Elements matching predicate 'identifier == "Dismiss desktop layout warning" OR label == "Dismiss desktop layout warning"'
    t =   141.66s Checking existence of `Button (Element at index 0)`
    t =   141.68s Find the Button (Element at index 0)
    t =   141.73s Checking existence of `"cleanup-warning-dismiss" Button`
    t =   141.75s Find the "cleanup-warning-dismiss" Button
    t =   141.77s Checking existence of `"Speed up your typing by sliding your finger across the letters to compose a word." StaticText`
    t =   141.88s Open dev.meeterm.app with URL meeterm://smoke?screen=runtime-layout-restore-unconfirmed
    t =   141.88s     Launch dev.meeterm.app
2026-09-29 07:15:09.057 xcodebuild[18134:130976] [MT] IDELaunchParametersSnapshot: The operation couldn’t be completed. (DebuggerLLDB.DebuggerVersionStore.StoreError error 0.)
2026-09-29 07:15:09.057 xcodebuild[18134:130976] [MT] IDELaunchParametersSnapshot: no debugger version
    t =   142.08s         Setting up automation session
    t =   144.16s         Wait for dev.meeterm.app to idle
    t =   145.50s Wait for dev.meeterm.app to become Running Foreground
    t =   145.50s Waiting 30.0s for "Choose a runtime for Smoke server" StaticText to exist
    t =   146.51s     Checking `Expect predicate `existsNoRetry == 1` for object "Choose a runtime for Smoke server" StaticText`
    t =   146.51s         Checking existence of `"Choose a runtime for Smoke server" StaticText`
    t =   146.55s Waiting 30.0s for "The old connection's desktop layout restore could not be confirmed." StaticText to exist
    t =   147.61s     Checking `Expect predicate `existsNoRetry == 1` for object "The old connection's desktop layout restore could not be confirmed." StaticText`
    t =   147.61s         Checking existence of `"The old connection's desktop layout restore could not be confirmed." StaticText`
    t =   147.63s Get number of matches for: Elements matching predicate 'identifier == "Dismiss desktop layout warning" OR label == "Dismiss desktop layout warning"'
    t =   147.66s Get number of matches for: Elements matching predicate 'identifier == "Dismiss desktop layout warning" OR label == "Dismiss desktop layout warning"'
    t =   147.68s Checking existence of `Button (Element at index 0)`
    t =   147.70s Find the Button (Element at index 0)
    t =   147.76s Checking existence of `"cleanup-warning-dismiss" Button`
    t =   147.78s Find the "cleanup-warning-dismiss" Button
    t =   147.81s Checking existence of `"Speed up your typing by sliding your finger across the letters to compose a word." StaticText`
    t =   147.92s Open dev.meeterm.app with URL meeterm://smoke?screen=connection-error
    t =   147.92s     Launch dev.meeterm.app
2026-09-29 07:15:15.098 xcodebuild[18134:130976] [MT] IDELaunchParametersSnapshot: The operation couldn’t be completed. (DebuggerLLDB.DebuggerVersionStore.StoreError error 0.)
2026-09-29 07:15:15.098 xcodebuild[18134:130976] [MT] IDELaunchParametersSnapshot: no debugger version
    t =   148.13s         Setting up automation session
    t =   150.10s         Wait for dev.meeterm.app to idle
    t =   151.41s Wait for dev.meeterm.app to become Running Foreground
    t =   151.41s Waiting 30.0s for StaticText (First Match) to exist
    t =   152.46s     Checking `Expect predicate `existsNoRetry == 1` for object StaticText (First Match)`
    t =   152.46s         Checking existence of `StaticText (First Match)`
    t =   152.51s Get number of matches for: Elements matching predicate 'identifier == "Reconnect" OR label == "Reconnect"'
    t =   152.53s Get number of matches for: Elements matching predicate 'identifier == "Reconnect" OR label == "Reconnect"'
    t =   152.54s Checking existence of `Button (Element at index 0)`
    t =   152.57s Find the Button (Element at index 0)
    t =   152.64s Checking existence of `"workspaces-reconnect" Button`
    t =   152.67s Find the "workspaces-reconnect" Button
    t =   152.70s Waiting 30.0s for "Authentication failed. Check your username and the password or private key for your chosen sign-in method." StaticText to exist
    t =   153.76s     Checking `Expect predicate `existsNoRetry == 1` for object "Authentication failed. Check your username and the password or private key for your chosen sign-in method." StaticText`
    t =   153.76s         Checking existence of `"Authentication failed. Check your username and the password or private key for your chosen sign-in method." StaticText`
    t =   153.78s Waiting 30.0s for "The old connection's desktop layout restore could not be confirmed." StaticText to exist
    t =   154.80s     Checking `Expect predicate `existsNoRetry == 1` for object "The old connection's desktop layout restore could not be confirmed." StaticText`
    t =   154.80s         Checking existence of `"The old connection's desktop layout restore could not be confirmed." StaticText`
    t =   154.82s Get number of matches for: Elements matching predicate 'identifier == "Dismiss desktop layout warning" OR label == "Dismiss desktop layout warning"'
    t =   154.84s Get number of matches for: Elements matching predicate 'identifier == "Dismiss desktop layout warning" OR label == "Dismiss desktop layout warning"'
    t =   154.85s Checking existence of `Button (Element at index 0)`
    t =   154.87s Find the Button (Element at index 0)
    t =   154.90s Checking existence of `"cleanup-warning-dismiss" Button`
    t =   154.92s Find the "cleanup-warning-dismiss" Button
    t =   154.94s Checking existence of `"Speed up your typing by sliding your finger across the letters to compose a word." StaticText`
    t =   155.66s Open dev.meeterm.app with URL meeterm://smoke?screen=terminal&app=light&terminal=light
    t =   155.66s     Launch dev.meeterm.app
2026-09-29 07:15:22.845 xcodebuild[18134:130976] [MT] IDELaunchParametersSnapshot: The operation couldn’t be completed. (DebuggerLLDB.DebuggerVersionStore.StoreError error 0.)
2026-09-29 07:15:22.845 xcodebuild[18134:130976] [MT] IDELaunchParametersSnapshot: no debugger version
    t =   155.88s         Setting up automation session
    t =   157.97s         Wait for dev.meeterm.app to idle
    t =   159.30s Wait for dev.meeterm.app to become Running Foreground
    t =   159.30s Waiting 30.0s for StaticText (First Match) to exist
    t =   160.34s     Checking `Expect predicate `existsNoRetry == 1` for object StaticText (First Match)`
    t =   160.34s         Checking existence of `StaticText (First Match)`
    t =   160.37s Get all elements bound by index for: Elements matching predicate 'identifier == "Terminal" OR label == "Terminal" OR label == "Terminal, cached output, read only"'
    t =   160.39s Checking existence of `Other (Element at index 0)`
    t =   160.41s Find the Other (Element at index 0)
    t =   160.42s Checking existence of `Other (Element at index 1)`
    t =   160.44s Find the Other (Element at index 1)
    t =   160.45s Find the "Terminal" Other
    t =   160.48s Checking existence of `"Terminal" Other`
    t =   160.49s Find the "Terminal" Other
    t =   160.51s Checking existence of `Any (First Match)`
    t =   160.55s Find the Any (First Match)
    t =   160.59s Find the "native-terminal-surface" Other
    t =   160.63s Find the "native-terminal-surface" Other
    t =   160.67s Find the "native-terminal-surface" Other
    t =   160.71s Find the "native-terminal-surface" Other
    t =   160.82s Open dev.meeterm.app with URL meeterm://smoke?screen=terminal&app=light&terminal=dark
    t =   160.82s     Launch dev.meeterm.app
2026-09-29 07:15:28.003 xcodebuild[18134:130976] [MT] IDELaunchParametersSnapshot: The operation couldn’t be completed. (DebuggerLLDB.DebuggerVersionStore.StoreError error 0.)
2026-09-29 07:15:28.003 xcodebuild[18134:130976] [MT] IDELaunchParametersSnapshot: no debugger version
    t =   161.03s         Setting up automation session
    t =   163.05s         Wait for dev.meeterm.app to idle
    t =   164.36s Wait for dev.meeterm.app to become Running Foreground
    t =   164.36s Waiting 30.0s for StaticText (First Match) to exist
    t =   165.41s     Checking `Expect predicate `existsNoRetry == 1` for object StaticText (First Match)`
    t =   165.41s         Checking existence of `StaticText (First Match)`
    t =   165.44s Get all elements bound by index for: Elements matching predicate 'identifier == "Terminal" OR label == "Terminal" OR label == "Terminal, cached output, read only"'
    t =   165.47s Checking existence of `Other (Element at index 0)`
    t =   165.48s Find the Other (Element at index 0)
    t =   165.50s Checking existence of `Other (Element at index 1)`
    t =   165.51s Find the Other (Element at index 1)
    t =   165.53s Find the "Terminal" Other
    t =   165.56s Checking existence of `"Terminal" Other`
    t =   165.57s Find the "Terminal" Other
    t =   165.59s Checking existence of `Any (First Match)`
    t =   165.63s Find the Any (First Match)
    t =   165.67s Find the "native-terminal-surface" Other
    t =   165.71s Find the "native-terminal-surface" Other
    t =   165.75s Find the "native-terminal-surface" Other
    t =   165.79s Find the "native-terminal-surface" Other
    t =   165.91s Open dev.meeterm.app with URL meeterm://smoke?screen=terminal&app=light&terminal=system
    t =   165.91s     Launch dev.meeterm.app
2026-09-29 07:15:33.092 xcodebuild[18134:130976] [MT] IDELaunchParametersSnapshot: The operation couldn’t be completed. (DebuggerLLDB.DebuggerVersionStore.StoreError error 0.)
2026-09-29 07:15:33.092 xcodebuild[18134:130976] [MT] IDELaunchParametersSnapshot: no debugger version
    t =   166.12s         Setting up automation session
    t =   168.28s         Wait for dev.meeterm.app to idle
    t =   169.60s Wait for dev.meeterm.app to become Running Foreground
    t =   169.60s Waiting 30.0s for StaticText (First Match) to exist
    t =   170.65s     Checking `Expect predicate `existsNoRetry == 1` for object StaticText (First Match)`
    t =   170.65s         Checking existence of `StaticText (First Match)`
    t =   170.68s Get all elements bound by index for: Elements matching predicate 'identifier == "Terminal" OR label == "Terminal" OR label == "Terminal, cached output, read only"'
    t =   170.70s Checking existence of `Other (Element at index 0)`
    t =   170.71s Find the Other (Element at index 0)
    t =   170.73s Checking existence of `Other (Element at index 1)`
    t =   170.74s Find the Other (Element at index 1)
    t =   170.76s Find the "Terminal" Other
    t =   170.79s Checking existence of `"Terminal" Other`
    t =   170.80s Find the "Terminal" Other
    t =   170.83s Checking existence of `Any (First Match)`
    t =   170.86s Find the Any (First Match)
    t =   170.90s Find the "native-terminal-surface" Other
    t =   170.94s Find the "native-terminal-surface" Other
    t =   170.98s Find the "native-terminal-surface" Other
    t =   171.02s Find the "native-terminal-surface" Other
    t =   171.14s Open dev.meeterm.app with URL meeterm://smoke?screen=terminal&app=dark&terminal=light
    t =   171.14s     Launch dev.meeterm.app
2026-09-29 07:15:38.318 xcodebuild[18134:130976] [MT] IDELaunchParametersSnapshot: The operation couldn’t be completed. (DebuggerLLDB.DebuggerVersionStore.StoreError error 0.)
2026-09-29 07:15:38.318 xcodebuild[18134:130976] [MT] IDELaunchParametersSnapshot: no debugger version
    t =   171.34s         Setting up automation session
    t =   173.34s         Wait for dev.meeterm.app to idle
    t =   174.63s Wait for dev.meeterm.app to become Running Foreground
    t =   174.63s Waiting 30.0s for StaticText (First Match) to exist
    t =   175.69s     Checking `Expect predicate `existsNoRetry == 1` for object StaticText (First Match)`
    t =   175.69s         Checking existence of `StaticText (First Match)`
    t =   175.73s Get all elements bound by index for: Elements matching predicate 'identifier == "Terminal" OR label == "Terminal" OR label == "Terminal, cached output, read only"'
    t =   175.74s Checking existence of `Other (Element at index 0)`
    t =   175.76s Find the Other (Element at index 0)
    t =   175.77s Checking existence of `Other (Element at index 1)`
    t =   175.79s Find the Other (Element at index 1)
    t =   175.81s Find the "Terminal" Other
    t =   175.83s Checking existence of `"Terminal" Other`
    t =   175.85s Find the "Terminal" Other
    t =   175.87s Checking existence of `Any (First Match)`
    t =   175.90s Find the Any (First Match)
    t =   175.94s Find the "native-terminal-surface" Other
    t =   175.98s Find the "native-terminal-surface" Other
    t =   176.02s Find the "native-terminal-surface" Other
    t =   176.06s Find the "native-terminal-surface" Other
    t =   176.18s Open dev.meeterm.app with URL meeterm://smoke?screen=terminal&app=dark&terminal=dark
    t =   176.18s     Launch dev.meeterm.app
2026-09-29 07:15:43.363 xcodebuild[18134:130976] [MT] IDELaunchParametersSnapshot: The operation couldn’t be completed. (DebuggerLLDB.DebuggerVersionStore.StoreError error 0.)
2026-09-29 07:15:43.363 xcodebuild[18134:130976] [MT] IDELaunchParametersSnapshot: no debugger version
    t =   176.39s         Setting up automation session
    t =   178.51s         Wait for dev.meeterm.app to idle
    t =   179.82s Wait for dev.meeterm.app to become Running Foreground
    t =   179.82s Waiting 30.0s for StaticText (First Match) to exist
    t =   180.84s     Checking `Expect predicate `existsNoRetry == 1` for object StaticText (First Match)`
    t =   180.84s         Checking existence of `StaticText (First Match)`
    t =   180.87s Get all elements bound by index for: Elements matching predicate 'identifier == "Terminal" OR label == "Terminal" OR label == "Terminal, cached output, read only"'
    t =   180.89s Checking existence of `Other (Element at index 0)`
    t =   180.90s Find the Other (Element at index 0)
    t =   180.92s Checking existence of `Other (Element at index 1)`
    t =   180.93s Find the Other (Element at index 1)
    t =   180.95s Find the "Terminal" Other
    t =   180.98s Checking existence of `"Terminal" Other`
    t =   180.99s Find the "Terminal" Other
    t =   181.01s Checking existence of `Any (First Match)`
    t =   181.05s Find the Any (First Match)
    t =   181.09s Find the "native-terminal-surface" Other
    t =   181.13s Find the "native-terminal-surface" Other
    t =   181.17s Find the "native-terminal-surface" Other
    t =   181.21s Find the "native-terminal-surface" Other
    t =   181.33s Open dev.meeterm.app with URL meeterm://smoke?screen=terminal&app=dark&terminal=system
    t =   181.33s     Launch dev.meeterm.app
2026-09-29 07:15:48.507 xcodebuild[18134:130976] [MT] IDELaunchParametersSnapshot: The operation couldn’t be completed. (DebuggerLLDB.DebuggerVersionStore.StoreError error 0.)
2026-09-29 07:15:48.507 xcodebuild[18134:130976] [MT] IDELaunchParametersSnapshot: no debugger version
    t =   181.53s         Setting up automation session
    t =   183.54s         Wait for dev.meeterm.app to idle
    t =   184.83s Wait for dev.meeterm.app to become Running Foreground
    t =   184.83s Waiting 30.0s for StaticText (First Match) to exist
    t =   185.89s     Checking `Expect predicate `existsNoRetry == 1` for object StaticText (First Match)`
    t =   185.89s         Checking existence of `StaticText (First Match)`
    t =   185.92s Get all elements bound by index for: Elements matching predicate 'identifier == "Terminal" OR label == "Terminal" OR label == "Terminal, cached output, read only"'
    t =   185.94s Checking existence of `Other (Element at index 0)`
    t =   185.95s Find the Other (Element at index 0)
    t =   185.97s Checking existence of `Other (Element at index 1)`
    t =   185.98s Find the Other (Element at index 1)
    t =   186.00s Find the "Terminal" Other
    t =   186.03s Checking existence of `"Terminal" Other`
    t =   186.04s Find the "Terminal" Other
    t =   186.06s Checking existence of `Any (First Match)`
    t =   186.10s Find the Any (First Match)
    t =   186.14s Find the "native-terminal-surface" Other
    t =   186.18s Find the "native-terminal-surface" Other
    t =   186.22s Find the "native-terminal-surface" Other
    t =   186.26s Find the "native-terminal-surface" Other
    t =   186.37s Open dev.meeterm.app with URL meeterm://smoke?screen=settings&app=dark&terminal=light
    t =   186.38s     Launch dev.meeterm.app
2026-09-29 07:15:53.556 xcodebuild[18134:130976] [MT] IDELaunchParametersSnapshot: The operation couldn’t be completed. (DebuggerLLDB.DebuggerVersionStore.StoreError error 0.)
2026-09-29 07:15:53.556 xcodebuild[18134:130976] [MT] IDELaunchParametersSnapshot: no debugger version
    t =   186.59s         Setting up automation session
    t =   188.66s         Wait for dev.meeterm.app to idle
    t =   189.96s Wait for dev.meeterm.app to become Running Foreground
    t =   189.96s Waiting 30.0s for "Settings" StaticText to exist
    t =   190.96s     Checking `Expect predicate `existsNoRetry == 1` for object "Settings" StaticText`
    t =   190.96s         Checking existence of `"Settings" StaticText`
    t =   191.00s Checking existence of `"settings-submit" Button`
    t =   191.02s Find the "settings-submit" Button
    t =   191.05s Get number of matches for: Elements matching predicate 'identifier == "app-theme" OR label == "app-theme"'
    t =   191.08s Get number of matches for: Elements matching predicate 'identifier == "app-theme" OR label == "app-theme"'
    t =   191.10s Checking existence of `Button (Element at index 0)`
    t =   191.12s Find the Button (Element at index 0)
    t =   191.15s Checking existence of `"app-theme" Button`
    t =   191.18s Find the "app-theme" Button
    t =   191.21s Get number of matches for: Elements matching predicate 'identifier == "terminal-theme" OR label == "terminal-theme"'
    t =   191.23s Get number of matches for: Elements matching predicate 'identifier == "terminal-theme" OR label == "terminal-theme"'
    t =   191.26s Checking existence of `Button (Element at index 0)`
    t =   191.28s Find the Button (Element at index 0)
    t =   191.32s Checking existence of `"terminal-theme" Button`
    t =   191.34s Find the "terminal-theme" Button
    t =   191.37s Waiting 10.0s for Any (First Match) to exist
    t =   192.41s     Checking `Expect predicate `existsNoRetry == 1` for object Any (First Match)`
    t =   192.41s         Checking existence of `Any (First Match)`
    t =   192.53s Open dev.meeterm.app with URL meeterm://smoke?screen=recovery-progress&app=dark&terminal=light
    t =   192.53s     Launch dev.meeterm.app
2026-09-29 07:15:59.714 xcodebuild[18134:130976] [MT] IDELaunchParametersSnapshot: The operation couldn’t be completed. (DebuggerLLDB.DebuggerVersionStore.StoreError error 0.)
2026-09-29 07:15:59.714 xcodebuild[18134:130976] [MT] IDELaunchParametersSnapshot: no debugger version
    t =   192.75s         Setting up automation session
    t =   194.72s         Wait for dev.meeterm.app to idle
    t =   196.03s Wait for dev.meeterm.app to become Running Foreground
    t =   196.03s Get all elements bound by index for: Elements matching predicate 'identifier == "Terminal" OR label == "Terminal" OR label == "Terminal, cached output, read only"'
    t =   196.06s Checking existence of `Other (Element at index 0)`
    t =   196.08s Find the Other (Element at index 0)
    t =   196.10s Checking existence of `Other (Element at index 1)`
    t =   196.11s Find the Other (Element at index 1)
    t =   196.13s Find the "Terminal, cached output, read only" Other
    t =   196.16s Checking existence of `Any (First Match)`
    t =   196.19s Find the Any (First Match)
    t =   196.23s Find the "recovery-rail" Other
    t =   196.27s Find the "recovery-rail" Other
    t =   196.31s Find the "recovery-rail" Other
    t =   196.34s Checking existence of `Any (First Match)`
    t =   196.38s Find the Any (First Match)
    t =   196.42s Find the "recovery-title" StaticText
    t =   196.47s Find the "recovery-title" StaticText
    t =   196.51s Find the "recovery-title" StaticText
    t =   196.56s Checking existence of `Any (First Match)`
    t =   196.59s Find the Any (First Match)
    t =   196.64s Find the "recovery-detail" StaticText
    t =   196.68s Find the "recovery-detail" StaticText
    t =   196.73s Find the "recovery-detail" StaticText
    t =   196.77s Checking existence of `Any (First Match)`
    t =   196.81s Find the Any (First Match)
    t =   196.86s Find the "recovery-meta" StaticText
    t =   196.90s Find the "recovery-meta" StaticText
    t =   196.95s Find the "recovery-meta" StaticText
    t =   197.00s Checking existence of `"Terminal, cached output, read only" Other`
    t =   197.01s Find the "Terminal, cached output, read only" Other
    t =   197.04s Find the "Terminal, cached output, read only" Other
    t =   197.06s Find the "Terminal, cached output, read only" Other
    t =   197.08s Find the "Terminal, cached output, read only" Other
    t =   197.10s Waiting 30.0s for "Verifying this workspace…" StaticText to exist
    t =   198.12s     Checking `Expect predicate `existsNoRetry == 1` for object "Verifying this workspace…" StaticText`
    t =   198.12s         Checking existence of `"Verifying this workspace…" StaticText`
    t =   198.14s Waiting 30.0s for "Checking the server, runtime, and terminal." StaticText to exist
    t =   199.20s     Checking `Expect predicate `existsNoRetry == 1` for object "Checking the server, runtime, and terminal." StaticText`
    t =   199.20s         Checking existence of `"Checking the server, runtime, and terminal." StaticText`
    t =   199.22s Waiting 30.0s for "Last received output · Input paused" StaticText to exist
    t =   200.30s     Checking `Expect predicate `existsNoRetry == 1` for object "Last received output · Input paused" StaticText`
    t =   200.30s         Checking existence of `"Last received output · Input paused" StaticText`
    t =   200.31s Checking existence of `Any (First Match)`
    t =   200.35s Find the Any (First Match)
    t =   200.40s Find the "native-terminal-surface" Other
    t =   200.45s Find the "native-terminal-surface" Other
    t =   200.49s Find the "native-terminal-surface" Other
    t =   200.54s Find the "native-terminal-surface" Other
    t =   200.66s Open dev.meeterm.app with URL meeterm://smoke?screen=terminal&app=system&terminal=system
    t =   200.66s     Launch dev.meeterm.app
2026-09-29 07:16:07.839 xcodebuild[18134:130976] [MT] IDELaunchParametersSnapshot: The operation couldn’t be completed. (DebuggerLLDB.DebuggerVersionStore.StoreError error 0.)
2026-09-29 07:16:07.839 xcodebuild[18134:130976] [MT] IDELaunchParametersSnapshot: no debugger version
    t =   200.87s         Setting up automation session
    t =   202.93s         Wait for dev.meeterm.app to idle
    t =   204.25s Wait for dev.meeterm.app to become Running Foreground
    t =   204.25s Waiting 30.0s for StaticText (First Match) to exist
    t =   205.31s     Checking `Expect predicate `existsNoRetry == 1` for object StaticText (First Match)`
    t =   205.31s         Checking existence of `StaticText (First Match)`
    t =   205.34s Get all elements bound by index for: Elements matching predicate 'identifier == "Terminal" OR label == "Terminal" OR label == "Terminal, cached output, read only"'
    t =   205.36s Checking existence of `Other (Element at index 0)`
    t =   205.37s Find the Other (Element at index 0)
    t =   205.39s Checking existence of `Other (Element at index 1)`
    t =   205.40s Find the Other (Element at index 1)
    t =   205.42s Find the "Terminal" Other
    t =   205.45s Checking existence of `"Terminal" Other`
    t =   205.46s Find the "Terminal" Other
    t =   205.48s Checking existence of `Any (First Match)`
    t =   205.52s Find the Any (First Match)
    t =   205.55s Find the "native-terminal-surface" Other
    t =   205.60s Find the "native-terminal-surface" Other
    t =   205.64s Find the "native-terminal-surface" Other
    t =   205.68s Find the "native-terminal-surface" Other
    t =   205.71s Get all elements bound by index for: Elements matching predicate 'identifier == "Terminal" OR label == "Terminal" OR label == "Terminal, cached output, read only"'
    t =   205.72s Checking existence of `Other (Element at index 0)`
    t =   205.74s Find the Other (Element at index 0)
    t =   205.75s Checking existence of `Other (Element at index 1)`
    t =   205.77s Find the Other (Element at index 1)
    t =   205.79s Find the "Terminal" Other
    t =   205.81s Press "Terminal" Other[0.10, 0.30] for 0.7 seconds, then drag to "Terminal" Other[0.60, 0.50] with velocity of 500.00 pixels per second, and then hold for 0.0 seconds 
    t =   205.81s     Wait for dev.meeterm.app to idle
    t =   205.82s     Find the "Terminal" Other
    t =   205.83s     Check for interrupting elements affecting "Terminal" Other
    t =   205.85s     Synthesize event
    t =   205.85s         Find the "Terminal" Other
    t =   205.87s         Find the "Terminal" Other
    t =   205.89s         Find the "Terminal" Other
    t =   205.91s         Find the "Terminal" Other
    t =   205.93s         Find the "Terminal" Other
    t =   207.43s     Wait for dev.meeterm.app to idle
    t =   207.43s Get number of matches for: Elements matching predicate 'identifier == "Copy selection" OR label == "Copy selection"'
    t =   207.45s Get number of matches for: Elements matching predicate 'identifier == "Copy selection" OR label == "Copy selection"'
    t =   207.46s Checking existence of `Button (Element at index 0)`
    t =   207.48s Find the Button (Element at index 0)
    t =   207.51s Waiting 10.0s for "Copy selection" Button to exist
    t =   208.56s     Checking `Expect predicate `existsNoRetry == 1` for object "Copy selection" Button`
    t =   208.56s         Checking existence of `"Copy selection" Button`
    t =   208.99s Wait for dev.meeterm.app to become Running Foreground
    t =   208.99s Checking existence of `Any (First Match)`
    t =   209.03s Find the Any (First Match)
    t =   209.07s Find the "native-terminal-surface" Other
    t =   209.11s Find the "native-terminal-surface" Other
    t =   209.16s Find the "native-terminal-surface" Other
    t =   209.20s Find the "native-terminal-surface" Other
    t =   209.24s Get number of matches for: Elements matching predicate 'identifier == "Copy selection" OR label == "Copy selection"'
    t =   209.26s Get number of matches for: Elements matching predicate 'identifier == "Copy selection" OR label == "Copy selection"'
    t =   209.28s Checking existence of `Button (Element at index 0)`
    t =   209.29s Find the Button (Element at index 0)
    t =   209.32s Checking existence of `"Copy selection" Button`
    t =   209.83s Checking existence of `Any (First Match)`
    t =   209.86s Find the Any (First Match)
    t =   209.90s Find the "native-terminal-surface" Other
    t =   209.96s Find the "native-terminal-surface" Other
    t =   210.00s Find the "native-terminal-surface" Other
    t =   210.05s Find the "native-terminal-surface" Other
    t =   210.08s Get number of matches for: Elements matching predicate 'identifier == "Copy selection" OR label == "Copy selection"'
    t =   210.10s Get number of matches for: Elements matching predicate 'identifier == "Copy selection" OR label == "Copy selection"'
    t =   210.12s Checking existence of `Button (Element at index 0)`
    t =   210.13s Find the Button (Element at index 0)
    t =   210.16s Checking existence of `"Copy selection" Button`
    t =   210.26s Get number of matches for: Elements matching predicate 'identifier == "Cancel selection" OR label == "Cancel selection"'
    t =   210.27s Get number of matches for: Elements matching predicate 'identifier == "Cancel selection" OR label == "Cancel selection"'
    t =   210.29s Checking existence of `Button (Element at index 0)`
    t =   210.30s Find the Button (Element at index 0)
    t =   210.33s Tap "Cancel selection" Button
    t =   210.33s     Wait for dev.meeterm.app to idle
    t =   210.33s     Find the "Cancel selection" Button
    t =   210.35s     Check for interrupting elements affecting "Cancel selection" Button
    t =   210.37s     Synthesize event
    t =   210.67s     Wait for dev.meeterm.app to idle
    t =   210.74s Open dev.meeterm.app with URL meeterm://smoke?screen=terminal&app=system&terminal=dark
    t =   210.74s     Launch dev.meeterm.app
2026-09-29 07:16:17.917 xcodebuild[18134:130976] [MT] IDELaunchParametersSnapshot: The operation couldn’t be completed. (DebuggerLLDB.DebuggerVersionStore.StoreError error 0.)
2026-09-29 07:16:17.917 xcodebuild[18134:130976] [MT] IDELaunchParametersSnapshot: no debugger version
    t =   210.95s         Setting up automation session
    t =   213.09s         Wait for dev.meeterm.app to idle
    t =   214.42s Wait for dev.meeterm.app to become Running Foreground
    t =   214.42s Waiting 30.0s for StaticText (First Match) to exist
    t =   215.48s     Checking `Expect predicate `existsNoRetry == 1` for object StaticText (First Match)`
    t =   215.48s         Checking existence of `StaticText (First Match)`
    t =   215.52s Get all elements bound by index for: Elements matching predicate 'identifier == "Terminal" OR label == "Terminal" OR label == "Terminal, cached output, read only"'
    t =   215.53s Checking existence of `Other (Element at index 0)`
    t =   215.55s Find the Other (Element at index 0)
    t =   215.56s Checking existence of `Other (Element at index 1)`
    t =   215.58s Find the Other (Element at index 1)
    t =   215.60s Find the "Terminal" Other
    t =   215.62s Checking existence of `"Terminal" Other`
    t =   215.64s Find the "Terminal" Other
    t =   215.66s Checking existence of `Any (First Match)`
    t =   215.69s Find the Any (First Match)
    t =   215.73s Find the "native-terminal-surface" Other
    t =   215.77s Find the "native-terminal-surface" Other
    t =   215.81s Find the "native-terminal-surface" Other
    t =   215.85s Find the "native-terminal-surface" Other
    t =   216.29s Checking existence of `Any (First Match)`
    t =   216.33s Find the Any (First Match)
    t =   216.37s Find the "native-terminal-surface" Other
    t =   216.42s Find the "native-terminal-surface" Other
    t =   216.46s Find the "native-terminal-surface" Other
    t =   216.51s Find the "native-terminal-surface" Other
    t =   216.96s Checking existence of `Any (First Match)`
    t =   217.00s Find the Any (First Match)
    t =   217.04s Find the "native-terminal-surface" Other
    t =   217.08s Find the "native-terminal-surface" Other
    t =   217.12s Find the "native-terminal-surface" Other
    t =   217.17s Find the "native-terminal-surface" Other
    t =   217.30s Get all elements bound by index for: Elements matching predicate 'identifier == "Terminal" OR label == "Terminal" OR label == "Terminal, cached output, read only"'
    t =   217.31s Checking existence of `Other (Element at index 0)`
    t =   217.32s Find the Other (Element at index 0)
    t =   217.34s Checking existence of `Other (Element at index 1)`
    t =   217.36s Find the Other (Element at index 1)
    t =   217.38s Find the "Terminal" Other
    t =   217.40s Tap "Terminal" Other
    t =   217.40s     Wait for dev.meeterm.app to idle
    t =   217.40s     Find the "Terminal" Other
    t =   217.42s     Check for interrupting elements affecting "Terminal" Other
    t =   217.44s     Synthesize event
    t =   217.73s     Wait for dev.meeterm.app to idle
    t =   217.91s Waiting 10.0s for Keyboard (First Match) to exist
    t =   218.98s     Checking `Expect predicate `existsNoRetry == 1` for object Keyboard (First Match)`
    t =   218.98s         Checking existence of `Keyboard (First Match)`
    t =   219.00s Get number of matches for: Elements matching predicate 'identifier == "Hide keyboard" OR label == "Hide keyboard"'
    t =   219.04s Get number of matches for: Elements matching predicate 'identifier == "Hide keyboard" OR label == "Hide keyboard"'
    t =   219.07s Checking existence of `Button (Element at index 0)`
    t =   219.10s Find the Button (Element at index 0)
    t =   219.14s Checking existence of `"Hide keyboard" Button`
    t =   219.17s Find the "Hide keyboard" Button
    t =   219.29s Get number of matches for: Elements matching predicate 'identifier == "Hide keyboard" OR label == "Hide keyboard"'
    t =   219.32s Get number of matches for: Elements matching predicate 'identifier == "Hide keyboard" OR label == "Hide keyboard"'
    t =   219.35s Checking existence of `Button (Element at index 0)`
    t =   219.38s Find the Button (Element at index 0)
    t =   219.42s Tap "Hide keyboard" Button
    t =   219.42s     Wait for dev.meeterm.app to idle
    t =   219.42s     Find the "Hide keyboard" Button
    t =   219.46s     Check for interrupting elements affecting "Hide keyboard" Button
    t =   219.48s     Synthesize event
    t =   219.78s     Wait for dev.meeterm.app to idle
    t =   220.01s Checking existence of `Keyboard (First Match)`
    t =   220.05s Open dev.meeterm.app with URL meeterm://smoke?screen=terminal&app=dark&terminal=system
    t =   220.05s     Launch dev.meeterm.app
2026-09-29 07:16:27.234 xcodebuild[18134:130976] [MT] IDELaunchParametersSnapshot: The operation couldn’t be completed. (DebuggerLLDB.DebuggerVersionStore.StoreError error 0.)
2026-09-29 07:16:27.234 xcodebuild[18134:130976] [MT] IDELaunchParametersSnapshot: no debugger version
    t =   220.27s         Setting up automation session
    t =   222.32s         Wait for dev.meeterm.app to idle
    t =   223.64s Wait for dev.meeterm.app to become Running Foreground
    t =   223.64s Waiting 30.0s for StaticText (First Match) to exist
    t =   224.69s     Checking `Expect predicate `existsNoRetry == 1` for object StaticText (First Match)`
    t =   224.69s         Checking existence of `StaticText (First Match)`
    t =   224.72s Get all elements bound by index for: Elements matching predicate 'identifier == "Terminal" OR label == "Terminal" OR label == "Terminal, cached output, read only"'
    t =   224.74s Checking existence of `Other (Element at index 0)`
    t =   224.76s Find the Other (Element at index 0)
    t =   224.77s Checking existence of `Other (Element at index 1)`
    t =   224.79s Find the Other (Element at index 1)
    t =   224.80s Find the "Terminal" Other
    t =   224.83s Checking existence of `"Terminal" Other`
    t =   224.84s Find the "Terminal" Other
    t =   224.86s Checking existence of `Any (First Match)`
    t =   224.89s Find the Any (First Match)
    t =   224.93s Find the "native-terminal-surface" Other
    t =   224.97s Find the "native-terminal-surface" Other
    t =   225.01s Find the "native-terminal-surface" Other
    t =   225.05s Find the "native-terminal-surface" Other
    t =   225.08s Get all elements bound by index for: Elements matching predicate 'identifier == "Terminal" OR label == "Terminal" OR label == "Terminal, cached output, read only"'
    t =   225.10s Checking existence of `Other (Element at index 0)`
    t =   225.11s Find the Other (Element at index 0)
    t =   225.13s Checking existence of `Other (Element at index 1)`
    t =   225.14s Find the Other (Element at index 1)
    t =   225.16s Find the "Terminal" Other
    t =   225.19s Tap "Terminal" Other
    t =   225.19s     Wait for dev.meeterm.app to idle
    t =   225.19s     Find the "Terminal" Other
    t =   225.20s     Check for interrupting elements affecting "Terminal" Other
    t =   225.22s     Synthesize event
    t =   225.52s     Wait for dev.meeterm.app to idle
    t =   225.60s Waiting 10.0s for Keyboard (First Match) to exist
    t =   226.61s     Checking `Expect predicate `existsNoRetry == 1` for object Keyboard (First Match)`
    t =   226.61s         Checking existence of `Keyboard (First Match)`
    t =   226.63s Get number of matches for: Elements matching predicate 'identifier == "Hide keyboard" OR label == "Hide keyboard"'
    t =   226.66s Get number of matches for: Elements matching predicate 'identifier == "Hide keyboard" OR label == "Hide keyboard"'
    t =   226.69s Checking existence of `Button (Element at index 0)`
    t =   226.72s Find the Button (Element at index 0)
    t =   226.76s Checking existence of `"Hide keyboard" Button`
    t =   226.79s Find the "Hide keyboard" Button
    t =   227.31s Wait for dev.meeterm.app to become Running Foreground
    t =   227.31s Checking existence of `Any (First Match)`
    t =   227.41s Find the Any (First Match)
    t =   227.53s Find the "native-terminal-surface" Other
    t =   227.64s Find the "native-terminal-surface" Other
    t =   227.74s Find the "native-terminal-surface" Other
    t =   227.85s Find the "native-terminal-surface" Other
    t =   227.95s Waiting 10.0s for Keyboard (First Match) to exist
    t =   228.97s     Checking `Expect predicate `existsNoRetry == 1` for object Keyboard (First Match)`
    t =   228.97s         Checking existence of `Keyboard (First Match)`
    t =   228.99s Get number of matches for: Elements matching predicate 'identifier == "Hide keyboard" OR label == "Hide keyboard"'
    t =   229.01s Get number of matches for: Elements matching predicate 'identifier == "Hide keyboard" OR label == "Hide keyboard"'
    t =   229.04s Checking existence of `Button (Element at index 0)`
    t =   229.07s Find the Button (Element at index 0)
    t =   229.12s Checking existence of `"Hide keyboard" Button`
    t =   229.65s Checking existence of `Any (First Match)`
    t =   229.75s Find the Any (First Match)
    t =   229.87s Find the "native-terminal-surface" Other
    t =   229.99s Find the "native-terminal-surface" Other
    t =   230.09s Find the "native-terminal-surface" Other
    t =   230.21s Find the "native-terminal-surface" Other
    t =   230.31s Waiting 10.0s for Keyboard (First Match) to exist
    t =   231.34s     Checking `Expect predicate `existsNoRetry == 1` for object Keyboard (First Match)`
    t =   231.34s         Checking existence of `Keyboard (First Match)`
    t =   231.36s Get number of matches for: Elements matching predicate 'identifier == "Hide keyboard" OR label == "Hide keyboard"'
    t =   231.39s Get number of matches for: Elements matching predicate 'identifier == "Hide keyboard" OR label == "Hide keyboard"'
    t =   231.42s Checking existence of `Button (Element at index 0)`
    t =   231.45s Find the Button (Element at index 0)
    t =   231.49s Tap "Hide keyboard" Button
    t =   231.49s     Wait for dev.meeterm.app to idle
    t =   231.49s     Find the "Hide keyboard" Button
    t =   231.52s     Check for interrupting elements affecting "Hide keyboard" Button
    t =   231.55s     Synthesize event
    t =   231.84s     Wait for dev.meeterm.app to idle
    t =   232.06s Checking existence of `Keyboard (First Match)`
    t =   232.10s Open dev.meeterm.app with URL meeterm://smoke?screen=settings&app=dark&terminal=system
    t =   232.10s     Launch dev.meeterm.app
2026-09-29 07:16:39.280 xcodebuild[18134:130976] [MT] IDELaunchParametersSnapshot: The operation couldn’t be completed. (DebuggerLLDB.DebuggerVersionStore.StoreError error 0.)
2026-09-29 07:16:39.280 xcodebuild[18134:130976] [MT] IDELaunchParametersSnapshot: no debugger version
    t =   232.31s         Setting up automation session
    t =   234.32s         Wait for dev.meeterm.app to idle
    t =   235.64s Wait for dev.meeterm.app to become Running Foreground
    t =   235.64s Waiting 30.0s for "Settings" StaticText to exist
    t =   236.67s     Checking `Expect predicate `existsNoRetry == 1` for object "Settings" StaticText`
    t =   236.67s         Checking existence of `"Settings" StaticText`
    t =   236.71s Checking existence of `"settings-submit" Button`
    t =   236.74s Find the "settings-submit" Button
    t =   236.77s Get number of matches for: Elements matching predicate 'identifier == "app-theme" OR label == "app-theme"'
    t =   236.80s Get number of matches for: Elements matching predicate 'identifier == "app-theme" OR label == "app-theme"'
    t =   236.82s Checking existence of `Button (Element at index 0)`
    t =   236.84s Find the Button (Element at index 0)
    t =   236.88s Tap "app-theme" Button
    t =   236.88s     Wait for dev.meeterm.app to idle
    t =   236.88s     Find the "app-theme" Button
    t =   236.91s     Check for interrupting elements affecting "app-theme" Button
    t =   236.93s     Synthesize event
    t =   237.23s     Wait for dev.meeterm.app to idle
    t =   237.49s Waiting 10.0s for Sheet (First Match) to exist
    t =   238.54s     Checking `Expect predicate `existsNoRetry == 1` for object Sheet (First Match)`
    t =   238.54s         Checking existence of `Sheet (First Match)`
    t =   238.63s Checking existence of `"Cancel" Button`
    t =   238.65s Find the "Cancel" Button
    t =   238.68s Tap "Cancel" Button
    t =   238.68s     Wait for dev.meeterm.app to idle
    t =   238.69s     Find the "Cancel" Button
    t =   238.70s     Check for interrupting elements affecting "Cancel" Button
    t =   238.73s     Synthesize event
    t =   239.03s     Wait for dev.meeterm.app to idle
    t =   239.27s Checking existence of `Sheet (First Match)`
    t =   239.37s Get number of matches for: Elements matching predicate 'identifier == "app-theme" OR label == "app-theme"'
    t =   239.39s Get number of matches for: Elements matching predicate 'identifier == "app-theme" OR label == "app-theme"'
    t =   239.42s Checking existence of `Button (Element at index 0)`
    t =   239.44s Find the Button (Element at index 0)
    t =   239.47s Checking existence of `"app-theme" Button`
    t =   239.50s Find the "app-theme" Button
    t =   239.53s Get number of matches for: Elements matching predicate 'identifier == "app-theme" OR label == "app-theme"'
    t =   239.55s Get number of matches for: Elements matching predicate 'identifier == "app-theme" OR label == "app-theme"'
    t =   239.57s Checking existence of `Button (Element at index 0)`
    t =   239.60s Find the Button (Element at index 0)
    t =   239.63s Tap "app-theme" Button
    t =   239.63s     Wait for dev.meeterm.app to idle
    t =   239.63s     Find the "app-theme" Button
    t =   239.66s     Check for interrupting elements affecting "app-theme" Button
    t =   239.68s     Synthesize event
    t =   239.98s     Wait for dev.meeterm.app to idle
    t =   240.22s Waiting 10.0s for Sheet (First Match) to exist
    t =   241.24s     Checking `Expect predicate `existsNoRetry == 1` for object Sheet (First Match)`
    t =   241.24s         Checking existence of `Sheet (First Match)`
    t =   241.25s Checking existence of `"Light" Button`
    t =   241.26s Find the "Light" Button
    t =   241.29s Tap "Light" Button
    t =   241.29s     Wait for dev.meeterm.app to idle
    t =   241.29s     Find the "Light" Button
    t =   241.32s     Check for interrupting elements affecting "Light" Button
    t =   241.35s     Synthesize event
    t =   241.64s     Wait for dev.meeterm.app to idle
    t =   241.88s Checking existence of `Sheet (First Match)`
    t =   241.97s Get number of matches for: Elements matching predicate 'identifier == "app-theme" OR label == "app-theme"'
    t =   241.99s Get number of matches for: Elements matching predicate 'identifier == "app-theme" OR label == "app-theme"'
    t =   242.02s Checking existence of `Button (Element at index 0)`
    t =   242.04s Find the Button (Element at index 0)
    t =   242.08s Checking existence of `"app-theme" Button`
    t =   242.10s Find the "app-theme" Button
    t =   242.13s Get number of matches for: Elements matching predicate 'identifier == "terminal-theme" OR label == "terminal-theme"'
    t =   242.15s Get number of matches for: Elements matching predicate 'identifier == "terminal-theme" OR label == "terminal-theme"'
    t =   242.17s Checking existence of `Button (Element at index 0)`
    t =   242.20s Find the Button (Element at index 0)
    t =   242.24s Tap "terminal-theme" Button
    t =   242.24s     Wait for dev.meeterm.app to idle
    t =   242.24s     Find the "terminal-theme" Button
    t =   242.26s     Check for interrupting elements affecting "terminal-theme" Button
    t =   242.29s     Synthesize event
    t =   242.58s     Wait for dev.meeterm.app to idle
    t =   242.84s Waiting 10.0s for Sheet (First Match) to exist
    t =   243.87s     Checking `Expect predicate `existsNoRetry == 1` for object Sheet (First Match)`
    t =   243.87s         Checking existence of `Sheet (First Match)`
    t =   243.97s Checking existence of `"Cancel" Button`
    t =   243.99s Find the "Cancel" Button
    t =   244.01s Tap "Cancel" Button
    t =   244.02s     Wait for dev.meeterm.app to idle
    t =   244.02s     Find the "Cancel" Button
    t =   244.04s     Check for interrupting elements affecting "Cancel" Button
    t =   244.07s     Synthesize event
    t =   244.36s     Wait for dev.meeterm.app to idle
    t =   244.61s Checking existence of `Sheet (First Match)`
    t =   244.71s Get number of matches for: Elements matching predicate 'identifier == "Cancel" OR label == "Cancel"'
    t =   244.73s Get number of matches for: Elements matching predicate 'identifier == "Cancel" OR label == "Cancel"'
    t =   244.75s Checking existence of `Button (Element at index 0)`
    t =   244.78s Find the Button (Element at index 0)
    t =   244.81s Tap "Cancel" Button
    t =   244.81s     Wait for dev.meeterm.app to idle
    t =   244.81s     Find the "Cancel" Button
    t =   244.84s     Check for interrupting elements affecting "Cancel" Button
    t =   244.87s     Synthesize event
    t =   245.16s     Wait for dev.meeterm.app to idle
    t =   245.41s Waiting 10.0s for Alert (First Match) to exist
    t =   246.43s     Checking `Expect predicate `existsNoRetry == 1` for object Alert (First Match)`
    t =   246.43s         Checking existence of `Alert (First Match)`
    t =   246.44s Checking existence of `"Discard changes?" StaticText`
    t =   246.54s Checking existence of `"Keep editing" Button`
    t =   246.56s Find the "Keep editing" Button
    t =   246.59s Tap "Keep editing" Button
    t =   246.59s     Wait for dev.meeterm.app to idle
    t =   246.59s     Find the "Keep editing" Button
    t =   246.61s     Check for interrupting elements affecting "Keep editing" Button
    t =   246.65s     Synthesize event
    t =   246.95s     Wait for dev.meeterm.app to idle
    t =   247.19s Checking existence of `Alert (First Match)`
    t =   247.28s Get number of matches for: Elements matching predicate 'identifier == "app-theme" OR label == "app-theme"'
    t =   247.31s Get number of matches for: Elements matching predicate 'identifier == "app-theme" OR label == "app-theme"'
    t =   247.33s Checking existence of `Button (Element at index 0)`
    t =   247.35s Find the Button (Element at index 0)
    t =   247.39s Checking existence of `"app-theme" Button`
    t =   247.41s Find the "app-theme" Button
    t =   247.45s Get number of matches for: Elements matching predicate 'identifier == "app-theme" OR label == "app-theme"'
    t =   247.47s Get number of matches for: Elements matching predicate 'identifier == "app-theme" OR label == "app-theme"'
    t =   247.49s Checking existence of `Button (Element at index 0)`
    t =   247.51s Find the Button (Element at index 0)
    t =   247.55s Checking existence of `"app-theme" Button`
    t =   247.57s Find the "app-theme" Button
    t =   247.60s Get number of matches for: Elements matching predicate 'identifier == "Cancel" OR label == "Cancel"'
    t =   247.62s Get number of matches for: Elements matching predicate 'identifier == "Cancel" OR label == "Cancel"'
    t =   247.64s Checking existence of `Button (Element at index 0)`
    t =   247.66s Find the Button (Element at index 0)
    t =   247.69s Tap "Cancel" Button
    t =   247.69s     Wait for dev.meeterm.app to idle
    t =   247.70s     Find the "Cancel" Button
    t =   247.72s     Check for interrupting elements affecting "Cancel" Button
    t =   247.75s     Synthesize event
    t =   248.05s     Wait for dev.meeterm.app to idle
    t =   248.28s Waiting 10.0s for Alert (First Match) to exist
    t =   249.30s     Checking `Expect predicate `existsNoRetry == 1` for object Alert (First Match)`
    t =   249.30s         Checking existence of `Alert (First Match)`
    t =   249.31s Checking existence of `"Discard" Button`
    t =   249.33s Find the "Discard" Button
    t =   249.36s Tap "Discard" Button
    t =   249.36s     Wait for dev.meeterm.app to idle
    t =   249.36s     Find the "Discard" Button
    t =   249.39s     Check for interrupting elements affecting "Discard" Button
    t =   249.43s     Synthesize event
    t =   249.76s     Wait for dev.meeterm.app to idle
    t =   249.97s Checking existence of `Alert (First Match)`
    t =   250.09s Checking existence of `"settings-submit" Button`
    t =   250.37s Checking existence of `"settings-submit" Button`
    t =   250.65s Checking existence of `"settings-submit" Button`
    t =   250.67s Get number of matches for: Elements matching predicate 'identifier == "Terminal settings" OR label == "Terminal settings"'
    t =   250.68s Get number of matches for: Elements matching predicate 'identifier == "Terminal settings" OR label == "Terminal settings"'
    t =   250.69s Checking existence of `Button (Element at index 0)`
    t =   250.71s Find the Button (Element at index 0)
    t =   250.73s Checking existence of `"open-settings" Button`
    t =   250.74s Find the "open-settings" Button
    t =   250.77s Get number of matches for: Elements matching predicate 'identifier == "Terminal settings" OR label == "Terminal settings"'
    t =   250.78s Get number of matches for: Elements matching predicate 'identifier == "Terminal settings" OR label == "Terminal settings"'
    t =   250.79s Checking existence of `Button (Element at index 0)`
    t =   250.81s Find the Button (Element at index 0)
    t =   250.83s Tap "open-settings" Button
    t =   250.83s     Wait for dev.meeterm.app to idle
    t =   250.83s     Find the "open-settings" Button
    t =   250.85s     Check for interrupting elements affecting "open-settings" Button
    t =   250.86s     Synthesize event
    t =   251.16s     Wait for dev.meeterm.app to idle
    t =   251.49s Get number of matches for: Elements matching predicate 'identifier == "app-theme" OR label == "app-theme"'
    t =   251.52s Get number of matches for: Elements matching predicate 'identifier == "app-theme" OR label == "app-theme"'
    t =   251.54s Checking existence of `Button (Element at index 0)`
    t =   251.56s Find the Button (Element at index 0)
    t =   251.60s Checking existence of `"app-theme" Button`
    t =   251.62s Find the "app-theme" Button
    t =   251.65s Get number of matches for: Elements matching predicate 'identifier == "app-theme" OR label == "app-theme"'
    t =   251.68s Get number of matches for: Elements matching predicate 'identifier == "app-theme" OR label == "app-theme"'
    t =   251.70s Checking existence of `Button (Element at index 0)`
    t =   251.73s Find the Button (Element at index 0)
    t =   251.76s Checking existence of `"app-theme" Button`
    t =   251.78s Find the "app-theme" Button
    t =   251.81s Get number of matches for: Elements matching predicate 'identifier == "Cancel" OR label == "Cancel"'
    t =   251.83s Get number of matches for: Elements matching predicate 'identifier == "Cancel" OR label == "Cancel"'
    t =   251.85s Checking existence of `Button (Element at index 0)`
    t =   251.88s Find the Button (Element at index 0)
    t =   251.91s Tap "Cancel" Button
    t =   251.91s     Wait for dev.meeterm.app to idle
    t =   251.91s     Find the "Cancel" Button
    t =   251.94s     Check for interrupting elements affecting "Cancel" Button
    t =   251.96s     Synthesize event
    t =   252.26s     Wait for dev.meeterm.app to idle
    t =   252.58s Waiting 2.0s for Alert (First Match) to exist
    t =   253.62s     Checking `Expect predicate `existsNoRetry == 1` for object Alert (First Match)`
    t =   253.62s         Checking existence of `Alert (First Match)`
    t =   253.66s         Capturing element debug description
    t =   254.59s     Checking `Expect predicate `existsNoRetry == 1` for object Alert (First Match)`
    t =   254.59s         Checking existence of `Alert (First Match)`
    t =   254.63s         Capturing element debug description
    t =   254.63s     Checking existence of `Alert (First Match)`
    t =   254.67s Collecting debug information to assist test failure triage
    t =   254.67s     Requesting snapshot of accessibility hierarchy for app with pid 18624
    t =   254.68s Checking existence of `"settings-submit" Button`
    t =   254.70s Open dev.meeterm.app with URL meeterm://smoke?screen=terminal&app=light&terminal=system
    t =   254.70s     Launch dev.meeterm.app
2026-09-29 07:17:01.879 xcodebuild[18134:130976] [MT] IDELaunchParametersSnapshot: The operation couldn’t be completed. (DebuggerLLDB.DebuggerVersionStore.StoreError error 0.)
2026-09-29 07:17:01.879 xcodebuild[18134:130976] [MT] IDELaunchParametersSnapshot: no debugger version
    t =   254.91s         Setting up automation session
    t =   256.87s         Wait for dev.meeterm.app to idle
    t =   258.18s Wait for dev.meeterm.app to become Running Foreground
    t =   258.18s Waiting 30.0s for StaticText (First Match) to exist
    t =   259.20s     Checking `Expect predicate `existsNoRetry == 1` for object StaticText (First Match)`
    t =   259.21s         Checking existence of `StaticText (First Match)`
    t =   259.24s Get all elements bound by index for: Elements matching predicate 'identifier == "Terminal" OR label == "Terminal" OR label == "Terminal, cached output, read only"'
    t =   259.26s Checking existence of `Other (Element at index 0)`
    t =   259.27s Find the Other (Element at index 0)
    t =   259.29s Checking existence of `Other (Element at index 1)`
    t =   259.30s Find the Other (Element at index 1)
    t =   259.32s Find the "Terminal" Other
    t =   259.36s Checking existence of `"Terminal" Other`
    t =   259.37s Find the "Terminal" Other
    t =   259.40s Checking existence of `Any (First Match)`
    t =   259.43s Find the Any (First Match)
    t =   259.47s Find the "native-terminal-surface" Other
    t =   259.51s Find the "native-terminal-surface" Other
    t =   259.55s Find the "native-terminal-surface" Other
    t =   259.60s Find the "native-terminal-surface" Other
    t =   260.03s Wait for dev.meeterm.app to become Running Foreground
    t =   260.04s Checking existence of `Any (First Match)`
    t =   260.07s Find the Any (First Match)
    t =   260.11s Find the "native-terminal-surface" Other
    t =   260.15s Find the "native-terminal-surface" Other
    t =   260.20s Find the "native-terminal-surface" Other
    t =   260.25s Find the "native-terminal-surface" Other
    t =   260.36s Open dev.meeterm.app with URL meeterm://smoke?screen=settings&app=light&terminal=system
    t =   260.36s     Launch dev.meeterm.app
2026-09-29 07:17:07.539 xcodebuild[18134:130976] [MT] IDELaunchParametersSnapshot: The operation couldn’t be completed. (DebuggerLLDB.DebuggerVersionStore.StoreError error 0.)
2026-09-29 07:17:07.539 xcodebuild[18134:130976] [MT] IDELaunchParametersSnapshot: no debugger version
    t =   260.57s         Setting up automation session
    t =   262.69s         Wait for dev.meeterm.app to idle
    t =   264.01s Wait for dev.meeterm.app to become Running Foreground
    t =   264.01s Waiting 30.0s for "Settings" StaticText to exist
    t =   265.07s     Checking `Expect predicate `existsNoRetry == 1` for object "Settings" StaticText`
    t =   265.07s         Checking existence of `"Settings" StaticText`
    t =   265.11s Checking existence of `"settings-submit" Button`
    t =   265.14s Find the "settings-submit" Button
    t =   265.17s Get number of matches for: Elements matching predicate 'identifier == "app-theme" OR label == "app-theme"'
    t =   265.20s Get number of matches for: Elements matching predicate 'identifier == "app-theme" OR label == "app-theme"'
    t =   265.22s Checking existence of `Button (Element at index 0)`
    t =   265.24s Find the Button (Element at index 0)
    t =   265.28s Tap "app-theme" Button
    t =   265.28s     Wait for dev.meeterm.app to idle
    t =   265.28s     Find the "app-theme" Button
    t =   265.31s     Check for interrupting elements affecting "app-theme" Button
    t =   265.34s     Synthesize event
    t =   265.64s     Wait for dev.meeterm.app to idle
    t =   265.91s Waiting 10.0s for Sheet (First Match) to exist
    t =   266.94s     Checking `Expect predicate `existsNoRetry == 1` for object Sheet (First Match)`
    t =   266.94s         Checking existence of `Sheet (First Match)`
    t =   267.04s Checking existence of `"Cancel" Button`
    t =   267.06s Find the "Cancel" Button
    t =   267.08s Tap "Cancel" Button
    t =   267.09s     Wait for dev.meeterm.app to idle
    t =   267.09s     Find the "Cancel" Button
    t =   267.11s     Check for interrupting elements affecting "Cancel" Button
    t =   267.14s     Synthesize event
    t =   267.44s     Wait for dev.meeterm.app to idle
    t =   267.68s Checking existence of `Sheet (First Match)`
    t =   267.77s Get number of matches for: Elements matching predicate 'identifier == "app-theme" OR label == "app-theme"'
    t =   267.80s Get number of matches for: Elements matching predicate 'identifier == "app-theme" OR label == "app-theme"'
    t =   267.82s Checking existence of `Button (Element at index 0)`
    t =   267.84s Find the Button (Element at index 0)
    t =   267.88s Checking existence of `"app-theme" Button`
    t =   267.90s Find the "app-theme" Button
    t =   267.94s Get number of matches for: Elements matching predicate 'identifier == "app-theme" OR label == "app-theme"'
    t =   267.96s Get number of matches for: Elements matching predicate 'identifier == "app-theme" OR label == "app-theme"'
    t =   267.98s Checking existence of `Button (Element at index 0)`
    t =   268.01s Find the Button (Element at index 0)
    t =   268.04s Tap "app-theme" Button
    t =   268.04s     Wait for dev.meeterm.app to idle
    t =   268.05s     Find the "app-theme" Button
    t =   268.07s     Check for interrupting elements affecting "app-theme" Button
    t =   268.10s     Synthesize event
    t =   268.40s     Wait for dev.meeterm.app to idle
    t =   268.66s Waiting 10.0s for Sheet (First Match) to exist
    t =   269.67s     Checking `Expect predicate `existsNoRetry == 1` for object Sheet (First Match)`
    t =   269.67s         Checking existence of `Sheet (First Match)`
    t =   269.68s Checking existence of `"Dark" Button`
    t =   269.70s Find the "Dark" Button
    t =   269.73s Tap "Dark" Button
    t =   269.73s     Wait for dev.meeterm.app to idle
    t =   269.73s     Find the "Dark" Button
    t =   269.75s     Check for interrupting elements affecting "Dark" Button
    t =   269.78s     Synthesize event
    t =   270.08s     Wait for dev.meeterm.app to idle
    t =   270.31s Checking existence of `Sheet (First Match)`
    t =   270.40s Get number of matches for: Elements matching predicate 'identifier == "app-theme" OR label == "app-theme"'
    t =   270.43s Get number of matches for: Elements matching predicate 'identifier == "app-theme" OR label == "app-theme"'
    t =   270.45s Checking existence of `Button (Element at index 0)`
    t =   270.48s Find the Button (Element at index 0)
    t =   270.52s Checking existence of `"app-theme" Button`
    t =   270.54s Find the "app-theme" Button
    t =   270.57s Get number of matches for: Elements matching predicate 'identifier == "terminal-theme" OR label == "terminal-theme"'
    t =   270.59s Get number of matches for: Elements matching predicate 'identifier == "terminal-theme" OR label == "terminal-theme"'
    t =   270.61s Checking existence of `Button (Element at index 0)`
    t =   270.64s Find the Button (Element at index 0)
    t =   270.68s Tap "terminal-theme" Button
    t =   270.68s     Wait for dev.meeterm.app to idle
    t =   270.68s     Find the "terminal-theme" Button
    t =   270.71s     Check for interrupting elements affecting "terminal-theme" Button
    t =   270.74s     Synthesize event
    t =   271.04s     Wait for dev.meeterm.app to idle
    t =   271.29s Waiting 10.0s for Sheet (First Match) to exist
    t =   272.34s     Checking `Expect predicate `existsNoRetry == 1` for object Sheet (First Match)`
    t =   272.34s         Checking existence of `Sheet (First Match)`
    t =   272.44s Checking existence of `"Cancel" Button`
    t =   272.46s Find the "Cancel" Button
    t =   272.49s Tap "Cancel" Button
    t =   272.49s     Wait for dev.meeterm.app to idle
    t =   272.49s     Find the "Cancel" Button
    t =   272.51s     Check for interrupting elements affecting "Cancel" Button
    t =   272.54s     Synthesize event
    t =   272.83s     Wait for dev.meeterm.app to idle
    t =   273.07s Checking existence of `Sheet (First Match)`
    t =   273.17s Get number of matches for: Elements matching predicate 'identifier == "Cancel" OR label == "Cancel"'
    t =   273.19s Get number of matches for: Elements matching predicate 'identifier == "Cancel" OR label == "Cancel"'
    t =   273.21s Checking existence of `Button (Element at index 0)`
    t =   273.23s Find the Button (Element at index 0)
    t =   273.27s Tap "Cancel" Button
    t =   273.27s     Wait for dev.meeterm.app to idle
    t =   273.27s     Find the "Cancel" Button
    t =   273.30s     Check for interrupting elements affecting "Cancel" Button
    t =   273.33s     Synthesize event
    t =   273.62s     Wait for dev.meeterm.app to idle
    t =   273.87s Waiting 10.0s for Alert (First Match) to exist
    t =   274.90s     Checking `Expect predicate `existsNoRetry == 1` for object Alert (First Match)`
    t =   274.90s         Checking existence of `Alert (First Match)`
    t =   274.92s Checking existence of `"Discard changes?" StaticText`
    t =   275.04s Checking existence of `"Keep editing" Button`
    t =   275.05s Find the "Keep editing" Button
    t =   275.08s Tap "Keep editing" Button
    t =   275.08s     Wait for dev.meeterm.app to idle
    t =   275.08s     Find the "Keep editing" Button
    t =   275.11s     Check for interrupting elements affecting "Keep editing" Button
    t =   275.14s     Synthesize event
    t =   275.45s     Wait for dev.meeterm.app to idle
    t =   275.67s Checking existence of `Alert (First Match)`
    t =   275.77s Get number of matches for: Elements matching predicate 'identifier == "app-theme" OR label == "app-theme"'
    t =   275.79s Get number of matches for: Elements matching predicate 'identifier == "app-theme" OR label == "app-theme"'
    t =   275.81s Checking existence of `Button (Element at index 0)`
    t =   275.83s Find the Button (Element at index 0)
    t =   275.86s Checking existence of `"app-theme" Button`
    t =   275.89s Find the "app-theme" Button
    t =   275.92s Get number of matches for: Elements matching predicate 'identifier == "app-theme" OR label == "app-theme"'
    t =   275.94s Get number of matches for: Elements matching predicate 'identifier == "app-theme" OR label == "app-theme"'
    t =   275.96s Checking existence of `Button (Element at index 0)`
    t =   275.98s Find the Button (Element at index 0)
    t =   276.02s Checking existence of `"app-theme" Button`
    t =   276.04s Find the "app-theme" Button
    t =   276.06s Get number of matches for: Elements matching predicate 'identifier == "Cancel" OR label == "Cancel"'
    t =   276.08s Get number of matches for: Elements matching predicate 'identifier == "Cancel" OR label == "Cancel"'
    t =   276.10s Checking existence of `Button (Element at index 0)`
    t =   276.13s Find the Button (Element at index 0)
    t =   276.16s Tap "Cancel" Button
    t =   276.16s     Wait for dev.meeterm.app to idle
    t =   276.16s     Find the "Cancel" Button
    t =   276.19s     Check for interrupting elements affecting "Cancel" Button
    t =   276.21s     Synthesize event
    t =   276.51s     Wait for dev.meeterm.app to idle
    t =   276.75s Waiting 10.0s for Alert (First Match) to exist
    t =   277.76s     Checking `Expect predicate `existsNoRetry == 1` for object Alert (First Match)`
    t =   277.76s         Checking existence of `Alert (First Match)`
    t =   277.79s Checking existence of `"Discard" Button`
    t =   277.81s Find the "Discard" Button
    t =   277.83s Tap "Discard" Button
    t =   277.83s     Wait for dev.meeterm.app to idle
    t =   277.84s     Find the "Discard" Button
    t =   277.86s     Check for interrupting elements affecting "Discard" Button
    t =   277.90s     Synthesize event
    t =   278.20s     Wait for dev.meeterm.app to idle
    t =   278.44s Checking existence of `Alert (First Match)`
    t =   278.55s Checking existence of `"settings-submit" Button`
    t =   278.83s Checking existence of `"settings-submit" Button`
    t =   279.11s Checking existence of `"settings-submit" Button`
    t =   279.12s Get number of matches for: Elements matching predicate 'identifier == "Terminal settings" OR label == "Terminal settings"'
    t =   279.13s Get number of matches for: Elements matching predicate 'identifier == "Terminal settings" OR label == "Terminal settings"'
    t =   279.14s Checking existence of `Button (Element at index 0)`
    t =   279.15s Find the Button (Element at index 0)
    t =   279.18s Checking existence of `"open-settings" Button`
    t =   279.19s Find the "open-settings" Button
    t =   279.21s Get number of matches for: Elements matching predicate 'identifier == "Terminal settings" OR label == "Terminal settings"'
    t =   279.22s Get number of matches for: Elements matching predicate 'identifier == "Terminal settings" OR label == "Terminal settings"'
    t =   279.23s Checking existence of `Button (Element at index 0)`
    t =   279.24s Find the Button (Element at index 0)
    t =   279.27s Tap "open-settings" Button
    t =   279.27s     Wait for dev.meeterm.app to idle
    t =   279.27s     Find the "open-settings" Button
    t =   279.29s     Check for interrupting elements affecting "open-settings" Button
    t =   279.30s     Synthesize event
    t =   279.60s     Wait for dev.meeterm.app to idle
    t =   279.93s Get number of matches for: Elements matching predicate 'identifier == "app-theme" OR label == "app-theme"'
    t =   279.96s Get number of matches for: Elements matching predicate 'identifier == "app-theme" OR label == "app-theme"'
    t =   279.99s Checking existence of `Button (Element at index 0)`
    t =   280.01s Find the Button (Element at index 0)
    t =   280.05s Checking existence of `"app-theme" Button`
    t =   280.07s Find the "app-theme" Button
    t =   280.10s Get number of matches for: Elements matching predicate 'identifier == "app-theme" OR label == "app-theme"'
    t =   280.12s Get number of matches for: Elements matching predicate 'identifier == "app-theme" OR label == "app-theme"'
    t =   280.15s Checking existence of `Button (Element at index 0)`
    t =   280.17s Find the Button (Element at index 0)
    t =   280.20s Checking existence of `"app-theme" Button`
    t =   280.22s Find the "app-theme" Button
    t =   280.25s Get number of matches for: Elements matching predicate 'identifier == "Cancel" OR label == "Cancel"'
    t =   280.27s Get number of matches for: Elements matching predicate 'identifier == "Cancel" OR label == "Cancel"'
    t =   280.29s Checking existence of `Button (Element at index 0)`
    t =   280.31s Find the Button (Element at index 0)
    t =   280.35s Tap "Cancel" Button
    t =   280.35s     Wait for dev.meeterm.app to idle
    t =   280.35s     Find the "Cancel" Button
    t =   280.37s     Check for interrupting elements affecting "Cancel" Button
    t =   280.40s     Synthesize event
    t =   280.70s     Wait for dev.meeterm.app to idle
    t =   281.03s Waiting 2.0s for Alert (First Match) to exist
    t =   282.07s     Checking `Expect predicate `existsNoRetry == 1` for object Alert (First Match)`
    t =   282.07s         Checking existence of `Alert (First Match)`
    t =   282.11s         Capturing element debug description
    t =   283.04s     Checking `Expect predicate `existsNoRetry == 1` for object Alert (First Match)`
    t =   283.04s         Checking existence of `Alert (First Match)`
    t =   283.08s         Capturing element debug description
    t =   283.08s     Checking existence of `Alert (First Match)`
    t =   283.12s Collecting debug information to assist test failure triage
    t =   283.12s     Requesting snapshot of accessibility hierarchy for app with pid 18644
    t =   283.13s Checking existence of `"settings-submit" Button`
    t =   283.14s Open dev.meeterm.app with URL meeterm://smoke?screen=settings&app=system&terminal=dark
    t =   283.14s     Launch dev.meeterm.app
2026-09-29 07:17:30.324 xcodebuild[18134:130976] [MT] IDELaunchParametersSnapshot: The operation couldn’t be completed. (DebuggerLLDB.DebuggerVersionStore.StoreError error 0.)
2026-09-29 07:17:30.324 xcodebuild[18134:130976] [MT] IDELaunchParametersSnapshot: no debugger version
    t =   283.36s         Setting up automation session
    t =   285.25s         Wait for dev.meeterm.app to idle
    t =   286.54s Wait for dev.meeterm.app to become Running Foreground
    t =   286.54s Waiting 30.0s for "Settings" StaticText to exist
    t =   287.60s     Checking `Expect predicate `existsNoRetry == 1` for object "Settings" StaticText`
    t =   287.60s         Checking existence of `"Settings" StaticText`
    t =   287.66s Checking existence of `"settings-submit" Button`
    t =   287.68s Find the "settings-submit" Button
    t =   287.71s Get number of matches for: Elements matching predicate 'identifier == "app-theme" OR label == "app-theme"'
    t =   287.74s Get number of matches for: Elements matching predicate 'identifier == "app-theme" OR label == "app-theme"'
    t =   287.76s Checking existence of `Button (Element at index 0)`
    t =   287.78s Find the Button (Element at index 0)
    t =   287.82s Tap "app-theme" Button
    t =   287.82s     Wait for dev.meeterm.app to idle
    t =   287.82s     Find the "app-theme" Button
    t =   287.84s     Check for interrupting elements affecting "app-theme" Button
    t =   287.87s     Synthesize event
    t =   288.17s     Wait for dev.meeterm.app to idle
    t =   288.44s Waiting 10.0s for Sheet (First Match) to exist
    t =   289.52s     Checking `Expect predicate `existsNoRetry == 1` for object Sheet (First Match)`
    t =   289.52s         Checking existence of `Sheet (First Match)`
    t =   289.62s Checking existence of `"Cancel" Button`
    t =   289.64s Find the "Cancel" Button
    t =   289.67s Tap "Cancel" Button
    t =   289.67s     Wait for dev.meeterm.app to idle
    t =   289.67s     Find the "Cancel" Button
    t =   289.69s     Check for interrupting elements affecting "Cancel" Button
    t =   289.72s     Synthesize event
    t =   290.03s     Wait for dev.meeterm.app to idle
    t =   290.26s Checking existence of `Sheet (First Match)`
    t =   290.76s Get number of matches for: Elements matching predicate 'identifier == "app-theme" OR label == "app-theme"'
    t =   290.78s Get number of matches for: Elements matching predicate 'identifier == "app-theme" OR label == "app-theme"'
    t =   290.81s Checking existence of `Button (Element at index 0)`
    t =   290.83s Find the Button (Element at index 0)
    t =   290.86s Checking existence of `"app-theme" Button`
    t =   290.89s Find the "app-theme" Button
    t =   290.92s Get number of matches for: Elements matching predicate 'identifier == "app-theme" OR label == "app-theme"'
    t =   290.95s Get number of matches for: Elements matching predicate 'identifier == "app-theme" OR label == "app-theme"'
    t =   290.97s Checking existence of `Button (Element at index 0)`
    t =   291.00s Find the Button (Element at index 0)
    t =   291.03s Tap "app-theme" Button
    t =   291.03s     Wait for dev.meeterm.app to idle
    t =   291.04s     Find the "app-theme" Button
    t =   291.06s     Check for interrupting elements affecting "app-theme" Button
    t =   291.09s     Synthesize event
    t =   291.38s     Wait for dev.meeterm.app to idle
    t =   291.64s Waiting 10.0s for Sheet (First Match) to exist
    t =   292.67s     Checking `Expect predicate `existsNoRetry == 1` for object Sheet (First Match)`
    t =   292.67s         Checking existence of `Sheet (First Match)`
    t =   292.78s Tap "Cancel" Button
    t =   292.78s     Wait for dev.meeterm.app to idle
    t =   292.79s     Find the "Cancel" Button
    t =   292.81s     Check for interrupting elements affecting "Cancel" Button
    t =   292.83s     Synthesize event
    t =   293.13s     Wait for dev.meeterm.app to idle
    t =   293.38s Checking existence of `Sheet (First Match)`
    t =   293.47s Get number of matches for: Elements matching predicate 'identifier == "Cancel" OR label == "Cancel"'
    t =   293.49s Get number of matches for: Elements matching predicate 'identifier == "Cancel" OR label == "Cancel"'
    t =   293.52s Checking existence of `Button (Element at index 0)`
    t =   293.54s Find the Button (Element at index 0)
    t =   293.57s Tap "Cancel" Button
    t =   293.57s     Wait for dev.meeterm.app to idle
    t =   293.57s     Find the "Cancel" Button
    t =   293.60s     Check for interrupting elements affecting "Cancel" Button
    t =   293.62s     Synthesize event
    t =   293.92s     Wait for dev.meeterm.app to idle
    t =   294.25s Checking existence of `"settings-submit" Button`
    t =   294.26s Terminate dev.meeterm.app:18674
    t =   295.31s Open dev.meeterm.app
    t =   295.31s     Launch dev.meeterm.app
2026-09-29 07:17:42.498 xcodebuild[18134:130976] [MT] IDELaunchParametersSnapshot: The operation couldn’t be completed. (DebuggerLLDB.DebuggerVersionStore.StoreError error 0.)
2026-09-29 07:17:42.498 xcodebuild[18134:130976] [MT] IDELaunchParametersSnapshot: no debugger version
    t =   295.53s         Setting up automation session
    t =   297.28s         Wait for dev.meeterm.app to idle
    t =   298.54s Wait for dev.meeterm.app to become Running Foreground
    t =   298.54s Open dev.meeterm.app with URL meeterm://foundation?foundation=1
    t =   298.54s     Launch dev.meeterm.app
2026-09-29 07:17:45.724 xcodebuild[18134:130976] [MT] IDELaunchParametersSnapshot: The operation couldn’t be completed. (DebuggerLLDB.DebuggerVersionStore.StoreError error 0.)
2026-09-29 07:17:45.724 xcodebuild[18134:130976] [MT] IDELaunchParametersSnapshot: no debugger version
    t =   298.75s         Setting up automation session
    t =   300.64s         Wait for dev.meeterm.app to idle
    t =   301.94s Wait for dev.meeterm.app to become Running Foreground
    t =   301.94s Waiting 60.0s for "Native foundation preview" StaticText to exist
    t =   302.96s     Checking `Expect predicate `existsNoRetry == 1` for object "Native foundation preview" StaticText`
    t =   302.96s         Checking existence of `"Native foundation preview" StaticText`
    t =   302.98s Get all elements bound by index for: Elements matching predicate 'identifier == "Terminal" OR label == "Terminal" OR label == "Terminal, cached output, read only"'
    t =   302.99s Checking existence of `Other (Element at index 0)`
    t =   303.00s Find the Other (Element at index 0)
    t =   303.02s Find the "native-terminal-surface" Other
    t =   304.07s Checking `Expect predicate `BLOCKPREDICATE(0x1170badc0)` for object Target Application 'dev.meeterm.app'`
    t =   304.07s     Capturing element debug description
    t =   304.15s         Requesting snapshot of accessibility hierarchy for app with pid 18686
    t =   305.10s Checking `Expect predicate `BLOCKPREDICATE(0x1170badc0)` for object Target Application 'dev.meeterm.app'`
    t =   305.11s     Capturing element debug description
    t =   305.11s         Requesting snapshot of accessibility hierarchy for app with pid 18686
    t =   306.04s Checking `Expect predicate `BLOCKPREDICATE(0x1170badc0)` for object Target Application 'dev.meeterm.app'`
    t =   306.04s     Capturing element debug description
    t =   306.05s         Requesting snapshot of accessibility hierarchy for app with pid 18686
    t =   307.09s Checking `Expect predicate `BLOCKPREDICATE(0x1170badc0)` for object Target Application 'dev.meeterm.app'`
    t =   307.09s     Capturing element debug description
    t =   307.09s         Requesting snapshot of accessibility hierarchy for app with pid 18686
    t =   308.04s Checking `Expect predicate `BLOCKPREDICATE(0x1170badc0)` for object Target Application 'dev.meeterm.app'`
    t =   308.04s     Capturing element debug description
    t =   308.04s         Requesting snapshot of accessibility hierarchy for app with pid 18686
    t =   309.11s Checking `Expect predicate `BLOCKPREDICATE(0x1170badc0)` for object Target Application 'dev.meeterm.app'`
    t =   309.11s     Capturing element debug description
    t =   309.11s         Requesting snapshot of accessibility hierarchy for app with pid 18686
    t =   310.05s Checking `Expect predicate `BLOCKPREDICATE(0x1170badc0)` for object Target Application 'dev.meeterm.app'`
    t =   310.06s     Capturing element debug description
    t =   310.06s         Requesting snapshot of accessibility hierarchy for app with pid 18686
    t =   311.11s Checking `Expect predicate `BLOCKPREDICATE(0x1170badc0)` for object Target Application 'dev.meeterm.app'`
    t =   311.11s     Capturing element debug description
    t =   311.11s         Requesting snapshot of accessibility hierarchy for app with pid 18686
    t =   312.07s Checking `Expect predicate `BLOCKPREDICATE(0x1170badc0)` for object Target Application 'dev.meeterm.app'`
    t =   312.07s     Capturing element debug description
    t =   312.07s         Requesting snapshot of accessibility hierarchy for app with pid 18686
    t =   313.04s Checking `Expect predicate `BLOCKPREDICATE(0x1170badc0)` for object Target Application 'dev.meeterm.app'`
    t =   313.04s     Capturing element debug description
    t =   313.04s         Requesting snapshot of accessibility hierarchy for app with pid 18686
    t =   313.13s Terminate dev.meeterm.app:18686
    t =   314.19s Tear Down
Test Case '-[meetermTests.MeetermSmokeUITests testStandardSeededScreensAndFoundation]' passed (314.839 seconds).
Test Suite 'MeetermSmokeUITests' passed at 2026-09-29 14:18:02.024.
	 Executed 1 test, with 0 failures (0 unexpected) in 314.839 (314.845) seconds
Test Suite 'TerminalInputViewTests' started at 2026-09-29 14:18:02.024.
Test Case '-[meetermTests.TerminalInputViewTests testAsyncPasteCarriesStartEpochAndDropsAfterEpochChange]' started.
    t =     0.00s Start Test at 2026-09-29 14:18:02.025
    t =     0.02s Set Up
2026-09-29 14:18:02.104969+0000 meetermTests-Runner[18144:131187] [View] First responder issue detected: non-key window attempting reload - allowing due to manual keyboard (first responder window is <UIWindow: 0x1065f1000; frame = (0 0; 390 844); gestureRecognizers = <NSArray: 0x115876a40>; layer = <UIWindowLayer: 0x1179b6280>>, key window is <UIWindow: 0x1065f0000; frame = (0 0; 320 480); gestureRecognizers = <NSArray: 0x1095b6540>; layer = <UIWindowLayer: 0x106662cc0>>)
2026-09-29 14:18:02.125543+0000 meetermTests-Runner[18144:131187] [XPCErrors] non-launching port is incompatible with service identifier "com.apple.PointerUI.pointeruid.default-service"
2026-09-29 14:18:02.128475+0000 meetermTests-Runner[18144:131187] [View] First responder issue detected: non-key window attempting reload - allowing due to manual keyboard (first responder window is <UIWindow: 0x1065f1000; frame = (0 0; 390 844); gestureRecognizers = <NSArray: 0x115876a40>; layer = <UIWindowLayer: 0x1179b6280>>, key window is <UIWindow: 0x1065f0000; frame = (0 0; 320 480); gestureRecognizers = <NSArray: 0x1095b6540>; layer = <UIWindowLayer: 0x106662cc0>>)
2026-09-29 14:18:02.129837+0000 meetermTests-Runner[18144:131187] [View] First responder issue detected: non-key window attempting reload - allowing due to manual keyboard (first responder window is <UIWindow: 0x1065f1000; frame = (0 0; 390 844); gestureRecognizers = <NSArray: 0x115876a40>; layer = <UIWindowLayer: 0x1179b6280>>, key window is <UIWindow: 0x1065f0000; frame = (0 0; 320 480); gestureRecognizers = <NSArray: 0x1095b6540>; layer = <UIWindowLayer: 0x106662cc0>>)
    t =     0.11s Tear Down
Test Case '-[meetermTests.TerminalInputViewTests testAsyncPasteCarriesStartEpochAndDropsAfterEpochChange]' passed (0.115 seconds).
Test Case '-[meetermTests.TerminalInputViewTests testCachedReadOnlyCancelsInputButPreservesBindingAndCopy]' started.
    t =     0.00s Start Test at 2026-09-29 14:18:02.140
    t =     0.02s Set Up
2026-09-29 14:18:02.164686+0000 meetermTests-Runner[18144:131187] [View] First responder issue detected: non-key window attempting reload - allowing due to manual keyboard (first responder window is <UIWindow: 0x1065f1000; frame = (0 0; 390 844); gestureRecognizers = <NSArray: 0x1158758e0>; layer = <UIWindowLayer: 0x1139e7840>>, key window is <UIWindow: 0x1065f0000; frame = (0 0; 320 480); gestureRecognizers = <NSArray: 0x1095b6540>; layer = <UIWindowLayer: 0x106662cc0>>)
    t =     0.04s Tear Down
2026-09-29 14:18:02.185555+0000 meetermTests-Runner[18144:131187] Unbalanced calls to begin/end appearance transitions for <UIViewController: 0x1065f1400>.
Test Case '-[meetermTests.TerminalInputViewTests testCachedReadOnlyCancelsInputButPreservesBindingAndCopy]' passed (0.057 seconds).
Test Case '-[meetermTests.TerminalInputViewTests testControlModifierAppliesToOneCommitAndIsCancelledOnRebind]' started.
    t =     0.00s Start Test at 2026-09-29 14:18:02.198
    t =     0.02s Set Up
2026-09-29 14:18:02.218495+0000 meetermTests-Runner[18144:131187] [View] First responder issue detected: non-key window attempting reload - allowing due to manual keyboard (first responder window is <UIWindow: 0x1065f1400; frame = (0 0; 390 844); gestureRecognizers = <NSArray: 0x115874ce0>; layer = <UIWindowLayer: 0x1067c9880>>, key window is <UIWindow: 0x1065f0000; frame = (0 0; 320 480); gestureRecognizers = <NSArray: 0x1095b6540>; layer = <UIWindowLayer: 0x106662cc0>>)
    t =     0.03s Tear Down
2026-09-29 14:18:02.233403+0000 meetermTests-Runner[18144:131187] Unbalanced calls to begin/end appearance transitions for <UIViewController: 0x1065f1000>.
Test Case '-[meetermTests.TerminalInputViewTests testControlModifierAppliesToOneCommitAndIsCancelledOnRebind]' passed (0.056 seconds).
Test Case '-[meetermTests.TerminalInputViewTests testHardwareControlUsesModifiedInputWithoutDoubleCommit]' started.
    t =     0.00s Start Test at 2026-09-29 14:18:02.254
    t =     0.02s Set Up
2026-09-29 14:18:02.274748+0000 meetermTests-Runner[18144:131187] [View] First responder issue detected: non-key window attempting reload - allowing due to manual keyboard (first responder window is <UIWindow: 0x1065f1000; frame = (0 0; 390 844); gestureRecognizers = <NSArray: 0x11708c280>; layer = <UIWindowLayer: 0x1139e4080>>, key window is <UIWindow: 0x1065f0000; frame = (0 0; 320 480); gestureRecognizers = <NSArray: 0x1095b6540>; layer = <UIWindowLayer: 0x106662cc0>>)
    t =     0.02s Tear Down
2026-09-29 14:18:02.282986+0000 meetermTests-Runner[18144:131187] Unbalanced calls to begin/end appearance transitions for <UIViewController: 0x1065f1400>.
Test Case '-[meetermTests.TerminalInputViewTests testHardwareControlUsesModifiedInputWithoutDoubleCommit]' passed (0.055 seconds).
Test Case '-[meetermTests.TerminalInputViewTests testHardwareShiftCombinationsAreRegisteredAndCommitOnce]' started.
    t =     0.00s Start Test at 2026-09-29 14:18:02.309
    t =     0.02s Set Up
2026-09-29 14:18:02.333070+0000 meetermTests-Runner[18144:131187] [View] First responder issue detected: non-key window attempting reload - allowing due to manual keyboard (first responder window is <UIWindow: 0x1065f1400; frame = (0 0; 390 844); gestureRecognizers = <NSArray: 0x115876760>; layer = <UIWindowLayer: 0x1067c9a40>>, key window is <UIWindow: 0x1065f0000; frame = (0 0; 320 480); gestureRecognizers = <NSArray: 0x1095b6540>; layer = <UIWindowLayer: 0x106662cc0>>)
    t =     0.03s Tear Down
2026-09-29 14:18:02.352647+0000 meetermTests-Runner[18144:131187] Unbalanced calls to begin/end appearance transitions for <UIViewController: 0x1065f1000>.
Test Case '-[meetermTests.TerminalInputViewTests testHardwareShiftCombinationsAreRegisteredAndCommitOnce]' passed (0.058 seconds).
Test Case '-[meetermTests.TerminalInputViewTests testHistoryScrollYieldsToHorizontalNavigation]' started.
    t =     0.00s Start Test at 2026-09-29 14:18:02.368
    t =     0.02s Set Up
2026-09-29 14:18:02.390370+0000 meetermTests-Runner[18144:131187] [View] First responder issue detected: non-key window attempting reload - allowing due to manual keyboard (first responder window is <UIWindow: 0x1065f1000; frame = (0 0; 390 844); gestureRecognizers = <NSArray: 0x1095b5d40>; layer = <UIWindowLayer: 0x1139e6680>>, key window is <UIWindow: 0x1065f0000; frame = (0 0; 320 480); gestureRecognizers = <NSArray: 0x1095b6540>; layer = <UIWindowLayer: 0x106662cc0>>)
    t =     0.03s Tear Down
2026-09-29 14:18:02.400249+0000 meetermTests-Runner[18144:131187] Unbalanced calls to begin/end appearance transitions for <UIViewController: 0x1065f1400>.
Test Case '-[meetermTests.TerminalInputViewTests testHistoryScrollYieldsToHorizontalNavigation]' passed (0.058 seconds).
Test Case '-[meetermTests.TerminalInputViewTests testMarkedCompositionIsLocalAndCommitsOnce]' started.
    t =     0.00s Start Test at 2026-09-29 14:18:02.426
    t =     0.02s Set Up
2026-09-29 14:18:02.447866+0000 meetermTests-Runner[18144:131187] [View] First responder issue detected: non-key window attempting reload - allowing due to manual keyboard (first responder window is <UIWindow: 0x1065f1400; frame = (0 0; 390 844); gestureRecognizers = <NSArray: 0x11708efe0>; layer = <UIWindowLayer: 0x1067c8cc0>>, key window is <UIWindow: 0x1065f0000; frame = (0 0; 320 480); gestureRecognizers = <NSArray: 0x1095b6540>; layer = <UIWindowLayer: 0x106662cc0>>)
    t =     0.03s Tear Down
2026-09-29 14:18:02.454334+0000 meetermTests-Runner[18144:131187] Unbalanced calls to begin/end appearance transitions for <UIViewController: 0x1065f1000>.
Test Case '-[meetermTests.TerminalInputViewTests testMarkedCompositionIsLocalAndCommitsOnce]' passed (0.059 seconds).
Test Case '-[meetermTests.TerminalInputViewTests testMultilinePasteCallsOnPasteOnceWithoutCommit]' started.
    t =     0.00s Start Test at 2026-09-29 14:18:02.486
    t =     0.02s Set Up
2026-09-29 14:18:02.506480+0000 meetermTests-Runner[18144:131187] [View] First responder issue detected: non-key window attempting reload - allowing due to manual keyboard (first responder window is <UIWindow: 0x1065f1000; frame = (0 0; 390 844); gestureRecognizers = <NSArray: 0x115877d60>; layer = <UIWindowLayer: 0x1139e7180>>, key window is <UIWindow: 0x1065f0000; frame = (0 0; 320 480); gestureRecognizers = <NSArray: 0x1095b6540>; layer = <UIWindowLayer: 0x106662cc0>>)
    t =     0.02s Tear Down
2026-09-29 14:18:02.516065+0000 meetermTests-Runner[18144:131187] Unbalanced calls to begin/end appearance transitions for <UIViewController: 0x1065f1400>.
Test Case '-[meetermTests.TerminalInputViewTests testMultilinePasteCallsOnPasteOnceWithoutCommit]' passed (0.056 seconds).
Test Case '-[meetermTests.TerminalInputViewTests testPendingPasteIsDroppedAfterCancelComposition]' started.
    t =     0.00s Start Test at 2026-09-29 14:18:02.542
    t =     0.02s Set Up
2026-09-29 14:18:02.562803+0000 meetermTests-Runner[18144:131187] [View] First responder issue detected: non-key window attempting reload - allowing due to manual keyboard (first responder window is <UIWindow: 0x1065f1400; frame = (0 0; 390 844); gestureRecognizers = <NSArray: 0x1095b78c0>; layer = <UIWindowLayer: 0x1139e69c0>>, key window is <UIWindow: 0x1065f0000; frame = (0 0; 320 480); gestureRecognizers = <NSArray: 0x1095b6540>; layer = <UIWindowLayer: 0x106662cc0>>)
2026-09-29 14:18:02.565094+0000 meetermTests-Runner[18144:131187] [View] First responder issue detected: non-key window attempting reload - allowing due to manual keyboard (first responder window is <UIWindow: 0x1065f1400; frame = (0 0; 390 844); gestureRecognizers = <NSArray: 0x1095b78c0>; layer = <UIWindowLayer: 0x1139e69c0>>, key window is <UIWindow: 0x1065f0000; frame = (0 0; 320 480); gestureRecognizers = <NSArray: 0x1095b6540>; layer = <UIWindowLayer: 0x106662cc0>>)
    t =     0.02s Tear Down
Test Case '-[meetermTests.TerminalInputViewTests testPendingPasteIsDroppedAfterCancelComposition]' passed (0.056 seconds).
Test Case '-[meetermTests.TerminalInputViewTests testPendingPasteIsDroppedWhenInputLeavesWindow]' started.
    t =     0.00s Start Test at 2026-09-29 14:18:02.598
    t =     0.02s Set Up
2026-09-29 14:18:02.620540+0000 meetermTests-Runner[18144:131187] [View] First responder issue detected: non-key window attempting reload - allowing due to manual keyboard (first responder window is <UIWindow: 0x1065f1400; frame = (0 0; 390 844); gestureRecognizers = <NSArray: 0x109433ba0>; layer = <UIWindowLayer: 0x1067c8680>>, key window is <UIWindow: 0x1065f0000; frame = (0 0; 320 480); gestureRecognizers = <NSArray: 0x1095b6540>; layer = <UIWindowLayer: 0x106662cc0>>)
    t =     0.03s Tear Down
2026-09-29 14:18:02.632933+0000 meetermTests-Runner[18144:131187] Unbalanced calls to begin/end appearance transitions for <UIViewController: 0x1065f1000>.
Test Case '-[meetermTests.TerminalInputViewTests testPendingPasteIsDroppedWhenInputLeavesWindow]' passed (0.057 seconds).
Test Case '-[meetermTests.TerminalInputViewTests testRecoveryBridgeArgumentsAreDecimalAndBounded]' started.
    t =     0.00s Start Test at 2026-09-29 14:18:02.656
    t =     0.02s Set Up
2026-09-29 14:18:02.679608+0000 meetermTests-Runner[18144:131187] [View] First responder issue detected: non-key window attempting reload - allowing due to manual keyboard (first responder window is <UIWindow: 0x1065f1000; frame = (0 0; 390 844); gestureRecognizers = <NSArray: 0x115877440>; layer = <UIWindowLayer: 0x1139e59c0>>, key window is <UIWindow: 0x1065f0000; frame = (0 0; 320 480); gestureRecognizers = <NSArray: 0x1095b6540>; layer = <UIWindowLayer: 0x106662cc0>>)
    t =     0.03s Tear Down
2026-09-29 14:18:02.683790+0000 meetermTests-Runner[18144:131187] Unbalanced calls to begin/end appearance transitions for <UIViewController: 0x1065f1400>.
Test Case '-[meetermTests.TerminalInputViewTests testRecoveryBridgeArgumentsAreDecimalAndBounded]' passed (0.058 seconds).
Test Case '-[meetermTests.TerminalInputViewTests testReturningLiveDoesNotAutoFocusAndUsesFreshEpoch]' started.
    t =     0.00s Start Test at 2026-09-29 14:18:02.714
    t =     0.02s Set Up
2026-09-29 14:18:02.735187+0000 meetermTests-Runner[18144:131187] [View] First responder issue detected: non-key window attempting reload - allowing due to manual keyboard (first responder window is <UIWindow: 0x1065f1400; frame = (0 0; 390 844); gestureRecognizers = <NSArray: 0x116c64840>; layer = <UIWindowLayer: 0x1179b71c0>>, key window is <UIWindow: 0x1065f0000; frame = (0 0; 320 480); gestureRecognizers = <NSArray: 0x1095b6540>; layer = <UIWindowLayer: 0x106662cc0>>)
2026-09-29 14:18:02.738431+0000 meetermTests-Runner[18144:131187] [View] First responder issue detected: non-key window attempting reload - allowing due to manual keyboard (first responder window is <UIWindow: 0x1065f1400; frame = (0 0; 390 844); gestureRecognizers = <NSArray: 0x116c64840>; layer = <UIWindowLayer: 0x1179b71c0>>, key window is <UIWindow: 0x1065f0000; frame = (0 0; 320 480); gestureRecognizers = <NSArray: 0x1095b6540>; layer = <UIWindowLayer: 0x106662cc0>>)
2026-09-29 14:18:02.740003+0000 meetermTests-Runner[18144:131187] [View] First responder issue detected: non-key window attempting reload - allowing due to manual keyboard (first responder window is <UIWindow: 0x1065f1400; frame = (0 0; 390 844); gestureRecognizers = <NSArray: 0x116c64840>; layer = <UIWindowLayer: 0x1179b71c0>>, key window is <UIWindow: 0x1065f0000; frame = (0 0; 320 480); gestureRecognizers = <NSArray: 0x1095b6540>; layer = <UIWindowLayer: 0x106662cc0>>)
    t =     0.03s Tear Down
2026-09-29 14:18:02.750076+0000 meetermTests-Runner[18144:131187] Unbalanced calls to begin/end appearance transitions for <UIViewController: 0x1065f1000>.
Test Case '-[meetermTests.TerminalInputViewTests testReturningLiveDoesNotAutoFocusAndUsesFreshEpoch]' passed (0.058 seconds).
Test Case '-[meetermTests.TerminalInputViewTests testRuntimeBoundaryBridgePreservesNativeAndPreCallResults]' started.
    t =     0.00s Start Test at 2026-09-29 14:18:02.772
    t =     0.02s Set Up
2026-09-29 14:18:02.793803+0000 meetermTests-Runner[18144:131187] [View] First responder issue detected: non-key window attempting reload - allowing due to manual keyboard (first responder window is <UIWindow: 0x1065f1000; frame = (0 0; 390 844); gestureRecognizers = <NSArray: 0x115875940>; layer = <UIWindowLayer: 0x1139e4dc0>>, key window is <UIWindow: 0x1065f0000; frame = (0 0; 320 480); gestureRecognizers = <NSArray: 0x1095b6540>; layer = <UIWindowLayer: 0x106662cc0>>)
    t =     0.02s Tear Down
2026-09-29 14:18:02.799617+0000 meetermTests-Runner[18144:131187] Unbalanced calls to begin/end appearance transitions for <UIViewController: 0x1065f1400>.
Test Case '-[meetermTests.TerminalInputViewTests testRuntimeBoundaryBridgePreservesNativeAndPreCallResults]' passed (0.059 seconds).
Test Case '-[meetermTests.TerminalInputViewTests testThemeRefreshPreservesCompositionSelectionAndResponder]' started.
    t =     0.00s Start Test at 2026-09-29 14:18:02.831
    t =     0.02s Set Up
2026-09-29 14:18:02.851449+0000 meetermTests-Runner[18144:131187] [View] First responder issue detected: non-key window attempting reload - allowing due to manual keyboard (first responder window is <UIWindow: 0x1065f1400; frame = (0 0; 390 844); gestureRecognizers = <NSArray: 0x116c640e0>; layer = <UIWindowLayer: 0x1179b5640>>, key window is <UIWindow: 0x1065f0000; frame = (0 0; 320 480); gestureRecognizers = <NSArray: 0x1095b6540>; layer = <UIWindowLayer: 0x106662cc0>>)
2026-09-29 14:18:02.857717+0000 meetermTests-Runner[18144:131187] [View] First responder issue detected: non-key window attempting reload - allowing due to manual keyboard (first responder window is <UIWindow: 0x1065f1400; frame = (0 0; 390 844); gestureRecognizers = <NSArray: 0x116c640e0>; layer = <UIWindowLayer: 0x1179b5640>>, key window is <UIWindow: 0x1065f0000; frame = (0 0; 320 480); gestureRecognizers = <NSArray: 0x1095b6540>; layer = <UIWindowLayer: 0x106662cc0>>)
2026-09-29 14:18:02.858550+0000 meetermTests-Runner[18144:131187] [View] First responder issue detected: non-key window attempting reload - allowing due to manual keyboard (first responder window is <UIWindow: 0x1065f1400; frame = (0 0; 390 844); gestureRecognizers = <NSArray: 0x116c640e0>; layer = <UIWindowLayer: 0x1179b5640>>, key window is <UIWindow: 0x1065f0000; frame = (0 0; 320 480); gestureRecognizers = <NSArray: 0x1095b6540>; layer = <UIWindowLayer: 0x106662cc0>>)
    t =     0.03s Tear Down
2026-09-29 14:18:02.865982+0000 meetermTests-Runner[18144:131187] Unbalanced calls to begin/end appearance transitions for <UIViewController: 0x1065f1000>.
Test Case '-[meetermTests.TerminalInputViewTests testThemeRefreshPreservesCompositionSelectionAndResponder]' passed (0.055 seconds).
Test Suite 'TerminalInputViewTests' passed at 2026-09-29 14:18:02.887.
	 Executed 14 tests, with 0 failures (0 unexpected) in 0.857 (0.862) seconds
Test Suite 'meetermTests.xctest' passed at 2026-09-29 14:18:02.887.
	 Executed 15 tests, with 0 failures (0 unexpected) in 315.696 (315.707) seconds
Test Suite 'Selected tests' passed at 2026-09-29 14:18:02.887.
	 Executed 15 tests, with 0 failures (0 unexpected) in 315.696 (315.708) seconds
** BUILD INTERRUPTED **
